taxon_id,scientific_name,state,candidate_source_url,review_action
7,Aramus guarauna,missing,,source_or_waive
41,Grus grus,missing,,source_or_waive
53,Balearica regulorum,published,https://www.inaturalist.org/taxa/53,none
77,Otis tarda,published,https://www.inaturalist.org/taxa/77,none
95,Eupodotis senegalensis,missing,,source_or_waive
115,Ardeotis kori,published,https://www.inaturalist.org/taxa/115,none
132,Tetrax tetrax,published,https://www.inaturalist.org/taxa/132,none
162,Porzana carolina,missing,,source_or_waive
178,Porzana porzana,missing,,source_or_waive
473,Fulica americana,missing,,source_or_waive
482,Fulica atra,missing,,source_or_waive
487,Fulica cristata,missing,,source_or_waive
519,Porphyrio martinica,missing,,source_or_waive
804,Coturnix coturnix,missing,,source_or_waive
831,Perdix perdix,missing,,source_or_waive
846,Alectoris chukar,missing,,source_or_waive
863,Alectoris graeca,published,https://www.inaturalist.org/taxa/863,none
867,Alectoris rufa,published,https://www.inaturalist.org/taxa/867,none
871,Alectoris barbara,missing,,source_or_waive
882,Gallus gallus,missing,,source_or_waive
949,Lagopus muta,missing,,source_or_waive
981,Phasianus colchicus,missing,,source_or_waive
1204,Pavo cristatus,missing,,source_or_waive
1428,Numida meleagris,missing,,source_or_waive
1449,Acryllium vulturinum,missing,,source_or_waive
1630,Centropus superciliosus,missing,,source_or_waive
1653,Centropus monachus,missing,,source_or_waive
1730,Chrysococcyx klaas,missing,,source_or_waive
1738,Chrysococcyx caprius,missing,,source_or_waive
1787,Clamator glandarius,missing,,source_or_waive
1903,Cuculus solitarius,missing,,source_or_waive
1907,Cuculus canorus,missing,,source_or_waive
1964,Coccyzus minor,missing,,source_or_waive
1965,Coccyzus americanus,missing,,source_or_waive
1971,Crotophaga ani,missing,,source_or_waive
2117,Todus multicolor,missing,,source_or_waive
2118,Todus subulatus,missing,,source_or_waive
2119,Todus todus,missing,,source_or_waive
2120,Todus angustirostris,missing,,source_or_waive
2121,Todus mexicanus,missing,,source_or_waive
2185,Merops pusillus,missing,,source_or_waive
2191,Merops apiaster,missing,,source_or_waive
2220,Merops nubicus,missing,,source_or_waive
2223,Merops bulocki,missing,,source_or_waive
2226,Merops superciliosus,missing,,source_or_waive
2239,Merops oreobates,missing,,source_or_waive
2240,Merops albicollis,missing,,source_or_waive
2245,Merops persicus,missing,,source_or_waive
2248,Merops bullockoides,missing,,source_or_waive
2265,Coracias abyssinicus,missing,,source_or_waive
2266,Coracias garrulus,missing,,source_or_waive
2269,Coracias caudatus,missing,,source_or_waive
2288,Eurystomus glaucurus,missing,,source_or_waive
2328,Halcyon leucocephala,missing,,source_or_waive
2334,Halcyon chelicuti,missing,,source_or_waive
2337,Halcyon senegalensis,missing,,source_or_waive
2346,Halcyon albiventris,missing,,source_or_waive
2548,Megaceryle alcyon,missing,,source_or_waive
2599,Alcedo atthis,missing,,source_or_waive
2662,Ceryle rudis,missing,,source_or_waive
2938,Streptopelia turtur,published,https://www.inaturalist.org/taxa/2938,none
2951,Streptopelia decipiens,missing,,source_or_waive
2959,Streptopelia capicola,missing,,source_or_waive
2966,Streptopelia roseogrisea,missing,,source_or_waive
2969,Streptopelia decaocto,missing,,source_or_waive
2988,Streptopelia semitorquata,missing,,source_or_waive
2989,Streptopelia lugens,missing,,source_or_waive
3017,Columba livia,missing,,source_or_waive
3033,Columba oenas,missing,,source_or_waive
3036,Columba guinea,missing,,source_or_waive
3048,Columba palumbus,missing,,source_or_waive
3054,Columba trocaz,missing,,source_or_waive
3055,Columba bollii,missing,,source_or_waive
3080,Patagioenas squamosa,missing,,source_or_waive
3092,Patagioenas caribaea,published,https://www.inaturalist.org/taxa/3092,none
3093,Patagioenas leucocephala,published,https://www.inaturalist.org/taxa/3093,none
3128,Patagioenas inornata,published,https://www.inaturalist.org/taxa/3128,none
3255,Ducula bicolor,missing,,source_or_waive
3272,Leptotila jamaicensis,missing,,source_or_waive
3326,Turtur afer,missing,,source_or_waive
3327,Turtur chalcospilos,missing,,source_or_waive
3328,Turtur tympanistria,missing,,source_or_waive
3405,Treron calvus,missing,,source_or_waive
3454,Zenaida macroura,missing,,source_or_waive
3460,Zenaida asiatica,missing,,source_or_waive
3465,Zenaida aurita,missing,,source_or_waive
3499,Geotrygon chrysia,missing,,source_or_waive
3503,Geotrygon montana,missing,,source_or_waive
3515,Geotrygon versicolor,published,https://www.inaturalist.org/taxa/3515,none
3523,Geotrygon mystacea,missing,,source_or_waive
3545,Columbina passerina,missing,,source_or_waive
3652,Oena capensis,missing,,source_or_waive
3656,Starnoenas cyanocephala,published,https://www.inaturalist.org/taxa/3656,none
3695,Urocolius macrourus,missing,,source_or_waive
3704,Colius striatus,missing,,source_or_waive
3731,Platalea leucorodia,missing,,source_or_waive
3734,Platalea alba,missing,,source_or_waive
3739,Threskiornis aethiopicus,missing,,source_or_waive
3743,Bostrychia hagedash,missing,,source_or_waive
3746,Bostrychia carunculata,missing,,source_or_waive
3750,Eudocimus ruber,missing,,source_or_waive
3751,Eudocimus albus,missing,,source_or_waive
3753,Geronticus eremita,published,https://www.inaturalist.org/taxa/3753,none
3756,Plegadis falcinellus,missing,,source_or_waive
3797,Sula leucogaster,missing,,source_or_waive
3802,Morus bassanus,missing,,source_or_waive
3834,Scopus umbretta,missing,,source_or_waive
3837,Calidris temminckii,missing,,source_or_waive
3838,Calidris minuta,missing,,source_or_waive
3845,Calidris canutus,published,https://www.inaturalist.org/taxa/3845,none
3849,Calidris alba,missing,,source_or_waive
3850,Calidris himantopus,published,https://www.inaturalist.org/taxa/3850,none
3855,Calidris mauri,missing,,source_or_waive
3856,Calidris maritima,missing,,source_or_waive
3857,Calidris alpina,published,https://www.inaturalist.org/taxa/3857,none
3862,Calidris pusilla,published,https://www.inaturalist.org/taxa/3862,none
3863,Calidris ferruginea,published,https://www.inaturalist.org/taxa/3863,none
3864,Calidris minutilla,published,https://www.inaturalist.org/taxa/3864,none
3865,Calidris melanotos,missing,,source_or_waive
3866,Calidris fuscicollis,published,https://www.inaturalist.org/taxa/3866,none
3869,Limnodromus griseus,published,https://www.inaturalist.org/taxa/3869,none
3875,Tringa solitaria,missing,,source_or_waive
3878,Tringa nebularia,missing,,source_or_waive
3879,Tringa totanus,missing,,source_or_waive
3881,Tringa stagnatilis,missing,,source_or_waive
3882,Tringa erythropus,missing,,source_or_waive
3885,Tringa ochropus,missing,,source_or_waive
3888,Tringa glareola,missing,,source_or_waive
3892,Tringa melanoleuca,published,https://www.inaturalist.org/taxa/3892,none
3893,Tringa flavipes,published,https://www.inaturalist.org/taxa/3893,none
3896,Numenius arquata,published,https://www.inaturalist.org/taxa/3896,none
3901,Numenius phaeopus,missing,,source_or_waive
3931,Scolopax rusticola,missing,,source_or_waive
3938,Arenaria interpres,published,https://www.inaturalist.org/taxa/3938,none
3947,Limosa limosa,published,https://www.inaturalist.org/taxa/3947,none
3951,Limosa lapponica,published,https://www.inaturalist.org/taxa/3951,none
3978,Actitis hypoleucos,missing,,source_or_waive
4109,Puffinus yelkouan,published,https://www.inaturalist.org/taxa/4109,none
4205,Podiceps nigricollis,missing,,source_or_waive
4208,Podiceps cristatus,missing,,source_or_waive
4237,Tachybaptus ruficollis,missing,,source_or_waive
4239,Tachybaptus dominicus,missing,,source_or_waive
4246,Podilymbus podiceps,missing,,source_or_waive
4257,Phoenicopterus ruber,missing,,source_or_waive
4259,Phoeniconaias minor,published,https://www.inaturalist.org/taxa/4259,none
4270,Phalacrocorax carbo,missing,,source_or_waive
4314,Phaethon lepturus,missing,,source_or_waive
4317,Phaethon aethereus,missing,,source_or_waive
4327,Pelecanus onocrotalus,missing,,source_or_waive
4328,Pelecanus occidentalis,missing,,source_or_waive
4333,Pelecanus crispus,published,https://www.inaturalist.org/taxa/4333,none
4334,Pelecanus erythrorhynchos,missing,,source_or_waive
4335,Pelecanus rufescens,missing,,source_or_waive
4338,Balaeniceps rex,published,https://www.inaturalist.org/taxa/4338,none
4356,Larus canus,missing,,source_or_waive
4364,Larus delawarensis,missing,,source_or_waive
4368,Larus marinus,missing,,source_or_waive
4381,Larus fuscus,missing,,source_or_waive
4389,Larus cachinnans,missing,,source_or_waive
4436,Sterna dougallii,missing,,source_or_waive
4450,Sterna hirundo,missing,,source_or_waive
4494,Rissa tridactyla,published,https://www.inaturalist.org/taxa/4494,none
4496,Rynchops niger,missing,,source_or_waive
4499,Rynchops flavirostris,missing,,source_or_waive
4501,Alca torda,missing,,source_or_waive
4504,Fratercula arctica,published,https://www.inaturalist.org/taxa/4504,none
4512,Chlidonias niger,missing,,source_or_waive
4514,Chlidonias leucopterus,missing,,source_or_waive
4535,Anous stolidus,missing,,source_or_waive
4578,Jacana spinosa,missing,,source_or_waive
4585,Actophilornis africanus,missing,,source_or_waive
4593,Cursorius temminckii,missing,,source_or_waive
4604,Glareola pratincola,missing,,source_or_waive
4613,Rhinoptilus cinctus,missing,,source_or_waive
4616,Dromas ardeola,missing,,source_or_waive
4623,Gavia arctica,missing,,source_or_waive
4626,Gavia immer,missing,,source_or_waive
4627,Gavia stellata,missing,,source_or_waive
4631,Fregata magnificens,missing,,source_or_waive
4641,Falco vespertinus,published,https://www.inaturalist.org/taxa/4641,none
4643,Falco subbuteo,missing,,source_or_waive
4647,Falco peregrinus,missing,,source_or_waive
4665,Falco sparverius,missing,,source_or_waive
4671,Falco eleonorae,missing,,source_or_waive
4672,Falco columbarius,missing,,source_or_waive
4684,Falco biarmicus,missing,,source_or_waive
4688,Falco ardosiaceus,missing,,source_or_waive
4715,Caracara plancus,missing,,source_or_waive
4724,Polihierax semitorquatus,missing,,source_or_waive
4732,Ciconia abdimii,missing,,source_or_waive
4733,Ciconia ciconia,missing,,source_or_waive
4736,Ciconia nigra,published,https://www.inaturalist.org/taxa/4736,none
4742,Mycteria americana,missing,,source_or_waive
4744,Mycteria ibis,missing,,source_or_waive
4754,Ephippiorhynchus senegalensis,published,https://www.inaturalist.org/taxa/4754,none
4756,Cathartes aura,missing,,source_or_waive
4776,Anastomus lamelligerus,missing,,source_or_waive
4788,Eudromias morinellus,missing,,source_or_waive
4793,Charadrius vociferus,published,https://www.inaturalist.org/taxa/4793,none
4798,Charadrius melodus,published,https://www.inaturalist.org/taxa/4798,none
4801,Charadrius hiaticula,missing,,source_or_waive
4817,Charadrius semipalmatus,missing,,source_or_waive
4835,Himantopus himantopus,missing,,source_or_waive
4836,Himantopus mexicanus,missing,,source_or_waive
4840,Haematopus palliatus,missing,,source_or_waive
4843,Haematopus ostralegus,published,https://www.inaturalist.org/taxa/4843,none
4857,Vanellus vanellus,published,https://www.inaturalist.org/taxa/4857,none
4861,Vanellus lugubris,missing,,source_or_waive
4862,Vanellus crassirostris,missing,,source_or_waive
4864,Vanellus melanopterus,missing,,source_or_waive
4866,Vanellus spinosus,missing,,source_or_waive
4868,Vanellus senegallus,missing,,source_or_waive
4870,Vanellus armatus,missing,,source_or_waive
4876,Vanellus tectus,missing,,source_or_waive
4877,Vanellus coronatus,missing,,source_or_waive
4883,Recurvirostra avosetta,missing,,source_or_waive
4889,Pluvialis apricaria,missing,,source_or_waive
4892,Pluvialis squatarola,published,https://www.inaturalist.org/taxa/4892,none
4922,Burhinus capensis,missing,,source_or_waive
4923,Burhinus oedicnemus,missing,,source_or_waive
4926,Burhinus vermiculatus,missing,,source_or_waive
4934,Egretta ardesiaca,missing,,source_or_waive
4937,Egretta caerulea,missing,,source_or_waive
4938,Egretta tricolor,missing,,source_or_waive
4940,Egretta thula,missing,,source_or_waive
4943,Egretta garzetta,missing,,source_or_waive
4948,Egretta rufescens,published,https://www.inaturalist.org/taxa/4948,none
4951,Ardea purpurea,missing,,source_or_waive
4954,Ardea cinerea,missing,,source_or_waive
4956,Ardea herodias,missing,,source_or_waive
4969,Ardea goliath,missing,,source_or_waive
4972,Ardea melanocephala,missing,,source_or_waive
4981,Nycticorax nycticorax,missing,,source_or_waive
4994,Ardeola ralloides,missing,,source_or_waive
4999,Nyctanassa violacea,missing,,source_or_waive
5020,Butorides virescens,published,https://www.inaturalist.org/taxa/5020,none
5033,Botaurus stellaris,missing,,source_or_waive
5063,Anhinga anhinga,missing,,source_or_waive
5066,Anhinga rufa,missing,,source_or_waive
5074,Aquila chrysaetos,missing,,source_or_waive
5079,Aquila rapax,published,https://www.inaturalist.org/taxa/5079,none
5081,Aquila adalberti,published,https://www.inaturalist.org/taxa/5081,none
5083,Aquila nipalensis,published,https://www.inaturalist.org/taxa/5083,none
5106,Accipiter nisus,missing,,source_or_waive
5154,Hieraaetus pennatus,missing,,source_or_waive
5165,Circus ranivorus,missing,,source_or_waive
5167,Circus pygargus,missing,,source_or_waive
5173,Circus aeruginosus,missing,,source_or_waive
5178,Circus macrourus,published,https://www.inaturalist.org/taxa/5178,none
5192,Buteo rufinus,missing,,source_or_waive
5197,Buteo ridgwayi,published,https://www.inaturalist.org/taxa/5197,none
5212,Buteo jamaicensis,missing,,source_or_waive
5227,Buteo platypterus,missing,,source_or_waive
5231,Terathopius ecaudatus,published,https://www.inaturalist.org/taxa/5231,none
5240,Circaetus pectoralis,missing,,source_or_waive
5241,Circaetus cinereus,missing,,source_or_waive
5242,Circaetus gallicus,missing,,source_or_waive
5244,Circaetus cinerascens,missing,,source_or_waive
5246,Polyboroides typus,missing,,source_or_waive
5267,Milvus milvus,missing,,source_or_waive
5268,Milvus migrans,missing,,source_or_waive
5275,Elanus caeruleus,missing,,source_or_waive
5309,Haliaeetus albicilla,missing,,source_or_waive
5323,Stephanoaetus coronatus,published,https://www.inaturalist.org/taxa/5323,none
5325,Pernis apivorus,missing,,source_or_waive
5335,Lophaetus occipitalis,missing,,source_or_waive
5339,Melierax poliopterus,missing,,source_or_waive
5340,Melierax metabates,missing,,source_or_waive
5344,Polemaetus bellicosus,published,https://www.inaturalist.org/taxa/5344,none
5349,Rostrhamus sociabilis,missing,,source_or_waive
5361,Neophron percnopterus,published,https://www.inaturalist.org/taxa/5361,none
5363,Gyps africanus,published,https://www.inaturalist.org/taxa/5363,none
5366,Gyps fulvus,missing,,source_or_waive
5379,Gypaetus barbatus,published,https://www.inaturalist.org/taxa/5379,none
5382,Aegypius monachus,published,https://www.inaturalist.org/taxa/5382,none
5392,Trigonoceps occipitalis,published,https://www.inaturalist.org/taxa/5392,none
5401,Torgos tracheliotos,published,https://www.inaturalist.org/taxa/5401,none
5418,Gypohierax angolensis,missing,,source_or_waive
5426,Necrosyrtes monachus,published,https://www.inaturalist.org/taxa/5426,none
5430,Kaupifalco monogrammicus,missing,,source_or_waive
5437,Bucorvus abyssinicus,published,https://www.inaturalist.org/taxa/5437,none
5483,Tockus deckeni,missing,,source_or_waive
5484,Tockus flavirostris,missing,,source_or_waive
5794,Anthracothorax mango,missing,,source_or_waive
5795,Anthracothorax dominicus,missing,,source_or_waive
5806,Anthracothorax viridis,missing,,source_or_waive
6377,Orthorhyncus cristatus,missing,,source_or_waive
6422,Mellisuga minima,missing,,source_or_waive
6425,Mellisuga helenae,published,https://www.inaturalist.org/taxa/6425,none
6427,Eulampis holosericeus,missing,,source_or_waive
6430,Eulampis jugularis,missing,,source_or_waive
6597,Streptoprocne zonaris,missing,,source_or_waive
6612,Apus affinis,missing,,source_or_waive
6638,Apus apus,missing,,source_or_waive
6642,Apus unicolor,missing,,source_or_waive
6643,Apus pallidus,missing,,source_or_waive
6681,Cypsiurus parvus,missing,,source_or_waive
6864,Tachornis phoenicobia,missing,,source_or_waive
6892,Dendrocygna arborea,published,https://www.inaturalist.org/taxa/6892,none
6898,Dendrocygna viduata,missing,,source_or_waive
6914,Cygnus atratus,missing,,source_or_waive
6921,Cygnus olor,missing,,source_or_waive
6930,Anas platyrhynchos,missing,,source_or_waive
6933,Anas acuta,missing,,source_or_waive
6937,Anas crecca,missing,,source_or_waive
6951,Anas bahamensis,missing,,source_or_waive
6965,Anas undulata,missing,,source_or_waive
6984,Anas erythrorhyncha,missing,,source_or_waive
6986,Anas capensis,missing,,source_or_waive
6990,Bucephala clangula,missing,,source_or_waive
6996,Mergus serrator,missing,,source_or_waive
7004,Mergus merganser,missing,,source_or_waive
7008,Anser indicus,missing,,source_or_waive
7018,Anser anser,missing,,source_or_waive
7019,Anser albifrons,missing,,source_or_waive
7024,Somateria mollissima,published,https://www.inaturalist.org/taxa/7024,none
7044,Aythya collaris,missing,,source_or_waive
7045,Aythya ferina,published,https://www.inaturalist.org/taxa/7045,none
7046,Aythya fuligula,missing,,source_or_waive
7047,Aythya marila,missing,,source_or_waive
7054,Aythya affinis,missing,,source_or_waive
7055,Aythya nyroca,published,https://www.inaturalist.org/taxa/7055,none
7067,Tadorna tadorna,missing,,source_or_waive
7068,Tadorna ferruginea,missing,,source_or_waive
7081,Oxyura leucocephala,published,https://www.inaturalist.org/taxa/7081,none
7089,Branta canadensis,missing,,source_or_waive
7101,Branta leucopsis,missing,,source_or_waive
7106,Aix galericulata,missing,,source_or_waive
7107,Aix sponsa,missing,,source_or_waive
7117,Chloephaga picta,missing,,source_or_waive
7120,Cairina moschata,missing,,source_or_waive
7122,Netta rufina,missing,,source_or_waive
7139,Marmaronetta angustirostris,published,https://www.inaturalist.org/taxa/7139,none
7146,Plectropterus gambensis,missing,,source_or_waive
7160,Sarkidiornis melanotos,missing,,source_or_waive
7172,Nomonyx dominicus,missing,,source_or_waive
7204,Tauraco hartlaubi,missing,,source_or_waive
7247,Crinifer zonurus,missing,,source_or_waive
7250,Corythaeola cristata,missing,,source_or_waive
7278,Aegithalos caudatus,missing,,source_or_waive
7347,Alauda arvensis,missing,,source_or_waive
7359,Galerida theklae,missing,,source_or_waive
7363,Lullula arborea,missing,,source_or_waive
7367,Melanocorypha calandra,missing,,source_or_waive
7372,Eremopterix leucopareia,missing,,source_or_waive
7434,Dulus dominicus,missing,,source_or_waive
7450,Certhia familiaris,missing,,source_or_waive
7462,Certhia brachydactyla,missing,,source_or_waive
7493,Polioptila caerulea,missing,,source_or_waive
7504,Polioptila lembeyei,missing,,source_or_waive
7610,Ferminia cerverai,published,https://www.inaturalist.org/taxa/7610,none
7647,Cinclus cinclus,missing,,source_or_waive
7661,Cisticola chubbi,missing,,source_or_waive
7676,Cisticola natalensis,missing,,source_or_waive
7689,Cisticola hunteri,missing,,source_or_waive
7697,Cisticola juncidis,missing,,source_or_waive
7729,Prinia subflava,missing,,source_or_waive
7749,Apalis flavida,missing,,source_or_waive
7784,Eminia lepida,missing,,source_or_waive
7876,Oriolus larvatus,missing,,source_or_waive
8004,Corvus albicollis,missing,,source_or_waive
8006,Corvus capensis,missing,,source_or_waive
8010,Corvus corax,missing,,source_or_waive
8019,Corvus nasicus,missing,,source_or_waive
8029,Corvus frugilegus,missing,,source_or_waive
8031,Corvus splendens,missing,,source_or_waive
8033,Corvus leucognaphalus,published,https://www.inaturalist.org/taxa/8033,none
8038,Corvus albus,missing,,source_or_waive
8046,Corvus rhipidurus,missing,,source_or_waive
8050,Corvus crassirostris,missing,,source_or_waive
8051,Corvus palmarum,missing,,source_or_waive
8053,Corvus jamaicensis,published,https://www.inaturalist.org/taxa/8053,none
8088,Garrulus glandarius,missing,,source_or_waive
8208,Laniarius erythrogaster,missing,,source_or_waive
8214,Laniarius funebris,missing,,source_or_waive
8268,Dicrurus adsimilis,missing,,source_or_waive
8296,Dryoscopus cubla,missing,,source_or_waive
8313,Campephaga flava,missing,,source_or_waive
8349,Pyrrhocorax pyrrhocorax,missing,,source_or_waive
8350,Pyrrhocorax graculus,missing,,source_or_waive
8354,Terpsiphone viridis,missing,,source_or_waive
8371,Ptilostomus afer,missing,,source_or_waive
8399,Batis molitor,missing,,source_or_waive
8446,Tchagra australis,missing,,source_or_waive
8454,Platysteira cyanea,missing,,source_or_waive
8580,Nilaus afer,missing,,source_or_waive
8593,Rhodophoneus cruentus,missing,,source_or_waive
8687,Pachyramphus niger,missing,,source_or_waive
9192,Emberiza cirlus,missing,,source_or_waive
9193,Emberiza cia,missing,,source_or_waive
9195,Emberiza citrinella,missing,,source_or_waive
9196,Emberiza hortulana,missing,,source_or_waive
9201,Emberiza schoeniclus,missing,,source_or_waive
9202,Emberiza flaviventris,missing,,source_or_waive
9203,Emberiza melanocephala,missing,,source_or_waive
9236,Serinus serinus,missing,,source_or_waive
9237,Carduelis citrinella,missing,,source_or_waive
9246,Serinus canaria,missing,,source_or_waive
9288,Euphonia jamaica,missing,,source_or_waive
9326,Icterus dominicensis,missing,,source_or_waive
9327,Icterus bonana,published,https://www.inaturalist.org/taxa/9327,none
9335,Icterus leucopteryx,missing,,source_or_waive
9345,Icterus icterus,missing,,source_or_waive
9398,Carduelis carduelis,missing,,source_or_waive
9462,Pyrrhula pyrrhula,missing,,source_or_waive
9528,Sturnella magna,published,https://www.inaturalist.org/taxa/9528,none
9600,Quiscalus lugubris,missing,,source_or_waive
9601,Quiscalus major,missing,,source_or_waive
9607,Quiscalus mexicanus,missing,,source_or_waive
9609,Quiscalus niger,missing,,source_or_waive
9721,Geothlypis trichas,missing,,source_or_waive
9744,Agelaius phoeniceus,missing,,source_or_waive
9762,Agelaius assimilis,missing,,source_or_waive
9764,Agelaius xanthomus,published,https://www.inaturalist.org/taxa/9764,none
9765,Agelaius humeralis,missing,,source_or_waive
9801,Coccothraustes coccothraustes,missing,,source_or_waive
9849,Saltator albicollis,missing,,source_or_waive
9864,Sicalis flaveola,missing,,source_or_waive
9915,Piranga rubra,missing,,source_or_waive
9929,Nesospingus speculiferus,published,https://www.inaturalist.org/taxa/9929,none
10019,Loxigilla noctis,missing,,source_or_waive
10069,Fringilla montifringilla,missing,,source_or_waive
10070,Fringilla coelebs,missing,,source_or_waive
10199,Coereba flaveola,missing,,source_or_waive
10205,Loxipasser anoxanthus,missing,,source_or_waive
10224,Passerina ciris,missing,,source_or_waive
10227,Passerina cyanea,missing,,source_or_waive
10247,Setophaga ruticilla,missing,,source_or_waive
10262,Cyanerpes cyaneus,missing,,source_or_waive
10266,Melopyrrha nigra,published,https://www.inaturalist.org/taxa/10266,none
10268,Euneornis campestris,missing,,source_or_waive
10286,Mniotilta varia,missing,,source_or_waive
10290,Phaenicophilus palmarum,missing,,source_or_waive
10371,Molothrus bonariensis,missing,,source_or_waive
10411,Loxia curvirostra,missing,,source_or_waive
10422,Loxia megaplaga,published,https://www.inaturalist.org/taxa/10422,none
10515,Teretistris fernandinae,missing,,source_or_waive
10516,Teretistris fornsi,missing,,source_or_waive
10576,Xenoligea montana,published,https://www.inaturalist.org/taxa/10576,none
10597,Microligea palustris,missing,,source_or_waive
10619,Nesopsar nigerrimus,published,https://www.inaturalist.org/taxa/10619,none
10645,Torreornis inexpectata,published,https://www.inaturalist.org/taxa/10645,none
10731,Spindalis zena,missing,,source_or_waive
11855,Petrochelidon fulva,missing,,source_or_waive
11864,Progne cryptoleuca,missing,,source_or_waive
11874,Progne dominicensis,missing,,source_or_waive
11896,Hirundo smithii,missing,,source_or_waive
11901,Hirundo rustica,missing,,source_or_waive
11909,Hirundo angolensis,missing,,source_or_waive
11941,Riparia riparia,missing,,source_or_waive
11945,Riparia paludicola,missing,,source_or_waive
11953,Psalidoprocne pristoptera,missing,,source_or_waive
12022,Lanius dorsalis,missing,,source_or_waive
12023,Lanius nubicus,missing,,source_or_waive
12038,Lanius collurio,missing,,source_or_waive
12039,Lanius senator,published,https://www.inaturalist.org/taxa/12039,none
12048,Lanius cabanisi,missing,,source_or_waive
12050,Lanius excubitoroides,missing,,source_or_waive
12053,Lanius mackinnoni,missing,,source_or_waive
12054,Lanius minor,missing,,source_or_waive
12707,Turdus pilaris,missing,,source_or_waive
12709,Turdus pelios,missing,,source_or_waive
12716,Turdus merula,missing,,source_or_waive
12718,Turdus plumbeus,missing,,source_or_waive
12735,Turdus viscivorus,missing,,source_or_waive
12740,Turdus torquatus,missing,,source_or_waive
12748,Turdus philomelos,missing,,source_or_waive
12749,Turdus iliacus,missing,,source_or_waive
12767,Turdus nudigenis,missing,,source_or_waive
12777,Turdus aurantius,missing,,source_or_waive
12778,Turdus jamaicensis,missing,,source_or_waive
12784,Cossypha natalensis,missing,,source_or_waive
12792,Cossypha heuglini,missing,,source_or_waive
12795,Cossypha semirufa,missing,,source_or_waive
12799,Bradornis microrhynchus,missing,,source_or_waive
12822,Oenanthe oenanthe,missing,,source_or_waive
12825,Oenanthe hispanica,missing,,source_or_waive
12830,Oenanthe pleschanka,missing,,source_or_waive
12834,Oenanthe cypriaca,missing,,source_or_waive
12837,Oenanthe isabellina,missing,,source_or_waive
12838,Oenanthe leucura,missing,,source_or_waive
12839,Oenanthe pileata,missing,,source_or_waive
12868,Myrmecocichla aethiops,missing,,source_or_waive
12874,Myrmecocichla nigra,missing,,source_or_waive
12908,Saxicola rubetra,missing,,source_or_waive
12913,Saxicola dacotiae,published,https://www.inaturalist.org/taxa/12913,none
12950,Myadestes genibarbis,missing,,source_or_waive
12955,Myadestes elisabeth,missing,,source_or_waive
12971,Muscicapa striata,missing,,source_or_waive
12978,Muscicapa adusta,missing,,source_or_waive
12985,Muscicapa aquatica,missing,,source_or_waive
12992,Phoenicurus phoenicurus,missing,,source_or_waive
13000,Phoenicurus ochruros,missing,,source_or_waive
13071,Luscinia svecica,missing,,source_or_waive
13079,Luscinia megarhynchos,missing,,source_or_waive
13084,Cichladusa guttata,missing,,source_or_waive
13094,Erithacus rubecula,missing,,source_or_waive
13133,Ficedula albicollis,missing,,source_or_waive
13140,Monticola saxatilis,missing,,source_or_waive
13141,Monticola solitarius,missing,,source_or_waive
13185,Melaenornis pammelaina,missing,,source_or_waive
13188,Melaenornis edolioides,missing,,source_or_waive
13235,Empidornis semipartitus,missing,,source_or_waive
13272,Pogonocichla stellata,missing,,source_or_waive
13291,Nectarinia tacazze,missing,,source_or_waive
13350,Nectarinia kilimensis,missing,,source_or_waive
13366,Anthreptes orientalis,missing,,source_or_waive
13676,Remiz pendulinus,missing,,source_or_waive
13688,Motacilla cinerea,missing,,source_or_waive
13695,Motacilla alba,missing,,source_or_waive
13701,Motacilla aguimp,missing,,source_or_waive
13704,Motacilla clara,missing,,source_or_waive
13708,Anthus leucophrys,missing,,source_or_waive
13711,Anthus trivialis,missing,,source_or_waive
13712,Anthus campestris,missing,,source_or_waive
13713,Anthus spinoletta,missing,,source_or_waive
13721,Anthus cervinus,missing,,source_or_waive
13729,Anthus pratensis,missing,,source_or_waive
13738,Anthus berthelotii,missing,,source_or_waive
13767,Estrilda rhodopyga,missing,,source_or_waive
13770,Estrilda astrild,missing,,source_or_waive
13773,Estrilda nonnula,missing,,source_or_waive
13780,Estrilda melpoda,missing,,source_or_waive
13785,Ploceus galbula,missing,,source_or_waive
13786,Ploceus rubiginosus,missing,,source_or_waive
13787,Ploceus nigerrimus,missing,,source_or_waive
13791,Ploceus vitellinus,missing,,source_or_waive
13793,Ploceus melanocephalus,missing,,source_or_waive
13796,Ploceus cucullatus,missing,,source_or_waive
13798,Ploceus spekei,missing,,source_or_waive
13805,Ploceus baglafecht,missing,,source_or_waive
13806,Ploceus bojeri,missing,,source_or_waive
13811,Ploceus castaneiceps,missing,,source_or_waive
13820,Ploceus xanthops,missing,,source_or_waive
13821,Ploceus pelzelni,missing,,source_or_waive
13825,Ploceus nigricollis,missing,,source_or_waive
13834,Ploceus castanops,missing,,source_or_waive
13835,Ploceus jacksoni,missing,,source_or_waive
13836,Ploceus subaureus,missing,,source_or_waive
13837,Ploceus ocularis,missing,,source_or_waive
13842,Ploceus intermedius,missing,,source_or_waive
13851,Passer montanus,missing,,source_or_waive
13854,Passer hispaniolensis,missing,,source_or_waive
13858,Passer domesticus,missing,,source_or_waive
13861,Passer eminibey,missing,,source_or_waive
13862,Passer gongonensis,missing,,source_or_waive
13865,Passer rufocinctus,missing,,source_or_waive
13869,Passer swainsonii,missing,,source_or_waive
13870,Passer griseus,missing,,source_or_waive
13872,Pseudonigrita arnaudi,missing,,source_or_waive
13893,Lonchura punctulata,missing,,source_or_waive
13920,Sporopipes frontalis,missing,,source_or_waive
13962,Euplectes orix,missing,,source_or_waive
13963,Euplectes hordeaceus,missing,,source_or_waive
13964,Euplectes capensis,missing,,source_or_waive
13965,Euplectes albonotatus,missing,,source_or_waive
13966,Euplectes franciscanus,missing,,source_or_waive
13970,Euplectes axillaris,missing,,source_or_waive
13971,Euplectes gierowii,missing,,source_or_waive
13974,Euplectes afer,missing,,source_or_waive
13988,Prunella modularis,missing,,source_or_waive
13996,Prunella collaris,missing,,source_or_waive
13999,Pytilia melba,missing,,source_or_waive
14005,Quelea quelea,missing,,source_or_waive
14010,Vidua chalybeata,missing,,source_or_waive
14011,Vidua macroura,missing,,source_or_waive
14027,Uraeginthus bengalus,missing,,source_or_waive
14030,Uraeginthus cyanocephalus,missing,,source_or_waive
14051,Lagonosticta senegala,missing,,source_or_waive
14064,Amblyospiza albifrons,missing,,source_or_waive
14076,Petronia petronia,missing,,source_or_waive
14087,Dinemellia dinemelli,missing,,source_or_waive
14096,Amadina fasciata,missing,,source_or_waive
14101,Macronyx aurantiigula,missing,,source_or_waive
14103,Macronyx ameliae,missing,,source_or_waive
14104,Macronyx croceus,missing,,source_or_waive
14115,Plocepasser mahali,missing,,source_or_waive
14143,Bubalornis niger,missing,,source_or_waive
14148,Anaplectes rubriceps,missing,,source_or_waive
14588,Pycnonotus barbatus,missing,,source_or_waive
14708,Andropadus importunus,missing,,source_or_waive
14811,Sitta neumayer,missing,,source_or_waive
14824,Sitta europaea,missing,,source_or_waive
14840,Tichodroma muraria,missing,,source_or_waive
14849,Sturnus unicolor,missing,,source_or_waive
14850,Sturnus vulgaris,missing,,source_or_waive
14872,Acridotheres cristatellus,missing,,source_or_waive
14880,Mimus gundlachii,missing,,source_or_waive
14884,Mimus gilvus,missing,,source_or_waive
14886,Mimus polyglottos,missing,,source_or_waive
14923,Lamprotornis chalybaeus,missing,,source_or_waive
14934,Lamprotornis hildebrandti,missing,,source_or_waive
14939,Lamprotornis superbus,missing,,source_or_waive
14980,Cinclocerthia ruficauda,missing,,source_or_waive
14984,Margarops fuscatus,missing,,source_or_waive
14995,Dumetella carolinensis,missing,,source_or_waive
15030,Cinnyricinclus leucogaster,missing,,source_or_waive
15032,Creatophora cinerea,missing,,source_or_waive
15047,Ramphocinclus brachyurus,published,https://www.inaturalist.org/taxa/15047,none
15052,Turdoides jardineii,missing,,source_or_waive
15063,Turdoides sharpei,missing,,source_or_waive
15253,Sylvietta whytii,missing,,source_or_waive
15282,Sylvia atricapilla,missing,,source_or_waive
15302,Sylvia borin,missing,,source_or_waive
15560,Leiothrix lutea,missing,,source_or_waive
15621,Phyllolais pulchella,missing,,source_or_waive
16005,Myiarchus validus,missing,,source_or_waive
16013,Myiarchus stolidus,missing,,source_or_waive
16024,Myiarchus antillarum,missing,,source_or_waive
16025,Myiarchus sagrae,missing,,source_or_waive
16049,Myiarchus oberi,missing,,source_or_waive
16057,Myiarchus barbirostris,missing,,source_or_waive
16085,Contopus caribaeus,missing,,source_or_waive
16097,Contopus hispaniolensis,missing,,source_or_waive
16101,Contopus pallidus,missing,,source_or_waive
16102,Contopus latirostris,missing,,source_or_waive
16702,Elaenia martinica,missing,,source_or_waive
16771,Tyrannus caudifasciatus,missing,,source_or_waive
16798,Tyrannus dominicensis,missing,,source_or_waive
16801,Tyrannus cubensis,published,https://www.inaturalist.org/taxa/16801,none
16891,Myiopagis cotta,missing,,source_or_waive
17361,Vireo nanus,missing,,source_or_waive
17365,Vireo flavifrons,missing,,source_or_waive
17370,Vireo modestus,missing,,source_or_waive
17384,Vireo latimeri,missing,,source_or_waive
17387,Vireo osburni,published,https://www.inaturalist.org/taxa/17387,none
17390,Vireo gundlachii,missing,,source_or_waive
17399,Vireo altiloquus,missing,,source_or_waive
17408,Vireo griseus,missing,,source_or_waive
17634,Campethera nubica,missing,,source_or_waive
17835,Dryocopus martius,missing,,source_or_waive
17867,Dendrocopos syriacus,missing,,source_or_waive
17871,Dendrocopos major,missing,,source_or_waive
18159,Melanerpes radiolatus,missing,,source_or_waive
18180,Melanerpes striatus,missing,,source_or_waive
18182,Melanerpes portoricensis,missing,,source_or_waive
18184,Melanerpes herminieri,missing,,source_or_waive
18193,Melanerpes superciliaris,missing,,source_or_waive
18235,Colaptes fernandinae,published,https://www.inaturalist.org/taxa/18235,none
18236,Colaptes auratus,missing,,source_or_waive
18448,Jynx torquilla,missing,,source_or_waive
18463,Sphyrapicus varius,missing,,source_or_waive
18475,Xiphidiopicus percussus,missing,,source_or_waive
18911,Psittacula krameri,missing,,source_or_waive
18979,Amazona collaria,published,https://www.inaturalist.org/taxa/18979,none
18983,Amazona ventralis,published,https://www.inaturalist.org/taxa/18983,none
18988,Amazona leucocephala,published,https://www.inaturalist.org/taxa/18988,none
18989,Amazona agilis,published,https://www.inaturalist.org/taxa/18989,none
19006,Amazona vittata,published,https://www.inaturalist.org/taxa/19006,none
19018,Ara ararauna,missing,,source_or_waive
19051,Poicephalus rufiventris,missing,,source_or_waive
19055,Poicephalus meyeri,missing,,source_or_waive
19065,Forpus passerinus,missing,,source_or_waive
19074,Agapornis taranta,missing,,source_or_waive
19075,Agapornis fischeri,published,https://www.inaturalist.org/taxa/19075,none
19076,Agapornis personatus,missing,,source_or_waive
19210,Brotogeris versicolurus,published,https://www.inaturalist.org/taxa/19210,none
19349,Myiopsitta monachus,missing,,source_or_waive
19410,Caprimulgus europaeus,missing,,source_or_waive
19482,Caprimulgus ruficollis,published,https://www.inaturalist.org/taxa/19482,none
19602,Chordeiles gundlachii,missing,,source_or_waive
19670,Nyctibius jamaicensis,missing,,source_or_waive
19809,Glaucidium siju,missing,,source_or_waive
19882,Glaucidium perlatum,missing,,source_or_waive
19898,Strix aluco,missing,,source_or_waive
19965,Strix woodfordii,missing,,source_or_waive
19975,Athene cunicularia,missing,,source_or_waive
19998,Athene noctua,missing,,source_or_waive
20059,Bubo bubo,missing,,source_or_waive
20244,Otus scops,missing,,source_or_waive
20307,Asio otus,missing,,source_or_waive
20315,Asio flammeus,missing,,source_or_waive
20331,Asio stygius,missing,,source_or_waive
20436,Tyto glaucops,missing,,source_or_waive
20445,Tyto alba,missing,,source_or_waive
20526,Struthio camelus,missing,,source_or_waive
20836,Apaloderma narina,missing,,source_or_waive
20844,Priotelus temnurus,missing,,source_or_waive
20847,Priotelus roseigaster,missing,,source_or_waive
20934,Phoeniculus purpureus,missing,,source_or_waive
20969,Upupa epops,missing,,source_or_waive
21851,Mertensophryne micranotis,missing,,source_or_waive
21861,Schismaderma carens,missing,,source_or_waive
22120,Eleutherodactylus alcoae,missing,,source_or_waive
22190,Eleutherodactylus nortoni,published,https://www.inaturalist.org/taxa/22190,none
22232,Eleutherodactylus guanahacabibes,missing,,source_or_waive
22236,Eleutherodactylus glaucoreius,published,https://www.inaturalist.org/taxa/22236,none
22285,Eleutherodactylus glaphycompus,published,https://www.inaturalist.org/taxa/22285,none
22302,Eleutherodactylus inoptatus,published,https://www.inaturalist.org/taxa/22302,none
22333,Eleutherodactylus johnstonei,missing,,source_or_waive
22334,Eleutherodactylus weinlandi,missing,,source_or_waive
22337,Eleutherodactylus haitianus,published,https://www.inaturalist.org/taxa/22337,none
22369,Eleutherodactylus cooki,published,https://www.inaturalist.org/taxa/22369,none
22374,Eleutherodactylus nubicola,published,https://www.inaturalist.org/taxa/22374,none
22375,Eleutherodactylus gossei,published,https://www.inaturalist.org/taxa/22375,none
22376,Eleutherodactylus cundalli,published,https://www.inaturalist.org/taxa/22376,none
22384,Eleutherodactylus lentus,published,https://www.inaturalist.org/taxa/22384,none
22408,Eleutherodactylus wightmanae,published,https://www.inaturalist.org/taxa/22408,none
22411,Eleutherodactylus portoricensis,published,https://www.inaturalist.org/taxa/22411,none
22413,Eleutherodactylus patriciae,published,https://www.inaturalist.org/taxa/22413,none
22417,Eleutherodactylus furcyensis,published,https://www.inaturalist.org/taxa/22417,none
22423,Eleutherodactylus richmondi,published,https://www.inaturalist.org/taxa/22423,none
22440,Eleutherodactylus monensis,published,https://www.inaturalist.org/taxa/22440,none
22445,Eleutherodactylus flavescens,published,https://www.inaturalist.org/taxa/22445,none
22446,Eleutherodactylus armstrongi,published,https://www.inaturalist.org/taxa/22446,none
22453,Eleutherodactylus wetmorei,published,https://www.inaturalist.org/taxa/22453,none
22454,Eleutherodactylus coqui,missing,,source_or_waive
22456,Eleutherodactylus audanti,published,https://www.inaturalist.org/taxa/22456,none
22460,Eleutherodactylus pictissimus,missing,,source_or_waive
22478,Eleutherodactylus zeus,published,https://www.inaturalist.org/taxa/22478,none
22488,Eleutherodactylus counouspeus,published,https://www.inaturalist.org/taxa/22488,none
22496,Eleutherodactylus pinchoni,published,https://www.inaturalist.org/taxa/22496,none
22580,Eleutherodactylus cuneatus,missing,,source_or_waive
22581,Eleutherodactylus dimidiatus,missing,,source_or_waive
22601,Eleutherodactylus abbotti,missing,,source_or_waive
22612,Eleutherodactylus probolaeus,published,https://www.inaturalist.org/taxa/22612,none
22614,Eleutherodactylus etheridgei,published,https://www.inaturalist.org/taxa/22614,none
22616,Eleutherodactylus brittoni,missing,,source_or_waive
22617,Eleutherodactylus montanus,published,https://www.inaturalist.org/taxa/22617,none
22619,Eleutherodactylus hedricki,published,https://www.inaturalist.org/taxa/22619,none
22631,Eleutherodactylus planirostris,missing,,source_or_waive
22632,Eleutherodactylus auriculatus,missing,,source_or_waive
22635,Eleutherodactylus greyi,published,https://www.inaturalist.org/taxa/22635,none
22636,Eleutherodactylus atkinsi,missing,,source_or_waive
22663,Eleutherodactylus iberia,published,https://www.inaturalist.org/taxa/22663,none
22718,Eleutherodactylus pentasyringos,published,https://www.inaturalist.org/taxa/22718,none
22739,Eleutherodactylus martinicensis,published,https://www.inaturalist.org/taxa/22739,none
22745,Eleutherodactylus unicolor,published,https://www.inaturalist.org/taxa/22745,none
22752,Eleutherodactylus pantoni,published,https://www.inaturalist.org/taxa/22752,none
22761,Eleutherodactylus cochranae,missing,,source_or_waive
22771,Eleutherodactylus antillensis,missing,,source_or_waive
22979,Leptodactylus albilabris,missing,,source_or_waive
23286,Hyperolius cystocandicans,published,https://www.inaturalist.org/taxa/23286,none
23288,Hyperolius rubrovermiculatus,published,https://www.inaturalist.org/taxa/23288,none
23301,Hyperolius montanus,missing,,source_or_waive
23323,Hyperolius pusillus,missing,,source_or_waive
23327,Hyperolius argus,missing,,source_or_waive
23339,Hyperolius mitchelli,missing,,source_or_waive
23342,Hyperolius tuberilinguis,missing,,source_or_waive
23343,Hyperolius parkeri,missing,,source_or_waive
23366,Hyperolius parallelus,missing,,source_or_waive
23369,Hyperolius cinnamomeoventris,missing,,source_or_waive
23371,Hyperolius mariae,missing,,source_or_waive
23382,Hyperolius pictus,missing,,source_or_waive
23385,Hyperolius glandicolor,missing,,source_or_waive
23393,Hyperolius castaneus,missing,,source_or_waive
23405,Leptopelis kivuensis,missing,,source_or_waive
23406,Leptopelis concolor,missing,,source_or_waive
23411,Leptopelis uluguruensis,published,https://www.inaturalist.org/taxa/23411,none
23412,Leptopelis parkeri,published,https://www.inaturalist.org/taxa/23412,none
23413,Leptopelis vermiculatus,published,https://www.inaturalist.org/taxa/23413,none
23423,Leptopelis bocagii,missing,,source_or_waive
23440,Leptopelis flavomaculatus,missing,,source_or_waive
23450,Afrixalus delicatus,missing,,source_or_waive
23455,Afrixalus fornasini,missing,,source_or_waive
23505,Kassina somalica,missing,,source_or_waive
23512,Kassina senegalensis,missing,,source_or_waive
23798,Hyla savignyi,missing,,source_or_waive
23922,Hyla intermedia,missing,,source_or_waive
23998,Hyla sarda,missing,,source_or_waive
24045,Hyla meridionalis,missing,,source_or_waive
24322,Scinax ruber,missing,,source_or_waive
24360,Scinax x-signatus,missing,,source_or_waive
24375,Osteopilus vastus,published,https://www.inaturalist.org/taxa/24375,none
24376,Osteopilus pulchrilineatus,published,https://www.inaturalist.org/taxa/24376,none
24378,Osteopilus ocellatus,published,https://www.inaturalist.org/taxa/24378,none
24379,Osteopilus dominicensis,missing,,source_or_waive
24380,Osteopilus crucialis,published,https://www.inaturalist.org/taxa/24380,none
24382,Osteopilus septentrionalis,missing,,source_or_waive
24462,Hemisus marmoratus,missing,,source_or_waive
24473,Alytes obstetricans,missing,,source_or_waive
24474,Alytes dickhilleni,published,https://www.inaturalist.org/taxa/24474,none
24475,Alytes cisternasii,missing,,source_or_waive
24479,Discoglossus pictus,missing,,source_or_waive
24480,Discoglossus galganoi,missing,,source_or_waive
24484,Discoglossus sardus,missing,,source_or_waive
24594,Arthroleptis affinis,missing,,source_or_waive
24899,Phrynomantis bifasciatus,missing,,source_or_waive
25164,Callulina kreffti,missing,,source_or_waive
25311,Pelobates cultripes,published,https://www.inaturalist.org/taxa/25311,none
25312,Pelobates fuscus,missing,,source_or_waive
25316,Pelodytes ibericus,missing,,source_or_waive
25350,Phrynobatrachus stewartae,missing,,source_or_waive
25356,Phrynobatrachus keniensis,missing,,source_or_waive
25362,Phrynobatrachus acridoides,missing,,source_or_waive
25369,Phrynobatrachus mababiensis,missing,,source_or_waive
25383,Phrynobatrachus natalensis,missing,,source_or_waive
25451,Xenopus borealis,missing,,source_or_waive
25457,Xenopus laevis,missing,,source_or_waive
25459,Xenopus muelleri,missing,,source_or_waive
25591,Rana temporaria,missing,,source_or_waive
25616,Rana italica,missing,,source_or_waive
25660,Rana pyrenaica,published,https://www.inaturalist.org/taxa/25660,none
25664,Rana latastei,published,https://www.inaturalist.org/taxa/25664,none
25665,Rana iberica,published,https://www.inaturalist.org/taxa/25665,none
25669,Rana dalmatina,missing,,source_or_waive
25697,Rana graeca,missing,,source_or_waive
25743,Ptychadena schillukorum,missing,,source_or_waive
25744,Ptychadena oxyrhynchus,missing,,source_or_waive
25762,Ptychadena erlangeri,published,https://www.inaturalist.org/taxa/25762,none
25778,Ptychadena anchietae,missing,,source_or_waive
25782,Ptychadena mascareniensis,missing,,source_or_waive
26061,Crocodylus rhombifer,published,https://www.inaturalist.org/taxa/26061,none
26085,Crocodylus acutus,published,https://www.inaturalist.org/taxa/26085,none
26197,Pyxicephalus edulis,missing,,source_or_waive
26203,Strongylopus merumontanus,missing,,source_or_waive
26261,Hoplobatrachus occipitalis,missing,,source_or_waive
26655,Chiromantis petersii,missing,,source_or_waive
26656,Chiromantis xerampelina,missing,,source_or_waive
26717,Dasypeltis scabra,missing,,source_or_waive
26888,Coronella girondica,missing,,source_or_waive
26904,Coronella austriaca,missing,,source_or_waive
27514,Speleomantes ambrosii,published,https://www.inaturalist.org/taxa/27514,none
27517,Speleomantes italicus,published,https://www.inaturalist.org/taxa/27517,none
27519,Speleomantes strinatii,published,https://www.inaturalist.org/taxa/27519,none
27712,Triturus marmoratus,published,https://www.inaturalist.org/taxa/27712,none
27717,Triturus carnifex,published,https://www.inaturalist.org/taxa/27717,none
27719,Triturus pygmaeus,published,https://www.inaturalist.org/taxa/27719,none
27726,Salamandra salamandra,published,https://www.inaturalist.org/taxa/27726,none
27732,Salamandra lanzai,published,https://www.inaturalist.org/taxa/27732,none
27735,Salamandra atra,missing,,source_or_waive
27832,Pleurodeles waltl,missing,,source_or_waive
27840,Salamandrina terdigitata,missing,,source_or_waive
27844,Chioglossa lusitanica,published,https://www.inaturalist.org/taxa/27844,none
27904,Boulengerula taitana,published,https://www.inaturalist.org/taxa/27904,none
28157,Uromacer oxyrhynchus,missing,,source_or_waive
28169,Uromacer catesbyi,missing,,source_or_waive
28333,Thelotornis usambaricus,published,https://www.inaturalist.org/taxa/28333,none
28338,Thelotornis mossambicanus,missing,,source_or_waive
28598,Caraiba andreae,missing,,source_or_waive
28605,Hypsirhynchus parvifrons,missing,,source_or_waive
28771,Rhamphiophis rostratus,missing,,source_or_waive
28964,Psammophis orientalis,missing,,source_or_waive
28965,Psammophis sudanensis,missing,,source_or_waive
28971,Psammophis punctulatus,missing,,source_or_waive
29073,Philothamnus semivariegatus,missing,,source_or_waive
29074,Philothamnus punctatus,missing,,source_or_waive
29084,Philothamnus hoplogaster,missing,,source_or_waive
29351,Natrix maura,missing,,source_or_waive
29449,Malpolon monspessulanus,missing,,source_or_waive
29450,Malpolon insignitus,missing,,source_or_waive
29508,Lycophidion capense,missing,,source_or_waive
29760,Boaedon fuliginosus,missing,,source_or_waive
29917,Hierophis gemonensis,missing,,source_or_waive
30112,Cubophis vudii,missing,,source_or_waive
30121,Borikenophis portoricensis,missing,,source_or_waive
30131,Cubophis cantherigerus,missing,,source_or_waive
30237,Elaphe quatuorlineata,missing,,source_or_waive
30358,Dispholidus typus,missing,,source_or_waive
30405,Dendroaspis polylepis,missing,,source_or_waive
30411,Dendroaspis angusticeps,missing,,source_or_waive
30476,Naja nigricollis,missing,,source_or_waive
30486,Naja pallida,missing,,source_or_waive
30654,Elapsoidea loveridgei,missing,,source_or_waive
30851,Bitis arietans,missing,,source_or_waive
30853,Bitis gabonica,published,https://www.inaturalist.org/taxa/30853,none
30855,Bitis nasicornis,published,https://www.inaturalist.org/taxa/30855,none
30877,Atheris squamigera,missing,,source_or_waive
30880,Atheris nitschei,missing,,source_or_waive
30917,Vipera seoanei,published,https://www.inaturalist.org/taxa/30917,none
30924,Vipera latastei,published,https://www.inaturalist.org/taxa/30924,none
30929,Vipera aspis,published,https://www.inaturalist.org/taxa/30929,none
31088,Echis pyramidum,missing,,source_or_waive
31120,Agama spinosa,missing,,source_or_waive
31132,Agama mwanzae,missing,,source_or_waive
31147,Agama caudospinosa,missing,,source_or_waive
31155,Agama lionotus,missing,,source_or_waive
31975,Pseudopus apodus,missing,,source_or_waive
32093,Boa constrictor,missing,,source_or_waive
32152,Python sebae,published,https://www.inaturalist.org/taxa/32152,none
32208,Eryx colubrinus,missing,,source_or_waive
32314,Tropidophis melanurus,missing,,source_or_waive
32319,Tropidophis haetianus,published,https://www.inaturalist.org/taxa/32319,none
32610,Afrotyphlops lineolatus,missing,,source_or_waive
32807,Trioceros jacksonii,missing,,source_or_waive
32814,Trioceros tempeli,missing,,source_or_waive
32816,Trioceros werneri,missing,,source_or_waive
32818,Trioceros sternfeldi,missing,,source_or_waive
32819,Trioceros schubotzi,published,https://www.inaturalist.org/taxa/32819,none
32820,Trioceros rudis,missing,,source_or_waive
32837,Trioceros johnstoni,missing,,source_or_waive
32842,Trioceros hoehnelii,missing,,source_or_waive
32845,Chamaeleo gracilis,missing,,source_or_waive
32852,Trioceros ellioti,missing,,source_or_waive
32854,Chamaeleo dilepis,missing,,source_or_waive
32861,Trioceros deremensis,missing,,source_or_waive
32864,Chamaeleo chamaeleon,missing,,source_or_waive
32871,Trioceros bitaeniatus,missing,,source_or_waive
32947,Kinyongia tenuis,published,https://www.inaturalist.org/taxa/32947,none
32949,Kinyongia tavetana,published,https://www.inaturalist.org/taxa/32949,none
32950,Kinyongia boehmei,published,https://www.inaturalist.org/taxa/32950,none
32977,Kinyongia multituberculata,published,https://www.inaturalist.org/taxa/32977,none
32983,Rhampholeon temporalis,published,https://www.inaturalist.org/taxa/32983,none
32988,Rhampholeon nchisiensis,missing,,source_or_waive
32994,Rieppeleon kerstenii,missing,,source_or_waive
33560,Aristelliger praesignis,missing,,source_or_waive
33563,Aristelliger lar,published,https://www.inaturalist.org/taxa/33563,none
33602,Tarentola mauritanica,missing,,source_or_waive
33619,Tarentola boettgeri,missing,,source_or_waive
33622,Tarentola angustimentalis,missing,,source_or_waive
33623,Tarentola americana,missing,,source_or_waive
33640,Sphaerodactylus difficilis,missing,,source_or_waive
33708,Sphaerodactylus nicholsi,missing,,source_or_waive
33730,Sphaerodactylus klauberi,missing,,source_or_waive
33740,Sphaerodactylus fantasticus,missing,,source_or_waive
33752,Sphaerodactylus elegans,missing,,source_or_waive
33768,Sphaerodactylus clenchi,published,https://www.inaturalist.org/taxa/33768,none
33788,Sphaerodactylus argus,missing,,source_or_waive
33811,Sphaerodactylus vincenti,missing,,source_or_waive
34059,Phelsuma dubia,missing,,source_or_waive
34238,Lygodactylus picturatus,missing,,source_or_waive
34273,Lygodactylus keniensis,missing,,source_or_waive
34303,Lygodactylus capensis,missing,,source_or_waive
34312,Lygodactylus angularis,missing,,source_or_waive
34435,Hemidactylus turcicus,missing,,source_or_waive
34454,Hemidactylus squamulatus,missing,,source_or_waive
34463,Hemidactylus platycephalus,missing,,source_or_waive
34496,Hemidactylus angulatus,missing,,source_or_waive
34615,Gekko gecko,missing,,source_or_waive
34964,Gymnophthalmus underwoodi,missing,,source_or_waive
35290,Cyclura cychlura,published,https://www.inaturalist.org/taxa/35290,none
35298,Cyclura collei,published,https://www.inaturalist.org/taxa/35298,none
35303,Ctenosaura similis,missing,,source_or_waive
35342,Iguana iguana,missing,,source_or_waive
35345,Iguana delicatissima,published,https://www.inaturalist.org/taxa/35345,none
35397,Adolfus jacksoni,missing,,source_or_waive
35413,Acanthodactylus schreiberi,missing,,source_or_waive
35430,Acanthodactylus erythrurus,missing,,source_or_waive
35453,Zootoca vivipara,missing,,source_or_waive
35474,Teira dugesii,missing,,source_or_waive
35510,Pseuderemias brenneri,missing,,source_or_waive
35516,Psammodromus hispanicus,missing,,source_or_waive
35519,Psammodromus algirus,missing,,source_or_waive
35530,Podarcis tiliguerta,missing,,source_or_waive
35597,Podarcis pityusensis,published,https://www.inaturalist.org/taxa/35597,none
35637,Podarcis lilfordi,published,https://www.inaturalist.org/taxa/35637,none
35666,Podarcis liolepis,missing,,source_or_waive
35671,Podarcis filfolensis,missing,,source_or_waive
35677,Podarcis erhardii,missing,,source_or_waive
35700,Podarcis cretensis,missing,,source_or_waive
35706,Podarcis bocagei,missing,,source_or_waive
35707,Podarcis carbonelli,published,https://www.inaturalist.org/taxa/35707,none
35710,Podarcis melisellensis,missing,,source_or_waive
35760,Ophisops elegans,missing,,source_or_waive
35827,Latastia longicaudata,missing,,source_or_waive
35854,Lacerta viridis,missing,,source_or_waive
35868,Lacerta schreiberi,missing,,source_or_waive
35871,Lacerta trilineata,missing,,source_or_waive
35900,Lacerta bilineata,missing,,source_or_waive
35912,Lacerta agilis,missing,,source_or_waive
35964,Iberolacerta monticola,missing,,source_or_waive
35972,Heliobolus spekii,missing,,source_or_waive
35988,Gallotia caesaris,missing,,source_or_waive
35990,Gallotia stehlini,published,https://www.inaturalist.org/taxa/35990,none
35995,Gallotia galloti,missing,,source_or_waive
36001,Gallotia atlantica,missing,,source_or_waive
36052,Algyroides nigropunctatus,missing,,source_or_waive
36055,Algyroides moreoticus,missing,,source_or_waive
36363,Anolis roquet,missing,,source_or_waive
36372,Anolis homolechis,missing,,source_or_waive
36375,Anolis lineatopus,missing,,source_or_waive
36380,Anolis grahami,missing,,source_or_waive
36391,Anolis equestris,missing,,source_or_waive
36427,Anolis gundlachi,missing,,source_or_waive
36432,Anolis gingivinus,missing,,source_or_waive
36441,Anolis ferreus,published,https://www.inaturalist.org/taxa/36441,none
36445,Anolis evermanni,missing,,source_or_waive
36448,Anolis etheridgei,published,https://www.inaturalist.org/taxa/36448,none
36455,Anolis distichus,missing,,source_or_waive
36485,Anolis cuvieri,missing,,source_or_waive
36488,Anolis cristatellus,missing,,source_or_waive
36491,Anolis cooki,published,https://www.inaturalist.org/taxa/36491,none
36503,Anolis christophei,published,https://www.inaturalist.org/taxa/36503,none
36520,Anolis brevirostris,missing,,source_or_waive
36532,Anolis bartschi,missing,,source_or_waive
36558,Anolis argenteolus,missing,,source_or_waive
36561,Anolis angusticeps,missing,,source_or_waive
36567,Anolis alutaceus,missing,,source_or_waive
36570,Anolis allisoni,missing,,source_or_waive
36580,Anolis acutus,missing,,source_or_waive
36599,Anolis vermiculatus,missing,,source_or_waive
36606,Anolis stratulus,missing,,source_or_waive
36607,Anolis strahmi,published,https://www.inaturalist.org/taxa/36607,none
36613,Anolis smaragdinus,missing,,source_or_waive
36616,Anolis smallwoodi,published,https://www.inaturalist.org/taxa/36616,none
36621,Anolis shrevei,published,https://www.inaturalist.org/taxa/36621,none
36623,Anolis semilineatus,missing,,source_or_waive
36645,Anolis pulchellus,missing,,source_or_waive
36651,Anolis porcatus,missing,,source_or_waive
36654,Anolis poncensis,missing,,source_or_waive
36677,Anolis occultus,missing,,source_or_waive
36695,Anolis marmoratus,missing,,source_or_waive
36696,Anolis terraealtae,missing,,source_or_waive
36710,Anolis luteogularis,missing,,source_or_waive
36720,Anolis lucius,missing,,source_or_waive
36732,Anolis krugi,missing,,source_or_waive
37210,Chalcides viridanus,missing,,source_or_waive
37213,Chalcides striatus,missing,,source_or_waive
37239,Chalcides bedriagai,missing,,source_or_waive
37415,Trachylepis varia,missing,,source_or_waive
37418,Trachylepis striata,missing,,source_or_waive
37421,Trachylepis quinquetaeniata,missing,,source_or_waive
37423,Trachylepis planifrons,missing,,source_or_waive
37439,Trachylepis brevicollis,missing,,source_or_waive
37932,Mochlus sundevallii,missing,,source_or_waive
38256,Leptosiaphos kilimensis,missing,,source_or_waive
39280,Leiocephalus carinatus,missing,,source_or_waive
39292,Leiocephalus cubensis,missing,,source_or_waive
39298,Leiocephalus raviceps,missing,,source_or_waive
39320,Leiocephalus semilineatus,missing,,source_or_waive
39322,Leiocephalus schreibersii,missing,,source_or_waive
39336,Leiocephalus barahonensis,missing,,source_or_waive
39345,Leiocephalus personatus,missing,,source_or_waive
39361,Leiocephalus macropus,missing,,source_or_waive
39373,Leiocephalus lunatus,missing,,source_or_waive
39659,Chelonia mydas,published,https://www.inaturalist.org/taxa/39659,none
39665,Caretta caretta,published,https://www.inaturalist.org/taxa/39665,none
39672,Eretmochelys imbricata,published,https://www.inaturalist.org/taxa/39672,none
39677,Dermochelys coriacea,published,https://www.inaturalist.org/taxa/39677,none
39777,Trachemys terrapen,published,https://www.inaturalist.org/taxa/39777,none
39778,Trachemys stejnegeri,published,https://www.inaturalist.org/taxa/39778,none
39782,Trachemys scripta,missing,,source_or_waive
39867,Emys orbicularis,published,https://www.inaturalist.org/taxa/39867,none
39976,Mauremys leprosa,missing,,source_or_waive
40023,Testudo graeca,published,https://www.inaturalist.org/taxa/40023,none
40038,Testudo marginata,missing,,source_or_waive
40063,Malacochersus tornieri,published,https://www.inaturalist.org/taxa/40063,none
40065,Kinixys belliana,missing,,source_or_waive
40092,Stigmochelys pardalis,missing,,source_or_waive
40126,Pelusios sinuatus,missing,,source_or_waive
40273,Myotis martiniquensis,published,https://www.inaturalist.org/taxa/40273,none
40281,Myotis emarginatus,missing,,source_or_waive
40291,Myotis myotis,missing,,source_or_waive
40317,Myotis blythii,missing,,source_or_waive
40321,Myotis dominicensis,published,https://www.inaturalist.org/taxa/40321,none
40344,Myotis volans,missing,,source_or_waive
40364,Pipistrellus pipistrellus,missing,,source_or_waive
40383,Pipistrellus kuhlii,missing,,source_or_waive
40391,Pipistrellus nathusii,missing,,source_or_waive
40415,Plecotus austriacus,published,https://www.inaturalist.org/taxa/40415,none
40416,Plecotus auritus,missing,,source_or_waive
40446,Vespertilio murinus,missing,,source_or_waive
40509,Eptesicus fuscus,missing,,source_or_waive
40519,Lasiurus minor,published,https://www.inaturalist.org/taxa/40519,none
40522,Lasiurus borealis,missing,,source_or_waive
40572,Nyctalus noctula,missing,,source_or_waive
40573,Nyctalus leisleri,missing,,source_or_waive
40574,Nyctalus azoreum,published,https://www.inaturalist.org/taxa/40574,none
40581,Barbastella barbastellus,published,https://www.inaturalist.org/taxa/40581,none
40645,Rhinolophus ferrumequinum,missing,,source_or_waive
40677,Rhinolophus euryale,published,https://www.inaturalist.org/taxa/40677,none
40695,Rhinolophus hipposideros,missing,,source_or_waive
40811,Epomophorus wahlbergi,missing,,source_or_waive
40827,Eidolon helvum,published,https://www.inaturalist.org/taxa/40827,none
40843,Hypsignathus monstrosus,missing,,source_or_waive
40901,Pteropus voeltzkowi,published,https://www.inaturalist.org/taxa/40901,none
41005,Artibeus jamaicensis,missing,,source_or_waive
41011,Chiroderma improvisum,published,https://www.inaturalist.org/taxa/41011,none
41090,Glossophaga soricina,missing,,source_or_waive
41130,Phyllonycteris aphylla,published,https://www.inaturalist.org/taxa/41130,none
41131,Phyllonycteris poeyi,missing,,source_or_waive
41146,Macrotus waterhousii,missing,,source_or_waive
41151,Phyllops falcatus,missing,,source_or_waive
41156,Ardops nichollsi,missing,,source_or_waive
41164,Ariteus flavescens,missing,,source_or_waive
41170,Brachyphylla nana,missing,,source_or_waive
41171,Brachyphylla cavernarum,missing,,source_or_waive
41173,Stenoderma rufum,published,https://www.inaturalist.org/taxa/41173,none
41175,Monophyllus redmani,missing,,source_or_waive
41176,Monophyllus plethodon,missing,,source_or_waive
41178,Erophylla sezekorni,missing,,source_or_waive
41195,Nycteris hispida,missing,,source_or_waive
41200,Noctilio leporinus,missing,,source_or_waive
41204,Natalus stramineus,missing,,source_or_waive
41218,Pteronotus macleayii,missing,,source_or_waive
41219,Pteronotus davyi,missing,,source_or_waive
41221,Pteronotus parnellii,missing,,source_or_waive
41222,Pteronotus quadridens,missing,,source_or_waive
41254,Molossus molossus,missing,,source_or_waive
41274,Eumops auripendulus,missing,,source_or_waive
41298,Tadarida teniotis,missing,,source_or_waive
41301,Tadarida brasiliensis,missing,,source_or_waive
41315,Nyctinomops macrotis,missing,,source_or_waive
41324,Cardioderma cor,missing,,source_or_waive
41328,Lavia frons,missing,,source_or_waive
41348,Peropteryx macrotis,missing,,source_or_waive
41380,Taphozous mauritianus,missing,,source_or_waive
41407,Mesoplodon europaeus,missing,,source_or_waive
41428,Ziphius cavirostris,missing,,source_or_waive
41440,Phocoena phocoena,missing,,source_or_waive
41464,Kogia breviceps,missing,,source_or_waive
41465,Kogia sima,missing,,source_or_waive
41481,Tursiops aduncus,published,https://www.inaturalist.org/taxa/41481,none
41482,Tursiops truncatus,missing,,source_or_waive
41494,Stenella coeruleoalba,missing,,source_or_waive
41500,Stenella attenuata,missing,,source_or_waive
41503,Stenella frontalis,missing,,source_or_waive
41521,Orcinus orca,missing,,source_or_waive
41523,Lagenodelphis hosei,missing,,source_or_waive
41526,Delphinus delphis,missing,,source_or_waive
41529,Globicephala melas,missing,,source_or_waive
41532,Globicephala macrorhynchus,missing,,source_or_waive
41539,Pseudorca crassidens,published,https://www.inaturalist.org/taxa/41539,none
41541,Grampus griseus,missing,,source_or_waive
41543,Peponocephala electra,missing,,source_or_waive
41545,Steno bredanensis,missing,,source_or_waive
41550,Balaenoptera acutorostrata,missing,,source_or_waive
41559,Balaenoptera borealis,published,https://www.inaturalist.org/taxa/41559,none
41562,Balaenoptera physalus,published,https://www.inaturalist.org/taxa/41562,none
41566,Megaptera novaeangliae,missing,,source_or_waive
41582,Nandinia binotata,missing,,source_or_waive
41627,Civettictis civetta,missing,,source_or_waive
41641,Ursus arctos,missing,,source_or_waive
41663,Procyon lotor,missing,,source_or_waive
41716,Monachus monachus,published,https://www.inaturalist.org/taxa/41716,none
41796,Martes martes,missing,,source_or_waive
41800,Martes foina,missing,,source_or_waive
41808,Mustela erminea,missing,,source_or_waive
41812,Mustela putorius,missing,,source_or_waive
41834,Mellivora capensis,missing,,source_or_waive
41850,Lutra lutra,published,https://www.inaturalist.org/taxa/41850,none
41886,Crocuta crocuta,missing,,source_or_waive
41888,Hyaena hyaena,published,https://www.inaturalist.org/taxa/41888,none
41900,Herpestes ichneumon,missing,,source_or_waive
41906,Helogale parvula,missing,,source_or_waive
41907,Helogale hirtula,missing,,source_or_waive
41919,Atilax paludinosus,missing,,source_or_waive
41921,Mungos mungo,missing,,source_or_waive
41925,Bdeogale crassicauda,missing,,source_or_waive
41939,Ichneumia albicauda,missing,,source_or_waive
41955,Acinonyx jubatus,published,https://www.inaturalist.org/taxa/41955,none
41963,Panthera pardus,published,https://www.inaturalist.org/taxa/41963,none
41964,Panthera leo,published,https://www.inaturalist.org/taxa/41964,none
41975,Lynx pardinus,published,https://www.inaturalist.org/taxa/41975,none
42025,Leptailurus serval,missing,,source_or_waive
42042,Caracal caracal,missing,,source_or_waive
42045,Canis simensis,published,https://www.inaturalist.org/taxa/42045,none
42048,Canis lupus,missing,,source_or_waive
42069,Vulpes vulpes,missing,,source_or_waive
42093,Lycaon pictus,published,https://www.inaturalist.org/taxa/42093,none
42095,Otocyon megalotis,missing,,source_or_waive
42120,Hylochoerus meinertzhageni,missing,,source_or_waive
42122,Phacochoerus africanus,missing,,source_or_waive
42134,Sus scrofa,missing,,source_or_waive
42138,Potamochoerus larvatus,missing,,source_or_waive
42149,Hippopotamus amphibius,published,https://www.inaturalist.org/taxa/42149,none
42157,Giraffa camelopardalis,published,https://www.inaturalist.org/taxa/42157,none
42161,Dama dama,missing,,source_or_waive
42184,Capreolus capreolus,missing,,source_or_waive
42223,Odocoileus virginianus,missing,,source_or_waive
42278,Aepyceros melampus,missing,,source_or_waive
42280,Connochaetes taurinus,missing,,source_or_waive
42304,Redunca redunca,missing,,source_or_waive
42328,Kobus ellipsiprymnus,missing,,source_or_waive
42330,Kobus kob,missing,,source_or_waive
42332,Hippotragus equinus,missing,,source_or_waive
42338,Tragelaphus spekii,missing,,source_or_waive
42339,Tragelaphus strepsiceros,missing,,source_or_waive
42340,Tragelaphus imberbis,published,https://www.inaturalist.org/taxa/42340,none
42341,Tragelaphus scriptus,missing,,source_or_waive
42343,Tragelaphus buxtoni,published,https://www.inaturalist.org/taxa/42343,none
42346,Rupicapra pyrenaica,missing,,source_or_waive
42347,Rupicapra rupicapra,missing,,source_or_waive
42350,Capra pyrenaica,missing,,source_or_waive
42354,Capra walie,published,https://www.inaturalist.org/taxa/42354,none
42357,Capra ibex,missing,,source_or_waive
42359,Madoqua guentheri,missing,,source_or_waive
42360,Madoqua kirkii,missing,,source_or_waive
42362,Madoqua saltiana,missing,,source_or_waive
42364,Litocranius walleri,published,https://www.inaturalist.org/taxa/42364,none
42375,Raphicerus campestris,missing,,source_or_waive
42380,Ourebia ourebi,missing,,source_or_waive
42384,Oreotragus oreotragus,missing,,source_or_waive
42405,Syncerus caffer,published,https://www.inaturalist.org/taxa/42405,none
42418,Alcelaphus buselaphus,missing,,source_or_waive
42422,Ammotragus lervia,published,https://www.inaturalist.org/taxa/42422,none
42424,Sylvicapra grimmia,missing,,source_or_waive
42649,Didelphis marsupialis,missing,,source_or_waive
43024,Hemiechinus auritus,missing,,source_or_waive
43042,Erinaceus europaeus,published,https://www.inaturalist.org/taxa/43042,none
43043,Erinaceus concolor,missing,,source_or_waive
43048,Erinaceus roumanicus,missing,,source_or_waive
43055,Atelerix albiventris,missing,,source_or_waive
43059,Atelerix algirus,missing,,source_or_waive
43086,Procavia capensis,missing,,source_or_waive
43088,Heterohyrax brucei,missing,,source_or_waive
43092,Dendrohyrax arboreus,missing,,source_or_waive
43111,Sylvilagus floridanus,missing,,source_or_waive
43118,Lepus castroviejoi,published,https://www.inaturalist.org/taxa/43118,none
43119,Lepus granatensis,missing,,source_or_waive
43128,Lepus europaeus,missing,,source_or_waive
43137,Lepus starcki,missing,,source_or_waive
43143,Lepus corsicanus,published,https://www.inaturalist.org/taxa/43143,none
43151,Oryctolagus cuniculus,missing,,source_or_waive
43222,Rhynchocyon chrysopygus,published,https://www.inaturalist.org/taxa/43222,none
43224,Rhynchocyon petersi,missing,,source_or_waive
43226,Petrodromus tetradactylus,missing,,source_or_waive
43335,Equus quagga,published,https://www.inaturalist.org/taxa/43335,none
43339,Equus grevyi,published,https://www.inaturalist.org/taxa/43339,none
43348,Ceratotherium simum,published,https://www.inaturalist.org/taxa/43348,none
43350,Diceros bicornis,published,https://www.inaturalist.org/taxa/43350,none
43428,Saimiri sciureus,missing,,source_or_waive
43460,Macaca mulatta,missing,,source_or_waive
43462,Erythrocebus patas,published,https://www.inaturalist.org/taxa/43462,none
43468,Cercocebus galeritus,published,https://www.inaturalist.org/taxa/43468,none
43473,Cercopithecus neglectus,missing,,source_or_waive
43480,Cercopithecus ascanius,missing,,source_or_waive
43486,Cercopithecus mitis,missing,,source_or_waive
43523,Chlorocebus aethiops,missing,,source_or_waive
43525,Colobus angolensis,published,https://www.inaturalist.org/taxa/43525,none
43530,Theropithecus gelada,missing,,source_or_waive
43535,Papio hamadryas,missing,,source_or_waive
43564,Galago gallarum,missing,,source_or_waive
43565,Galago senegalensis,missing,,source_or_waive
43567,Otolemur crassicaudatus,missing,,source_or_waive
43568,Otolemur garnettii,missing,,source_or_waive
43694,Loxodonta africana,published,https://www.inaturalist.org/taxa/43694,none
43746,Heterocephalus glaber,missing,,source_or_waive
43769,Capromys pilorides,missing,,source_or_waive
43774,Plagiodontia aedium,missing,,source_or_waive
43778,Geocapromys brownii,published,https://www.inaturalist.org/taxa/43778,none
43779,Geocapromys ingrahami,published,https://www.inaturalist.org/taxa/43779,none
43781,Mysateles prehensilis,published,https://www.inaturalist.org/taxa/43781,none
43789,Isolobodon portoricensis,published,https://www.inaturalist.org/taxa/43789,none
43793,Castor fiber,missing,,source_or_waive
43997,Myocastor coypus,missing,,source_or_waive
44171,Hystrix cristata,missing,,source_or_waive
44276,Microtus duodecimcostatus,missing,,source_or_waive
44280,Microtus arvalis,missing,,source_or_waive
44282,Microtus agrestis,missing,,source_or_waive
44302,Microtus lusitanicus,missing,,source_or_waive
44575,Rattus rattus,missing,,source_or_waive
44576,Rattus norvegicus,missing,,source_or_waive
44688,Mus spretus,missing,,source_or_waive
44705,Mus musculus,missing,,source_or_waive
44950,Lophiomys imhausi,missing,,source_or_waive
44990,Tachyoryctes macrocephalus,published,https://www.inaturalist.org/taxa/44990,none
45316,Micromys minutus,missing,,source_or_waive
45459,Chionomys nivalis,missing,,source_or_waive
45496,Lemniscomys striatus,missing,,source_or_waive
45550,Apodemus flavicollis,missing,,source_or_waive
45562,Apodemus sylvaticus,missing,,source_or_waive
45568,Apodemus agrarius,missing,,source_or_waive
45669,Arvicanthis blicki,published,https://www.inaturalist.org/taxa/45669,none
45671,Arvicanthis niloticus,missing,,source_or_waive
45748,Arvicola sapidus,published,https://www.inaturalist.org/taxa/45748,none
45856,Muscardinus avellanarius,missing,,source_or_waive
45863,Eliomys quercinus,published,https://www.inaturalist.org/taxa/45863,none
45949,Callosciurus finlaysonii,missing,,source_or_waive
45962,Funisciurus carruthersi,missing,,source_or_waive
46001,Sciurus vulgaris,missing,,source_or_waive
46010,Sciurus granatensis,missing,,source_or_waive
46015,Sciurus anomalus,missing,,source_or_waive
46017,Sciurus carolinensis,missing,,source_or_waive
46037,Spermophilus citellus,published,https://www.inaturalist.org/taxa/46037,none
46082,Marmota marmota,missing,,source_or_waive
46107,Paraxerus vexillarius,missing,,source_or_waive
46109,Paraxerus alexandri,missing,,source_or_waive
46111,Paraxerus flavovittis,missing,,source_or_waive
46113,Paraxerus palliatus,missing,,source_or_waive
46114,Paraxerus boehmi,missing,,source_or_waive
46116,Paraxerus ochraceus,missing,,source_or_waive
46191,Heliosciurus undulatus,missing,,source_or_waive
46192,Heliosciurus ruwenzorii,missing,,source_or_waive
46195,Heliosciurus gambianus,missing,,source_or_waive
46196,Heliosciurus rufobrachium,missing,,source_or_waive
46202,Protoxerus stangeri,missing,,source_or_waive
46206,Xerus rutilus,missing,,source_or_waive
46241,Atlantoxerus getulus,missing,,source_or_waive
46316,Trichechus manatus,published,https://www.inaturalist.org/taxa/46316,none
46337,Solenodon paradoxus,missing,,source_or_waive
46367,Sorex antinorii,missing,,source_or_waive
46412,Sorex alpinus,published,https://www.inaturalist.org/taxa/46412,none
46414,Sorex araneus,missing,,source_or_waive
46471,Sorex minutus,missing,,source_or_waive
46640,Crocidura russula,missing,,source_or_waive
46663,Crocidura leucodon,missing,,source_or_waive
46859,Neomys fodiens,missing,,source_or_waive
46969,Talpa occidentalis,missing,,source_or_waive
46970,Talpa europaea,missing,,source_or_waive
47062,Orycteropus afer,missing,,source_or_waive
47144,Canis familiaris,missing,,source_or_waive
47227,Caranx latus,missing,,source_or_waive
47235,Holacanthus ciliaris,missing,,source_or_waive
47238,Aulostomus maculatus,published,https://www.inaturalist.org/taxa/47238,none
47239,Aulostomus chinensis,missing,,source_or_waive
47241,Aulostomus strigosus,missing,,source_or_waive
47251,Sphyraena barracuda,missing,,source_or_waive
47260,Sphyraena viridensis,missing,,source_or_waive
47280,Pterois volitans,missing,,source_or_waive
47292,Ocyurus chrysurus,missing,,source_or_waive
47299,Panulirus argus,missing,,source_or_waive
47316,Chaetodon lunula,missing,,source_or_waive
47516,Oncorhynchus mykiss,missing,,source_or_waive
47518,Salmo trutta,missing,,source_or_waive
47527,Ostracion meleagris,missing,,source_or_waive
47578,Paracirrhites arcatus,missing,,source_or_waive
47761,Mycteroperca bonaci,published,https://www.inaturalist.org/taxa/47761,none
48744,Chaetodon trifasciatus,missing,,source_or_waive
48844,Echeneis naucrates,missing,,source_or_waive
49210,Plotosus lineatus,missing,,source_or_waive
49244,Scorpaena plumieri,missing,,source_or_waive
49248,Myrichthys breviceps,missing,,source_or_waive
49256,Gymnothorax miliaris,missing,,source_or_waive
49257,Pomacanthus paru,missing,,source_or_waive
49262,Haemulon sciurus,missing,,source_or_waive
49265,Sphoeroides spengleri,missing,,source_or_waive
49269,Diodon holocanthus,missing,,source_or_waive
49272,Halichoeres bivittatus,missing,,source_or_waive
49273,Chaetodon ocellatus,missing,,source_or_waive
49275,Cantherhines pullus,missing,,source_or_waive
49300,Pempheris schomburgkii,missing,,source_or_waive
49303,Dascyllus trimaculatus,missing,,source_or_waive
49304,Stegastes planifrons,missing,,source_or_waive
49316,Chaetodipterus faber,missing,,source_or_waive
49364,Gymnothorax richardsonii,missing,,source_or_waive
49378,Ostracion cubicum,missing,,source_or_waive
49401,Abudefduf sexfasciatus,missing,,source_or_waive
49402,Abudefduf saxatilis,missing,,source_or_waive
49403,Abudefduf vaigiensis,missing,,source_or_waive
49404,Synodus intermedius,missing,,source_or_waive
49427,Pomacanthus arcuatus,missing,,source_or_waive
49428,Bodianus rufus,missing,,source_or_waive
49432,Lachnolaimus maximus,published,https://www.inaturalist.org/taxa/49432,none
49491,Thalassoma bifasciatum,missing,,source_or_waive
49495,Holacanthus tricolor,missing,,source_or_waive
49496,Epinephelus adscensionis,missing,,source_or_waive
49498,Aluterus scriptus,missing,,source_or_waive
49509,Lutjanus griseus,missing,,source_or_waive
49606,Balistes capriscus,published,https://www.inaturalist.org/taxa/49606,none
49614,Lepomis gibbosus,missing,,source_or_waive
49617,Scomberomorus regalis,missing,,source_or_waive
49624,Myripristis jacobus,missing,,source_or_waive
49625,Holocentrus rufus,missing,,source_or_waive
49626,Holocentrus adscensionis,missing,,source_or_waive
49639,Cephalopholis miniata,missing,,source_or_waive
49641,Zebrasoma scopas,missing,,source_or_waive
49690,Scarus iseri,missing,,source_or_waive
49746,Epinephelus striatus,published,https://www.inaturalist.org/taxa/49746,none
49747,Serranus tigrinus,missing,,source_or_waive
49753,Microspathodon chrysurus,missing,,source_or_waive
49922,Stegastes nigricans,missing,,source_or_waive
49923,Stegastes adustus,missing,,source_or_waive
49925,Acanthostracion quadricornis,missing,,source_or_waive
49929,Sparisoma chrysopterum,missing,,source_or_waive
49942,Halichoeres radiatus,missing,,source_or_waive
49946,Halichoeres garnoti,missing,,source_or_waive
49947,Anisotremus virginicus,missing,,source_or_waive
49950,Haemulon aurolineatum,missing,,source_or_waive
49951,Haemulon plumierii,missing,,source_or_waive
49953,Haemulon album,missing,,source_or_waive
49979,Gymnomuraena zebra,missing,,source_or_waive
49984,Diplodus cervinus,missing,,source_or_waive
50968,Coris julis,missing,,source_or_waive
50972,Thalassoma pavo,missing,,source_or_waive
51376,Dactyloptena orientalis,missing,,source_or_waive
51401,Trachinotus ovatus,missing,,source_or_waive
51402,Megalops atlanticus,published,https://www.inaturalist.org/taxa/51402,none
51549,Seriola dumerili,missing,,source_or_waive
51940,Hemidactylus frenatus,missing,,source_or_waive
52166,Rypticus saponaceus,missing,,source_or_waive
52293,Pareques acuminatus,missing,,source_or_waive
52296,Anisotremus surinamensis,missing,,source_or_waive
52313,Diodon hystrix,missing,,source_or_waive
52399,Gymnothorax undulatus,missing,,source_or_waive
52456,Cephalopholis argus,missing,,source_or_waive
52457,Chaetodon auriga,missing,,source_or_waive
52460,Tylosurus crocodilus,missing,,source_or_waive
52464,Melichthys niger,missing,,source_or_waive
52465,Sufflamen chrysopterum,missing,,source_or_waive
52498,Scarus psittacus,missing,,source_or_waive
52509,Gomphosus caeruleus,missing,,source_or_waive
52554,Symphodus tinca,missing,,source_or_waive
52956,Chaetodon capistratus,missing,,source_or_waive
53567,Sargocentron diadema,missing,,source_or_waive
53645,Chalcides ocellatus,missing,,source_or_waive
53646,Chalcides chalcides,missing,,source_or_waive
53696,Diplodus puntazzo,missing,,source_or_waive
53911,Cyprinus carpio,missing,,source_or_waive
54441,Echidna nebulosa,missing,,source_or_waive
54679,Myrichthys maculosus,missing,,source_or_waive
55016,Dactylopterus volitans,missing,,source_or_waive
55371,Saxicola torquatus,missing,,source_or_waive
55387,Esox lucius,missing,,source_or_waive
55908,Lepus timidus,missing,,source_or_waive
55990,Podarcis muralis,missing,,source_or_waive
56559,Epinephelus fuscoguttatus,published,https://www.inaturalist.org/taxa/56559,none
56629,Psammophis mossambicus,missing,,source_or_waive
57338,Abudefduf taurus,missing,,source_or_waive
57399,Fistularia commersonii,missing,,source_or_waive
57534,Miniopterus schreibersii,published,https://www.inaturalist.org/taxa/57534,none
57560,Lepus capensis,missing,,source_or_waive
57743,Balistapus undulatus,missing,,source_or_waive
59202,Larus michahellis,missing,,source_or_waive
59845,Falco naumanni,missing,,source_or_waive
59931,Acanthurus triostegus,missing,,source_or_waive
62148,Chlidonias hybrida,missing,,source_or_waive
62529,Platalea ajaja,missing,,source_or_waive
62550,Seiurus aurocapilla,missing,,source_or_waive
62600,Haemulon flavolineatum,missing,,source_or_waive
62606,Malacoctenus triangulatus,missing,,source_or_waive
63412,Ophioblennius atlanticus,missing,,source_or_waive
63415,Heteropriacanthus cruentatus,missing,,source_or_waive
63418,Lutjanus cyanopterus,published,https://www.inaturalist.org/taxa/63418,none
63718,Albula vulpes,published,https://www.inaturalist.org/taxa/63718,none
64004,Magliophis exiguus,missing,,source_or_waive
64078,Telescopus fallax,missing,,source_or_waive
64346,Natrix tessellata,missing,,source_or_waive
64373,Calotriton asper,missing,,source_or_waive
64377,Lissotriton helveticus,missing,,source_or_waive
64378,Lissotriton boscai,missing,,source_or_waive
64380,Lissotriton italicus,missing,,source_or_waive
64384,Salamandrina perspicillata,published,https://www.inaturalist.org/taxa/64384,none
64470,Mycteroperca tigris,missing,,source_or_waive
64490,Synanceia verrucosa,missing,,source_or_waive
64705,Delichon urbicum,missing,,source_or_waive
64833,Afrixalus clarkei,published,https://www.inaturalist.org/taxa/64833,none
64834,Afrixalus dorsimaculatus,published,https://www.inaturalist.org/taxa/64834,none
64835,Afrixalus quadrivittatus,missing,,source_or_waive
64917,Amietia tenuoplicata,missing,,source_or_waive
65061,Arthroleptis xenodactyloides,missing,,source_or_waive
65443,Eleutherodactylus rogersi,missing,,source_or_waive
65450,Epidalea calamita,missing,,source_or_waive
65579,Hylarana galamensis,missing,,source_or_waive
65731,Hyperolius substriatus,missing,,source_or_waive
65979,Lithobates catesbeianus,missing,,source_or_waive
66319,Pelophylax cretensis,published,https://www.inaturalist.org/taxa/66319,none
66321,Pelophylax epeiroticus,published,https://www.inaturalist.org/taxa/66321,none
66331,Pelophylax perezi,missing,,source_or_waive
66340,Peltophryne empusa,missing,,source_or_waive
66341,Peltophryne florentinoi,published,https://www.inaturalist.org/taxa/66341,none
66344,Peltophryne fustiger,missing,,source_or_waive
66345,Peltophryne guentheri,missing,,source_or_waive
66347,Peltophryne lemur,published,https://www.inaturalist.org/taxa/66347,none
66349,Peltophryne peltocephala,missing,,source_or_waive
66350,Peltophryne taladai,missing,,source_or_waive
66424,Phrynobatrachus scheffleri,missing,,source_or_waive
66425,Phrynobatrachus ungujae,published,https://www.inaturalist.org/taxa/66425,none
67273,Xenopus victorianus,missing,,source_or_waive
67433,Kinixys spekii,missing,,source_or_waive
67658,Paracirrhites forsteri,missing,,source_or_waive
67683,Papio cynocephalus,missing,,source_or_waive
67963,Thalassoma hardwicke,missing,,source_or_waive
67967,Thecadactylus rapicauda,missing,,source_or_waive
68028,Chlorurus sordidus,missing,,source_or_waive
68137,Chlorocebus pygerythrus,missing,,source_or_waive
68492,Hemidactylus mabouia,missing,,source_or_waive
68720,Periophthalmus argentilineatus,missing,,source_or_waive
69858,Platax orbicularis,missing,,source_or_waive
69859,Platax teira,missing,,source_or_waive
70617,Eleutherodactylus paralius,published,https://www.inaturalist.org/taxa/70617,none
70646,Hyla molleri,missing,,source_or_waive
70647,Hyla orientalis,missing,,source_or_waive
71085,Varanus niloticus,missing,,source_or_waive
71212,Testudo hermanni,published,https://www.inaturalist.org/taxa/71212,none
72458,Actitis macularius,missing,,source_or_waive
72486,Alopochen aegyptiaca,missing,,source_or_waive
72516,Tachymarptis melba,missing,,source_or_waive
72572,Bucanetes githagineus,missing,,source_or_waive
72578,Buteogallus gundlachii,published,https://www.inaturalist.org/taxa/72578,none
72729,Cisticola chiniana,missing,,source_or_waive
72742,Coccyzus longirostris,missing,,source_or_waive
72743,Coccyzus merlini,missing,,source_or_waive
72744,Coccyzus pluvialis,missing,,source_or_waive
72745,Coccyzus rufigularis,published,https://www.inaturalist.org/taxa/72745,none
72746,Coccyzus vetula,missing,,source_or_waive
72747,Coccyzus vieilloti,missing,,source_or_waive
72762,Urolestes melanoleucus,missing,,source_or_waive
72912,Helmitheros vermivorum,missing,,source_or_waive
72950,Icterus melanopsis,missing,,source_or_waive
72951,Icterus northropi,published,https://www.inaturalist.org/taxa/72951,none
72952,Icterus portoricensis,missing,,source_or_waive
72967,Lamprotornis purpuroptera,missing,,source_or_waive
73010,Megaceryle maxima,missing,,source_or_waive
73148,Parkesia motacilla,missing,,source_or_waive
73149,Parkesia noveboracensis,missing,,source_or_waive
73222,Phoenicopterus roseus,missing,,source_or_waive
73315,Puffinus mauretanicus,published,https://www.inaturalist.org/taxa/73315,none
73410,Spindalis dominicensis,missing,,source_or_waive
73411,Spindalis nigricephala,missing,,source_or_waive
73412,Spindalis portoricensis,missing,,source_or_waive
73475,Tchagra senegalus,missing,,source_or_waive
73504,Tiaris olivaceus,missing,,source_or_waive
73533,Turdoides hypoleuca,missing,,source_or_waive
73585,Ablepharus kitaibelii,missing,,source_or_waive
73702,Blanus cinereus,missing,,source_or_waive
73747,Dalmatolacerta oxycephala,missing,,source_or_waive
73817,Hellenolacerta graeca,missing,,source_or_waive
73821,Hemorrhois hippocrepis,missing,,source_or_waive
73823,Hierophis viridiflavus,missing,,source_or_waive
73829,Iberolacerta cyreni,missing,,source_or_waive
73858,Macroprotodon brevis,missing,,source_or_waive
73903,Phoenicolacerta troodica,missing,,source_or_waive
73910,Platyceps najadum,missing,,source_or_waive
73917,Podarcis milensis,missing,,source_or_waive
73918,Podarcis peloponnesiacus,missing,,source_or_waive
73921,Podarcis vaucheri,missing,,source_or_waive
73922,Podarcis waglerianus,missing,,source_or_waive
73966,Tarentola delalandii,missing,,source_or_waive
73972,Timon lepidus,missing,,source_or_waive
74008,Zamenis lineatus,missing,,source_or_waive
74009,Zamenis longissimus,missing,,source_or_waive
74011,Zamenis situla,missing,,source_or_waive
74108,Beatragus hunteri,published,https://www.inaturalist.org/taxa/74108,none
74113,Bos taurus,missing,,source_or_waive
74183,Chilonatalus micropus,published,https://www.inaturalist.org/taxa/74183,none
74184,Chilonatalus tumidifrons,published,https://www.inaturalist.org/taxa/74184,none
74190,Chlorocebus sabaeus,missing,,source_or_waive
74191,Chlorocebus tantalus,missing,,source_or_waive
74317,Erophylla bombifrons,missing,,source_or_waive
74321,Eudorcas thomsonii,missing,,source_or_waive
74383,Glis glis,missing,,source_or_waive
74414,Herpestes sanguineus,missing,,source_or_waive
74503,Lepus habessinicus,missing,,source_or_waive
74647,Mormoops blainvillei,missing,,source_or_waive
74715,Myotis occultus,missing,,source_or_waive
74724,Nanger granti,missing,,source_or_waive
74725,Nanger soemmerringii,published,https://www.inaturalist.org/taxa/74725,none
74770,Nesotragus moschatus,missing,,source_or_waive
74795,Nycticeius cubanus,published,https://www.inaturalist.org/taxa/74795,none
74796,Nyctiellus lepidus,missing,,source_or_waive
74832,Papio anubis,missing,,source_or_waive
74851,Pedetes surdaster,missing,,source_or_waive
74866,Phataginus tricuspis,published,https://www.inaturalist.org/taxa/74866,none
74890,Physeter macrocephalus,published,https://www.inaturalist.org/taxa/74890,none
74908,Pipistrellus pygmaeus,missing,,source_or_waive
75042,Rousettus aegyptiacus,missing,,source_or_waive
75192,Tragelaphus oryx,missing,,source_or_waive
81525,Cyclura nubila,published,https://www.inaturalist.org/taxa/81525,none
81542,Camelus dromedarius,missing,,source_or_waive
81925,Bubalus bubalis,missing,,source_or_waive
81989,Lutjanus apodus,missing,,source_or_waive
82278,Ameiurus melas,missing,,source_or_waive
82330,Caranx ruber,missing,,source_or_waive
82355,Cheilinus undulatus,published,https://www.inaturalist.org/taxa/82355,none
82779,Clarias gariepinus,missing,,source_or_waive
82807,Naja ashei,missing,,source_or_waive
82808,Crotaphopeltis hotamboeia,missing,,source_or_waive
83290,Zanclus cornutus,missing,,source_or_waive
83318,Arothron meleagris,missing,,source_or_waive
83879,Naso brevirostris,missing,,source_or_waive
83884,Rhinecanthus aculeatus,missing,,source_or_waive
84116,Priacanthus hamrur,missing,,source_or_waive
84175,Scarus ghobban,missing,,source_or_waive
84181,Pomacanthus imperator,missing,,source_or_waive
84861,Scorpaena scrofa,missing,,source_or_waive
84969,Hippocampus hippocampus,published,https://www.inaturalist.org/taxa/84969,none
84970,Hippocampus kuda,published,https://www.inaturalist.org/taxa/84970,none
85377,Pelomedusa subrufa,missing,,source_or_waive
93140,Achondrostoma oligolepis,missing,,source_or_waive
93500,Agama finchi,missing,,source_or_waive
93611,Alburnus alburnus,missing,,source_or_waive
94105,Anguilla anguilla,published,https://www.inaturalist.org/taxa/94105,none
94152,Anolis chlorocyanus,missing,,source_or_waive
94158,Anolis garmani,missing,,source_or_waive
94169,Anolis opalinus,missing,,source_or_waive
94180,Anolis rubribarbus,published,https://www.inaturalist.org/taxa/94180,none
94736,Astatotilapia bloyeti,missing,,source_or_waive
94786,Atherina boyeri,missing,,source_or_waive
94800,Atherinomorus stipes,missing,,source_or_waive
95066,Balistes vetula,published,https://www.inaturalist.org/taxa/95066,none
95813,Bodianus axillaris,missing,,source_or_waive
96498,Calotomus carolinus,missing,,source_or_waive
96740,Caranx crysos,missing,,source_or_waive
96991,Cephalopholis cruentata,missing,,source_or_waive
96993,Cephalopholis fulva,missing,,source_or_waive
97165,Chaetodon guttatissimus,missing,,source_or_waive
97167,Chaetodon kleinii,missing,,source_or_waive
97202,Chaetodon striatus,missing,,source_or_waive
97207,Chaetodon trifascialis,published,https://www.inaturalist.org/taxa/97207,none
97211,Chaetodon xanthocephalus,missing,,source_or_waive
97311,Cheilinus trilobatus,missing,,source_or_waive
97312,Cheilio inermis,missing,,source_or_waive
97345,Chelon labrosus,published,https://www.inaturalist.org/taxa/97345,none
98505,Coris caudimacula,missing,,source_or_waive
98511,Coris formosa,missing,,source_or_waive
98703,Cryptoblepharus africanus,missing,,source_or_waive
99269,Dicentrarchus labrax,published,https://www.inaturalist.org/taxa/99269,none
99496,Dolichophis caspius,missing,,source_or_waive
100091,Epinephelus costae,missing,,source_or_waive
100099,Epinephelus fasciatus,missing,,source_or_waive
100104,Epinephelus guttatus,missing,,source_or_waive
100119,Epinephelus marginatus,published,https://www.inaturalist.org/taxa/100119,none
100121,Epinephelus merra,missing,,source_or_waive
100411,Eryx jaculus,missing,,source_or_waive
100990,Forcipiger flavissimus,missing,,source_or_waive
101420,Gerres cinereus,missing,,source_or_waive
101591,Gobio lozanoi,missing,,source_or_waive
101604,Gobiomorus dormitor,missing,,source_or_waive
101620,Gobius fallax,missing,,source_or_waive
101621,Gobius geniporus,missing,,source_or_waive
102045,Halichoeres hortulanus,missing,,source_or_waive
102053,Halichoeres maculipinna,missing,,source_or_waive
102074,Halichoeres poeyi,missing,,source_or_waive
102080,Halichoeres scapularis,missing,,source_or_waive
102579,Hemigymnus fasciatus,missing,,source_or_waive
102631,Heniochus acuminatus,missing,,source_or_waive
102809,Hippocampus algiricus,published,https://www.inaturalist.org/taxa/102809,none
102821,Hippocampus guttulatus,published,https://www.inaturalist.org/taxa/102821,none
102823,Hippocampus histrix,published,https://www.inaturalist.org/taxa/102823,none
102831,Hippocampus reidi,published,https://www.inaturalist.org/taxa/102831,none
103682,Kinyongia matschiei,published,https://www.inaturalist.org/taxa/103682,none
103900,Labroides bicolor,missing,,source_or_waive
103901,Labroides dimidiatus,missing,,source_or_waive
103911,Labrus bergylta,missing,,source_or_waive
103912,Labrus merula,missing,,source_or_waive
104129,Leiocephalus stictigaster,missing,,source_or_waive
104226,Lepidodactylus lugubris,missing,,source_or_waive
104834,Luciobarbus bocagei,published,https://www.inaturalist.org/taxa/104834,none
104853,Lutjanus analis,published,https://www.inaturalist.org/taxa/104853,none
105114,Malacoctenus macropus,missing,,source_or_waive
105329,Mauremys rivulata,missing,,source_or_waive
106222,Mugil cephalus,missing,,source_or_waive
106306,Mycteroperca fusca,published,https://www.inaturalist.org/taxa/106306,none
107885,Oreochromis leucostictus,missing,,source_or_waive
107889,Oreochromis mossambicus,published,https://www.inaturalist.org/taxa/107889,none
108076,Oxycheilinus digramma,missing,,source_or_waive
108184,Padogobius bonelli,missing,,source_or_waive
108196,Pagrus pagrus,missing,,source_or_waive
108409,Parablennius parvicornis,missing,,source_or_waive
108410,Parablennius rouxi,missing,,source_or_waive
108412,Parablennius zvonimiri,missing,,source_or_waive
109062,Perca fluviatilis,missing,,source_or_waive
109304,Philothamnus battersbyi,missing,,source_or_waive
109633,Platybelone argalus,missing,,source_or_waive
110019,Pomacanthus semicirculatus,missing,,source_or_waive
110029,Pomadasys incisus,missing,,source_or_waive
110594,Prognathodes aculeatus,missing,,source_or_waive
110765,Psammophis biseriatus,missing,,source_or_waive
111389,Pygoplites diacanthus,missing,,source_or_waive
111451,Python natalensis,missing,,source_or_waive
111810,Rieppeleon brevicaudatus,missing,,source_or_waive
112136,Scarus coeruleus,missing,,source_or_waive
112145,Scarus frenatus,missing,,source_or_waive
112166,Scarus taeniopterus,missing,,source_or_waive
112169,Scarus vetula,missing,,source_or_waive
112497,Serranus atricauda,missing,,source_or_waive
112568,Siganus rivulatus,missing,,source_or_waive
112581,Silurus glanis,missing,,source_or_waive
112858,Sparisoma aurofrenatum,missing,,source_or_waive
112860,Sparisoma cretense,missing,,source_or_waive
112863,Sparisoma radians,missing,,source_or_waive
112864,Sparisoma rubripinne,missing,,source_or_waive
112867,Sparisoma viride,missing,,source_or_waive
113003,Squalius cephalus,missing,,source_or_waive
113019,Squalius squalus,missing,,source_or_waive
113200,Stethojulis albovittata,missing,,source_or_waive
113308,Strongylura marina,missing,,source_or_waive
113529,Symphodus cinereus,missing,,source_or_waive
113531,Symphodus mediterraneus,missing,,source_or_waive
113533,Symphodus melops,missing,,source_or_waive
113534,Symphodus ocellatus,missing,,source_or_waive
113535,Symphodus roissali,missing,,source_or_waive
113536,Symphodus rostratus,missing,,source_or_waive
113701,Synodus saurus,missing,,source_or_waive
113862,Telestes muticellus,missing,,source_or_waive
113976,Thalassoma hebraicum,missing,,source_or_waive
113980,Thalassoma lunare,missing,,source_or_waive
114268,Trachemys decussata,missing,,source_or_waive
114269,Trachinotus goodei,missing,,source_or_waive
114453,Tripterygion melanurus,missing,,source_or_waive
115185,Xyrichtys martinicensis,missing,,source_or_waive
115188,Xyrichtys novacula,missing,,source_or_waive
116389,Anolis allogus,missing,,source_or_waive
116426,Anolis jubar,missing,,source_or_waive
116440,Anolis mestrei,missing,,source_or_waive
116461,Anolis sagrei,missing,,source_or_waive
116475,Anolis valencienni,missing,,source_or_waive
116517,Caiman crocodilus,missing,,source_or_waive
116736,Gymnothorax meleagris,missing,,source_or_waive
116799,Acrocephalus melanopogon,missing,,source_or_waive
116802,Acrocephalus palustris,missing,,source_or_waive
116804,Acrocephalus schoenobaenus,missing,,source_or_waive
116831,Buphagus africanus,missing,,source_or_waive
116858,Cettia cetti,missing,,source_or_waive
116882,Elminia longicauda,missing,,source_or_waive
116923,Hippolais polyglotta,missing,,source_or_waive
116946,Lybius leucocephalus,missing,,source_or_waive
116999,Pandion haliaetus,missing,,source_or_waive
117007,Phylloscopus bonelli,missing,,source_or_waive
117011,Phylloscopus canariensis,missing,,source_or_waive
117016,Phylloscopus collybita,missing,,source_or_waive
117027,Phylloscopus ibericus,missing,,source_or_waive
117048,Phylloscopus sibilatrix,missing,,source_or_waive
117055,Phylloscopus trochilus,missing,,source_or_waive
117070,Prionops plumatus,missing,,source_or_waive
117078,Pterocles alchata,missing,,source_or_waive
117082,Pterocles decoratus,missing,,source_or_waive
117083,Pterocles exustus,missing,,source_or_waive
117084,Pterocles gutturalis,missing,,source_or_waive
117088,Pterocles orientalis,missing,,source_or_waive
117097,Regulus ignicapilla,missing,,source_or_waive
117130,Trachyphonus darnaudii,missing,,source_or_waive
117131,Trachyphonus erythrocephalus,missing,,source_or_waive
117136,Tricholaema diademata,missing,,source_or_waive
117139,Tricholaema lacrymosa,missing,,source_or_waive
117214,Sagittarius serpentarius,published,https://www.inaturalist.org/taxa/117214,none
117459,Monotaxis grandoculis,missing,,source_or_waive
118514,Apogon imberbis,missing,,source_or_waive
118552,Felis catus,missing,,source_or_waive
118574,Lutjanus kasmira,missing,,source_or_waive
118589,Conger conger,missing,,source_or_waive
118590,Muraena helena,missing,,source_or_waive
118591,Gymnothorax unicolor,missing,,source_or_waive
118595,Atherina hepsetus,missing,,source_or_waive
118597,Belone belone,missing,,source_or_waive
118606,Lepadogaster candolii,missing,,source_or_waive
118614,Phycis phycis,missing,,source_or_waive
118617,Oedalechilus labeo,missing,,source_or_waive
118618,Mullus barbatus,missing,,source_or_waive
118619,Mullus surmuletus,missing,,source_or_waive
118625,Syngnathus typhle,missing,,source_or_waive
118630,Scorpaena notata,missing,,source_or_waive
118631,Scorpaena porcus,missing,,source_or_waive
118640,Bothus podas,missing,,source_or_waive
118641,Uranoscopus scaber,missing,,source_or_waive
118642,Tripterygion delaisi,missing,,source_or_waive
118652,Trachinus draco,missing,,source_or_waive
118654,Dentex dentex,published,https://www.inaturalist.org/taxa/118654,none
118655,Spondyliosoma cantharus,missing,,source_or_waive
118656,Pagellus acarne,missing,,source_or_waive
118659,Pagellus erythrinus,missing,,source_or_waive
118660,Lithognathus mormyrus,missing,,source_or_waive
118662,Oblada melanurus,missing,,source_or_waive
118663,Sarpa salpa,missing,,source_or_waive
118664,Boops boops,missing,,source_or_waive
118665,Diplodus annularis,missing,,source_or_waive
118667,Diplodus vulgaris,missing,,source_or_waive
118669,Diplodus sargus,missing,,source_or_waive
118672,Anthias anthias,missing,,source_or_waive
118673,Serranus hepatus,missing,,source_or_waive
118674,Serranus scriba,missing,,source_or_waive
118675,Serranus cabrilla,missing,,source_or_waive
118682,Chromis chromis,missing,,source_or_waive
118683,Sciaena umbra,published,https://www.inaturalist.org/taxa/118683,none
118685,Parablennius gattorugine,missing,,source_or_waive
118686,Parablennius sanguinolentus,missing,,source_or_waive
118688,Salaria pavo,missing,,source_or_waive
118692,Coryphoblennius galerita,missing,,source_or_waive
118693,Aidablennius sphynx,missing,,source_or_waive
118702,Gobius cruentatus,missing,,source_or_waive
118703,Gobius cobitis,missing,,source_or_waive
118704,Gobius niger,missing,,source_or_waive
118706,Gobius paganellus,missing,,source_or_waive
118707,Mauligobius maderensis,missing,,source_or_waive
118708,Gobius bucchichi,missing,,source_or_waive
118711,Spicara maena,missing,,source_or_waive
118880,Pseudorasbora parva,missing,,source_or_waive
119310,Pomacentrus sulfureus,missing,,source_or_waive
119385,Arothron nigropunctatus,missing,,source_or_waive
120125,Gymnothorax funebris,missing,,source_or_waive
120129,Lactophrys bicaudalis,missing,,source_or_waive
120634,Siganus luridus,missing,,source_or_waive
120637,Parablennius incognitus,missing,,source_or_waive
120641,Ariosoma balearicum,missing,,source_or_waive
120708,Scartella cristata,missing,,source_or_waive
120738,Lissotriton graecus,missing,,source_or_waive
120741,Lissotriton maltzani,missing,,source_or_waive
121195,Acanthurus chirurgus,missing,,source_or_waive
121196,Acanthurus coeruleus,missing,,source_or_waive
121321,Antennarius commerson,missing,,source_or_waive
121324,Oreochromis niloticus,missing,,source_or_waive
121375,Taenianotus triacanthus,missing,,source_or_waive
121578,Ovis aries,missing,,source_or_waive
121597,Acanthurus dussumieri,missing,,source_or_waive
121705,Acanthurus tennentii,missing,,source_or_waive
121740,Gymnothorax flavimarginatus,missing,,source_or_waive
123070,Capra hircus,missing,,source_or_waive
123124,Synodus variegatus,missing,,source_or_waive
123268,Diodon liturosus,missing,,source_or_waive
123269,Acanthurus leucosternon,missing,,source_or_waive
123392,Balistoides viridescens,missing,,source_or_waive
123459,Pterois miles,missing,,source_or_waive
123525,Gymnothorax pictus,missing,,source_or_waive
123690,Caranx melampygus,missing,,source_or_waive
125802,Lutjanus argentimaculatus,missing,,source_or_waive
127530,Pseudanthias squamipinnis,missing,,source_or_waive
127538,Gymnothorax griseus,missing,,source_or_waive
127706,Heteroconger longissimus,missing,,source_or_waive
128105,Gymnothorax moringa,missing,,source_or_waive
128156,Antennarius multiocellatus,missing,,source_or_waive
128170,Elacatinus evelynae,missing,,source_or_waive
128172,Mulloidichthys martinicus,missing,,source_or_waive
128183,Stegastes partitus,missing,,source_or_waive
128185,Stegastes diencaeus,missing,,source_or_waive
128186,Gramma loreto,missing,,source_or_waive
128191,Neoniphon marianus,missing,,source_or_waive
128853,Bothus lunatus,missing,,source_or_waive
128857,Canthigaster rostrata,missing,,source_or_waive
128858,Canthigaster capistrata,missing,,source_or_waive
129549,Canthigaster valentini,missing,,source_or_waive
129552,Corythoichthys flavofasciatus,missing,,source_or_waive
129567,Opistognathus aurifrons,missing,,source_or_waive
129656,Cantherhines macrocerus,missing,,source_or_waive
129665,Malacanthus plumieri,missing,,source_or_waive
130051,Hypoplectrus puella,missing,,source_or_waive
130052,Hypoplectrus unicolor,missing,,source_or_waive
130053,Ophioblennius macclurei,missing,,source_or_waive
130054,Haemulon carbonarium,missing,,source_or_waive
130526,Neoniphon sammara,missing,,source_or_waive
131385,Pseudupeneus maculatus,missing,,source_or_waive
131387,Lutjanus mahogoni,missing,,source_or_waive
131402,Myrichthys ocellatus,missing,,source_or_waive
131428,Synodus synodus,missing,,source_or_waive
131475,Hypoplectrus nigricans,missing,,source_or_waive
131484,Serranus tabacarius,missing,,source_or_waive
131487,Apogon maculatus,missing,,source_or_waive
131500,Gnatholepis thompsoni,missing,,source_or_waive
131507,Coryphopterus dicrus,missing,,source_or_waive
131509,Emblemaria pandionis,missing,,source_or_waive
131510,Acanthemblemaria aspera,missing,,source_or_waive
131512,Chilomycterus antillarum,missing,,source_or_waive
131513,Lactophrys trigonus,missing,,source_or_waive
131514,Monacanthus tuckeri,missing,,source_or_waive
131522,Amblycirrhitus pinos,missing,,source_or_waive
131523,Kyphosus sectatrix,missing,,source_or_waive
131525,Calamus calamus,missing,,source_or_waive
131526,Canthidermis sufflamen,missing,,source_or_waive
131530,Lutjanus synagris,published,https://www.inaturalist.org/taxa/131530,none
132342,Amatitlania nigrofasciata,missing,,source_or_waive
132396,Diagramma pictum,missing,,source_or_waive
132526,Stephanolepis hispida,missing,,source_or_waive
132531,Archosargus rhomboidalis,missing,,source_or_waive
132687,Cirrhitichthys oxycephalus,missing,,source_or_waive
134693,Bufo spinosus,missing,,source_or_waive
134831,Tomopterna kachowskii,missing,,source_or_waive
134926,Afrixalus stuhlmanni,missing,,source_or_waive
134940,Hyperolius kivuensis,missing,,source_or_waive
134941,Hyperolius marginatus,missing,,source_or_waive
134942,Hyperolius viridiflavus,missing,,source_or_waive
135280,Macolor niger,missing,,source_or_waive
136416,Corythoichthys haematopterus,missing,,source_or_waive
142293,Tomopterna cryptotis,missing,,source_or_waive
142704,Lutjanus gibbus,missing,,source_or_waive
143046,Solenostomus cyanopterus,missing,,source_or_waive
144017,Arothron hispidus,missing,,source_or_waive
144085,Psammodromus occidentalis,missing,,source_or_waive
144221,Melanitta nigra,missing,,source_or_waive
144242,Picus sharpei,missing,,source_or_waive
144243,Picus viridis,missing,,source_or_waive
144281,Bucorvus leadbeateri,published,https://www.inaturalist.org/taxa/144281,none
144298,Thamnolaea cinnamomeiventris,missing,,source_or_waive
144455,Ardea alba,missing,,source_or_waive
144460,Micronisus gabar,missing,,source_or_waive
144467,Aquila fasciata,missing,,source_or_waive
144468,Aquila spilogaster,missing,,source_or_waive
144469,Hieraaetus wahlbergi,missing,,source_or_waive
144472,Lissotis melanogaster,missing,,source_or_waive
144473,Lissotis hartlaubii,missing,,source_or_waive
144479,Gallinula galeata,missing,,source_or_waive
144491,Tringa semipalmata,missing,,source_or_waive
144496,Gallinago delicata,missing,,source_or_waive
144498,Smutsornis africanus,missing,,source_or_waive
144501,Chroicocephalus genei,missing,,source_or_waive
144508,Chroicocephalus cirrocephalus,missing,,source_or_waive
144510,Chroicocephalus ridibundus,missing,,source_or_waive
144512,Hydrocoloeus minutus,missing,,source_or_waive
144514,Leucophaeus atricilla,missing,,source_or_waive
144517,Ichthyaetus melanocephalus,missing,,source_or_waive
144520,Ichthyaetus hemprichii,missing,,source_or_waive
144522,Ichthyaetus audouinii,published,https://www.inaturalist.org/taxa/144522,none
144525,Onychoprion fuscatus,missing,,source_or_waive
144527,Onychoprion anaethetus,missing,,source_or_waive
144529,Sternula albifrons,missing,,source_or_waive
144530,Sternula antillarum,missing,,source_or_waive
144536,Gelochelidon nilotica,missing,,source_or_waive
144537,Hydroprogne caspia,missing,,source_or_waive
144539,Thalasseus maximus,missing,,source_or_waive
144541,Thalasseus sandvicensis,missing,,source_or_waive
144554,Geotrygon leucometopia,published,https://www.inaturalist.org/taxa/144554,none
144651,Corythornis cristatus,missing,,source_or_waive
144655,Ispidina picta,missing,,source_or_waive
144659,Coracias naevius,missing,,source_or_waive
144662,Tockus ruahae,missing,,source_or_waive
144757,Corvus cornix,missing,,source_or_waive
144763,Calendulauda poecilosterna,missing,,source_or_waive
144765,Calendulauda africanoides,missing,,source_or_waive
144788,Ptyonoprogne rupestris,missing,,source_or_waive
144795,Cecropis abyssinica,missing,,source_or_waive
144809,Poecile palustris,missing,,source_or_waive
144812,Poecile montanus,missing,,source_or_waive
144823,Periparus ater,missing,,source_or_waive
144830,Lophophanes cristatus,missing,,source_or_waive
144849,Cyanistes caeruleus,missing,,source_or_waive
144850,Cyanistes teneriffae,missing,,source_or_waive
145018,Melaenornis fischeri,missing,,source_or_waive
145019,Melaenornis chocolatinus,missing,,source_or_waive
145030,Cercotrichas leucophrys,missing,,source_or_waive
145081,Turdus abyssinicus,missing,,source_or_waive
145090,Allenia fusca,missing,,source_or_waive
145110,Lamprotornis regius,missing,,source_or_waive
145122,Hedydipna collaris,missing,,source_or_waive
145131,Cyanomitra verticalis,missing,,source_or_waive
145136,Cyanomitra olivacea,missing,,source_or_waive
145142,Chalcomitra amethystina,missing,,source_or_waive
145143,Chalcomitra senegalensis,missing,,source_or_waive
145153,Drepanorhynchus reichenowi,missing,,source_or_waive
145154,Cinnyris chloropygius,missing,,source_or_waive
145162,Cinnyris reichenowi,missing,,source_or_waive
145169,Cinnyris pulchellus,missing,,source_or_waive
145170,Cinnyris mariquensis,missing,,source_or_waive
145173,Cinnyris erythrocercus,missing,,source_or_waive
145175,Cinnyris bifasciatus,missing,,source_or_waive
145188,Cinnyris venustus,missing,,source_or_waive
145208,Anthus cinnamomeus,missing,,source_or_waive
145226,Setophaga plumbea,missing,,source_or_waive
145227,Setophaga angelae,published,https://www.inaturalist.org/taxa/145227,none
145228,Setophaga pharetra,missing,,source_or_waive
145229,Setophaga citrina,missing,,source_or_waive
145231,Setophaga tigrina,missing,,source_or_waive
145233,Setophaga americana,missing,,source_or_waive
145235,Setophaga magnolia,missing,,source_or_waive
145238,Setophaga petechia,missing,,source_or_waive
145240,Setophaga striata,published,https://www.inaturalist.org/taxa/145240,none
145242,Setophaga palmarum,missing,,source_or_waive
145243,Setophaga pityophila,missing,,source_or_waive
145244,Setophaga pinus,missing,,source_or_waive
145245,Setophaga coronata,missing,,source_or_waive
145246,Setophaga dominica,missing,,source_or_waive
145249,Setophaga discolor,missing,,source_or_waive
145250,Setophaga adelaidae,missing,,source_or_waive
145258,Setophaga virens,missing,,source_or_waive
145279,Calyptophilus tertius,published,https://www.inaturalist.org/taxa/145279,none
145291,Emberiza calandra,missing,,source_or_waive
145303,Spinus spinus,missing,,source_or_waive
145307,Spinus dominicensis,missing,,source_or_waive
145332,Histurgops ruficauda,missing,,source_or_waive
145335,Coccopygia quartinia,missing,,source_or_waive
145337,Granatina ianthinogaster,missing,,source_or_waive
145348,Spermestes bicolor,missing,,source_or_waive
145350,Euodice malabarica,missing,,source_or_waive
145360,Chloris chloris,missing,,source_or_waive
145363,Troglodytes troglodytes,missing,,source_or_waive
145902,Anolis litoralis,missing,,source_or_waive
146059,Cyclura ricordii,published,https://www.inaturalist.org/taxa/146059,none
146246,Lygodactylus mombasicus,missing,,source_or_waive
146280,Mediodactylus kotschyi,missing,,source_or_waive
146451,Spondylurus nitidus,published,https://www.inaturalist.org/taxa/146451,none
146565,Cyclura cornuta,published,https://www.inaturalist.org/taxa/146565,none
147118,Eucinostomus melanopterus,missing,,source_or_waive
147661,Gorilla beringei beringei,published,https://www.inaturalist.org/taxa/147661,none
148030,Equus asinus,missing,,source_or_waive
152996,Antennarius pictus,missing,,source_or_waive
153471,Echidna catenata,missing,,source_or_waive
154702,Amphiprion akallopisos,missing,,source_or_waive
173412,Poecilia reticulata,missing,,source_or_waive
179445,Trachinotus falcatus,missing,,source_or_waive
179467,Strongylura notata,missing,,source_or_waive
179537,Mugil curema,missing,,source_or_waive
179551,Labrisomus nuchipinnis,missing,,source_or_waive
179572,Hemiramphus brasiliensis,missing,,source_or_waive
179865,Acanthemblemaria maria,missing,,source_or_waive
179873,Dascyllus carneus,missing,,source_or_waive
179880,Chromis viridis,missing,,source_or_waive
180388,Zebrasoma desjardinii,missing,,source_or_waive
180389,Ctenochaetus striatus,missing,,source_or_waive
180708,Stegastes leucostictus,missing,,source_or_waive
180709,Hypoplectrus indigo,missing,,source_or_waive
180786,Myrichthys colubrinus,missing,,source_or_waive
180787,Amphiprion allardi,missing,,source_or_waive
181019,Chromis ternatensis,missing,,source_or_waive
182608,Lutjanus jocu,missing,,source_or_waive
183177,Coleura afra,missing,,source_or_waive
183180,Myonycteris angolensis,missing,,source_or_waive
187283,Ctenochaetus truncatus,missing,,source_or_waive
187316,Cyprinus rubrofuscus,missing,,source_or_waive
187675,Microlipophrys dalmatinus,missing,,source_or_waive
188591,Tripterygion tripteronotum,missing,,source_or_waive
188767,Carcharhinus perezii,published,https://www.inaturalist.org/taxa/188767,none
192654,Acanthemblemaria spinosa,missing,,source_or_waive
192655,Coryphopterus lipernes,published,https://www.inaturalist.org/taxa/192655,none
194743,Myripristis violacea,missing,,source_or_waive
194784,Cheilodipterus quinquelineatus,missing,,source_or_waive
196574,Parapercis hexophtalma,missing,,source_or_waive
196628,Gnatholepis anjerensis,missing,,source_or_waive
196837,Parupeneus macronemus,missing,,source_or_waive
196838,Parupeneus barberinus,missing,,source_or_waive
196904,Paraluteres prionurus,missing,,source_or_waive
196931,Cyclichthys orbicularis,missing,,source_or_waive
196933,Canthigaster bennetti,missing,,source_or_waive
196936,Arothron stellatus,missing,,source_or_waive
199600,Lactoria fornasini,missing,,source_or_waive
199916,Setophaga caerulescens,missing,,source_or_waive
201024,Lethrinus harak,missing,,source_or_waive
201031,Leptoptilos crumenifer,missing,,source_or_waive
201035,Clanga clanga,published,https://www.inaturalist.org/taxa/201035,none
201070,Antrostomus noctitherus,published,https://www.inaturalist.org/taxa/201070,none
201149,Lanius humeralis,missing,,source_or_waive
201180,Iduna pallida,missing,,source_or_waive
201192,Saxicola rubicola,missing,,source_or_waive
201233,Passer italiae,published,https://www.inaturalist.org/taxa/201233,none
201282,Gallinula chloropus,missing,,source_or_waive
203153,Parus major,missing,,source_or_waive
203820,Tockus erythrorhynchus,missing,,source_or_waive
204113,Cervus elaphus,missing,,source_or_waive
204449,Vidua paradisaea,missing,,source_or_waive
204455,Acrocephalus scirpaceus,missing,,source_or_waive
204456,Acrocephalus arundinaceus,missing,,source_or_waive
204470,Bubo africanus,missing,,source_or_waive
204471,Buteo augur,missing,,source_or_waive
204472,Buteo buteo,missing,,source_or_waive
204473,Calandrella cinerea,missing,,source_or_waive
204496,Corvus corone,missing,,source_or_waive
204512,Ficedula hypoleuca,missing,,source_or_waive
204515,Geotrygon caniceps,published,https://www.inaturalist.org/taxa/204515,none
204533,Larus argentatus,missing,,source_or_waive
204544,Montifringilla nivalis,missing,,source_or_waive
204545,Motacilla flava,missing,,source_or_waive
204552,Nucifraga caryocatactes,missing,,source_or_waive
204554,Onychognathus morio,missing,,source_or_waive
204556,Oriolus oriolus,missing,,source_or_waive
204571,Lutjanus fulviflamma,missing,,source_or_waive
204776,Pseudocaranx dentex,missing,,source_or_waive
208069,Caesio xanthonota,missing,,source_or_waive
208535,Oreochromis urolepis,missing,,source_or_waive
208884,Amphilophus citrinellus,missing,,source_or_waive
209233,Equus caballus,missing,,source_or_waive
210173,Kyphosus vaigiensis,missing,,source_or_waive
210294,Lipophrys pholis,missing,,source_or_waive
272548,Trachyrhamphus bicoarctatus,published,https://www.inaturalist.org/taxa/272548,none
311609,Amblyglyphidodon indicus,missing,,source_or_waive
317005,Bothus maculiferus,missing,,source_or_waive
317017,Calamus pennatula,missing,,source_or_waive
317092,Entomacrodus nigricans,missing,,source_or_waive
317131,Haemulon parra,missing,,source_or_waive
317134,Harengula humeralis,missing,,source_or_waive
317206,Malacoctenus aurolineatus,missing,,source_or_waive
317208,Malacoctenus gilli,missing,,source_or_waive
317251,Odontoscion dentex,missing,,source_or_waive
317382,Sphoeroides testudineus,missing,,source_or_waive
318701,Kinixys zombensis,missing,,source_or_waive
318836,Gallinago gallinago,missing,,source_or_waive
320711,Calonectris borealis,missing,,source_or_waive
326023,Piliocolobus gordonorum,published,https://www.inaturalist.org/taxa/326023,none
326032,Piliocolobus kirkii,published,https://www.inaturalist.org/taxa/326032,none
326296,Bufo bufo,missing,,source_or_waive
326304,Leptopelis argenteus,missing,,source_or_waive
326305,Arthroleptis stenodactylus,missing,,source_or_waive
327608,Gyps rueppelli,published,https://www.inaturalist.org/taxa/327608,none
334629,Chromis weberi,missing,,source_or_waive
336399,Coloeus monedula,missing,,source_or_waive
337045,Podarcis siculus,missing,,source_or_waive
338049,Parablennius pilicornis,missing,,source_or_waive
338050,Pomatoschistus marmoratus,missing,,source_or_waive
338073,Chrysiptera unimaculata,missing,,source_or_waive
338765,Plectorhinchus gaterinus,missing,,source_or_waive
339593,Calidris pugnax,missing,,source_or_waive
339607,Margarobyas lawrencii,missing,,source_or_waive
339680,Lanius phoenicuroides,missing,,source_or_waive
339684,Cyanopica cooki,missing,,source_or_waive
341201,Gambusia puncticulata,missing,,source_or_waive
341387,Chrysiptera biocellata,missing,,source_or_waive
341862,Plectorhinchus flavomaculatus,missing,,source_or_waive
341863,Pomacentrus caeruleus,missing,,source_or_waive
341972,Crocodylus niloticus,missing,,source_or_waive
341973,Crocodylus suchus,missing,,source_or_waive
342041,Chromis limbata,missing,,source_or_waive
342089,Muraena augusti,missing,,source_or_waive
342285,Lipophrys trigloides,missing,,source_or_waive
342288,Scorpaena maderensis,missing,,source_or_waive
342289,Sphoeroides marmoratus,missing,,source_or_waive
343020,Anguis veronensis,missing,,source_or_waive
343021,Anguis fragilis,missing,,source_or_waive
347725,Parablennius salensis,missing,,source_or_waive
354111,Scolopsis ghanam,missing,,source_or_waive
358211,Sicydium punctatum,missing,,source_or_waive
359362,Parupeneus forsskali,missing,,source_or_waive
359902,Symphodus trutta,missing,,source_or_waive
367477,Rallus crepitans,missing,,source_or_waive
367556,Eupsittula nana,published,https://www.inaturalist.org/taxa/367556,none
367558,Eupsittula canicularis,published,https://www.inaturalist.org/taxa/367558,none
367560,Eupsittula pertinax,missing,,source_or_waive
367564,Thectocercus acuticaudatus,missing,,source_or_waive
367571,Psittacara mitratus,missing,,source_or_waive
367574,Psittacara euops,published,https://www.inaturalist.org/taxa/367574,none
367575,Psittacara chloropterus,published,https://www.inaturalist.org/taxa/367575,none
367672,Oenanthe lugubris,missing,,source_or_waive
367700,Spermestes cucullata,missing,,source_or_waive
371414,Felis lybica,published,https://www.inaturalist.org/taxa/371414,none
372161,Papilloculiceps longiceps,missing,,source_or_waive
411086,Ardea ibis,missing,,source_or_waive
415123,Arothron immaculatus,missing,,source_or_waive
417389,Hydrictis maculicollis,published,https://www.inaturalist.org/taxa/417389,none
417616,Pardachirus marmoratus,missing,,source_or_waive
424147,Hyla arborea,missing,,source_or_waive
424254,Myotis daubentonii,missing,,source_or_waive
424860,Podarcis virescens,missing,,source_or_waive
424861,Podarcis guadarramae,missing,,source_or_waive
424864,Podarcis hispanicus,missing,,source_or_waive
424997,Carassius gibelio,missing,,source_or_waive
425272,Pristiapogon kallopterus,missing,,source_or_waive
445728,Canthigaster petersii,missing,,source_or_waive
446046,Gobioclinus bucciferus,missing,,source_or_waive
446140,Labrisomus conditus,missing,,source_or_waive
446216,Microlipophrys canevae,missing,,source_or_waive
446242,Nerophis lumbriciformis,missing,,source_or_waive
446572,Torquigener flavimaculosus,missing,,source_or_waive
446588,Tripterygion tartessicum,missing,,source_or_waive
464519,Hyperolius howelli,missing,,source_or_waive
466218,Broadleysaurus major,missing,,source_or_waive
469961,Sousa plumbea,published,https://www.inaturalist.org/taxa/469961,none
471653,Siganus sutor,missing,,source_or_waive
472138,Lepadogaster lepadogaster,missing,,source_or_waive
472766,Falco tinnunculus,missing,,source_or_waive
472777,Struthio molybdophanes,published,https://www.inaturalist.org/taxa/472777,none
474333,Porphyrio madagascariensis,missing,,source_or_waive
474355,Chilabothrus striatus,missing,,source_or_waive
474803,Abudefduf sparoides,missing,,source_or_waive
475028,Porphyrio porphyrio,missing,,source_or_waive
476257,Speleomantes genei,published,https://www.inaturalist.org/taxa/476257,none
476664,Ptychadena nilotica,missing,,source_or_waive
476938,Leptopelis grandiceps,published,https://www.inaturalist.org/taxa/476938,none
485176,Mareca americana,missing,,source_or_waive
488396,Kinyongia msuyae,missing,,source_or_waive
493904,Psammodromus edwarsianus,missing,,source_or_waive
495184,Trachylepis maculilabris,missing,,source_or_waive
495976,Pternistis hildebrandti,missing,,source_or_waive
495989,Pternistis leucoscepus,missing,,source_or_waive
495992,Pternistis rufopictus,missing,,source_or_waive
495994,Pternistis afer,missing,,source_or_waive
500328,Coryphopterus venezuelae,published,https://www.inaturalist.org/taxa/500328,none
502997,Piliocolobus tephrosceles,published,https://www.inaturalist.org/taxa/502997,none
505877,Gobius incognitus,missing,,source_or_waive
507912,Bycanistes brevis,missing,,source_or_waive
507916,Bycanistes subcylindricus,missing,,source_or_waive
508246,Microcarbo africanus,missing,,source_or_waive
508918,Zapornia flavirostra,missing,,source_or_waive
508919,Zapornia parva,missing,,source_or_waive
509656,Calonectris diomedea,missing,,source_or_waive
509678,Trochilus polytmus,missing,,source_or_waive
512160,Lophoceros alboterminatus,missing,,source_or_waive
512166,Lophoceros nasutus,missing,,source_or_waive
513926,Rallus aquaticus,missing,,source_or_waive
514727,Xerotyphlops vermicularis,missing,,source_or_waive
516943,Lamprotornis unicolor,missing,,source_or_waive
517005,Lamprotornis fischeri,missing,,source_or_waive
517048,Sclerophrys regularis,missing,,source_or_waive
517049,Sclerophrys xeros,missing,,source_or_waive
517052,Sclerophrys garmani,missing,,source_or_waive
517053,Sclerophrys gutturalis,missing,,source_or_waive
517057,Sclerophrys pusilla,missing,,source_or_waive
517208,Sclerophrys kisoloensis,missing,,source_or_waive
517209,Amietia nutti,missing,,source_or_waive
517454,Sclerophrys brauni,missing,,source_or_waive
520070,Piliocolobus rufomitratus,published,https://www.inaturalist.org/taxa/520070,none
522887,Agricola pallidus,missing,,source_or_waive
533979,Sciurus meridionalis,published,https://www.inaturalist.org/taxa/533979,none
539039,Chelonoidis carbonarius,missing,,source_or_waive
539233,Aldabrachelys gigantea,missing,,source_or_waive
539260,Anatololacerta pelasgiana,missing,,source_or_waive
539261,Anguis graeca,missing,,source_or_waive
539331,Anolis peynadoi,missing,,source_or_waive
539340,Anolis viridius,missing,,source_or_waive
539454,Chilabothrus angulifer,missing,,source_or_waive
539461,Chilabothrus inornatus,missing,,source_or_waive
539844,Indotyphlops braminus,missing,,source_or_waive
539884,Leptotyphlops merkeri,missing,,source_or_waive
540043,Pelomedusa neumanni,missing,,source_or_waive
540064,Pholidoscelis auberi,missing,,source_or_waive
540069,Pholidoscelis dorsalis,published,https://www.inaturalist.org/taxa/540069,none
540071,Pholidoscelis exsul,missing,,source_or_waive
540077,Pholidoscelis plei,missing,,source_or_waive
540082,Pholidoscelis wetmorei,published,https://www.inaturalist.org/taxa/540082,none
540247,Timon nevadensis,missing,,source_or_waive
540328,Zamenis scalaris,missing,,source_or_waive
546379,Alaudala rufescens,missing,,source_or_waive
548416,Pelodytes atlanticus,missing,,source_or_waive
548418,Pelodytes punctatus,missing,,source_or_waive
549031,Perodicticus ibeanus,missing,,source_or_waive
553515,Rhinella marina,missing,,source_or_waive
555111,Boana heilprini,published,https://www.inaturalist.org/taxa/555111,none
556621,Bombina variegata,missing,,source_or_waive
556656,Lissotriton vulgaris,missing,,source_or_waive
558429,Spatula querquedula,missing,,source_or_waive
558430,Spatula hottentota,missing,,source_or_waive
558433,Spatula discors,missing,,source_or_waive
558438,Spatula clypeata,missing,,source_or_waive
558439,Mareca strepera,missing,,source_or_waive
558441,Mareca penelope,missing,,source_or_waive
558513,Eurocephalus ruppelli,missing,,source_or_waive
558593,Ptiloxena atroviolacea,missing,,source_or_waive
558601,Crithagra mozambica,missing,,source_or_waive
558602,Crithagra citrinelloides,missing,,source_or_waive
558604,Crithagra hyposticta,missing,,source_or_waive
558610,Crithagra reichenowi,missing,,source_or_waive
558613,Crithagra dorsostriata,missing,,source_or_waive
558618,Crithagra sulphurata,missing,,source_or_waive
558619,Crithagra striolata,missing,,source_or_waive
558628,Crithagra tristriata,missing,,source_or_waive
558634,Linaria cannabina,missing,,source_or_waive
559064,Circus cyaneus,missing,,source_or_waive
559070,Lanius excubitor,missing,,source_or_waive
566540,Allochrocebus lhoesti,published,https://www.inaturalist.org/taxa/566540,none
567060,Pholidoscelis chrysolaemus,missing,,source_or_waive
568929,Pholidoscelis lineolatus,missing,,source_or_waive
568930,Pholidoscelis taeniurus,missing,,source_or_waive
569428,Mustela nivalis,missing,,source_or_waive
569791,Cisticola marginatus,missing,,source_or_waive
577603,Lactophrys triqueter,missing,,source_or_waive
578093,Calandrella brachydactyla,missing,,source_or_waive
578607,Galerida cristata,missing,,source_or_waive
597463,Laniarius major,missing,,source_or_waive
607152,Atopogale cubana,published,https://www.inaturalist.org/taxa/607152,none
612804,Enteromius kerstenii,missing,,source_or_waive
614339,Bathygobius antilliensis,missing,,source_or_waive
619700,Stegastes xanthurus,missing,,source_or_waive
624069,Diplodus cadenati,missing,,source_or_waive
738119,Mediodactylus orientalis,missing,,source_or_waive
765528,Hypsugo savii,missing,,source_or_waive
792926,Chloropicus namaquus,missing,,source_or_waive
792977,Dryobates minor,missing,,source_or_waive
792985,Dendrocoptes medius,missing,,source_or_waive
793273,Melopyrrha portoricensis,published,https://www.inaturalist.org/taxa/793273,none
793274,Melopyrrha violacea,missing,,source_or_waive
793461,Pogoniulus bilineatus,missing,,source_or_waive
793469,Regulus regulus,missing,,source_or_waive
797591,Acanthocercus gregorii,missing,,source_or_waive
797594,Acanthocercus ugandaensis,missing,,source_or_waive
797597,Agama picticauda,missing,,source_or_waive
797733,Naja subfulva,missing,,source_or_waive
825289,Canis lupaster,missing,,source_or_waive
827402,Regulus madeirensis,missing,,source_or_waive
850859,Oxyura jamaicensis,missing,,source_or_waive
851014,Canis aureus,missing,,source_or_waive
851211,Natrix helvetica,missing,,source_or_waive
852333,Suncus etruscus,missing,,source_or_waive
852338,Dasyprocta leporina,missing,,source_or_waive
855297,Meles meles,missing,,source_or_waive
871060,Acanthurus tractus,missing,,source_or_waive
871611,Euxerus erythropus,missing,,source_or_waive
889688,Adolfus kibonotensis,missing,,source_or_waive
891696,Pica pica,missing,,source_or_waive
906982,Lanius meridionalis,published,https://www.inaturalist.org/taxa/906982,none
914304,Dascyllus abudafur,missing,,source_or_waive
922459,Felis silvestris,missing,,source_or_waive
925661,Genetta genetta,missing,,source_or_waive
925979,Urva auropunctata,missing,,source_or_waive
964785,Panaspis wahlbergii,missing,,source_or_waive
965969,Lygodactylus tsavoensis,missing,,source_or_waive
966698,Vipera berus,missing,,source_or_waive
966781,Natrix astreptophora,missing,,source_or_waive
966787,Natrix natrix,missing,,source_or_waive
979641,Camaroptera brachyura,missing,,source_or_waive
979654,Cinnyris mediocris,missing,,source_or_waive
979721,Fringilla teydea,published,https://www.inaturalist.org/taxa/979721,none
979726,Gymnoris pyrgita,missing,,source_or_waive
979790,Lonchura malacca,missing,,source_or_waive
979799,Phonipara canora,missing,,source_or_waive
979800,Melanospiza bicolor,missing,,source_or_waive
979813,Microcarbo pygmaeus,missing,,source_or_waive
979880,Nesophlox evelynae,missing,,source_or_waive
980033,Vireo crassirostris,missing,,source_or_waive
980043,Zosterops flavilateralis,missing,,source_or_waive
980208,Pinarochroa sordida,missing,,source_or_waive
991929,Bufotes cypriensis,published,https://www.inaturalist.org/taxa/991929,none
1067746,Sturnira angeli,published,https://www.inaturalist.org/taxa/1067746,none
1075512,Colobus caudatus,published,https://www.inaturalist.org/taxa/1075512,none
1075514,Colobus guereza,missing,,source_or_waive
1102769,Eumops ferox,missing,,source_or_waive
1119889,Sphaerodactylus grandisquamis,missing,,source_or_waive
1120226,Sphaerodactylus macrolepis,missing,,source_or_waive
1127992,Podarcis ionicus,missing,,source_or_waive
1129179,Anolis callainus,missing,,source_or_waive
1148908,Anolis aridius,missing,,source_or_waive
1148909,Anolis australis,missing,,source_or_waive
1148910,Anolis higuey,missing,,source_or_waive
1148911,Anolis hispaniolae,missing,,source_or_waive
1177489,Arvicola italicus,published,https://www.inaturalist.org/taxa/1177489,none
1188213,Numenius hudsonicus,missing,,source_or_waive
1210965,Lupulella adusta,missing,,source_or_waive
1210966,Lupulella mesomelas,missing,,source_or_waive
1223358,Anolis saxatilis,missing,,source_or_waive
1250330,Hylambates maculatus,missing,,source_or_waive
1256672,Similiparma lurida,missing,,source_or_waive
1264432,Neogale vison,missing,,source_or_waive
1275370,Dasypus septemcinctus,missing,,source_or_waive
1275849,Galegeeska rufescens,missing,,source_or_waive
1286819,Zosterops stuhlmanni,missing,,source_or_waive
1286971,Oenanthe melanoleuca,missing,,source_or_waive
1289200,Curruca cantillans,missing,,source_or_waive
1289369,Chlorophonia musica,missing,,source_or_waive
1289421,Argya rubiginosa,missing,,source_or_waive
1289467,Curruca undata,published,https://www.inaturalist.org/taxa/1289467,none
1289469,Curruca conspicillata,missing,,source_or_waive
1289470,Curruca communis,missing,,source_or_waive
1289471,Curruca iberiae,missing,,source_or_waive
1289472,Curruca melanocephala,missing,,source_or_waive
1289480,Curruca hortensis,missing,,source_or_waive
1289484,Curruca curruca,missing,,source_or_waive
1289584,Asio grammicus,missing,,source_or_waive
1289585,Gymnasio nudipes,missing,,source_or_waive
1289601,Nannopterum brasilianum,missing,,source_or_waive
1289604,Gulosus aristotelis,missing,,source_or_waive
1289678,Riccordia bicolor,published,https://www.inaturalist.org/taxa/1289678,none
1289679,Riccordia maugaeus,missing,,source_or_waive
1289680,Riccordia swainsonii,missing,,source_or_waive
1289681,Riccordia ricordii,missing,,source_or_waive
1289689,Campocolinus coqui,missing,,source_or_waive
1289692,Ortygornis sephaena,missing,,source_or_waive
1289697,Lyrurus tetrix,missing,,source_or_waive
1314828,Pycnochromis fieldi,missing,,source_or_waive
1315642,Acanthostracion polygonium,missing,,source_or_waive
1315687,Phoxinus lumaireul,missing,,source_or_waive
1315932,Azurina multilineata,missing,,source_or_waive
1315935,Azurina cyanea,missing,,source_or_waive
1316037,Eques punctatus,missing,,source_or_waive
1316085,Serranus papilionaceus,missing,,source_or_waive
1316746,Dajaus monticola,missing,,source_or_waive
1316786,Brachygenys chrysargyrea,missing,,source_or_waive
1316792,Caranx bartholomaei,missing,,source_or_waive
1319807,Pelophylax ridibundus,missing,,source_or_waive
1325088,Stegastes lacrymatus,missing,,source_or_waive
1360107,Coris melanura,missing,,source_or_waive
1369296,Cebus imitator,published,https://www.inaturalist.org/taxa/1369296,none
1370753,Talpa aquitania,missing,,source_or_waive
1403184,Ancylodactylus africanus,missing,,source_or_waive
1424710,Laudakia stellio,missing,,source_or_waive
1424711,Laudakia cypriaca,missing,,source_or_waive
1424723,Zootoca carniolica,missing,,source_or_waive
1428819,Anthracothorax aurulentus,missing,,source_or_waive
1429237,Ciconia microscelis,missing,,source_or_waive
1430932,Madoqua thomasi,missing,,source_or_waive
1430933,Madoqua hindei,missing,,source_or_waive
1430935,Madoqua cavendishi,missing,,source_or_waive
1430973,Mesocapromys melanurus,published,https://www.inaturalist.org/taxa/1430973,none
1430996,Cephalophorus weynsi,missing,,source_or_waive
1431004,Cephalophorus kivuensis,missing,,source_or_waive
1431008,Proteles septentrionalis,missing,,source_or_waive
1431065,Molossus verrilli,missing,,source_or_waive
1431096,Glossophaga antillarum,missing,,source_or_waive
1431273,Clethrionomys glareolus,missing,,source_or_waive
1431331,Cephalophorus harveyi,missing,,source_or_waive
1431867,Tragelaphus sylvaticus,missing,,source_or_waive
1435192,Trochilus scitulus,missing,,source_or_waive
1435814,Merops lafresnayii,missing,,source_or_waive
1439535,Agama dodomae,missing,,source_or_waive
1439789,Bodianus parrae,missing,,source_or_waive
1439808,Micropterus nigricans,missing,,source_or_waive
1440669,Euplectes laticauda,missing,,source_or_waive
1441745,Ketupa lactea,missing,,source_or_waive
1453013,Bufotes viridis,missing,,source_or_waive
1453916,Balaenoptera brydei,missing,,source_or_waive
1453918,Pteronotus pusillus,missing,,source_or_waive
1453919,Pteronotus portoricensis,missing,,source_or_waive
1453939,Rhabdomys dilectus,missing,,source_or_waive
1453959,Cricetomys ansorgei,missing,,source_or_waive
1454382,Nannopterum auritum,missing,,source_or_waive
1455922,Spilopelia senegalensis,missing,,source_or_waive
1473498,Podarcis lusitanicus,missing,,source_or_waive
1494783,Sparus aurata,missing,,source_or_waive
1504816,Fringilla canariensis,missing,,source_or_waive
1504817,Fringilla moreletti,missing,,source_or_waive
1504818,Fringilla maderensis,missing,,source_or_waive
1505620,Anarhynchus alexandrinus,missing,,source_or_waive
1505633,Anarhynchus wilsonia,missing,,source_or_waive
1505663,Anarhynchus nivosus,published,https://www.inaturalist.org/taxa/1505663,none
1505668,Anarhynchus pecuarius,missing,,source_or_waive
1505670,Icthyophaga vocifer,missing,,source_or_waive
1505778,Ardea brachyrhyncha,missing,,source_or_waive
1505964,Lophotis gindiana,missing,,source_or_waive
1506031,Crinifer leucogaster,missing,,source_or_waive
1506033,Crinifer personatus,missing,,source_or_waive
1506094,Corvus minutus,missing,,source_or_waive
1506249,Chlorophonia sclateri,missing,,source_or_waive
1506260,Dendropicos fuscescens,missing,,source_or_waive
1506317,Pogonornis bidentatus,missing,,source_or_waive
1506400,Dendropicos spodocephalus,missing,,source_or_waive
1510573,Giraffa reticulata,published,https://www.inaturalist.org/taxa/1510573,none
1510574,Giraffa tippelskirchi,missing,,source_or_waive
1556597,Scorpaenopsis oxycephala,missing,,source_or_waive
1558607,Lepus microtis,missing,,source_or_waive
1561489,Thalassoma amblycephalum,missing,,source_or_waive
1571758,Neochirus hemprichi,missing,,source_or_waive
1571793,Pteropterus mombasae,missing,,source_or_waive
1571801,Pteropterus antennatus,missing,,source_or_waive
1572860,Corypha africana,missing,,source_or_waive
1572871,Corypha athi,missing,,source_or_waive
1573679,Ptyonoprogne rufigula,missing,,source_or_waive
1578489,Larus smithsonianus,missing,,source_or_waive
1578502,Tyto furcata,missing,,source_or_waive
1578607,Cinnyris melanogastrus,missing,,source_or_waive
1578960,Botaurus exilis,missing,,source_or_waive
1578961,Botaurus minutus,missing,,source_or_waive
1579014,Astur gundlachi,published,https://www.inaturalist.org/taxa/1579014,none
1579015,Astur gentilis,missing,,source_or_waive
1580335,Thinornis tricollaris,missing,,source_or_waive
1580336,Thinornis dubius,missing,,source_or_waive
1583576,Pogoniulus uropygialis,missing,,source_or_waive
1584479,Buphagus erythroryncha,missing,,source_or_waive
1584768,Cecropis rufula,missing,,source_or_waive
1584771,Cecropis melanocrissus,missing,,source_or_waive
1585429,Tauraco rossae,missing,,source_or_waive
1585912,Dessonornis caffer,missing,,source_or_waive
1591819,Triturus rudolfi,missing,,source_or_waive
1596124,Neoeptesicus brasiliensis,missing,,source_or_waive
1596125,Eptesicus dutertreus,missing,,source_or_waive
1596127,Cnephaeus serotinus,missing,,source_or_waive
1596135,Cnephaeus isabellinus,missing,,source_or_waive
1596257,Lophocebus ugandae,missing,,source_or_waive
1629047,Alytes almogavarii,missing,,source_or_waive
1629340,Podarcis thais,missing,,source_or_waive
1630133,Trachylepis margaritifer,missing,,source_or_waive
1630712,Neoniphon vexillarius,missing,,source_or_waive
1630713,Neoniphon coruscus,missing,,source_or_waive
1633756,Mesotriton alpestris,missing,,source_or_waive
1636180,Butorides atricapilla,missing,,source_or_waive
1643992,Genetta fieldiana,missing,,source_or_waive
1649739,Wheelerigobius canariensis,missing,,source_or_waive
1650088,Elaenia cherriei,missing,,source_or_waive
1650089,Turdus ardosiaceus,missing,,source_or_waive
1655578,Crocidura fimbriata,missing,,source_or_waive
1659760,Comptus weinlandi,missing,,source_or_waive
1668858,Dryophytes cinereus,missing,,source_or_waive
1670480,Blanus oxyurus,missing,,source_or_waive
1673680,Sphaerodactylus festus,missing,,source_or_waive
1688750,Rana parvipalmata,missing,,source_or_waive
1698425,Oryctolagus algirus,missing,,source_or_waive
1701177,Vipera ammodytes,missing,,source_or_waive
1701178,Vipera meridionalis,missing,,source_or_waive
