taxon_id,scientific_name,state,candidate_source_url,review_action
7,Aramus guarauna,published,https://en.wikipedia.org/wiki/Aramus guarauna,none
41,Grus grus,published,https://en.wikipedia.org/wiki/Grus grus,none
53,Balearica regulorum,published,https://en.wikipedia.org/wiki/Balearica regulorum,none
77,Otis tarda,published,https://en.wikipedia.org/wiki/Otis tarda,none
95,Eupodotis senegalensis,published,https://en.wikipedia.org/wiki/Eupodotis senegalensis,none
115,Ardeotis kori,published,https://en.wikipedia.org/wiki/Ardeotis kori,none
132,Tetrax tetrax,published,https://en.wikipedia.org/wiki/Tetrax tetrax,none
162,Porzana carolina,published,https://en.wikipedia.org/wiki/Porzana carolina,none
178,Porzana porzana,published,https://en.wikipedia.org/wiki/Porzana porzana,none
473,Fulica americana,published,https://en.wikipedia.org/wiki/Fulica americana,none
482,Fulica atra,published,https://en.wikipedia.org/wiki/Fulica atra,none
487,Fulica cristata,published,https://en.wikipedia.org/wiki/Fulica cristata,none
519,Porphyrio martinica,published,https://en.wikipedia.org/wiki/Porphyrio martinica,none
804,Coturnix coturnix,published,https://en.wikipedia.org/wiki/Coturnix coturnix,none
831,Perdix perdix,published,https://en.wikipedia.org/wiki/Perdix perdix,none
846,Alectoris chukar,published,https://en.wikipedia.org/wiki/Alectoris chukar,none
863,Alectoris graeca,published,https://en.wikipedia.org/wiki/Alectoris graeca,none
867,Alectoris rufa,published,https://en.wikipedia.org/wiki/Alectoris rufa,none
871,Alectoris barbara,published,https://en.wikipedia.org/wiki/Alectoris barbara,none
882,Gallus gallus,published,https://en.wikipedia.org/wiki/Gallus gallus,none
949,Lagopus muta,published,https://en.wikipedia.org/wiki/Lagopus muta,none
981,Phasianus colchicus,published,https://en.wikipedia.org/wiki/Phasianus colchicus,none
1204,Pavo cristatus,published,https://en.wikipedia.org/wiki/Pavo cristatus,none
1428,Numida meleagris,published,https://en.wikipedia.org/wiki/Numida meleagris,none
1449,Acryllium vulturinum,published,https://en.wikipedia.org/wiki/Acryllium vulturinum,none
1630,Centropus superciliosus,published,https://en.wikipedia.org/wiki/Centropus superciliosus,none
1653,Centropus monachus,published,https://en.wikipedia.org/wiki/Centropus monachus,none
1730,Chrysococcyx klaas,published,https://en.wikipedia.org/wiki/Chrysococcyx klaas,none
1738,Chrysococcyx caprius,published,https://en.wikipedia.org/wiki/Chrysococcyx caprius,none
1787,Clamator glandarius,published,https://en.wikipedia.org/wiki/Clamator glandarius,none
1903,Cuculus solitarius,published,https://en.wikipedia.org/wiki/Cuculus solitarius,none
1907,Cuculus canorus,published,https://en.wikipedia.org/wiki/Cuculus canorus,none
1964,Coccyzus minor,published,https://en.wikipedia.org/wiki/Coccyzus minor,none
1965,Coccyzus americanus,published,https://en.wikipedia.org/wiki/Coccyzus americanus,none
1971,Crotophaga ani,published,https://en.wikipedia.org/wiki/Crotophaga ani,none
2117,Todus multicolor,published,https://en.wikipedia.org/wiki/Todus multicolor,none
2118,Todus subulatus,published,https://en.wikipedia.org/wiki/Todus subulatus,none
2119,Todus todus,published,https://en.wikipedia.org/wiki/Todus todus,none
2120,Todus angustirostris,published,https://en.wikipedia.org/wiki/Todus angustirostris,none
2121,Todus mexicanus,published,https://en.wikipedia.org/wiki/Todus mexicanus,none
2185,Merops pusillus,published,https://en.wikipedia.org/wiki/Merops pusillus,none
2191,Merops apiaster,published,https://en.wikipedia.org/wiki/Merops apiaster,none
2220,Merops nubicus,published,https://en.wikipedia.org/wiki/Merops nubicus,none
2223,Merops bulocki,published,https://en.wikipedia.org/wiki/Merops bulocki,none
2226,Merops superciliosus,published,https://en.wikipedia.org/wiki/Merops superciliosus,none
2239,Merops oreobates,published,https://en.wikipedia.org/wiki/Merops oreobates,none
2240,Merops albicollis,published,https://en.wikipedia.org/wiki/Merops albicollis,none
2245,Merops persicus,published,https://en.wikipedia.org/wiki/Merops persicus,none
2248,Merops bullockoides,published,https://en.wikipedia.org/wiki/Merops bullockoides,none
2265,Coracias abyssinicus,published,https://en.wikipedia.org/wiki/Coracias abyssinicus,none
2266,Coracias garrulus,published,https://en.wikipedia.org/wiki/Coracias garrulus,none
2269,Coracias caudatus,published,https://en.wikipedia.org/wiki/Coracias caudatus,none
2288,Eurystomus glaucurus,published,https://en.wikipedia.org/wiki/Eurystomus glaucurus,none
2328,Halcyon leucocephala,published,https://en.wikipedia.org/wiki/Halcyon leucocephala,none
2334,Halcyon chelicuti,published,https://en.wikipedia.org/wiki/Halcyon chelicuti,none
2337,Halcyon senegalensis,published,https://en.wikipedia.org/wiki/Halcyon senegalensis,none
2346,Halcyon albiventris,published,https://en.wikipedia.org/wiki/Halcyon albiventris,none
2548,Megaceryle alcyon,published,https://en.wikipedia.org/wiki/Megaceryle alcyon,none
2599,Alcedo atthis,published,https://en.wikipedia.org/wiki/Alcedo atthis,none
2662,Ceryle rudis,published,https://en.wikipedia.org/wiki/Ceryle rudis,none
2938,Streptopelia turtur,published,https://en.wikipedia.org/wiki/Streptopelia turtur,none
2951,Streptopelia decipiens,published,https://en.wikipedia.org/wiki/Streptopelia decipiens,none
2959,Streptopelia capicola,published,https://en.wikipedia.org/wiki/Streptopelia capicola,none
2966,Streptopelia roseogrisea,published,https://en.wikipedia.org/wiki/Streptopelia roseogrisea,none
2969,Streptopelia decaocto,published,https://en.wikipedia.org/wiki/Streptopelia decaocto,none
2988,Streptopelia semitorquata,published,https://en.wikipedia.org/wiki/Streptopelia semitorquata,none
2989,Streptopelia lugens,published,https://en.wikipedia.org/wiki/Streptopelia lugens,none
3017,Columba livia,published,https://en.wikipedia.org/wiki/Columba livia,none
3033,Columba oenas,published,https://en.wikipedia.org/wiki/Columba oenas,none
3036,Columba guinea,published,https://en.wikipedia.org/wiki/Columba guinea,none
3048,Columba palumbus,published,https://en.wikipedia.org/wiki/Columba palumbus,none
3054,Columba trocaz,published,https://en.wikipedia.org/wiki/Columba trocaz,none
3055,Columba bollii,published,https://en.wikipedia.org/wiki/Columba bollii,none
3080,Patagioenas squamosa,published,https://en.wikipedia.org/wiki/Patagioenas squamosa,none
3092,Patagioenas caribaea,missing,,source_or_waive
3093,Patagioenas leucocephala,published,https://en.wikipedia.org/wiki/Patagioenas leucocephala,none
3128,Patagioenas inornata,published,https://en.wikipedia.org/wiki/Patagioenas inornata,none
3255,Ducula bicolor,published,https://en.wikipedia.org/wiki/Ducula bicolor,none
3272,Leptotila jamaicensis,published,https://en.wikipedia.org/wiki/Leptotila jamaicensis,none
3326,Turtur afer,published,https://en.wikipedia.org/wiki/Turtur afer,none
3327,Turtur chalcospilos,published,https://en.wikipedia.org/wiki/Turtur chalcospilos,none
3328,Turtur tympanistria,published,https://en.wikipedia.org/wiki/Turtur tympanistria,none
3405,Treron calvus,published,https://en.wikipedia.org/wiki/Treron calvus,none
3454,Zenaida macroura,published,https://en.wikipedia.org/wiki/Zenaida macroura,none
3460,Zenaida asiatica,published,https://en.wikipedia.org/wiki/Zenaida asiatica,none
3465,Zenaida aurita,published,https://en.wikipedia.org/wiki/Zenaida aurita,none
3499,Geotrygon chrysia,published,https://en.wikipedia.org/wiki/Geotrygon chrysia,none
3503,Geotrygon montana,published,https://en.wikipedia.org/wiki/Geotrygon montana,none
3515,Geotrygon versicolor,published,https://en.wikipedia.org/wiki/Geotrygon versicolor,none
3523,Geotrygon mystacea,published,https://en.wikipedia.org/wiki/Geotrygon mystacea,none
3545,Columbina passerina,published,https://en.wikipedia.org/wiki/Columbina passerina,none
3652,Oena capensis,published,https://en.wikipedia.org/wiki/Oena capensis,none
3656,Starnoenas cyanocephala,published,https://en.wikipedia.org/wiki/Starnoenas cyanocephala,none
3695,Urocolius macrourus,published,https://en.wikipedia.org/wiki/Urocolius macrourus,none
3704,Colius striatus,published,https://en.wikipedia.org/wiki/Colius striatus,none
3731,Platalea leucorodia,published,https://en.wikipedia.org/wiki/Platalea leucorodia,none
3734,Platalea alba,published,https://en.wikipedia.org/wiki/Platalea alba,none
3739,Threskiornis aethiopicus,published,https://en.wikipedia.org/wiki/Threskiornis aethiopicus,none
3743,Bostrychia hagedash,published,https://en.wikipedia.org/wiki/Bostrychia hagedash,none
3746,Bostrychia carunculata,published,https://en.wikipedia.org/wiki/Bostrychia carunculata,none
3750,Eudocimus ruber,published,https://en.wikipedia.org/wiki/Eudocimus ruber,none
3751,Eudocimus albus,published,https://en.wikipedia.org/wiki/Eudocimus albus,none
3753,Geronticus eremita,published,https://en.wikipedia.org/wiki/Geronticus eremita,none
3756,Plegadis falcinellus,published,https://en.wikipedia.org/wiki/Plegadis falcinellus,none
3797,Sula leucogaster,published,https://en.wikipedia.org/wiki/Sula leucogaster,none
3802,Morus bassanus,published,https://en.wikipedia.org/wiki/Morus bassanus,none
3834,Scopus umbretta,published,https://en.wikipedia.org/wiki/Scopus umbretta,none
3837,Calidris temminckii,published,https://en.wikipedia.org/wiki/Calidris temminckii,none
3838,Calidris minuta,published,https://en.wikipedia.org/wiki/Calidris minuta,none
3845,Calidris canutus,published,https://en.wikipedia.org/wiki/Calidris canutus,none
3849,Calidris alba,published,https://en.wikipedia.org/wiki/Calidris alba,none
3850,Calidris himantopus,published,https://en.wikipedia.org/wiki/Calidris himantopus,none
3855,Calidris mauri,published,https://en.wikipedia.org/wiki/Calidris mauri,none
3856,Calidris maritima,published,https://en.wikipedia.org/wiki/Calidris maritima,none
3857,Calidris alpina,published,https://en.wikipedia.org/wiki/Calidris alpina,none
3862,Calidris pusilla,published,https://en.wikipedia.org/wiki/Calidris pusilla,none
3863,Calidris ferruginea,published,https://en.wikipedia.org/wiki/Calidris ferruginea,none
3864,Calidris minutilla,published,https://en.wikipedia.org/wiki/Calidris minutilla,none
3865,Calidris melanotos,published,https://en.wikipedia.org/wiki/Calidris melanotos,none
3866,Calidris fuscicollis,published,https://en.wikipedia.org/wiki/Calidris fuscicollis,none
3869,Limnodromus griseus,published,https://en.wikipedia.org/wiki/Limnodromus griseus,none
3875,Tringa solitaria,published,https://en.wikipedia.org/wiki/Tringa solitaria,none
3878,Tringa nebularia,published,https://en.wikipedia.org/wiki/Tringa nebularia,none
3879,Tringa totanus,published,https://en.wikipedia.org/wiki/Tringa totanus,none
3881,Tringa stagnatilis,published,https://en.wikipedia.org/wiki/Tringa stagnatilis,none
3882,Tringa erythropus,published,https://en.wikipedia.org/wiki/Tringa erythropus,none
3885,Tringa ochropus,published,https://en.wikipedia.org/wiki/Tringa ochropus,none
3888,Tringa glareola,published,https://en.wikipedia.org/wiki/Tringa glareola,none
3892,Tringa melanoleuca,published,https://en.wikipedia.org/wiki/Tringa melanoleuca,none
3893,Tringa flavipes,published,https://en.wikipedia.org/wiki/Tringa flavipes,none
3896,Numenius arquata,published,https://en.wikipedia.org/wiki/Numenius arquata,none
3901,Numenius phaeopus,published,https://en.wikipedia.org/wiki/Numenius phaeopus,none
3931,Scolopax rusticola,published,https://en.wikipedia.org/wiki/Scolopax rusticola,none
3938,Arenaria interpres,published,https://en.wikipedia.org/wiki/Arenaria interpres,none
3947,Limosa limosa,published,https://en.wikipedia.org/wiki/Limosa limosa,none
3951,Limosa lapponica,published,https://en.wikipedia.org/wiki/Limosa lapponica,none
3978,Actitis hypoleucos,published,https://en.wikipedia.org/wiki/Actitis hypoleucos,none
4109,Puffinus yelkouan,published,https://en.wikipedia.org/wiki/Puffinus yelkouan,none
4205,Podiceps nigricollis,published,https://en.wikipedia.org/wiki/Podiceps nigricollis,none
4208,Podiceps cristatus,published,https://en.wikipedia.org/wiki/Podiceps cristatus,none
4237,Tachybaptus ruficollis,published,https://en.wikipedia.org/wiki/Tachybaptus ruficollis,none
4239,Tachybaptus dominicus,published,https://en.wikipedia.org/wiki/Tachybaptus dominicus,none
4246,Podilymbus podiceps,published,https://en.wikipedia.org/wiki/Podilymbus podiceps,none
4257,Phoenicopterus ruber,published,https://en.wikipedia.org/wiki/Phoenicopterus ruber,none
4259,Phoeniconaias minor,published,https://en.wikipedia.org/wiki/Phoeniconaias minor,none
4270,Phalacrocorax carbo,published,https://en.wikipedia.org/wiki/Phalacrocorax carbo,none
4314,Phaethon lepturus,published,https://en.wikipedia.org/wiki/Phaethon lepturus,none
4317,Phaethon aethereus,published,https://en.wikipedia.org/wiki/Phaethon aethereus,none
4327,Pelecanus onocrotalus,published,https://en.wikipedia.org/wiki/Pelecanus onocrotalus,none
4328,Pelecanus occidentalis,published,https://en.wikipedia.org/wiki/Pelecanus occidentalis,none
4333,Pelecanus crispus,published,https://en.wikipedia.org/wiki/Pelecanus crispus,none
4334,Pelecanus erythrorhynchos,published,https://en.wikipedia.org/wiki/Pelecanus erythrorhynchos,none
4335,Pelecanus rufescens,published,https://en.wikipedia.org/wiki/Pelecanus rufescens,none
4338,Balaeniceps rex,published,https://en.wikipedia.org/wiki/Balaeniceps rex,none
4356,Larus canus,published,https://en.wikipedia.org/wiki/Larus canus,none
4364,Larus delawarensis,published,https://en.wikipedia.org/wiki/Larus delawarensis,none
4368,Larus marinus,published,https://en.wikipedia.org/wiki/Larus marinus,none
4381,Larus fuscus,published,https://en.wikipedia.org/wiki/Larus fuscus,none
4389,Larus cachinnans,published,https://en.wikipedia.org/wiki/Larus cachinnans,none
4436,Sterna dougallii,published,https://en.wikipedia.org/wiki/Sterna dougallii,none
4450,Sterna hirundo,published,https://en.wikipedia.org/wiki/Sterna hirundo,none
4494,Rissa tridactyla,published,https://en.wikipedia.org/wiki/Rissa tridactyla,none
4496,Rynchops niger,published,https://en.wikipedia.org/wiki/Rynchops niger,none
4499,Rynchops flavirostris,published,https://en.wikipedia.org/wiki/Rynchops flavirostris,none
4501,Alca torda,published,https://en.wikipedia.org/wiki/Alca torda,none
4504,Fratercula arctica,published,https://en.wikipedia.org/wiki/Fratercula arctica,none
4512,Chlidonias niger,published,https://en.wikipedia.org/wiki/Chlidonias niger,none
4514,Chlidonias leucopterus,published,https://en.wikipedia.org/wiki/Chlidonias leucopterus,none
4535,Anous stolidus,published,https://en.wikipedia.org/wiki/Anous stolidus,none
4578,Jacana spinosa,published,https://en.wikipedia.org/wiki/Jacana spinosa,none
4585,Actophilornis africanus,published,https://en.wikipedia.org/wiki/Actophilornis africanus,none
4593,Cursorius temminckii,published,https://en.wikipedia.org/wiki/Cursorius temminckii,none
4604,Glareola pratincola,published,https://en.wikipedia.org/wiki/Glareola pratincola,none
4613,Rhinoptilus cinctus,published,https://en.wikipedia.org/wiki/Rhinoptilus cinctus,none
4616,Dromas ardeola,published,https://en.wikipedia.org/wiki/Dromas ardeola,none
4623,Gavia arctica,published,https://en.wikipedia.org/wiki/Gavia arctica,none
4626,Gavia immer,published,https://en.wikipedia.org/wiki/Gavia immer,none
4627,Gavia stellata,published,https://en.wikipedia.org/wiki/Gavia stellata,none
4631,Fregata magnificens,published,https://en.wikipedia.org/wiki/Fregata magnificens,none
4641,Falco vespertinus,published,https://en.wikipedia.org/wiki/Falco vespertinus,none
4643,Falco subbuteo,published,https://en.wikipedia.org/wiki/Falco subbuteo,none
4647,Falco peregrinus,published,https://en.wikipedia.org/wiki/Falco peregrinus,none
4665,Falco sparverius,published,https://en.wikipedia.org/wiki/American_kestrel,none
4671,Falco eleonorae,published,https://en.wikipedia.org/wiki/Falco eleonorae,none
4672,Falco columbarius,published,https://en.wikipedia.org/wiki/Falco columbarius,none
4684,Falco biarmicus,published,https://en.wikipedia.org/wiki/Falco biarmicus,none
4688,Falco ardosiaceus,published,https://en.wikipedia.org/wiki/Falco ardosiaceus,none
4715,Caracara plancus,published,https://en.wikipedia.org/wiki/Caracara plancus,none
4724,Polihierax semitorquatus,published,https://en.wikipedia.org/wiki/Polihierax semitorquatus,none
4732,Ciconia abdimii,published,https://en.wikipedia.org/wiki/Ciconia abdimii,none
4733,Ciconia ciconia,published,https://en.wikipedia.org/wiki/Ciconia ciconia,none
4736,Ciconia nigra,published,https://en.wikipedia.org/wiki/Ciconia nigra,none
4742,Mycteria americana,published,https://en.wikipedia.org/wiki/Mycteria americana,none
4744,Mycteria ibis,published,https://en.wikipedia.org/wiki/Mycteria ibis,none
4754,Ephippiorhynchus senegalensis,published,https://en.wikipedia.org/wiki/Ephippiorhynchus senegalensis,none
4756,Cathartes aura,published,https://en.wikipedia.org/wiki/Cathartes aura,none
4776,Anastomus lamelligerus,published,https://en.wikipedia.org/wiki/Anastomus lamelligerus,none
4788,Eudromias morinellus,missing,,source_or_waive
4793,Charadrius vociferus,published,https://en.wikipedia.org/wiki/Charadrius vociferus,none
4798,Charadrius melodus,published,https://en.wikipedia.org/wiki/Charadrius melodus,none
4801,Charadrius hiaticula,published,https://en.wikipedia.org/wiki/Charadrius hiaticula,none
4817,Charadrius semipalmatus,published,https://en.wikipedia.org/wiki/Charadrius semipalmatus,none
4835,Himantopus himantopus,published,https://en.wikipedia.org/wiki/Himantopus himantopus,none
4836,Himantopus mexicanus,published,https://en.wikipedia.org/wiki/Himantopus mexicanus,none
4840,Haematopus palliatus,published,https://en.wikipedia.org/wiki/Haematopus palliatus,none
4843,Haematopus ostralegus,published,https://en.wikipedia.org/wiki/Haematopus ostralegus,none
4857,Vanellus vanellus,published,https://en.wikipedia.org/wiki/Vanellus vanellus,none
4861,Vanellus lugubris,published,https://en.wikipedia.org/wiki/Vanellus lugubris,none
4862,Vanellus crassirostris,published,https://en.wikipedia.org/wiki/Vanellus crassirostris,none
4864,Vanellus melanopterus,published,https://en.wikipedia.org/wiki/Vanellus melanopterus,none
4866,Vanellus spinosus,published,https://en.wikipedia.org/wiki/Vanellus spinosus,none
4868,Vanellus senegallus,published,https://en.wikipedia.org/wiki/Vanellus senegallus,none
4870,Vanellus armatus,published,https://en.wikipedia.org/wiki/Vanellus armatus,none
4876,Vanellus tectus,published,https://en.wikipedia.org/wiki/Vanellus tectus,none
4877,Vanellus coronatus,published,https://en.wikipedia.org/wiki/Vanellus coronatus,none
4883,Recurvirostra avosetta,published,https://en.wikipedia.org/wiki/Recurvirostra avosetta,none
4889,Pluvialis apricaria,published,https://en.wikipedia.org/wiki/Pluvialis apricaria,none
4892,Pluvialis squatarola,published,https://en.wikipedia.org/wiki/Pluvialis squatarola,none
4922,Burhinus capensis,published,https://en.wikipedia.org/wiki/Burhinus capensis,none
4923,Burhinus oedicnemus,published,https://en.wikipedia.org/wiki/Burhinus oedicnemus,none
4926,Burhinus vermiculatus,published,https://en.wikipedia.org/wiki/Burhinus vermiculatus,none
4934,Egretta ardesiaca,published,https://en.wikipedia.org/wiki/Egretta ardesiaca,none
4937,Egretta caerulea,published,https://en.wikipedia.org/wiki/Egretta caerulea,none
4938,Egretta tricolor,published,https://en.wikipedia.org/wiki/Egretta tricolor,none
4940,Egretta thula,published,https://en.wikipedia.org/wiki/Egretta thula,none
4943,Egretta garzetta,published,https://en.wikipedia.org/wiki/Egretta garzetta,none
4948,Egretta rufescens,published,https://en.wikipedia.org/wiki/Egretta rufescens,none
4951,Ardea purpurea,published,https://en.wikipedia.org/wiki/Ardea purpurea,none
4954,Ardea cinerea,published,https://en.wikipedia.org/wiki/Ardea cinerea,none
4956,Ardea herodias,published,https://en.wikipedia.org/wiki/Ardea herodias,none
4969,Ardea goliath,published,https://en.wikipedia.org/wiki/Ardea goliath,none
4972,Ardea melanocephala,published,https://en.wikipedia.org/wiki/Ardea melanocephala,none
4981,Nycticorax nycticorax,published,https://en.wikipedia.org/wiki/Nycticorax nycticorax,none
4994,Ardeola ralloides,published,https://en.wikipedia.org/wiki/Ardeola ralloides,none
4999,Nyctanassa violacea,published,https://en.wikipedia.org/wiki/Nyctanassa violacea,none
5020,Butorides virescens,missing,,source_or_waive
5033,Botaurus stellaris,published,https://en.wikipedia.org/wiki/Botaurus stellaris,none
5063,Anhinga anhinga,published,https://en.wikipedia.org/wiki/Anhinga anhinga,none
5066,Anhinga rufa,published,https://en.wikipedia.org/wiki/Anhinga rufa,none
5074,Aquila chrysaetos,published,https://en.wikipedia.org/wiki/Aquila chrysaetos,none
5079,Aquila rapax,published,https://en.wikipedia.org/wiki/Aquila rapax,none
5081,Aquila adalberti,published,https://en.wikipedia.org/wiki/Aquila adalberti,none
5083,Aquila nipalensis,published,https://en.wikipedia.org/wiki/Aquila nipalensis,none
5106,Accipiter nisus,published,https://en.wikipedia.org/wiki/Accipiter nisus,none
5154,Hieraaetus pennatus,published,https://en.wikipedia.org/wiki/Hieraaetus pennatus,none
5165,Circus ranivorus,published,https://en.wikipedia.org/wiki/Circus ranivorus,none
5167,Circus pygargus,published,https://en.wikipedia.org/wiki/Circus pygargus,none
5173,Circus aeruginosus,published,https://en.wikipedia.org/wiki/Circus aeruginosus,none
5178,Circus macrourus,published,https://en.wikipedia.org/wiki/Circus macrourus,none
5192,Buteo rufinus,published,https://en.wikipedia.org/wiki/Buteo rufinus,none
5197,Buteo ridgwayi,published,https://en.wikipedia.org/wiki/Buteo ridgwayi,none
5212,Buteo jamaicensis,published,https://en.wikipedia.org/wiki/Buteo jamaicensis,none
5227,Buteo platypterus,published,https://en.wikipedia.org/wiki/Buteo platypterus,none
5231,Terathopius ecaudatus,published,https://en.wikipedia.org/wiki/Terathopius ecaudatus,none
5240,Circaetus pectoralis,published,https://en.wikipedia.org/wiki/Circaetus pectoralis,none
5241,Circaetus cinereus,published,https://en.wikipedia.org/wiki/Circaetus cinereus,none
5242,Circaetus gallicus,published,https://en.wikipedia.org/wiki/Circaetus gallicus,none
5244,Circaetus cinerascens,published,https://en.wikipedia.org/wiki/Circaetus cinerascens,none
5246,Polyboroides typus,published,https://en.wikipedia.org/wiki/Polyboroides typus,none
5267,Milvus milvus,published,https://en.wikipedia.org/wiki/Milvus milvus,none
5268,Milvus migrans,published,https://en.wikipedia.org/wiki/Milvus migrans,none
5275,Elanus caeruleus,published,https://en.wikipedia.org/wiki/Elanus caeruleus,none
5309,Haliaeetus albicilla,published,https://en.wikipedia.org/wiki/Haliaeetus albicilla,none
5323,Stephanoaetus coronatus,published,https://en.wikipedia.org/wiki/Stephanoaetus coronatus,none
5325,Pernis apivorus,published,https://en.wikipedia.org/wiki/Pernis apivorus,none
5335,Lophaetus occipitalis,published,https://en.wikipedia.org/wiki/Lophaetus occipitalis,none
5339,Melierax poliopterus,published,https://en.wikipedia.org/wiki/Melierax poliopterus,none
5340,Melierax metabates,published,https://en.wikipedia.org/wiki/Melierax metabates,none
5344,Polemaetus bellicosus,published,https://en.wikipedia.org/wiki/Polemaetus bellicosus,none
5349,Rostrhamus sociabilis,published,https://en.wikipedia.org/wiki/Rostrhamus sociabilis,none
5361,Neophron percnopterus,published,https://en.wikipedia.org/wiki/Neophron percnopterus,none
5363,Gyps africanus,published,https://en.wikipedia.org/wiki/Gyps africanus,none
5366,Gyps fulvus,published,https://en.wikipedia.org/wiki/Gyps fulvus,none
5379,Gypaetus barbatus,published,https://en.wikipedia.org/wiki/Gypaetus barbatus,none
5382,Aegypius monachus,published,https://en.wikipedia.org/wiki/Aegypius monachus,none
5392,Trigonoceps occipitalis,published,https://en.wikipedia.org/wiki/Trigonoceps occipitalis,none
5401,Torgos tracheliotos,published,https://en.wikipedia.org/wiki/Torgos tracheliotos,none
5418,Gypohierax angolensis,published,https://en.wikipedia.org/wiki/Gypohierax angolensis,none
5426,Necrosyrtes monachus,published,https://en.wikipedia.org/wiki/Necrosyrtes monachus,none
5430,Kaupifalco monogrammicus,published,https://en.wikipedia.org/wiki/Kaupifalco monogrammicus,none
5437,Bucorvus abyssinicus,published,https://en.wikipedia.org/wiki/Bucorvus abyssinicus,none
5483,Tockus deckeni,published,https://en.wikipedia.org/wiki/Tockus deckeni,none
5484,Tockus flavirostris,published,https://en.wikipedia.org/wiki/Tockus flavirostris,none
5794,Anthracothorax mango,published,https://en.wikipedia.org/wiki/Anthracothorax mango,none
5795,Anthracothorax dominicus,published,https://en.wikipedia.org/wiki/Anthracothorax dominicus,none
5806,Anthracothorax viridis,published,https://en.wikipedia.org/wiki/Anthracothorax viridis,none
6377,Orthorhyncus cristatus,published,https://en.wikipedia.org/wiki/Orthorhyncus cristatus,none
6422,Mellisuga minima,published,https://en.wikipedia.org/wiki/Mellisuga minima,none
6425,Mellisuga helenae,published,https://en.wikipedia.org/wiki/Mellisuga helenae,none
6427,Eulampis holosericeus,published,https://en.wikipedia.org/wiki/Eulampis holosericeus,none
6430,Eulampis jugularis,published,https://en.wikipedia.org/wiki/Eulampis jugularis,none
6597,Streptoprocne zonaris,published,https://en.wikipedia.org/wiki/Streptoprocne zonaris,none
6612,Apus affinis,published,https://en.wikipedia.org/wiki/Apus affinis,none
6638,Apus apus,published,https://en.wikipedia.org/wiki/Apus apus,none
6642,Apus unicolor,published,https://en.wikipedia.org/wiki/Apus unicolor,none
6643,Apus pallidus,published,https://en.wikipedia.org/wiki/Apus pallidus,none
6681,Cypsiurus parvus,published,https://en.wikipedia.org/wiki/Cypsiurus parvus,none
6864,Tachornis phoenicobia,published,https://en.wikipedia.org/wiki/Tachornis phoenicobia,none
6892,Dendrocygna arborea,published,https://en.wikipedia.org/wiki/Dendrocygna arborea,none
6898,Dendrocygna viduata,published,https://en.wikipedia.org/wiki/Dendrocygna viduata,none
6914,Cygnus atratus,published,https://en.wikipedia.org/wiki/Cygnus atratus,none
6921,Cygnus olor,published,https://en.wikipedia.org/wiki/Cygnus olor,none
6930,Anas platyrhynchos,published,https://en.wikipedia.org/wiki/Anas platyrhynchos,none
6933,Anas acuta,published,https://en.wikipedia.org/wiki/Anas acuta,none
6937,Anas crecca,published,https://en.wikipedia.org/wiki/Anas crecca,none
6951,Anas bahamensis,published,https://en.wikipedia.org/wiki/Anas bahamensis,none
6965,Anas undulata,published,https://en.wikipedia.org/wiki/Anas undulata,none
6984,Anas erythrorhyncha,published,https://en.wikipedia.org/wiki/Anas erythrorhyncha,none
6986,Anas capensis,published,https://en.wikipedia.org/wiki/Anas capensis,none
6990,Bucephala clangula,published,https://en.wikipedia.org/wiki/Bucephala clangula,none
6996,Mergus serrator,published,https://en.wikipedia.org/wiki/Mergus serrator,none
7004,Mergus merganser,published,https://en.wikipedia.org/wiki/Mergus merganser,none
7008,Anser indicus,published,https://en.wikipedia.org/wiki/Anser indicus,none
7018,Anser anser,published,https://en.wikipedia.org/wiki/Anser anser,none
7019,Anser albifrons,published,https://en.wikipedia.org/wiki/Anser albifrons,none
7024,Somateria mollissima,published,https://en.wikipedia.org/wiki/Somateria mollissima,none
7044,Aythya collaris,published,https://en.wikipedia.org/wiki/Aythya collaris,none
7045,Aythya ferina,published,https://en.wikipedia.org/wiki/Aythya ferina,none
7046,Aythya fuligula,published,https://en.wikipedia.org/wiki/Aythya fuligula,none
7047,Aythya marila,published,https://en.wikipedia.org/wiki/Aythya marila,none
7054,Aythya affinis,published,https://en.wikipedia.org/wiki/Aythya affinis,none
7055,Aythya nyroca,published,https://en.wikipedia.org/wiki/Aythya nyroca,none
7067,Tadorna tadorna,published,https://en.wikipedia.org/wiki/Tadorna tadorna,none
7068,Tadorna ferruginea,published,https://en.wikipedia.org/wiki/Tadorna ferruginea,none
7081,Oxyura leucocephala,published,https://en.wikipedia.org/wiki/Oxyura leucocephala,none
7089,Branta canadensis,published,https://en.wikipedia.org/wiki/Branta canadensis,none
7101,Branta leucopsis,published,https://en.wikipedia.org/wiki/Branta leucopsis,none
7106,Aix galericulata,published,https://en.wikipedia.org/wiki/Aix galericulata,none
7107,Aix sponsa,published,https://en.wikipedia.org/wiki/Aix sponsa,none
7117,Chloephaga picta,published,https://en.wikipedia.org/wiki/Chloephaga picta,none
7120,Cairina moschata,published,https://en.wikipedia.org/wiki/Cairina moschata,none
7122,Netta rufina,published,https://en.wikipedia.org/wiki/Netta rufina,none
7139,Marmaronetta angustirostris,published,https://en.wikipedia.org/wiki/Marmaronetta angustirostris,none
7146,Plectropterus gambensis,published,https://en.wikipedia.org/wiki/Plectropterus gambensis,none
7160,Sarkidiornis melanotos,published,https://en.wikipedia.org/wiki/Sarkidiornis,none
7172,Nomonyx dominicus,published,https://en.wikipedia.org/wiki/Nomonyx dominicus,none
7204,Tauraco hartlaubi,published,https://en.wikipedia.org/wiki/Tauraco hartlaubi,none
7247,Crinifer zonurus,published,https://en.wikipedia.org/wiki/Crinifer zonurus,none
7250,Corythaeola cristata,published,https://en.wikipedia.org/wiki/Corythaeola cristata,none
7278,Aegithalos caudatus,published,https://en.wikipedia.org/wiki/Aegithalos caudatus,none
7347,Alauda arvensis,published,https://en.wikipedia.org/wiki/Alauda arvensis,none
7359,Galerida theklae,published,https://en.wikipedia.org/wiki/Galerida theklae,none
7363,Lullula arborea,published,https://en.wikipedia.org/wiki/Lullula arborea,none
7367,Melanocorypha calandra,published,https://en.wikipedia.org/wiki/Melanocorypha calandra,none
7372,Eremopterix leucopareia,published,https://en.wikipedia.org/wiki/Eremopterix leucopareia,none
7434,Dulus dominicus,published,https://en.wikipedia.org/wiki/Dulus dominicus,none
7450,Certhia familiaris,published,https://en.wikipedia.org/wiki/Certhia familiaris,none
7462,Certhia brachydactyla,published,https://en.wikipedia.org/wiki/Certhia brachydactyla,none
7493,Polioptila caerulea,published,https://en.wikipedia.org/wiki/Polioptila caerulea,none
7504,Polioptila lembeyei,published,https://en.wikipedia.org/wiki/Polioptila lembeyei,none
7610,Ferminia cerverai,missing,,source_or_waive
7647,Cinclus cinclus,published,https://en.wikipedia.org/wiki/Cinclus cinclus,none
7661,Cisticola chubbi,published,https://en.wikipedia.org/wiki/Chubb's_cisticola,none
7676,Cisticola natalensis,published,https://en.wikipedia.org/wiki/Cisticola natalensis,none
7689,Cisticola hunteri,published,https://en.wikipedia.org/wiki/Cisticola hunteri,none
7697,Cisticola juncidis,published,https://en.wikipedia.org/wiki/Cisticola juncidis,none
7729,Prinia subflava,missing,,source_or_waive
7749,Apalis flavida,missing,,source_or_waive
7784,Eminia lepida,published,https://en.wikipedia.org/wiki/Eminia lepida,none
7876,Oriolus larvatus,published,https://en.wikipedia.org/wiki/Oriolus larvatus,none
8004,Corvus albicollis,published,https://en.wikipedia.org/wiki/Corvus albicollis,none
8006,Corvus capensis,published,https://en.wikipedia.org/wiki/Corvus capensis,none
8010,Corvus corax,published,https://en.wikipedia.org/wiki/Corvus corax,none
8019,Corvus nasicus,published,https://en.wikipedia.org/wiki/Corvus nasicus,none
8029,Corvus frugilegus,published,https://en.wikipedia.org/wiki/Corvus frugilegus,none
8031,Corvus splendens,published,https://en.wikipedia.org/wiki/Corvus splendens,none
8033,Corvus leucognaphalus,published,https://en.wikipedia.org/wiki/Corvus leucognaphalus,none
8038,Corvus albus,published,https://en.wikipedia.org/wiki/Corvus albus,none
8046,Corvus rhipidurus,published,https://en.wikipedia.org/wiki/Corvus rhipidurus,none
8050,Corvus crassirostris,published,https://en.wikipedia.org/wiki/Corvus crassirostris,none
8051,Corvus palmarum,published,https://en.wikipedia.org/wiki/Corvus palmarum,none
8053,Corvus jamaicensis,published,https://en.wikipedia.org/wiki/Corvus jamaicensis,none
8088,Garrulus glandarius,published,https://en.wikipedia.org/wiki/Garrulus glandarius,none
8208,Laniarius erythrogaster,published,https://en.wikipedia.org/wiki/Laniarius erythrogaster,none
8214,Laniarius funebris,published,https://en.wikipedia.org/wiki/Laniarius funebris,none
8268,Dicrurus adsimilis,missing,,source_or_waive
8296,Dryoscopus cubla,published,https://en.wikipedia.org/wiki/Dryoscopus cubla,none
8313,Campephaga flava,published,https://en.wikipedia.org/wiki/Campephaga flava,none
8349,Pyrrhocorax pyrrhocorax,published,https://en.wikipedia.org/wiki/Pyrrhocorax pyrrhocorax,none
8350,Pyrrhocorax graculus,published,https://en.wikipedia.org/wiki/Pyrrhocorax graculus,none
8354,Terpsiphone viridis,published,https://en.wikipedia.org/wiki/Terpsiphone viridis,none
8371,Ptilostomus afer,published,https://en.wikipedia.org/wiki/Ptilostomus afer,none
8399,Batis molitor,published,https://en.wikipedia.org/wiki/Batis molitor,none
8446,Tchagra australis,published,https://en.wikipedia.org/wiki/Tchagra australis,none
8454,Platysteira cyanea,published,https://en.wikipedia.org/wiki/Platysteira cyanea,none
8580,Nilaus afer,published,https://en.wikipedia.org/wiki/Nilaus afer,none
8593,Rhodophoneus cruentus,published,https://en.wikipedia.org/wiki/Rhodophoneus cruentus,none
8687,Pachyramphus niger,published,https://en.wikipedia.org/wiki/Pachyramphus niger,none
9192,Emberiza cirlus,published,https://en.wikipedia.org/wiki/Emberiza cirlus,none
9193,Emberiza cia,published,https://en.wikipedia.org/wiki/Emberiza cia,none
9195,Emberiza citrinella,published,https://en.wikipedia.org/wiki/Emberiza citrinella,none
9196,Emberiza hortulana,published,https://en.wikipedia.org/wiki/Emberiza hortulana,none
9201,Emberiza schoeniclus,published,https://en.wikipedia.org/wiki/Emberiza schoeniclus,none
9202,Emberiza flaviventris,published,https://en.wikipedia.org/wiki/Emberiza flaviventris,none
9203,Emberiza melanocephala,published,https://en.wikipedia.org/wiki/Emberiza melanocephala,none
9236,Serinus serinus,published,https://en.wikipedia.org/wiki/Serinus serinus,none
9237,Carduelis citrinella,published,https://en.wikipedia.org/wiki/Carduelis citrinella,none
9246,Serinus canaria,published,https://en.wikipedia.org/wiki/Serinus canaria,none
9288,Euphonia jamaica,published,https://en.wikipedia.org/wiki/Euphonia jamaica,none
9326,Icterus dominicensis,published,https://en.wikipedia.org/wiki/Icterus dominicensis,none
9327,Icterus bonana,published,https://en.wikipedia.org/wiki/Icterus bonana,none
9335,Icterus leucopteryx,published,https://en.wikipedia.org/wiki/Icterus leucopteryx,none
9345,Icterus icterus,published,https://en.wikipedia.org/wiki/Icterus icterus,none
9398,Carduelis carduelis,published,https://en.wikipedia.org/wiki/Carduelis carduelis,none
9462,Pyrrhula pyrrhula,published,https://en.wikipedia.org/wiki/Pyrrhula pyrrhula,none
9528,Sturnella magna,published,https://en.wikipedia.org/wiki/Sturnella magna,none
9600,Quiscalus lugubris,published,https://en.wikipedia.org/wiki/Quiscalus lugubris,none
9601,Quiscalus major,published,https://en.wikipedia.org/wiki/Quiscalus major,none
9607,Quiscalus mexicanus,published,https://en.wikipedia.org/wiki/Quiscalus mexicanus,none
9609,Quiscalus niger,published,https://en.wikipedia.org/wiki/Quiscalus niger,none
9721,Geothlypis trichas,published,https://en.wikipedia.org/wiki/Geothlypis trichas,none
9744,Agelaius phoeniceus,published,https://en.wikipedia.org/wiki/Agelaius phoeniceus,none
9762,Agelaius assimilis,published,https://en.wikipedia.org/wiki/Agelaius assimilis,none
9764,Agelaius xanthomus,published,https://en.wikipedia.org/wiki/Agelaius xanthomus,none
9765,Agelaius humeralis,published,https://en.wikipedia.org/wiki/Agelaius humeralis,none
9801,Coccothraustes coccothraustes,published,https://en.wikipedia.org/wiki/Coccothraustes coccothraustes,none
9849,Saltator albicollis,published,https://en.wikipedia.org/wiki/Saltator albicollis,none
9864,Sicalis flaveola,published,https://en.wikipedia.org/wiki/Sicalis flaveola,none
9915,Piranga rubra,published,https://en.wikipedia.org/wiki/Piranga rubra,none
9929,Nesospingus speculiferus,published,https://en.wikipedia.org/wiki/Nesospingus speculiferus,none
10019,Loxigilla noctis,published,https://en.wikipedia.org/wiki/Loxigilla noctis,none
10069,Fringilla montifringilla,published,https://en.wikipedia.org/wiki/Fringilla montifringilla,none
10070,Fringilla coelebs,published,https://en.wikipedia.org/wiki/Fringilla coelebs,none
10199,Coereba flaveola,published,https://en.wikipedia.org/wiki/Coereba flaveola,none
10205,Loxipasser anoxanthus,missing,,source_or_waive
10224,Passerina ciris,published,https://en.wikipedia.org/wiki/Passerina ciris,none
10227,Passerina cyanea,published,https://en.wikipedia.org/wiki/Passerina cyanea,none
10247,Setophaga ruticilla,published,https://en.wikipedia.org/wiki/Setophaga ruticilla,none
10262,Cyanerpes cyaneus,published,https://en.wikipedia.org/wiki/Cyanerpes cyaneus,none
10266,Melopyrrha nigra,published,https://en.wikipedia.org/wiki/Melopyrrha nigra,none
10268,Euneornis campestris,missing,,source_or_waive
10286,Mniotilta varia,published,https://en.wikipedia.org/wiki/Mniotilta varia,none
10290,Phaenicophilus palmarum,published,https://en.wikipedia.org/wiki/Phaenicophilus palmarum,none
10371,Molothrus bonariensis,published,https://en.wikipedia.org/wiki/Molothrus bonariensis,none
10411,Loxia curvirostra,published,https://en.wikipedia.org/wiki/Loxia curvirostra,none
10422,Loxia megaplaga,published,https://en.wikipedia.org/wiki/Loxia megaplaga,none
10515,Teretistris fernandinae,published,https://en.wikipedia.org/wiki/Teretistris fernandinae,none
10516,Teretistris fornsi,published,https://en.wikipedia.org/wiki/Teretistris fornsi,none
10576,Xenoligea montana,published,https://en.wikipedia.org/wiki/Xenoligea montana,none
10597,Microligea palustris,published,https://en.wikipedia.org/wiki/Microligea palustris,none
10619,Nesopsar nigerrimus,published,https://en.wikipedia.org/wiki/Nesopsar nigerrimus,none
10645,Torreornis inexpectata,published,https://en.wikipedia.org/wiki/Torreornis inexpectata,none
10731,Spindalis zena,published,https://en.wikipedia.org/wiki/Spindalis zena,none
11855,Petrochelidon fulva,published,https://en.wikipedia.org/wiki/Petrochelidon fulva,none
11864,Progne cryptoleuca,published,https://en.wikipedia.org/wiki/Progne cryptoleuca,none
11874,Progne dominicensis,published,https://en.wikipedia.org/wiki/Progne dominicensis,none
11896,Hirundo smithii,published,https://en.wikipedia.org/wiki/Hirundo smithii,none
11901,Hirundo rustica,published,https://en.wikipedia.org/wiki/Hirundo rustica,none
11909,Hirundo angolensis,published,https://en.wikipedia.org/wiki/Hirundo angolensis,none
11941,Riparia riparia,published,https://en.wikipedia.org/wiki/Riparia riparia,none
11945,Riparia paludicola,published,https://en.wikipedia.org/wiki/Riparia paludicola,none
11953,Psalidoprocne pristoptera,published,https://en.wikipedia.org/wiki/Psalidoprocne pristoptera,none
12022,Lanius dorsalis,published,https://en.wikipedia.org/wiki/Lanius dorsalis,none
12023,Lanius nubicus,published,https://en.wikipedia.org/wiki/Lanius nubicus,none
12038,Lanius collurio,published,https://en.wikipedia.org/wiki/Lanius collurio,none
12039,Lanius senator,published,https://en.wikipedia.org/wiki/Lanius senator,none
12048,Lanius cabanisi,published,https://en.wikipedia.org/wiki/Lanius cabanisi,none
12050,Lanius excubitoroides,published,https://en.wikipedia.org/wiki/Lanius excubitoroides,none
12053,Lanius mackinnoni,missing,,source_or_waive
12054,Lanius minor,published,https://en.wikipedia.org/wiki/Lanius minor,none
12707,Turdus pilaris,published,https://en.wikipedia.org/wiki/Turdus pilaris,none
12709,Turdus pelios,published,https://en.wikipedia.org/wiki/Turdus pelios,none
12716,Turdus merula,published,https://en.wikipedia.org/wiki/Turdus merula,none
12718,Turdus plumbeus,published,https://en.wikipedia.org/wiki/Turdus plumbeus,none
12735,Turdus viscivorus,published,https://en.wikipedia.org/wiki/Turdus viscivorus,none
12740,Turdus torquatus,published,https://en.wikipedia.org/wiki/Turdus torquatus,none
12748,Turdus philomelos,published,https://en.wikipedia.org/wiki/Turdus philomelos,none
12749,Turdus iliacus,published,https://en.wikipedia.org/wiki/Turdus iliacus,none
12767,Turdus nudigenis,published,https://en.wikipedia.org/wiki/Turdus nudigenis,none
12777,Turdus aurantius,published,https://en.wikipedia.org/wiki/Turdus aurantius,none
12778,Turdus jamaicensis,published,https://en.wikipedia.org/wiki/Turdus jamaicensis,none
12784,Cossypha natalensis,missing,,source_or_waive
12792,Cossypha heuglini,missing,,source_or_waive
12795,Cossypha semirufa,missing,,source_or_waive
12799,Bradornis microrhynchus,published,https://en.wikipedia.org/wiki/Bradornis microrhynchus,none
12822,Oenanthe oenanthe,published,https://en.wikipedia.org/wiki/Oenanthe oenanthe,none
12825,Oenanthe hispanica,published,https://en.wikipedia.org/wiki/Black-eared wheatear,none
12830,Oenanthe pleschanka,published,https://en.wikipedia.org/wiki/Oenanthe pleschanka,none
12834,Oenanthe cypriaca,missing,,source_or_waive
12837,Oenanthe isabellina,published,https://en.wikipedia.org/wiki/Oenanthe isabellina,none
12838,Oenanthe leucura,published,https://en.wikipedia.org/wiki/Oenanthe leucura,none
12839,Oenanthe pileata,missing,,source_or_waive
12868,Myrmecocichla aethiops,missing,,source_or_waive
12874,Myrmecocichla nigra,published,https://en.wikipedia.org/wiki/Myrmecocichla nigra,none
12908,Saxicola rubetra,published,https://en.wikipedia.org/wiki/Saxicola rubetra,none
12913,Saxicola dacotiae,published,https://en.wikipedia.org/wiki/Saxicola dacotiae,none
12950,Myadestes genibarbis,published,https://en.wikipedia.org/wiki/Myadestes genibarbis,none
12955,Myadestes elisabeth,published,https://en.wikipedia.org/wiki/Myadestes elisabeth,none
12971,Muscicapa striata,published,https://en.wikipedia.org/wiki/Muscicapa striata,none
12978,Muscicapa adusta,missing,,source_or_waive
12985,Muscicapa aquatica,missing,,source_or_waive
12992,Phoenicurus phoenicurus,published,https://en.wikipedia.org/wiki/Phoenicurus phoenicurus,none
13000,Phoenicurus ochruros,published,https://en.wikipedia.org/wiki/Phoenicurus ochruros,none
13071,Luscinia svecica,published,https://en.wikipedia.org/wiki/Luscinia svecica,none
13079,Luscinia megarhynchos,published,https://en.wikipedia.org/wiki/Luscinia megarhynchos,none
13084,Cichladusa guttata,missing,,source_or_waive
13094,Erithacus rubecula,published,https://en.wikipedia.org/wiki/Erithacus rubecula,none
13133,Ficedula albicollis,published,https://en.wikipedia.org/wiki/Ficedula albicollis,none
13140,Monticola saxatilis,published,https://en.wikipedia.org/wiki/Monticola saxatilis,none
13141,Monticola solitarius,published,https://en.wikipedia.org/wiki/Monticola solitarius,none
13185,Melaenornis pammelaina,missing,,source_or_waive
13188,Melaenornis edolioides,published,https://en.wikipedia.org/wiki/Melaenornis edolioides,none
13235,Empidornis semipartitus,published,https://en.wikipedia.org/wiki/Empidornis semipartitus,none
13272,Pogonocichla stellata,missing,,source_or_waive
13291,Nectarinia tacazze,published,https://en.wikipedia.org/wiki/Nectarinia tacazze,none
13350,Nectarinia kilimensis,published,https://en.wikipedia.org/wiki/Nectarinia kilimensis,none
13366,Anthreptes orientalis,missing,,source_or_waive
13676,Remiz pendulinus,published,https://en.wikipedia.org/wiki/Remiz pendulinus,none
13688,Motacilla cinerea,published,https://en.wikipedia.org/wiki/Motacilla cinerea,none
13695,Motacilla alba,published,https://en.wikipedia.org/wiki/Motacilla alba,none
13701,Motacilla aguimp,published,https://en.wikipedia.org/wiki/Motacilla aguimp,none
13704,Motacilla clara,published,https://en.wikipedia.org/wiki/Motacilla clara,none
13708,Anthus leucophrys,missing,,source_or_waive
13711,Anthus trivialis,published,https://en.wikipedia.org/wiki/Anthus trivialis,none
13712,Anthus campestris,published,https://en.wikipedia.org/wiki/Anthus campestris,none
13713,Anthus spinoletta,published,https://en.wikipedia.org/wiki/Anthus spinoletta,none
13721,Anthus cervinus,published,https://en.wikipedia.org/wiki/Anthus cervinus,none
13729,Anthus pratensis,published,https://en.wikipedia.org/wiki/Anthus pratensis,none
13738,Anthus berthelotii,published,https://en.wikipedia.org/wiki/Anthus berthelotii,none
13767,Estrilda rhodopyga,published,https://en.wikipedia.org/wiki/Estrilda rhodopyga,none
13770,Estrilda astrild,published,https://en.wikipedia.org/wiki/Estrilda astrild,none
13773,Estrilda nonnula,published,https://en.wikipedia.org/wiki/Estrilda nonnula,none
13780,Estrilda melpoda,published,https://en.wikipedia.org/wiki/Estrilda melpoda,none
13785,Ploceus galbula,published,https://en.wikipedia.org/wiki/Ploceus galbula,none
13786,Ploceus rubiginosus,published,https://en.wikipedia.org/wiki/Ploceus rubiginosus,none
13787,Ploceus nigerrimus,missing,,source_or_waive
13791,Ploceus vitellinus,published,https://en.wikipedia.org/wiki/Ploceus vitellinus,none
13793,Ploceus melanocephalus,published,https://en.wikipedia.org/wiki/Ploceus melanocephalus,none
13796,Ploceus cucullatus,published,https://en.wikipedia.org/wiki/Ploceus cucullatus,none
13798,Ploceus spekei,published,https://en.wikipedia.org/wiki/Ploceus spekei,none
13805,Ploceus baglafecht,published,https://en.wikipedia.org/wiki/Ploceus baglafecht,none
13806,Ploceus bojeri,missing,,source_or_waive
13811,Ploceus castaneiceps,published,https://en.wikipedia.org/wiki/Ploceus castaneiceps,none
13820,Ploceus xanthops,published,https://en.wikipedia.org/wiki/Ploceus xanthops,none
13821,Ploceus pelzelni,published,https://en.wikipedia.org/wiki/Ploceus pelzelni,none
13825,Ploceus nigricollis,missing,,source_or_waive
13834,Ploceus castanops,missing,,source_or_waive
13835,Ploceus jacksoni,published,https://en.wikipedia.org/wiki/Ploceus jacksoni,none
13836,Ploceus subaureus,published,https://en.wikipedia.org/wiki/Ploceus subaureus,none
13837,Ploceus ocularis,published,https://en.wikipedia.org/wiki/Ploceus ocularis,none
13842,Ploceus intermedius,published,https://en.wikipedia.org/wiki/Ploceus intermedius,none
13851,Passer montanus,published,https://en.wikipedia.org/wiki/Passer montanus,none
13854,Passer hispaniolensis,published,https://en.wikipedia.org/wiki/Passer hispaniolensis,none
13858,Passer domesticus,published,https://en.wikipedia.org/wiki/Passer domesticus,none
13861,Passer eminibey,published,https://en.wikipedia.org/wiki/Passer eminibey,none
13862,Passer gongonensis,published,https://en.wikipedia.org/wiki/Passer gongonensis,none
13865,Passer rufocinctus,published,https://en.wikipedia.org/wiki/Passer rufocinctus,none
13869,Passer swainsonii,published,https://en.wikipedia.org/wiki/Swainson's Sparrow,none
13870,Passer griseus,published,https://en.wikipedia.org/wiki/Passer griseus,none
13872,Pseudonigrita arnaudi,published,https://en.wikipedia.org/wiki/Pseudonigrita arnaudi,none
13893,Lonchura punctulata,published,https://en.wikipedia.org/wiki/Lonchura punctulata,none
13920,Sporopipes frontalis,missing,,source_or_waive
13962,Euplectes orix,published,https://en.wikipedia.org/wiki/Euplectes orix,none
13963,Euplectes hordeaceus,missing,,source_or_waive
13964,Euplectes capensis,missing,,source_or_waive
13965,Euplectes albonotatus,missing,,source_or_waive
13966,Euplectes franciscanus,published,https://en.wikipedia.org/wiki/Euplectes franciscanus,none
13970,Euplectes axillaris,published,https://en.wikipedia.org/wiki/Euplectes axillaris,none
13971,Euplectes gierowii,missing,,source_or_waive
13974,Euplectes afer,published,https://en.wikipedia.org/wiki/Euplectes afer,none
13988,Prunella modularis,published,https://en.wikipedia.org/wiki/Prunella modularis,none
13996,Prunella collaris,published,https://en.wikipedia.org/wiki/Prunella collaris,none
13999,Pytilia melba,published,https://en.wikipedia.org/wiki/Pytilia melba,none
14005,Quelea quelea,published,https://en.wikipedia.org/wiki/Quelea quelea,none
14010,Vidua chalybeata,published,https://en.wikipedia.org/wiki/Vidua chalybeata,none
14011,Vidua macroura,published,https://en.wikipedia.org/wiki/Vidua macroura,none
14027,Uraeginthus bengalus,published,https://en.wikipedia.org/wiki/Uraeginthus bengalus,none
14030,Uraeginthus cyanocephalus,published,https://en.wikipedia.org/wiki/Uraeginthus cyanocephalus,none
14051,Lagonosticta senegala,published,https://en.wikipedia.org/wiki/Lagonosticta senegala,none
14064,Amblyospiza albifrons,published,https://en.wikipedia.org/wiki/Amblyospiza albifrons,none
14076,Petronia petronia,published,https://en.wikipedia.org/wiki/Petronia petronia,none
14087,Dinemellia dinemelli,published,https://en.wikipedia.org/wiki/Dinemellia dinemelli,none
14096,Amadina fasciata,published,https://en.wikipedia.org/wiki/Amadina fasciata,none
14101,Macronyx aurantiigula,published,https://en.wikipedia.org/wiki/Macronyx aurantiigula,none
14103,Macronyx ameliae,published,https://en.wikipedia.org/wiki/Macronyx ameliae,none
14104,Macronyx croceus,published,https://en.wikipedia.org/wiki/Macronyx croceus,none
14115,Plocepasser mahali,missing,,source_or_waive
14143,Bubalornis niger,published,https://en.wikipedia.org/wiki/Bubalornis niger,none
14148,Anaplectes rubriceps,published,https://en.wikipedia.org/wiki/Anaplectes rubriceps,none
14588,Pycnonotus barbatus,published,https://en.wikipedia.org/wiki/Pycnonotus barbatus,none
14708,Andropadus importunus,missing,,source_or_waive
14811,Sitta neumayer,published,https://en.wikipedia.org/wiki/Sitta neumayer,none
14824,Sitta europaea,published,https://en.wikipedia.org/wiki/Sitta europaea,none
14840,Tichodroma muraria,published,https://en.wikipedia.org/wiki/Tichodroma muraria,none
14849,Sturnus unicolor,published,https://en.wikipedia.org/wiki/Sturnus unicolor,none
14850,Sturnus vulgaris,missing,,source_or_waive
14872,Acridotheres cristatellus,published,https://en.wikipedia.org/wiki/Acridotheres cristatellus,none
14880,Mimus gundlachii,published,https://en.wikipedia.org/wiki/Mimus gundlachii,none
14884,Mimus gilvus,published,https://en.wikipedia.org/wiki/Mimus gilvus,none
14886,Mimus polyglottos,published,https://en.wikipedia.org/wiki/Mimus polyglottos,none
14923,Lamprotornis chalybaeus,published,https://en.wikipedia.org/wiki/Lamprotornis chalybaeus,none
14934,Lamprotornis hildebrandti,missing,,source_or_waive
14939,Lamprotornis superbus,published,https://en.wikipedia.org/wiki/Lamprotornis superbus,none
14980,Cinclocerthia ruficauda,published,https://en.wikipedia.org/wiki/Cinclocerthia ruficauda,none
14984,Margarops fuscatus,published,https://en.wikipedia.org/wiki/Margarops fuscatus,none
14995,Dumetella carolinensis,published,https://en.wikipedia.org/wiki/Dumetella carolinensis,none
15030,Cinnyricinclus leucogaster,published,https://en.wikipedia.org/wiki/Cinnyricinclus leucogaster,none
15032,Creatophora cinerea,published,https://en.wikipedia.org/wiki/Creatophora cinerea,none
15047,Ramphocinclus brachyurus,missing,,source_or_waive
15052,Turdoides jardineii,missing,,source_or_waive
15063,Turdoides sharpei,published,https://en.wikipedia.org/wiki/Turdoides sharpei,none
15253,Sylvietta whytii,published,https://en.wikipedia.org/wiki/Sylvietta whytii,none
15282,Sylvia atricapilla,published,https://en.wikipedia.org/wiki/Sylvia atricapilla,none
15302,Sylvia borin,published,https://en.wikipedia.org/wiki/Sylvia borin,none
15560,Leiothrix lutea,published,https://en.wikipedia.org/wiki/Leiothrix lutea,none
15621,Phyllolais pulchella,published,https://en.wikipedia.org/wiki/Phyllolais pulchella,none
16005,Myiarchus validus,missing,,source_or_waive
16013,Myiarchus stolidus,published,https://en.wikipedia.org/wiki/Myiarchus stolidus,none
16024,Myiarchus antillarum,published,https://en.wikipedia.org/wiki/Myiarchus antillarum,none
16025,Myiarchus sagrae,published,https://en.wikipedia.org/wiki/Myiarchus sagrae,none
16049,Myiarchus oberi,published,https://en.wikipedia.org/wiki/Myiarchus oberi,none
16057,Myiarchus barbirostris,published,https://en.wikipedia.org/wiki/Myiarchus barbirostris,none
16085,Contopus caribaeus,published,https://en.wikipedia.org/wiki/Contopus caribaeus,none
16097,Contopus hispaniolensis,published,https://en.wikipedia.org/wiki/Contopus hispaniolensis,none
16101,Contopus pallidus,missing,,source_or_waive
16102,Contopus latirostris,published,https://en.wikipedia.org/wiki/Contopus latirostris,none
16702,Elaenia martinica,published,https://en.wikipedia.org/wiki/Elaenia martinica,none
16771,Tyrannus caudifasciatus,published,https://en.wikipedia.org/wiki/Tyrannus caudifasciatus,none
16798,Tyrannus dominicensis,published,https://en.wikipedia.org/wiki/Tyrannus dominicensis,none
16801,Tyrannus cubensis,published,https://en.wikipedia.org/wiki/Tyrannus cubensis,none
16891,Myiopagis cotta,published,https://en.wikipedia.org/wiki/Myiopagis cotta,none
17361,Vireo nanus,published,https://en.wikipedia.org/wiki/Vireo nanus,none
17365,Vireo flavifrons,published,https://en.wikipedia.org/wiki/Vireo flavifrons,none
17370,Vireo modestus,missing,,source_or_waive
17384,Vireo latimeri,published,https://en.wikipedia.org/wiki/Vireo latimeri,none
17387,Vireo osburni,published,https://en.wikipedia.org/wiki/Vireo osburni,none
17390,Vireo gundlachii,published,https://en.wikipedia.org/wiki/Vireo gundlachii,none
17399,Vireo altiloquus,published,https://en.wikipedia.org/wiki/Vireo altiloquus,none
17408,Vireo griseus,published,https://en.wikipedia.org/wiki/Vireo griseus,none
17634,Campethera nubica,published,https://en.wikipedia.org/wiki/Campethera nubica,none
17835,Dryocopus martius,published,https://en.wikipedia.org/wiki/Dryocopus martius,none
17867,Dendrocopos syriacus,published,https://en.wikipedia.org/wiki/Dendrocopos syriacus,none
17871,Dendrocopos major,published,https://en.wikipedia.org/wiki/Dendrocopos major,none
18159,Melanerpes radiolatus,published,https://en.wikipedia.org/wiki/Melanerpes radiolatus,none
18180,Melanerpes striatus,published,https://en.wikipedia.org/wiki/Melanerpes striatus,none
18182,Melanerpes portoricensis,published,https://en.wikipedia.org/wiki/Melanerpes portoricensis,none
18184,Melanerpes herminieri,published,https://en.wikipedia.org/wiki/Melanerpes herminieri,none
18193,Melanerpes superciliaris,published,https://en.wikipedia.org/wiki/Melanerpes superciliaris,none
18235,Colaptes fernandinae,published,https://en.wikipedia.org/wiki/Colaptes fernandinae,none
18236,Colaptes auratus,published,https://en.wikipedia.org/wiki/Colaptes auratus,none
18448,Jynx torquilla,published,https://en.wikipedia.org/wiki/Jynx torquilla,none
18463,Sphyrapicus varius,published,https://en.wikipedia.org/wiki/Sphyrapicus varius,none
18475,Xiphidiopicus percussus,published,https://en.wikipedia.org/wiki/Xiphidiopicus percussus,none
18911,Psittacula krameri,published,https://en.wikipedia.org/wiki/Psittacula krameri,none
18979,Amazona collaria,published,https://en.wikipedia.org/wiki/Amazona collaria,none
18983,Amazona ventralis,published,https://en.wikipedia.org/wiki/Amazona ventralis,none
18988,Amazona leucocephala,published,https://en.wikipedia.org/wiki/Amazona leucocephala,none
18989,Amazona agilis,published,https://en.wikipedia.org/wiki/Amazona agilis,none
19006,Amazona vittata,published,https://en.wikipedia.org/wiki/Amazona vittata,none
19018,Ara ararauna,published,https://en.wikipedia.org/wiki/Ara ararauna,none
19051,Poicephalus rufiventris,published,https://en.wikipedia.org/wiki/Poicephalus rufiventris,none
19055,Poicephalus meyeri,published,https://en.wikipedia.org/wiki/Poicephalus meyeri,none
19065,Forpus passerinus,published,https://en.wikipedia.org/wiki/Forpus passerinus,none
19074,Agapornis taranta,published,https://en.wikipedia.org/wiki/Agapornis taranta,none
19075,Agapornis fischeri,published,https://en.wikipedia.org/wiki/Agapornis fischeri,none
19076,Agapornis personatus,published,https://en.wikipedia.org/wiki/Agapornis personatus,none
19210,Brotogeris versicolurus,published,https://en.wikipedia.org/wiki/Brotogeris versicolurus,none
19349,Myiopsitta monachus,published,https://en.wikipedia.org/wiki/Myiopsitta monachus,none
19410,Caprimulgus europaeus,published,https://en.wikipedia.org/wiki/Caprimulgus europaeus,none
19482,Caprimulgus ruficollis,published,https://en.wikipedia.org/wiki/Caprimulgus ruficollis,none
19602,Chordeiles gundlachii,published,https://en.wikipedia.org/wiki/Chordeiles gundlachii,none
19670,Nyctibius jamaicensis,published,https://en.wikipedia.org/wiki/Nyctibius jamaicensis,none
19809,Glaucidium siju,published,https://en.wikipedia.org/wiki/Glaucidium siju,none
19882,Glaucidium perlatum,published,https://en.wikipedia.org/wiki/Glaucidium perlatum,none
19898,Strix aluco,published,https://en.wikipedia.org/wiki/Strix_aluco,none
19965,Strix woodfordii,published,https://en.wikipedia.org/wiki/Strix woodfordii,none
19975,Athene cunicularia,published,https://en.wikipedia.org/wiki/Athene cunicularia,none
19998,Athene noctua,published,https://en.wikipedia.org/wiki/Athene noctua,none
20059,Bubo bubo,published,https://en.wikipedia.org/wiki/Bubo bubo,none
20244,Otus scops,published,https://en.wikipedia.org/wiki/Otus scops,none
20307,Asio otus,published,https://en.wikipedia.org/wiki/Asio otus,none
20315,Asio flammeus,published,https://en.wikipedia.org/wiki/Asio flammeus,none
20331,Asio stygius,published,https://en.wikipedia.org/wiki/Asio stygius,none
20436,Tyto glaucops,published,https://en.wikipedia.org/wiki/Tyto glaucops,none
20445,Tyto alba,published,https://en.wikipedia.org/wiki/western barn owl,none
20526,Struthio camelus,published,https://en.wikipedia.org/wiki/Struthio camelus,none
20836,Apaloderma narina,published,https://en.wikipedia.org/wiki/Apaloderma narina,none
20844,Priotelus temnurus,published,https://en.wikipedia.org/wiki/Priotelus temnurus,none
20847,Priotelus roseigaster,published,https://en.wikipedia.org/wiki/Priotelus roseigaster,none
20934,Phoeniculus purpureus,published,https://en.wikipedia.org/wiki/Phoeniculus purpureus,none
20969,Upupa epops,published,https://en.wikipedia.org/wiki/Upupa epops,none
21851,Mertensophryne micranotis,missing,,source_or_waive
21861,Schismaderma carens,published,https://en.wikipedia.org/wiki/Schismaderma carens,none
22120,Eleutherodactylus alcoae,published,https://en.wikipedia.org/wiki/Eleutherodactylus alcoae,none
22190,Eleutherodactylus nortoni,published,https://en.wikipedia.org/wiki/Eleutherodactylus nortoni,none
22232,Eleutherodactylus guanahacabibes,missing,,source_or_waive
22236,Eleutherodactylus glaucoreius,missing,,source_or_waive
22285,Eleutherodactylus glaphycompus,missing,,source_or_waive
22302,Eleutherodactylus inoptatus,published,https://en.wikipedia.org/wiki/Eleutherodactylus inoptatus,none
22333,Eleutherodactylus johnstonei,missing,,source_or_waive
22334,Eleutherodactylus weinlandi,published,https://en.wikipedia.org/wiki/Eleutherodactylus weinlandi,none
22337,Eleutherodactylus haitianus,missing,,source_or_waive
22369,Eleutherodactylus cooki,published,https://en.wikipedia.org/wiki/Eleutherodactylus cooki,none
22374,Eleutherodactylus nubicola,published,https://en.wikipedia.org/wiki/Eleutherodactylus nubicola,none
22375,Eleutherodactylus gossei,missing,,source_or_waive
22376,Eleutherodactylus cundalli,published,https://en.wikipedia.org/wiki/Eleutherodactylus cundalli,none
22384,Eleutherodactylus lentus,missing,,source_or_waive
22408,Eleutherodactylus wightmanae,published,https://en.wikipedia.org/wiki/Eleutherodactylus wightmanae,none
22411,Eleutherodactylus portoricensis,published,https://en.wikipedia.org/wiki/Eleutherodactylus portoricensis,none
22413,Eleutherodactylus patriciae,published,https://en.wikipedia.org/wiki/Eleutherodactylus patriciae,none
22417,Eleutherodactylus furcyensis,missing,,source_or_waive
22423,Eleutherodactylus richmondi,published,https://en.wikipedia.org/wiki/Eleutherodactylus richmondi,none
22440,Eleutherodactylus monensis,published,https://en.wikipedia.org/wiki/Eleutherodactylus monensis,none
22445,Eleutherodactylus flavescens,published,https://en.wikipedia.org/wiki/Eleutherodactylus flavescens,none
22446,Eleutherodactylus armstrongi,published,https://en.wikipedia.org/wiki/Eleutherodactylus armstrongi,none
22453,Eleutherodactylus wetmorei,published,https://en.wikipedia.org/wiki/Eleutherodactylus wetmorei,none
22454,Eleutherodactylus coqui,published,https://en.wikipedia.org/wiki/Eleutherodactylus coqui,none
22456,Eleutherodactylus audanti,published,https://en.wikipedia.org/wiki/Eleutherodactylus audanti,none
22460,Eleutherodactylus pictissimus,published,https://en.wikipedia.org/wiki/Eleutherodactylus pictissimus,none
22478,Eleutherodactylus zeus,published,https://en.wikipedia.org/wiki/Eleutherodactylus zeus,none
22488,Eleutherodactylus counouspeus,published,https://en.wikipedia.org/wiki/Eleutherodactylus counouspeus,none
22496,Eleutherodactylus pinchoni,missing,,source_or_waive
22580,Eleutherodactylus cuneatus,missing,,source_or_waive
22581,Eleutherodactylus dimidiatus,published,https://en.wikipedia.org/wiki/Eleutherodactylus dimidiatus,none
22601,Eleutherodactylus abbotti,published,https://en.wikipedia.org/wiki/Eleutherodactylus abbotti,none
22612,Eleutherodactylus probolaeus,missing,,source_or_waive
22614,Eleutherodactylus etheridgei,missing,,source_or_waive
22616,Eleutherodactylus brittoni,published,https://en.wikipedia.org/wiki/Eleutherodactylus brittoni,none
22617,Eleutherodactylus montanus,published,https://en.wikipedia.org/wiki/Eleutherodactylus montanus,none
22619,Eleutherodactylus hedricki,published,https://en.wikipedia.org/wiki/Eleutherodactylus hedricki,none
22631,Eleutherodactylus planirostris,missing,,source_or_waive
22632,Eleutherodactylus auriculatus,published,https://en.wikipedia.org/wiki/Eleutherodactylus auriculatus,none
22635,Eleutherodactylus greyi,missing,,source_or_waive
22636,Eleutherodactylus atkinsi,published,https://en.wikipedia.org/wiki/Eleutherodactylus atkinsi,none
22663,Eleutherodactylus iberia,published,https://en.wikipedia.org/wiki/Eleutherodactylus iberia,none
22718,Eleutherodactylus pentasyringos,missing,,source_or_waive
22739,Eleutherodactylus martinicensis,published,https://en.wikipedia.org/wiki/Eleutherodactylus martinicensis,none
22745,Eleutherodactylus unicolor,published,https://en.wikipedia.org/wiki/Eleutherodactylus unicolor,none
22752,Eleutherodactylus pantoni,published,https://en.wikipedia.org/wiki/Eleutherodactylus pantoni,none
22761,Eleutherodactylus cochranae,published,https://en.wikipedia.org/wiki/Eleutherodactylus cochranae,none
22771,Eleutherodactylus antillensis,published,https://en.wikipedia.org/wiki/Eleutherodactylus antillensis,none
22979,Leptodactylus albilabris,published,https://en.wikipedia.org/wiki/Leptodactylus albilabris,none
23286,Hyperolius cystocandicans,missing,,source_or_waive
23288,Hyperolius rubrovermiculatus,missing,,source_or_waive
23301,Hyperolius montanus,published,https://en.wikipedia.org/wiki/Hyperolius montanus,none
23323,Hyperolius pusillus,published,https://en.wikipedia.org/wiki/Hyperolius pusillus,none
23327,Hyperolius argus,published,https://en.wikipedia.org/wiki/Hyperolius argus,none
23339,Hyperolius mitchelli,published,https://en.wikipedia.org/wiki/Hyperolius mitchelli,none
23342,Hyperolius tuberilinguis,published,https://en.wikipedia.org/wiki/Hyperolius tuberilinguis,none
23343,Hyperolius parkeri,published,https://en.wikipedia.org/wiki/Hyperolius parkeri,none
23366,Hyperolius parallelus,published,https://en.wikipedia.org/wiki/Hyperolius parallelus,none
23369,Hyperolius cinnamomeoventris,missing,,source_or_waive
23371,Hyperolius mariae,published,https://en.wikipedia.org/wiki/Hyperolius mariae,none
23382,Hyperolius pictus,published,https://en.wikipedia.org/wiki/Hyperolius pictus,none
23385,Hyperolius glandicolor,published,https://en.wikipedia.org/wiki/Hyperolius glandicolor,none
23393,Hyperolius castaneus,missing,,source_or_waive
23405,Leptopelis kivuensis,published,https://en.wikipedia.org/wiki/Leptopelis kivuensis,none
23406,Leptopelis concolor,missing,,source_or_waive
23411,Leptopelis uluguruensis,published,https://en.wikipedia.org/wiki/Leptopelis uluguruensis,none
23412,Leptopelis parkeri,published,https://en.wikipedia.org/wiki/Leptopelis parkeri,none
23413,Leptopelis vermiculatus,published,https://en.wikipedia.org/wiki/Leptopelis vermiculatus,none
23423,Leptopelis bocagii,missing,,source_or_waive
23440,Leptopelis flavomaculatus,published,https://en.wikipedia.org/wiki/Leptopelis flavomaculatus,none
23450,Afrixalus delicatus,missing,,source_or_waive
23455,Afrixalus fornasini,published,https://en.wikipedia.org/wiki/Afrixalus fornasini,none
23505,Kassina somalica,missing,,source_or_waive
23512,Kassina senegalensis,published,https://en.wikipedia.org/wiki/Kassina senegalensis,none
23798,Hyla savignyi,missing,,source_or_waive
23922,Hyla intermedia,published,https://en.wikipedia.org/wiki/Hyla intermedia,none
23998,Hyla sarda,published,https://en.wikipedia.org/wiki/Hyla sarda,none
24045,Hyla meridionalis,published,https://en.wikipedia.org/wiki/Hyla meridionalis,none
24322,Scinax ruber,published,https://en.wikipedia.org/wiki/Scinax ruber,none
24360,Scinax x-signatus,published,https://en.wikipedia.org/wiki/Scinax x-signatus,none
24375,Osteopilus vastus,published,https://en.wikipedia.org/wiki/Osteopilus vastus,none
24376,Osteopilus pulchrilineatus,published,https://en.wikipedia.org/wiki/Osteopilus pulchrilineatus,none
24378,Osteopilus ocellatus,published,https://en.wikipedia.org/wiki/Osteopilus ocellatus,none
24379,Osteopilus dominicensis,published,https://en.wikipedia.org/wiki/Osteopilus dominicensis,none
24380,Osteopilus crucialis,published,https://en.wikipedia.org/wiki/Osteopilus crucialis,none
24382,Osteopilus septentrionalis,published,https://en.wikipedia.org/wiki/Osteopilus septentrionalis,none
24462,Hemisus marmoratus,missing,,source_or_waive
24473,Alytes obstetricans,published,https://en.wikipedia.org/wiki/Alytes obstetricans,none
24474,Alytes dickhilleni,published,https://en.wikipedia.org/wiki/Alytes dickhilleni,none
24475,Alytes cisternasii,published,https://en.wikipedia.org/wiki/Alytes cisternasii,none
24479,Discoglossus pictus,published,https://en.wikipedia.org/wiki/Discoglossus pictus,none
24480,Discoglossus galganoi,published,https://en.wikipedia.org/wiki/Discoglossus galganoi,none
24484,Discoglossus sardus,published,https://en.wikipedia.org/wiki/Discoglossus sardus,none
24594,Arthroleptis affinis,published,https://en.wikipedia.org/wiki/Arthroleptis affinis,none
24899,Phrynomantis bifasciatus,published,https://en.wikipedia.org/wiki/Phrynomantis bifasciatus,none
25164,Callulina kreffti,missing,,source_or_waive
25311,Pelobates cultripes,published,https://en.wikipedia.org/wiki/Pelobates cultripes,none
25312,Pelobates fuscus,published,https://en.wikipedia.org/wiki/Pelobates fuscus,none
25316,Pelodytes ibericus,published,https://en.wikipedia.org/wiki/Pelodytes ibericus,none
25350,Phrynobatrachus stewartae,missing,,source_or_waive
25356,Phrynobatrachus keniensis,missing,,source_or_waive
25362,Phrynobatrachus acridoides,published,https://en.wikipedia.org/wiki/Phrynobatrachus acridoides,none
25369,Phrynobatrachus mababiensis,published,https://en.wikipedia.org/wiki/Phrynobatrachus mababiensis,none
25383,Phrynobatrachus natalensis,published,https://en.wikipedia.org/wiki/Phrynobatrachus natalensis,none
25451,Xenopus borealis,missing,,source_or_waive
25457,Xenopus laevis,published,https://en.wikipedia.org/wiki/Xenopus laevis,none
25459,Xenopus muelleri,missing,,source_or_waive
25591,Rana temporaria,published,https://en.wikipedia.org/wiki/Rana temporaria,none
25616,Rana italica,published,https://en.wikipedia.org/wiki/Rana italica,none
25660,Rana pyrenaica,published,https://en.wikipedia.org/wiki/Rana pyrenaica,none
25664,Rana latastei,published,https://en.wikipedia.org/wiki/Rana latastei,none
25665,Rana iberica,published,https://en.wikipedia.org/wiki/Rana iberica,none
25669,Rana dalmatina,published,https://en.wikipedia.org/wiki/Rana dalmatina,none
25697,Rana graeca,published,https://en.wikipedia.org/wiki/Rana graeca,none
25743,Ptychadena schillukorum,published,https://en.wikipedia.org/wiki/Ptychadena schillukorum,none
25744,Ptychadena oxyrhynchus,published,https://en.wikipedia.org/wiki/Ptychadena oxyrhynchus,none
25762,Ptychadena erlangeri,missing,,source_or_waive
25778,Ptychadena anchietae,published,https://en.wikipedia.org/wiki/Ptychadena anchietae,none
25782,Ptychadena mascareniensis,published,https://en.wikipedia.org/wiki/Ptychadena mascareniensis,none
26061,Crocodylus rhombifer,published,https://en.wikipedia.org/wiki/Crocodylus rhombifer,none
26085,Crocodylus acutus,published,https://en.wikipedia.org/wiki/Crocodylus acutus,none
26197,Pyxicephalus edulis,published,https://en.wikipedia.org/wiki/Pyxicephalus edulis,none
26203,Strongylopus merumontanus,published,https://en.wikipedia.org/wiki/Strongylopus merumontanus,none
26261,Hoplobatrachus occipitalis,published,https://en.wikipedia.org/wiki/Hoplobatrachus occipitalis,none
26655,Chiromantis petersii,published,https://en.wikipedia.org/wiki/Chiromantis petersii,none
26656,Chiromantis xerampelina,published,https://en.wikipedia.org/wiki/Chiromantis xerampelina,none
26717,Dasypeltis scabra,published,https://en.wikipedia.org/wiki/Dasypeltis scabra,none
26888,Coronella girondica,published,https://en.wikipedia.org/wiki/Coronella girondica,none
26904,Coronella austriaca,published,https://en.wikipedia.org/wiki/Coronella austriaca,none
27514,Speleomantes ambrosii,published,https://en.wikipedia.org/wiki/Speleomantes ambrosii,none
27517,Speleomantes italicus,published,https://en.wikipedia.org/wiki/Speleomantes italicus,none
27519,Speleomantes strinatii,published,https://en.wikipedia.org/wiki/Speleomantes strinatii,none
27712,Triturus marmoratus,published,https://en.wikipedia.org/wiki/Triturus marmoratus,none
27717,Triturus carnifex,published,https://en.wikipedia.org/wiki/Triturus carnifex,none
27719,Triturus pygmaeus,published,https://en.wikipedia.org/wiki/Triturus pygmaeus,none
27726,Salamandra salamandra,published,https://en.wikipedia.org/wiki/Salamandra salamandra,none
27732,Salamandra lanzai,published,https://en.wikipedia.org/wiki/Salamandra lanzai,none
27735,Salamandra atra,published,https://en.wikipedia.org/wiki/Salamandra atra,none
27832,Pleurodeles waltl,published,https://en.wikipedia.org/wiki/Pleurodeles waltl,none
27840,Salamandrina terdigitata,published,https://en.wikipedia.org/wiki/Salamandrina terdigitata,none
27844,Chioglossa lusitanica,published,https://en.wikipedia.org/wiki/Chioglossa lusitanica,none
27904,Boulengerula taitana,published,https://en.wikipedia.org/wiki/Boulengerula taitana,none
28157,Uromacer oxyrhynchus,published,https://en.wikipedia.org/wiki/Uromacer oxyrhynchus,none
28169,Uromacer catesbyi,published,https://en.wikipedia.org/wiki/Uromacer catesbyi,none
28333,Thelotornis usambaricus,missing,,source_or_waive
28338,Thelotornis mossambicanus,published,https://en.wikipedia.org/wiki/Thelotornis mossambicanus,none
28598,Caraiba andreae,published,https://en.wikipedia.org/wiki/Caraiba andreae,none
28605,Hypsirhynchus parvifrons,published,https://en.wikipedia.org/wiki/Hypsirhynchus parvifrons,none
28771,Rhamphiophis rostratus,published,https://en.wikipedia.org/wiki/Rhamphiophis rostratus,none
28964,Psammophis orientalis,published,https://en.wikipedia.org/wiki/Psammophis orientalis,none
28965,Psammophis sudanensis,published,https://en.wikipedia.org/wiki/Psammophis sudanensis,none
28971,Psammophis punctulatus,published,https://en.wikipedia.org/wiki/Psammophis punctulatus,none
29073,Philothamnus semivariegatus,published,https://en.wikipedia.org/wiki/Philothamnus semivariegatus,none
29074,Philothamnus punctatus,published,https://en.wikipedia.org/wiki/Philothamnus punctatus,none
29084,Philothamnus hoplogaster,published,https://en.wikipedia.org/wiki/Philothamnus hoplogaster,none
29351,Natrix maura,published,https://en.wikipedia.org/wiki/Natrix maura,none
29449,Malpolon monspessulanus,published,https://en.wikipedia.org/wiki/Malpolon monspessulanus,none
29450,Malpolon insignitus,published,https://en.wikipedia.org/wiki/Malpolon insignitus,none
29508,Lycophidion capense,published,https://en.wikipedia.org/wiki/Lycophidion capense,none
29760,Boaedon fuliginosus,published,https://en.wikipedia.org/wiki/Boaedon fuliginosus,none
29917,Hierophis gemonensis,published,https://en.wikipedia.org/wiki/Hierophis gemonensis,none
30112,Cubophis vudii,published,https://en.wikipedia.org/wiki/Cubophis vudii,none
30121,Borikenophis portoricensis,published,https://en.wikipedia.org/wiki/Borikenophis portoricensis,none
30131,Cubophis cantherigerus,published,https://en.wikipedia.org/wiki/Cubophis cantherigerus,none
30237,Elaphe quatuorlineata,published,https://en.wikipedia.org/wiki/Elaphe quatuorlineata,none
30358,Dispholidus typus,published,https://en.wikipedia.org/wiki/Dispholidus typus,none
30405,Dendroaspis polylepis,published,https://en.wikipedia.org/wiki/Dendroaspis polylepis,none
30411,Dendroaspis angusticeps,published,https://en.wikipedia.org/wiki/Dendroaspis angusticeps,none
30476,Naja nigricollis,published,https://en.wikipedia.org/wiki/Naja nigricollis,none
30486,Naja pallida,published,https://en.wikipedia.org/wiki/Naja pallida,none
30654,Elapsoidea loveridgei,published,https://en.wikipedia.org/wiki/Elapsoidea loveridgei,none
30851,Bitis arietans,published,https://en.wikipedia.org/wiki/Bitis arietans,none
30853,Bitis gabonica,published,https://en.wikipedia.org/wiki/Bitis gabonica,none
30855,Bitis nasicornis,published,https://en.wikipedia.org/wiki/Bitis nasicornis,none
30877,Atheris squamigera,published,https://en.wikipedia.org/wiki/Atheris squamigera,none
30880,Atheris nitschei,published,https://en.wikipedia.org/wiki/Atheris nitschei,none
30917,Vipera seoanei,published,https://en.wikipedia.org/wiki/Vipera seoanei,none
30924,Vipera latastei,published,https://en.wikipedia.org/wiki/Vipera latastei,none
30929,Vipera aspis,published,https://en.wikipedia.org/wiki/Vipera aspis,none
31088,Echis pyramidum,published,https://en.wikipedia.org/wiki/Echis pyramidum,none
31120,Agama spinosa,published,https://en.wikipedia.org/wiki/Agama spinosa,none
31132,Agama mwanzae,published,https://en.wikipedia.org/wiki/Agama mwanzae,none
31147,Agama caudospinosa,published,https://en.wikipedia.org/wiki/Agama caudospinosa,none
31155,Agama lionotus,published,https://en.wikipedia.org/wiki/Agama lionotus,none
31975,Pseudopus apodus,published,https://en.wikipedia.org/wiki/Pseudopus apodus,none
32093,Boa constrictor,published,https://en.wikipedia.org/wiki/Boa constrictor,none
32152,Python sebae,published,https://en.wikipedia.org/wiki/Python sebae,none
32208,Eryx colubrinus,published,https://en.wikipedia.org/wiki/Eryx colubrinus,none
32314,Tropidophis melanurus,published,https://en.wikipedia.org/wiki/Tropidophis melanurus,none
32319,Tropidophis haetianus,missing,,source_or_waive
32610,Afrotyphlops lineolatus,published,https://en.wikipedia.org/wiki/Afrotyphlops lineolatus,none
32807,Trioceros jacksonii,published,https://en.wikipedia.org/wiki/Trioceros jacksonii,none
32814,Trioceros tempeli,published,https://en.wikipedia.org/wiki/Trioceros tempeli,none
32816,Trioceros werneri,published,https://en.wikipedia.org/wiki/Trioceros werneri,none
32818,Trioceros sternfeldi,published,https://en.wikipedia.org/wiki/Trioceros sternfeldi,none
32819,Trioceros schubotzi,published,https://en.wikipedia.org/wiki/Trioceros schubotzi,none
32820,Trioceros rudis,published,https://en.wikipedia.org/wiki/Trioceros rudis,none
32837,Trioceros johnstoni,published,https://en.wikipedia.org/wiki/Trioceros johnstoni,none
32842,Trioceros hoehnelii,published,https://en.wikipedia.org/wiki/Trioceros hoehnelii,none
32845,Chamaeleo gracilis,published,https://en.wikipedia.org/wiki/Chamaeleo gracilis,none
32852,Trioceros ellioti,published,https://en.wikipedia.org/wiki/Trioceros ellioti,none
32854,Chamaeleo dilepis,published,https://en.wikipedia.org/wiki/Chamaeleo dilepis,none
32861,Trioceros deremensis,published,https://en.wikipedia.org/wiki/Trioceros deremensis,none
32864,Chamaeleo chamaeleon,published,https://en.wikipedia.org/wiki/Chamaeleo chamaeleon,none
32871,Trioceros bitaeniatus,missing,,source_or_waive
32947,Kinyongia tenuis,published,https://en.wikipedia.org/wiki/Kinyongia tenuis,none
32949,Kinyongia tavetana,published,https://en.wikipedia.org/wiki/Kinyongia tavetana,none
32950,Kinyongia boehmei,published,https://en.wikipedia.org/wiki/Kinyongia boehmei,none
32977,Kinyongia multituberculata,published,https://en.wikipedia.org/wiki/Kinyongia multituberculata,none
32983,Rhampholeon temporalis,published,https://en.wikipedia.org/wiki/Rhampholeon temporalis,none
32988,Rhampholeon nchisiensis,published,https://en.wikipedia.org/wiki/Rhampholeon nchisiensis,none
32994,Rieppeleon kerstenii,published,https://en.wikipedia.org/wiki/Rieppeleon kerstenii,none
33560,Aristelliger praesignis,published,https://en.wikipedia.org/wiki/Aristelliger praesignis,none
33563,Aristelliger lar,published,https://en.wikipedia.org/wiki/Aristelliger lar,none
33602,Tarentola mauritanica,published,https://en.wikipedia.org/wiki/Tarentola mauritanica,none
33619,Tarentola boettgeri,published,https://en.wikipedia.org/wiki/Tarentola boettgeri,none
33622,Tarentola angustimentalis,published,https://en.wikipedia.org/wiki/Tarentola angustimentalis,none
33623,Tarentola americana,published,https://en.wikipedia.org/wiki/Tarentola americana,none
33640,Sphaerodactylus difficilis,published,https://en.wikipedia.org/wiki/Sphaerodactylus difficilis,none
33708,Sphaerodactylus nicholsi,published,https://en.wikipedia.org/wiki/Sphaerodactylus nicholsi,none
33730,Sphaerodactylus klauberi,published,https://en.wikipedia.org/wiki/Sphaerodactylus klauberi,none
33740,Sphaerodactylus fantasticus,missing,,source_or_waive
33752,Sphaerodactylus elegans,missing,,source_or_waive
33768,Sphaerodactylus clenchi,published,https://en.wikipedia.org/wiki/Sphaerodactylus clenchi,none
33788,Sphaerodactylus argus,missing,,source_or_waive
33811,Sphaerodactylus vincenti,published,https://en.wikipedia.org/wiki/Sphaerodactylus vincenti,none
34059,Phelsuma dubia,published,https://en.wikipedia.org/wiki/Phelsuma dubia,none
34238,Lygodactylus picturatus,missing,,source_or_waive
34273,Lygodactylus keniensis,published,https://en.wikipedia.org/wiki/Lygodactylus keniensis,none
34303,Lygodactylus capensis,missing,,source_or_waive
34312,Lygodactylus angularis,missing,,source_or_waive
34435,Hemidactylus turcicus,published,https://en.wikipedia.org/wiki/Hemidactylus turcicus,none
34454,Hemidactylus squamulatus,published,https://en.wikipedia.org/wiki/Hemidactylus squamulatus,none
34463,Hemidactylus platycephalus,published,https://en.wikipedia.org/wiki/Hemidactylus platycephalus,none
34496,Hemidactylus angulatus,published,https://en.wikipedia.org/wiki/Hemidactylus angulatus,none
34615,Gekko gecko,published,https://en.wikipedia.org/wiki/ Tokay gecko,none
34964,Gymnophthalmus underwoodi,published,https://en.wikipedia.org/wiki/Gymnophthalmus underwoodi,none
35290,Cyclura cychlura,published,https://en.wikipedia.org/wiki/Cyclura cychlura,none
35298,Cyclura collei,published,https://en.wikipedia.org/wiki/Cyclura collei,none
35303,Ctenosaura similis,published,https://en.wikipedia.org/wiki/Ctenosaura similis,none
35342,Iguana iguana,published,https://en.wikipedia.org/wiki/Iguana_iguana,none
35345,Iguana delicatissima,published,https://en.wikipedia.org/wiki/Iguana delicatissima,none
35397,Adolfus jacksoni,published,https://en.wikipedia.org/wiki/Adolfus jacksoni,none
35413,Acanthodactylus schreiberi,missing,,source_or_waive
35430,Acanthodactylus erythrurus,published,https://en.wikipedia.org/wiki/Acanthodactylus erythrurus,none
35453,Zootoca vivipara,published,https://en.wikipedia.org/wiki/Zootoca vivipara,none
35474,Teira dugesii,published,https://en.wikipedia.org/wiki/Teira dugesii,none
35510,Pseuderemias brenneri,published,https://en.wikipedia.org/wiki/Pseuderemias brenneri,none
35516,Psammodromus hispanicus,published,https://en.wikipedia.org/wiki/Psammodromus hispanicus,none
35519,Psammodromus algirus,published,https://en.wikipedia.org/wiki/Psammodromus algirus,none
35530,Podarcis tiliguerta,published,https://en.wikipedia.org/wiki/Podarcis tiliguerta,none
35597,Podarcis pityusensis,published,https://en.wikipedia.org/wiki/Podarcis pityusensis,none
35637,Podarcis lilfordi,published,https://en.wikipedia.org/wiki/Podarcis lilfordi,none
35666,Podarcis liolepis,published,https://en.wikipedia.org/wiki/Podarcis liolepis,none
35671,Podarcis filfolensis,published,https://en.wikipedia.org/wiki/Podarcis filfolensis,none
35677,Podarcis erhardii,published,https://en.wikipedia.org/wiki/Podarcis erhardii,none
35700,Podarcis cretensis,published,https://en.wikipedia.org/wiki/Podarcis cretensis,none
35706,Podarcis bocagei,published,https://en.wikipedia.org/wiki/Podarcis bocagei,none
35707,Podarcis carbonelli,published,https://en.wikipedia.org/wiki/Podarcis carbonelli,none
35710,Podarcis melisellensis,published,https://en.wikipedia.org/wiki/Podarcis melisellensis,none
35760,Ophisops elegans,published,https://en.wikipedia.org/wiki/Ophisops elegans,none
35827,Latastia longicaudata,published,https://en.wikipedia.org/wiki/Latastia longicaudata,none
35854,Lacerta viridis,published,https://en.wikipedia.org/wiki/Lacerta viridis,none
35868,Lacerta schreiberi,published,https://en.wikipedia.org/wiki/Lacerta schreiberi,none
35871,Lacerta trilineata,published,https://en.wikipedia.org/wiki/Lacerta trilineata,none
35900,Lacerta bilineata,published,https://en.wikipedia.org/wiki/Lacerta bilineata,none
35912,Lacerta agilis,published,https://en.wikipedia.org/wiki/Lacerta agilis,none
35964,Iberolacerta monticola,published,https://en.wikipedia.org/wiki/Iberolacerta monticola,none
35972,Heliobolus spekii,published,https://en.wikipedia.org/wiki/Heliobolus spekii,none
35988,Gallotia caesaris,published,https://en.wikipedia.org/wiki/Gallotia caesaris,none
35990,Gallotia stehlini,published,https://en.wikipedia.org/wiki/Gallotia stehlini,none
35995,Gallotia galloti,published,https://en.wikipedia.org/wiki/Gallotia galloti,none
36001,Gallotia atlantica,published,https://en.wikipedia.org/wiki/Gallotia atlantica,none
36052,Algyroides nigropunctatus,published,https://en.wikipedia.org/wiki/Algyroides nigropunctatus,none
36055,Algyroides moreoticus,published,https://en.wikipedia.org/wiki/Algyroides moreoticus,none
36363,Anolis roquet,published,https://en.wikipedia.org/wiki/Anolis roquet,none
36372,Anolis homolechis,published,https://en.wikipedia.org/wiki/Anolis homolechis,none
36375,Anolis lineatopus,missing,,source_or_waive
36380,Anolis grahami,missing,,source_or_waive
36391,Anolis equestris,published,https://en.wikipedia.org/wiki/Anolis equestris,none
36427,Anolis gundlachi,published,https://en.wikipedia.org/wiki/Anolis gundlachi,none
36432,Anolis gingivinus,published,https://en.wikipedia.org/wiki/Anolis gingivinus,none
36441,Anolis ferreus,published,https://en.wikipedia.org/wiki/Anolis ferreus,none
36445,Anolis evermanni,published,https://en.wikipedia.org/wiki/Anolis evermanni,none
36448,Anolis etheridgei,published,https://en.wikipedia.org/wiki/Anolis etheridgei,none
36455,Anolis distichus,published,https://en.wikipedia.org/wiki/Anolis distichus,none
36485,Anolis cuvieri,published,https://en.wikipedia.org/wiki/Anolis cuvieri,none
36488,Anolis cristatellus,published,https://en.wikipedia.org/wiki/Anolis cristatellus,none
36491,Anolis cooki,published,https://en.wikipedia.org/wiki/Anolis cooki,none
36503,Anolis christophei,published,https://en.wikipedia.org/wiki/Anolis christophei,none
36520,Anolis brevirostris,published,https://en.wikipedia.org/wiki/Anolis brevirostris,none
36532,Anolis bartschi,published,https://en.wikipedia.org/wiki/Anolis bartschi,none
36558,Anolis argenteolus,published,https://en.wikipedia.org/wiki/Anolis argenteolus,none
36561,Anolis angusticeps,published,https://en.wikipedia.org/wiki/Anolis angusticeps,none
36567,Anolis alutaceus,published,https://en.wikipedia.org/wiki/Anolis alutaceus,none
36570,Anolis allisoni,published,https://en.wikipedia.org/wiki/Anolis allisoni,none
36580,Anolis acutus,published,https://en.wikipedia.org/wiki/Anolis acutus,none
36599,Anolis vermiculatus,published,https://en.wikipedia.org/wiki/Anolis vermiculatus,none
36606,Anolis stratulus,published,https://en.wikipedia.org/wiki/Anolis stratulus,none
36607,Anolis strahmi,published,https://en.wikipedia.org/wiki/Anolis strahmi,none
36613,Anolis smaragdinus,published,https://en.wikipedia.org/wiki/Anolis smaragdinus,none
36616,Anolis smallwoodi,published,https://en.wikipedia.org/wiki/Anolis smallwoodi,none
36621,Anolis shrevei,published,https://en.wikipedia.org/wiki/Anolis shrevei,none
36623,Anolis semilineatus,published,https://en.wikipedia.org/wiki/Anolis semilineatus,none
36645,Anolis pulchellus,published,https://en.wikipedia.org/wiki/Anolis pulchellus,none
36651,Anolis porcatus,published,https://en.wikipedia.org/wiki/Anolis porcatus,none
36654,Anolis poncensis,published,https://en.wikipedia.org/wiki/Anolis poncensis,none
36677,Anolis occultus,published,https://en.wikipedia.org/wiki/Anolis occultus,none
36695,Anolis marmoratus,published,https://en.wikipedia.org/wiki/Anolis marmoratus,none
36696,Anolis terraealtae,published,https://en.wikipedia.org/wiki/Anolis terraealtae,none
36710,Anolis luteogularis,published,https://en.wikipedia.org/wiki/Anolis luteogularis,none
36720,Anolis lucius,published,https://en.wikipedia.org/wiki/Anolis lucius,none
36732,Anolis krugi,published,https://en.wikipedia.org/wiki/Anolis krugi,none
37210,Chalcides viridanus,published,https://en.wikipedia.org/wiki/Chalcides viridanus,none
37213,Chalcides striatus,published,https://en.wikipedia.org/wiki/Chalcides striatus,none
37239,Chalcides bedriagai,published,https://en.wikipedia.org/wiki/Chalcides bedriagai,none
37415,Trachylepis varia,published,https://en.wikipedia.org/wiki/Trachylepis varia,none
37418,Trachylepis striata,published,https://en.wikipedia.org/wiki/Trachylepis striata,none
37421,Trachylepis quinquetaeniata,published,https://en.wikipedia.org/wiki/Trachylepis quinquetaeniata,none
37423,Trachylepis planifrons,published,https://en.wikipedia.org/wiki/Trachylepis planifrons,none
37439,Trachylepis brevicollis,published,https://en.wikipedia.org/wiki/Trachylepis brevicollis,none
37932,Mochlus sundevallii,published,https://en.wikipedia.org/wiki/Mochlus sundevallii,none
38256,Leptosiaphos kilimensis,published,https://en.wikipedia.org/wiki/Leptosiaphos kilimensis,none
39280,Leiocephalus carinatus,published,https://en.wikipedia.org/wiki/Leiocephalus carinatus,none
39292,Leiocephalus cubensis,published,https://en.wikipedia.org/wiki/Leiocephalus cubensis,none
39298,Leiocephalus raviceps,published,https://en.wikipedia.org/wiki/Leiocephalus raviceps,none
39320,Leiocephalus semilineatus,published,https://en.wikipedia.org/wiki/Leiocephalus semilineatus,none
39322,Leiocephalus schreibersii,published,https://en.wikipedia.org/wiki/Leiocephalus schreibersii,none
39336,Leiocephalus barahonensis,published,https://en.wikipedia.org/wiki/Leiocephalus barahonensis,none
39345,Leiocephalus personatus,published,https://en.wikipedia.org/wiki/Leiocephalus personatus,none
39361,Leiocephalus macropus,published,https://en.wikipedia.org/wiki/Leiocephalus macropus,none
39373,Leiocephalus lunatus,published,https://en.wikipedia.org/wiki/Leiocephalus lunatus,none
39659,Chelonia mydas,published,https://en.wikipedia.org/wiki/Chelonia mydas,none
39665,Caretta caretta,published,https://en.wikipedia.org/wiki/Caretta caretta,none
39672,Eretmochelys imbricata,published,https://en.wikipedia.org/wiki/Eretmochelys imbricata,none
39677,Dermochelys coriacea,published,https://en.wikipedia.org/wiki/Dermochelys coriacea,none
39777,Trachemys terrapen,published,https://en.wikipedia.org/wiki/Trachemys terrapen,none
39778,Trachemys stejnegeri,published,https://en.wikipedia.org/wiki/Trachemys stejnegeri,none
39782,Trachemys scripta,published,https://en.wikipedia.org/wiki/Trachemys scripta,none
39867,Emys orbicularis,published,https://en.wikipedia.org/wiki/Emys orbicularis,none
39976,Mauremys leprosa,published,https://en.wikipedia.org/wiki/Mauremys leprosa,none
40023,Testudo graeca,published,https://en.wikipedia.org/wiki/Testudo graeca,none
40038,Testudo marginata,published,https://en.wikipedia.org/wiki/Testudo marginata,none
40063,Malacochersus tornieri,published,https://en.wikipedia.org/wiki/Malacochersus tornieri,none
40065,Kinixys belliana,published,https://en.wikipedia.org/wiki/Kinixys belliana,none
40092,Stigmochelys pardalis,published,https://en.wikipedia.org/wiki/Stigmochelys pardalis,none
40126,Pelusios sinuatus,published,https://en.wikipedia.org/wiki/Pelusios sinuatus,none
40273,Myotis martiniquensis,published,https://en.wikipedia.org/wiki/Myotis martiniquensis,none
40281,Myotis emarginatus,published,https://en.wikipedia.org/wiki/Myotis emarginatus,none
40291,Myotis myotis,published,https://en.wikipedia.org/wiki/Myotis myotis,none
40317,Myotis blythii,published,https://en.wikipedia.org/wiki/Myotis blythii,none
40321,Myotis dominicensis,published,https://en.wikipedia.org/wiki/Myotis dominicensis,none
40344,Myotis volans,published,https://en.wikipedia.org/wiki/Myotis volans,none
40364,Pipistrellus pipistrellus,published,https://en.wikipedia.org/wiki/Pipistrellus pipistrellus,none
40383,Pipistrellus kuhlii,published,https://en.wikipedia.org/wiki/Pipistrellus kuhlii,none
40391,Pipistrellus nathusii,published,https://en.wikipedia.org/wiki/Pipistrellus nathusii,none
40415,Plecotus austriacus,published,https://en.wikipedia.org/wiki/Plecotus austriacus,none
40416,Plecotus auritus,published,https://en.wikipedia.org/wiki/Plecotus auritus,none
40446,Vespertilio murinus,published,https://en.wikipedia.org/wiki/Vespertilio murinus,none
40509,Eptesicus fuscus,published,https://en.wikipedia.org/wiki/Eptesicus fuscus,none
40519,Lasiurus minor,published,https://en.wikipedia.org/wiki/Lasiurus minor,none
40522,Lasiurus borealis,published,https://en.wikipedia.org/wiki/Lasiurus borealis,none
40572,Nyctalus noctula,published,https://en.wikipedia.org/wiki/Nyctalus noctula,none
40573,Nyctalus leisleri,published,https://en.wikipedia.org/wiki/Nyctalus leisleri,none
40574,Nyctalus azoreum,published,https://en.wikipedia.org/wiki/Nyctalus azoreum,none
40581,Barbastella barbastellus,published,https://en.wikipedia.org/wiki/Barbastella barbastellus,none
40645,Rhinolophus ferrumequinum,published,https://en.wikipedia.org/wiki/Rhinolophus ferrumequinum,none
40677,Rhinolophus euryale,published,https://en.wikipedia.org/wiki/Rhinolophus euryale,none
40695,Rhinolophus hipposideros,published,https://en.wikipedia.org/wiki/Rhinolophus hipposideros,none
40811,Epomophorus wahlbergi,published,https://en.wikipedia.org/wiki/Epomophorus wahlbergi,none
40827,Eidolon helvum,published,https://en.wikipedia.org/wiki/Eidolon helvum,none
40843,Hypsignathus monstrosus,published,https://en.wikipedia.org/wiki/Hypsignathus monstrosus,none
40901,Pteropus voeltzkowi,published,https://en.wikipedia.org/wiki/Pteropus voeltzkowi,none
41005,Artibeus jamaicensis,published,https://en.wikipedia.org/wiki/Artibeus jamaicensis,none
41011,Chiroderma improvisum,published,https://en.wikipedia.org/wiki/Chiroderma improvisum,none
41090,Glossophaga soricina,published,https://en.wikipedia.org/wiki/Glossophaga soricina,none
41130,Phyllonycteris aphylla,published,https://en.wikipedia.org/wiki/Phyllonycteris aphylla,none
41131,Phyllonycteris poeyi,published,https://en.wikipedia.org/wiki/Phyllonycteris poeyi,none
41146,Macrotus waterhousii,published,https://en.wikipedia.org/wiki/Macrotus waterhousii,none
41151,Phyllops falcatus,published,https://en.wikipedia.org/wiki/Phyllops falcatus,none
41156,Ardops nichollsi,published,https://en.wikipedia.org/wiki/Ardops nichollsi,none
41164,Ariteus flavescens,published,https://en.wikipedia.org/wiki/Ariteus flavescens,none
41170,Brachyphylla nana,published,https://en.wikipedia.org/wiki/Brachyphylla nana,none
41171,Brachyphylla cavernarum,published,https://en.wikipedia.org/wiki/Brachyphylla cavernarum,none
41173,Stenoderma rufum,published,https://en.wikipedia.org/wiki/Stenoderma rufum,none
41175,Monophyllus redmani,published,https://en.wikipedia.org/wiki/Monophyllus redmani,none
41176,Monophyllus plethodon,published,https://en.wikipedia.org/wiki/Monophyllus plethodon,none
41178,Erophylla sezekorni,published,https://en.wikipedia.org/wiki/Erophylla sezekorni,none
41195,Nycteris hispida,published,https://en.wikipedia.org/wiki/Nycteris hispida,none
41200,Noctilio leporinus,published,https://en.wikipedia.org/wiki/Noctilio leporinus,none
41204,Natalus stramineus,published,https://en.wikipedia.org/wiki/Natalus stramineus,none
41218,Pteronotus macleayii,published,https://en.wikipedia.org/wiki/Pteronotus macleayii,none
41219,Pteronotus davyi,published,https://en.wikipedia.org/wiki/Pteronotus davyi,none
41221,Pteronotus parnellii,published,https://en.wikipedia.org/wiki/Pteronotus parnellii,none
41222,Pteronotus quadridens,published,https://en.wikipedia.org/wiki/Pteronotus quadridens,none
41254,Molossus molossus,published,https://en.wikipedia.org/wiki/Molossus molossus,none
41274,Eumops auripendulus,published,https://en.wikipedia.org/wiki/Eumops auripendulus,none
41298,Tadarida teniotis,published,https://en.wikipedia.org/wiki/Tadarida teniotis,none
41301,Tadarida brasiliensis,published,https://en.wikipedia.org/wiki/Tadarida brasiliensis,none
41315,Nyctinomops macrotis,published,https://en.wikipedia.org/wiki/Nyctinomops macrotis,none
41324,Cardioderma cor,published,https://en.wikipedia.org/wiki/Cardioderma cor,none
41328,Lavia frons,published,https://en.wikipedia.org/wiki/Lavia frons,none
41348,Peropteryx macrotis,published,https://en.wikipedia.org/wiki/Peropteryx macrotis,none
41380,Taphozous mauritianus,published,https://en.wikipedia.org/wiki/Taphozous mauritianus,none
41407,Mesoplodon europaeus,published,https://en.wikipedia.org/wiki/Mesoplodon europaeus,none
41428,Ziphius cavirostris,published,https://en.wikipedia.org/wiki/Ziphius cavirostris,none
41440,Phocoena phocoena,published,https://en.wikipedia.org/wiki/Phocoena phocoena,none
41464,Kogia breviceps,published,https://en.wikipedia.org/wiki/Kogia breviceps,none
41465,Kogia sima,published,https://en.wikipedia.org/wiki/Kogia sima,none
41481,Tursiops aduncus,published,https://en.wikipedia.org/wiki/Tursiops aduncus,none
41482,Tursiops truncatus,published,https://en.wikipedia.org/wiki/Tursiops truncatus,none
41494,Stenella coeruleoalba,published,https://en.wikipedia.org/wiki/Stenella coeruleoalba,none
41500,Stenella attenuata,published,https://en.wikipedia.org/wiki/Stenella attenuata,none
41503,Stenella frontalis,published,https://en.wikipedia.org/wiki/Stenella frontalis,none
41521,Orcinus orca,published,https://en.wikipedia.org/wiki/Orcinus orca,none
41523,Lagenodelphis hosei,published,https://en.wikipedia.org/wiki/Lagenodelphis hosei,none
41526,Delphinus delphis,published,https://en.wikipedia.org/wiki/Delphinus delphis,none
41529,Globicephala melas,published,https://en.wikipedia.org/wiki/Globicephala melas,none
41532,Globicephala macrorhynchus,published,https://en.wikipedia.org/wiki/Globicephala macrorhynchus,none
41539,Pseudorca crassidens,published,https://en.wikipedia.org/wiki/Pseudorca crassidens,none
41541,Grampus griseus,published,https://en.wikipedia.org/wiki/Grampus griseus,none
41543,Peponocephala electra,published,https://en.wikipedia.org/wiki/Peponocephala electra,none
41545,Steno bredanensis,published,https://en.wikipedia.org/wiki/Steno bredanensis,none
41550,Balaenoptera acutorostrata,published,https://en.wikipedia.org/wiki/Balaenoptera acutorostrata,none
41559,Balaenoptera borealis,published,https://en.wikipedia.org/wiki/Balaenoptera borealis,none
41562,Balaenoptera physalus,published,https://en.wikipedia.org/wiki/Balaenoptera physalus,none
41566,Megaptera novaeangliae,published,https://en.wikipedia.org/wiki/Megaptera novaeangliae,none
41582,Nandinia binotata,published,https://en.wikipedia.org/wiki/Nandinia binotata,none
41627,Civettictis civetta,published,https://en.wikipedia.org/wiki/Civettictis civetta,none
41641,Ursus arctos,published,https://en.wikipedia.org/wiki/Ursus arctos,none
41663,Procyon lotor,published,https://en.wikipedia.org/wiki/Procyon lotor,none
41716,Monachus monachus,published,https://en.wikipedia.org/wiki/Monachus monachus,none
41796,Martes martes,published,https://en.wikipedia.org/wiki/Martes martes,none
41800,Martes foina,published,https://en.wikipedia.org/wiki/Martes foina,none
41808,Mustela erminea,published,https://en.wikipedia.org/wiki/Mustela erminea,none
41812,Mustela putorius,published,https://en.wikipedia.org/wiki/Mustela putorius,none
41834,Mellivora capensis,published,https://en.wikipedia.org/wiki/Mellivora capensis,none
41850,Lutra lutra,published,https://en.wikipedia.org/wiki/Lutra lutra,none
41886,Crocuta crocuta,published,https://en.wikipedia.org/wiki/Crocuta crocuta,none
41888,Hyaena hyaena,published,https://en.wikipedia.org/wiki/Hyaena hyaena,none
41900,Herpestes ichneumon,published,https://en.wikipedia.org/wiki/Herpestes ichneumon,none
41906,Helogale parvula,published,https://en.wikipedia.org/wiki/Helogale parvula,none
41907,Helogale hirtula,published,https://en.wikipedia.org/wiki/Helogale hirtula,none
41919,Atilax paludinosus,published,https://en.wikipedia.org/wiki/Atilax paludinosus,none
41921,Mungos mungo,published,https://en.wikipedia.org/wiki/Mungos mungo,none
41925,Bdeogale crassicauda,published,https://en.wikipedia.org/wiki/Bdeogale crassicauda,none
41939,Ichneumia albicauda,published,https://en.wikipedia.org/wiki/Ichneumia albicauda,none
41955,Acinonyx jubatus,published,https://en.wikipedia.org/wiki/Acinonyx jubatus,none
41963,Panthera pardus,published,https://en.wikipedia.org/wiki/Panthera pardus,none
41964,Panthera leo,published,https://en.wikipedia.org/wiki/Panthera leo,none
41975,Lynx pardinus,published,https://en.wikipedia.org/wiki/Lynx pardinus,none
42025,Leptailurus serval,published,https://en.wikipedia.org/wiki/Leptailurus serval,none
42042,Caracal caracal,published,https://en.wikipedia.org/wiki/Caracal caracal,none
42045,Canis simensis,published,https://en.wikipedia.org/wiki/Canis simensis,none
42048,Canis lupus,published,https://en.wikipedia.org/wiki/Canis lupus,none
42069,Vulpes vulpes,published,https://en.wikipedia.org/wiki/Vulpes vulpes,none
42093,Lycaon pictus,published,https://en.wikipedia.org/wiki/Lycaon pictus,none
42095,Otocyon megalotis,published,https://en.wikipedia.org/wiki/Otocyon megalotis,none
42120,Hylochoerus meinertzhageni,published,https://en.wikipedia.org/wiki/Hylochoerus meinertzhageni,none
42122,Phacochoerus africanus,published,https://en.wikipedia.org/wiki/Phacochoerus africanus,none
42134,Sus scrofa,published,https://en.wikipedia.org/wiki/Sus scrofa,none
42138,Potamochoerus larvatus,published,https://en.wikipedia.org/wiki/Potamochoerus larvatus,none
42149,Hippopotamus amphibius,published,https://en.wikipedia.org/wiki/Hippopotamus amphibius,none
42157,Giraffa camelopardalis,published,https://en.wikipedia.org/wiki/giraffe,none
42161,Dama dama,published,https://en.wikipedia.org/wiki/Dama dama,none
42184,Capreolus capreolus,published,https://en.wikipedia.org/wiki/Capreolus capreolus,none
42223,Odocoileus virginianus,published,https://en.wikipedia.org/wiki/Odocoileus virginianus,none
42278,Aepyceros melampus,published,https://en.wikipedia.org/wiki/Aepyceros melampus,none
42280,Connochaetes taurinus,published,https://en.wikipedia.org/wiki/Connochaetes taurinus,none
42304,Redunca redunca,published,https://en.wikipedia.org/wiki/Redunca redunca,none
42328,Kobus ellipsiprymnus,published,https://en.wikipedia.org/wiki/Kobus ellipsiprymnus,none
42330,Kobus kob,published,https://en.wikipedia.org/wiki/Kobus kob,none
42332,Hippotragus equinus,published,https://en.wikipedia.org/wiki/Hippotragus equinus,none
42338,Tragelaphus spekii,published,https://en.wikipedia.org/wiki/Tragelaphus spekii,none
42339,Tragelaphus strepsiceros,published,https://en.wikipedia.org/wiki/Tragelaphus strepsiceros,none
42340,Tragelaphus imberbis,published,https://en.wikipedia.org/wiki/Tragelaphus imberbis,none
42341,Tragelaphus scriptus,published,https://en.wikipedia.org/wiki/Tragelaphus sylvaticus,none
42343,Tragelaphus buxtoni,published,https://en.wikipedia.org/wiki/Tragelaphus buxtoni,none
42346,Rupicapra pyrenaica,published,https://en.wikipedia.org/wiki/Rupicapra pyrenaica,none
42347,Rupicapra rupicapra,published,https://en.wikipedia.org/wiki/Rupicapra rupicapra,none
42350,Capra pyrenaica,published,https://en.wikipedia.org/wiki/Capra pyrenaica,none
42354,Capra walie,published,https://en.wikipedia.org/wiki/Capra walie,none
42357,Capra ibex,published,https://en.wikipedia.org/wiki/Capra ibex,none
42359,Madoqua guentheri,published,https://en.wikipedia.org/wiki/Madoqua guentheri,none
42360,Madoqua kirkii,published,https://en.wikipedia.org/wiki/Madoqua kirkii,none
42362,Madoqua saltiana,published,https://en.wikipedia.org/wiki/Madoqua saltiana,none
42364,Litocranius walleri,published,https://en.wikipedia.org/wiki/Litocranius walleri,none
42375,Raphicerus campestris,published,https://en.wikipedia.org/wiki/Raphicerus campestris,none
42380,Ourebia ourebi,published,https://en.wikipedia.org/wiki/Ourebia ourebi,none
42384,Oreotragus oreotragus,published,https://en.wikipedia.org/wiki/Oreotragus oreotragus,none
42405,Syncerus caffer,published,https://en.wikipedia.org/wiki/Syncerus caffer,none
42418,Alcelaphus buselaphus,published,https://en.wikipedia.org/wiki/Alcelaphus buselaphus,none
42422,Ammotragus lervia,published,https://en.wikipedia.org/wiki/Ammotragus lervia,none
42424,Sylvicapra grimmia,published,https://en.wikipedia.org/wiki/Sylvicapra grimmia,none
42649,Didelphis marsupialis,published,https://en.wikipedia.org/wiki/Didelphis marsupialis,none
43024,Hemiechinus auritus,published,https://en.wikipedia.org/wiki/Hemiechinus auritus,none
43042,Erinaceus europaeus,published,https://en.wikipedia.org/wiki/Erinaceus europaeus,none
43043,Erinaceus concolor,published,https://en.wikipedia.org/wiki/Erinaceus concolor,none
43048,Erinaceus roumanicus,published,https://en.wikipedia.org/wiki/Erinaceus roumanicus,none
43055,Atelerix albiventris,published,https://en.wikipedia.org/wiki/Atelerix albiventris,none
43059,Atelerix algirus,published,https://en.wikipedia.org/wiki/Atelerix algirus,none
43086,Procavia capensis,published,https://en.wikipedia.org/wiki/Rock Hyrax,none
43088,Heterohyrax brucei,published,https://en.wikipedia.org/wiki/Heterohyrax brucei,none
43092,Dendrohyrax arboreus,published,https://en.wikipedia.org/wiki/Dendrohyrax arboreus,none
43111,Sylvilagus floridanus,published,https://en.wikipedia.org/wiki/Sylvilagus floridanus,none
43118,Lepus castroviejoi,published,https://en.wikipedia.org/wiki/Lepus castroviejoi,none
43119,Lepus granatensis,published,https://en.wikipedia.org/wiki/Lepus granatensis,none
43128,Lepus europaeus,published,https://en.wikipedia.org/wiki/Lepus europaeus,none
43137,Lepus starcki,published,https://en.wikipedia.org/wiki/Lepus starcki,none
43143,Lepus corsicanus,published,https://en.wikipedia.org/wiki/Lepus corsicanus,none
43151,Oryctolagus cuniculus,published,https://en.wikipedia.org/wiki/Oryctolagus cuniculus,none
43222,Rhynchocyon chrysopygus,published,https://en.wikipedia.org/wiki/Rhynchocyon chrysopygus,none
43224,Rhynchocyon petersi,published,https://en.wikipedia.org/wiki/Rhynchocyon petersi,none
43226,Petrodromus tetradactylus,published,https://en.wikipedia.org/wiki/Petrodromus tetradactylus,none
43335,Equus quagga,published,https://en.wikipedia.org/wiki/Equus quagga,none
43339,Equus grevyi,published,https://en.wikipedia.org/wiki/Equus grevyi,none
43348,Ceratotherium simum,published,https://en.wikipedia.org/wiki/Ceratotherium simum,none
43350,Diceros bicornis,published,https://en.wikipedia.org/wiki/Diceros bicornis,none
43428,Saimiri sciureus,published,https://en.wikipedia.org/wiki/Saimiri sciureus,none
43460,Macaca mulatta,published,https://en.wikipedia.org/wiki/Macaca mulatta,none
43462,Erythrocebus patas,published,https://en.wikipedia.org/wiki/Erythrocebus patas,none
43468,Cercocebus galeritus,published,https://en.wikipedia.org/wiki/Cercocebus galeritus,none
43473,Cercopithecus neglectus,published,https://en.wikipedia.org/wiki/Cercopithecus neglectus,none
43480,Cercopithecus ascanius,published,https://en.wikipedia.org/wiki/Cercopithecus ascanius,none
43486,Cercopithecus mitis,published,https://en.wikipedia.org/wiki/Cercopithecus mitis,none
43523,Chlorocebus aethiops,published,https://en.wikipedia.org/wiki/Chlorocebus aethiops,none
43525,Colobus angolensis,published,https://en.wikipedia.org/wiki/Colobus angolensis,none
43530,Theropithecus gelada,published,https://en.wikipedia.org/wiki/Theropithecus gelada,none
43535,Papio hamadryas,published,https://en.wikipedia.org/wiki/Papio hamadryas,none
43564,Galago gallarum,published,https://en.wikipedia.org/wiki/Galago gallarum,none
43565,Galago senegalensis,published,https://en.wikipedia.org/wiki/Galago senegalensis,none
43567,Otolemur crassicaudatus,published,https://en.wikipedia.org/wiki/Otolemur crassicaudatus,none
43568,Otolemur garnettii,published,https://en.wikipedia.org/wiki/Otolemur garnettii,none
43694,Loxodonta africana,published,https://en.wikipedia.org/wiki/Loxodonta africana,none
43746,Heterocephalus glaber,published,https://en.wikipedia.org/wiki/Heterocephalus glaber,none
43769,Capromys pilorides,published,https://en.wikipedia.org/wiki/Capromys pilorides,none
43774,Plagiodontia aedium,published,https://en.wikipedia.org/wiki/Plagiodontia aedium,none
43778,Geocapromys brownii,missing,,source_or_waive
43779,Geocapromys ingrahami,missing,,source_or_waive
43781,Mysateles prehensilis,published,https://en.wikipedia.org/wiki/Mysateles prehensilis,none
43789,Isolobodon portoricensis,published,https://en.wikipedia.org/wiki/Isolobodon portoricensis,none
43793,Castor fiber,published,https://en.wikipedia.org/wiki/Castor fiber,none
43997,Myocastor coypus,published,https://en.wikipedia.org/wiki/Myocastor coypus,none
44171,Hystrix cristata,published,https://en.wikipedia.org/wiki/Hystrix cristata,none
44276,Microtus duodecimcostatus,published,https://en.wikipedia.org/wiki/Microtus duodecimcostatus,none
44280,Microtus arvalis,published,https://en.wikipedia.org/wiki/Microtus arvalis,none
44282,Microtus agrestis,published,https://en.wikipedia.org/wiki/Microtus agrestis,none
44302,Microtus lusitanicus,published,https://en.wikipedia.org/wiki/Microtus lusitanicus,none
44575,Rattus rattus,published,https://en.wikipedia.org/wiki/Rattus rattus,none
44576,Rattus norvegicus,published,https://en.wikipedia.org/wiki/Rattus norvegicus,none
44688,Mus spretus,published,https://en.wikipedia.org/wiki/Mus spretus,none
44705,Mus musculus,published,https://en.wikipedia.org/wiki/Mus musculus,none
44950,Lophiomys imhausi,published,https://en.wikipedia.org/wiki/Lophiomys imhausi,none
44990,Tachyoryctes macrocephalus,published,https://en.wikipedia.org/wiki/Tachyoryctes macrocephalus,none
45316,Micromys minutus,published,https://en.wikipedia.org/wiki/Micromys minutus,none
45459,Chionomys nivalis,published,https://en.wikipedia.org/wiki/Chionomys nivalis,none
45496,Lemniscomys striatus,published,https://en.wikipedia.org/wiki/Lemniscomys striatus,none
45550,Apodemus flavicollis,published,https://en.wikipedia.org/wiki/Apodemus flavicollis,none
45562,Apodemus sylvaticus,published,https://en.wikipedia.org/wiki/Apodemus sylvaticus,none
45568,Apodemus agrarius,published,https://en.wikipedia.org/wiki/Apodemus agrarius,none
45669,Arvicanthis blicki,published,https://en.wikipedia.org/wiki/Arvicanthis blicki,none
45671,Arvicanthis niloticus,published,https://en.wikipedia.org/wiki/Arvicanthis niloticus,none
45748,Arvicola sapidus,published,https://en.wikipedia.org/wiki/Arvicola sapidus,none
45856,Muscardinus avellanarius,published,https://en.wikipedia.org/wiki/Muscardinus avellanarius,none
45863,Eliomys quercinus,published,https://en.wikipedia.org/wiki/Eliomys quercinus,none
45949,Callosciurus finlaysonii,published,https://en.wikipedia.org/wiki/Callosciurus finlaysonii,none
45962,Funisciurus carruthersi,published,https://en.wikipedia.org/wiki/Funisciurus carruthersi,none
46001,Sciurus vulgaris,published,https://en.wikipedia.org/wiki/Sciurus vulgaris,none
46010,Sciurus granatensis,published,https://en.wikipedia.org/wiki/Sciurus granatensis,none
46015,Sciurus anomalus,published,https://en.wikipedia.org/wiki/Sciurus anomalus,none
46017,Sciurus carolinensis,published,https://en.wikipedia.org/wiki/Sciurus carolinensis,none
46037,Spermophilus citellus,published,https://en.wikipedia.org/wiki/Spermophilus citellus,none
46082,Marmota marmota,published,https://en.wikipedia.org/wiki/Marmota marmota,none
46107,Paraxerus vexillarius,published,https://en.wikipedia.org/wiki/Paraxerus vexillarius,none
46109,Paraxerus alexandri,published,https://en.wikipedia.org/wiki/Paraxerus alexandri,none
46111,Paraxerus flavovittis,published,https://en.wikipedia.org/wiki/Paraxerus flavovittis,none
46113,Paraxerus palliatus,missing,,source_or_waive
46114,Paraxerus boehmi,published,https://en.wikipedia.org/wiki/Paraxerus boehmi,none
46116,Paraxerus ochraceus,published,https://en.wikipedia.org/wiki/Paraxerus ochraceus,none
46191,Heliosciurus undulatus,published,https://en.wikipedia.org/wiki/Heliosciurus undulatus,none
46192,Heliosciurus ruwenzorii,published,https://en.wikipedia.org/wiki/Heliosciurus ruwenzorii,none
46195,Heliosciurus gambianus,published,https://en.wikipedia.org/wiki/Heliosciurus gambianus,none
46196,Heliosciurus rufobrachium,published,https://en.wikipedia.org/wiki/Heliosciurus rufobrachium,none
46202,Protoxerus stangeri,published,https://en.wikipedia.org/wiki/Protoxerus stangeri,none
46206,Xerus rutilus,published,https://en.wikipedia.org/wiki/Xerus rutilus,none
46241,Atlantoxerus getulus,published,https://en.wikipedia.org/wiki/Atlantoxerus getulus,none
46316,Trichechus manatus,published,https://en.wikipedia.org/wiki/Trichechus manatus,none
46337,Solenodon paradoxus,published,https://en.wikipedia.org/wiki/Solenodon paradoxus,none
46367,Sorex antinorii,published,https://en.wikipedia.org/wiki/Sorex antinorii,none
46412,Sorex alpinus,published,https://en.wikipedia.org/wiki/Sorex alpinus,none
46414,Sorex araneus,published,https://en.wikipedia.org/wiki/Sorex araneus,none
46471,Sorex minutus,published,https://en.wikipedia.org/wiki/Sorex minutus,none
46640,Crocidura russula,published,https://en.wikipedia.org/wiki/Crocidura russula,none
46663,Crocidura leucodon,published,https://en.wikipedia.org/wiki/Crocidura leucodon,none
46859,Neomys fodiens,published,https://en.wikipedia.org/wiki/Neomys fodiens,none
46969,Talpa occidentalis,published,https://en.wikipedia.org/wiki/Talpa occidentalis,none
46970,Talpa europaea,published,https://en.wikipedia.org/wiki/Talpa europaea,none
47062,Orycteropus afer,published,https://en.wikipedia.org/wiki/Orycteropus afer,none
47144,Canis familiaris,published,https://en.wikipedia.org/wiki/Canis familiaris,none
47227,Caranx latus,published,https://en.wikipedia.org/wiki/Caranx latus,none
47235,Holacanthus ciliaris,published,https://en.wikipedia.org/wiki/Holacanthus ciliaris,none
47238,Aulostomus maculatus,published,https://en.wikipedia.org/wiki/Aulostomus maculatus,none
47239,Aulostomus chinensis,published,https://en.wikipedia.org/wiki/Aulostomus chinensis,none
47241,Aulostomus strigosus,published,https://en.wikipedia.org/wiki/Aulostomus strigosus,none
47251,Sphyraena barracuda,published,https://en.wikipedia.org/wiki/Sphyraena barracuda,none
47260,Sphyraena viridensis,published,https://en.wikipedia.org/wiki/Sphyraena viridensis,none
47280,Pterois volitans,published,https://en.wikipedia.org/wiki/Pterois volitans,none
47292,Ocyurus chrysurus,published,https://en.wikipedia.org/wiki/Ocyurus chrysurus,none
47299,Panulirus argus,published,https://en.wikipedia.org/wiki/Panulirus argus,none
47316,Chaetodon lunula,published,https://en.wikipedia.org/wiki/Chaetodon lunula,none
47516,Oncorhynchus mykiss,published,https://en.wikipedia.org/wiki/Oncorhynchus mykiss,none
47518,Salmo trutta,published,https://en.wikipedia.org/wiki/Salmo trutta,none
47527,Ostracion meleagris,published,https://en.wikipedia.org/wiki/Ostracion meleagris,none
47578,Paracirrhites arcatus,published,https://en.wikipedia.org/wiki/Paracirrhites arcatus,none
47761,Mycteroperca bonaci,published,https://en.wikipedia.org/wiki/Mycteroperca bonaci,none
48744,Chaetodon trifasciatus,published,https://en.wikipedia.org/wiki/Chaetodon trifasciatus,none
48844,Echeneis naucrates,published,https://en.wikipedia.org/wiki/Echeneis naucrates,none
49210,Plotosus lineatus,published,https://en.wikipedia.org/wiki/Plotosus lineatus,none
49244,Scorpaena plumieri,published,https://en.wikipedia.org/wiki/Scorpaena plumieri,none
49248,Myrichthys breviceps,published,https://en.wikipedia.org/wiki/Myrichthys breviceps,none
49256,Gymnothorax miliaris,published,https://en.wikipedia.org/wiki/Gymnothorax miliaris,none
49257,Pomacanthus paru,published,https://en.wikipedia.org/wiki/Pomacanthus paru,none
49262,Haemulon sciurus,published,https://en.wikipedia.org/wiki/Haemulon sciurus,none
49265,Sphoeroides spengleri,published,https://en.wikipedia.org/wiki/Sphoeroides spengleri,none
49269,Diodon holocanthus,published,https://en.wikipedia.org/wiki/Diodon holocanthus,none
49272,Halichoeres bivittatus,published,https://en.wikipedia.org/wiki/Halichoeres bivittatus,none
49273,Chaetodon ocellatus,published,https://en.wikipedia.org/wiki/Chaetodon ocellatus,none
49275,Cantherhines pullus,published,https://en.wikipedia.org/wiki/Cantherhines pullus,none
49300,Pempheris schomburgkii,missing,,source_or_waive
49303,Dascyllus trimaculatus,published,https://en.wikipedia.org/wiki/Dascyllus trimaculatus,none
49304,Stegastes planifrons,published,https://en.wikipedia.org/wiki/Stegastes planifrons,none
49316,Chaetodipterus faber,published,https://en.wikipedia.org/wiki/Chaetodipterus faber,none
49364,Gymnothorax richardsonii,missing,,source_or_waive
49378,Ostracion cubicum,published,https://en.wikipedia.org/wiki/Ostracion cubicum,none
49401,Abudefduf sexfasciatus,published,https://en.wikipedia.org/wiki/Abudefduf sexfasciatus,none
49402,Abudefduf saxatilis,published,https://en.wikipedia.org/wiki/Abudefduf saxatilis,none
49403,Abudefduf vaigiensis,published,https://en.wikipedia.org/wiki/Abudefduf vaigiensis,none
49404,Synodus intermedius,published,https://en.wikipedia.org/wiki/Synodus intermedius,none
49427,Pomacanthus arcuatus,published,https://en.wikipedia.org/wiki/Pomacanthus arcuatus,none
49428,Bodianus rufus,published,https://en.wikipedia.org/wiki/Bodianus rufus,none
49432,Lachnolaimus maximus,published,https://en.wikipedia.org/wiki/Lachnolaimus maximus,none
49491,Thalassoma bifasciatum,published,https://en.wikipedia.org/wiki/Thalassoma bifasciatum,none
49495,Holacanthus tricolor,published,https://en.wikipedia.org/wiki/Holacanthus tricolor,none
49496,Epinephelus adscensionis,published,https://en.wikipedia.org/wiki/Epinephelus adscensionis,none
49498,Aluterus scriptus,published,https://en.wikipedia.org/wiki/Aluterus scriptus,none
49509,Lutjanus griseus,published,https://en.wikipedia.org/wiki/Lutjanus griseus,none
49606,Balistes capriscus,published,https://en.wikipedia.org/wiki/Balistes capriscus,none
49614,Lepomis gibbosus,published,https://en.wikipedia.org/wiki/Lepomis gibbosus,none
49617,Scomberomorus regalis,published,https://en.wikipedia.org/wiki/Scomberomorus regalis,none
49624,Myripristis jacobus,published,https://en.wikipedia.org/wiki/Myripristis jacobus,none
49625,Holocentrus rufus,published,https://en.wikipedia.org/wiki/Holocentrus rufus,none
49626,Holocentrus adscensionis,published,https://en.wikipedia.org/wiki/Holocentrus adscensionis,none
49639,Cephalopholis miniata,published,https://en.wikipedia.org/wiki/Cephalopholis miniata,none
49641,Zebrasoma scopas,published,https://en.wikipedia.org/wiki/Zebrasoma scopas,none
49690,Scarus iseri,published,https://en.wikipedia.org/wiki/Scarus iseri,none
49746,Epinephelus striatus,published,https://en.wikipedia.org/wiki/Epinephelus striatus,none
49747,Serranus tigrinus,published,https://en.wikipedia.org/wiki/Serranus tigrinus,none
49753,Microspathodon chrysurus,published,https://en.wikipedia.org/wiki/Microspathodon chrysurus,none
49922,Stegastes nigricans,published,https://en.wikipedia.org/wiki/Stegastes nigricans,none
49923,Stegastes adustus,published,https://en.wikipedia.org/wiki/Stegastes adustus,none
49925,Acanthostracion quadricornis,published,https://en.wikipedia.org/wiki/Acanthostracion quadricornis,none
49929,Sparisoma chrysopterum,published,https://en.wikipedia.org/wiki/Sparisoma chrysopterum,none
49942,Halichoeres radiatus,published,https://en.wikipedia.org/wiki/Halichoeres radiatus,none
49946,Halichoeres garnoti,published,https://en.wikipedia.org/wiki/Halichoeres garnoti,none
49947,Anisotremus virginicus,missing,,source_or_waive
49950,Haemulon aurolineatum,missing,,source_or_waive
49951,Haemulon plumierii,published,https://en.wikipedia.org/wiki/Haemulon plumierii,none
49953,Haemulon album,published,https://en.wikipedia.org/wiki/Haemulon album,none
49979,Gymnomuraena zebra,published,https://en.wikipedia.org/wiki/Gymnomuraena zebra,none
49984,Diplodus cervinus,published,https://en.wikipedia.org/wiki/Diplodus cervinus,none
50968,Coris julis,published,https://en.wikipedia.org/wiki/Coris julis,none
50972,Thalassoma pavo,published,https://en.wikipedia.org/wiki/Thalassoma pavo,none
51376,Dactyloptena orientalis,published,https://en.wikipedia.org/wiki/Dactyloptena orientalis,none
51401,Trachinotus ovatus,published,https://en.wikipedia.org/wiki/Trachinotus ovatus,none
51402,Megalops atlanticus,published,https://en.wikipedia.org/wiki/Megalops atlanticus,none
51549,Seriola dumerili,published,https://en.wikipedia.org/wiki/Seriola dumerili,none
51940,Hemidactylus frenatus,published,https://en.wikipedia.org/wiki/Hemidactylus frenatus,none
52166,Rypticus saponaceus,missing,,source_or_waive
52293,Pareques acuminatus,published,https://en.wikipedia.org/wiki/Pareques acuminatus,none
52296,Anisotremus surinamensis,missing,,source_or_waive
52313,Diodon hystrix,published,https://en.wikipedia.org/wiki/Diodon hystrix,none
52399,Gymnothorax undulatus,published,https://en.wikipedia.org/wiki/Gymnothorax undulatus,none
52456,Cephalopholis argus,missing,,source_or_waive
52457,Chaetodon auriga,published,https://en.wikipedia.org/wiki/Chaetodon auriga,none
52460,Tylosurus crocodilus,published,https://en.wikipedia.org/wiki/Tylosurus crocodilus,none
52464,Melichthys niger,published,https://en.wikipedia.org/wiki/Melichthys niger,none
52465,Sufflamen chrysopterum,published,https://en.wikipedia.org/wiki/Sufflamen chrysopterum,none
52498,Scarus psittacus,published,https://en.wikipedia.org/wiki/Scarus psittacus,none
52509,Gomphosus caeruleus,published,https://en.wikipedia.org/wiki/Gomphosus caeruleus,none
52554,Symphodus tinca,published,https://en.wikipedia.org/wiki/Symphodus tinca,none
52956,Chaetodon capistratus,published,https://en.wikipedia.org/wiki/Chaetodon capistratus,none
53567,Sargocentron diadema,published,https://en.wikipedia.org/wiki/Sargocentron diadema,none
53645,Chalcides ocellatus,published,https://en.wikipedia.org/wiki/Chalcides ocellatus,none
53646,Chalcides chalcides,published,https://en.wikipedia.org/wiki/Chalcides chalcides,none
53696,Diplodus puntazzo,published,https://en.wikipedia.org/wiki/Diplodus puntazzo,none
53911,Cyprinus carpio,published,https://en.wikipedia.org/wiki/Cyprinus carpio,none
54441,Echidna nebulosa,published,https://en.wikipedia.org/wiki/Echidna nebulosa,none
54679,Myrichthys maculosus,missing,,source_or_waive
55016,Dactylopterus volitans,published,https://en.wikipedia.org/wiki/Dactylopterus volitans,none
55371,Saxicola torquatus,published,https://en.wikipedia.org/wiki/Saxicola torquatus,none
55387,Esox lucius,published,https://en.wikipedia.org/wiki/Esox lucius,none
55908,Lepus timidus,published,https://en.wikipedia.org/wiki/Lepus timidus,none
55990,Podarcis muralis,published,https://en.wikipedia.org/wiki/Podarcis muralis,none
56559,Epinephelus fuscoguttatus,published,https://en.wikipedia.org/wiki/Epinephelus fuscoguttatus,none
56629,Psammophis mossambicus,published,https://en.wikipedia.org/wiki/Psammophis mossambicus,none
57338,Abudefduf taurus,published,https://en.wikipedia.org/wiki/Abudefduf taurus,none
57399,Fistularia commersonii,published,https://en.wikipedia.org/wiki/Fistularia commersonii,none
57534,Miniopterus schreibersii,published,https://en.wikipedia.org/wiki/Miniopterus schreibersii,none
57560,Lepus capensis,published,https://en.wikipedia.org/wiki/Lepus capensis,none
57743,Balistapus undulatus,published,https://en.wikipedia.org/wiki/Balistapus undulatus,none
59202,Larus michahellis,published,https://en.wikipedia.org/wiki/Larus michahellis,none
59845,Falco naumanni,published,https://en.wikipedia.org/wiki/Falco naumanni,none
59931,Acanthurus triostegus,published,https://en.wikipedia.org/wiki/Acanthurus triostegus,none
62148,Chlidonias hybrida,published,https://en.wikipedia.org/wiki/Chlidonias hybrida,none
62529,Platalea ajaja,published,https://en.wikipedia.org/wiki/Platalea ajaja,none
62550,Seiurus aurocapilla,published,https://en.wikipedia.org/wiki/Seiurus aurocapilla,none
62600,Haemulon flavolineatum,published,https://en.wikipedia.org/wiki/Haemulon flavolineatum,none
62606,Malacoctenus triangulatus,published,https://en.wikipedia.org/wiki/Malacoctenus triangulatus,none
63412,Ophioblennius atlanticus,published,https://en.wikipedia.org/wiki/Ophioblennius atlanticus,none
63415,Heteropriacanthus cruentatus,published,https://en.wikipedia.org/wiki/Heteropriacanthus cruentatus,none
63418,Lutjanus cyanopterus,published,https://en.wikipedia.org/wiki/Lutjanus cyanopterus,none
63718,Albula vulpes,published,https://en.wikipedia.org/wiki/Albula vulpes,none
64004,Magliophis exiguus,published,https://en.wikipedia.org/wiki/Magliophis exiguus,none
64078,Telescopus fallax,published,https://en.wikipedia.org/wiki/Telescopus fallax,none
64346,Natrix tessellata,published,https://en.wikipedia.org/wiki/Natrix tessellata,none
64373,Calotriton asper,published,https://en.wikipedia.org/wiki/Calotriton asper,none
64377,Lissotriton helveticus,published,https://en.wikipedia.org/wiki/Lissotriton helveticus,none
64378,Lissotriton boscai,published,https://en.wikipedia.org/wiki/Lissotriton boscai,none
64380,Lissotriton italicus,published,https://en.wikipedia.org/wiki/Lissotriton italicus,none
64384,Salamandrina perspicillata,published,https://en.wikipedia.org/wiki/Salamandrina perspicillata,none
64470,Mycteroperca tigris,missing,,source_or_waive
64490,Synanceia verrucosa,published,https://en.wikipedia.org/wiki/Synanceia verrucosa,none
64705,Delichon urbicum,published,https://en.wikipedia.org/wiki/Delichon urbicum,none
64833,Afrixalus clarkei,published,https://en.wikipedia.org/wiki/Afrixalus clarkei,none
64834,Afrixalus dorsimaculatus,published,https://en.wikipedia.org/wiki/Afrixalus dorsimaculatus,none
64835,Afrixalus quadrivittatus,published,https://en.wikipedia.org/wiki/Afrixalus quadrivittatus,none
64917,Amietia tenuoplicata,missing,,source_or_waive
65061,Arthroleptis xenodactyloides,published,https://en.wikipedia.org/wiki/Arthroleptis xenodactyloides,none
65443,Eleutherodactylus rogersi,missing,,source_or_waive
65450,Epidalea calamita,published,https://en.wikipedia.org/wiki/Epidalea calamita,none
65579,Hylarana galamensis,published,https://en.wikipedia.org/wiki/Hylarana galamensis,none
65731,Hyperolius substriatus,missing,,source_or_waive
65979,Lithobates catesbeianus,published,https://en.wikipedia.org/wiki/Lithobates catesbeianus,none
66319,Pelophylax cretensis,published,https://en.wikipedia.org/wiki/Pelophylax cretensis,none
66321,Pelophylax epeiroticus,published,https://en.wikipedia.org/wiki/Pelophylax epeiroticus,none
66331,Pelophylax perezi,published,https://en.wikipedia.org/wiki/Pelophylax perezi,none
66340,Peltophryne empusa,published,https://en.wikipedia.org/wiki/Peltophryne empusa,none
66341,Peltophryne florentinoi,missing,,source_or_waive
66344,Peltophryne fustiger,published,https://en.wikipedia.org/wiki/Peltophryne fustiger,none
66345,Peltophryne guentheri,published,https://en.wikipedia.org/wiki/Peltophryne guentheri,none
66347,Peltophryne lemur,published,https://en.wikipedia.org/wiki/Peltophryne lemur,none
66349,Peltophryne peltocephala,published,https://en.wikipedia.org/wiki/Peltophryne peltocephala,none
66350,Peltophryne taladai,published,https://en.wikipedia.org/wiki/Peltophryne taladai,none
66424,Phrynobatrachus scheffleri,missing,,source_or_waive
66425,Phrynobatrachus ungujae,missing,,source_or_waive
67273,Xenopus victorianus,missing,,source_or_waive
67433,Kinixys spekii,published,https://en.wikipedia.org/wiki/Kinixys spekii,none
67658,Paracirrhites forsteri,missing,,source_or_waive
67683,Papio cynocephalus,published,https://en.wikipedia.org/wiki/Papio cynocephalus,none
67963,Thalassoma hardwicke,published,https://en.wikipedia.org/wiki/Thalassoma hardwicke,none
67967,Thecadactylus rapicauda,published,https://en.wikipedia.org/wiki/Thecadactylus rapicauda,none
68028,Chlorurus sordidus,published,https://en.wikipedia.org/wiki/Chlorurus sordidus,none
68137,Chlorocebus pygerythrus,published,https://en.wikipedia.org/wiki/Chlorocebus pygerythrus,none
68492,Hemidactylus mabouia,published,https://en.wikipedia.org/wiki/Hemidactylus mabouia,none
68720,Periophthalmus argentilineatus,published,https://en.wikipedia.org/wiki/Periophthalmus argentilineatus,none
69858,Platax orbicularis,missing,,source_or_waive
69859,Platax teira,published,https://en.wikipedia.org/wiki/Platax teira,none
70617,Eleutherodactylus paralius,published,https://en.wikipedia.org/wiki/Eleutherodactylus paralius,none
70646,Hyla molleri,published,https://en.wikipedia.org/wiki/Hyla molleri,none
70647,Hyla orientalis,published,https://en.wikipedia.org/wiki/Hyla orientalis,none
71085,Varanus niloticus,published,https://en.wikipedia.org/wiki/Varanus niloticus,none
71212,Testudo hermanni,published,https://en.wikipedia.org/wiki/Testudo hermanni,none
72458,Actitis macularius,published,https://en.wikipedia.org/wiki/Actitis macularius,none
72486,Alopochen aegyptiaca,published,https://en.wikipedia.org/wiki/Alopochen aegyptiaca,none
72516,Tachymarptis melba,published,https://en.wikipedia.org/wiki/Tachymarptis melba,none
72572,Bucanetes githagineus,published,https://en.wikipedia.org/wiki/Bucanetes githagineus,none
72578,Buteogallus gundlachii,published,https://en.wikipedia.org/wiki/Buteogallus gundlachii,none
72729,Cisticola chiniana,missing,,source_or_waive
72742,Coccyzus longirostris,published,https://en.wikipedia.org/wiki/Coccyzus longirostris,none
72743,Coccyzus merlini,published,https://en.wikipedia.org/wiki/Coccyzus merlini,none
72744,Coccyzus pluvialis,published,https://en.wikipedia.org/wiki/Coccyzus pluvialis,none
72745,Coccyzus rufigularis,published,https://en.wikipedia.org/wiki/Coccyzus rufigularis,none
72746,Coccyzus vetula,published,https://en.wikipedia.org/wiki/Coccyzus vetula,none
72747,Coccyzus vieilloti,published,https://en.wikipedia.org/wiki/Coccyzus vieilloti,none
72762,Urolestes melanoleucus,published,https://en.wikipedia.org/wiki/Urolestes melanoleucus,none
72912,Helmitheros vermivorum,published,https://en.wikipedia.org/wiki/Helmitheros vermivorum,none
72950,Icterus melanopsis,published,https://en.wikipedia.org/wiki/Icterus melanopsis,none
72951,Icterus northropi,published,https://en.wikipedia.org/wiki/Icterus northropi,none
72952,Icterus portoricensis,published,https://en.wikipedia.org/wiki/Icterus portoricensis,none
72967,Lamprotornis purpuroptera,missing,,source_or_waive
73010,Megaceryle maxima,published,https://en.wikipedia.org/wiki/Megaceryle maxima,none
73148,Parkesia motacilla,published,https://en.wikipedia.org/wiki/Parkesia motacilla,none
73149,Parkesia noveboracensis,published,https://en.wikipedia.org/wiki/Parkesia noveboracensis,none
73222,Phoenicopterus roseus,published,https://en.wikipedia.org/wiki/Phoenicopterus roseus,none
73315,Puffinus mauretanicus,published,https://en.wikipedia.org/wiki/Puffinus mauretanicus,none
73410,Spindalis dominicensis,published,https://en.wikipedia.org/wiki/Spindalis dominicensis,none
73411,Spindalis nigricephala,missing,,source_or_waive
73412,Spindalis portoricensis,published,https://en.wikipedia.org/wiki/Spindalis portoricensis,none
73475,Tchagra senegalus,published,https://en.wikipedia.org/wiki/Tchagra senegalus,none
73504,Tiaris olivaceus,published,https://en.wikipedia.org/wiki/Tiaris olivaceus,none
73533,Turdoides hypoleuca,published,https://en.wikipedia.org/wiki/Turdoides hypoleuca,none
73585,Ablepharus kitaibelii,published,https://en.wikipedia.org/wiki/Ablepharus kitaibelii,none
73702,Blanus cinereus,published,https://en.wikipedia.org/wiki/Blanus cinereus,none
73747,Dalmatolacerta oxycephala,published,https://en.wikipedia.org/wiki/Dalmatolacerta oxycephala,none
73817,Hellenolacerta graeca,published,https://en.wikipedia.org/wiki/Hellenolacerta graeca,none
73821,Hemorrhois hippocrepis,published,https://en.wikipedia.org/wiki/Hemorrhois hippocrepis,none
73823,Hierophis viridiflavus,published,https://en.wikipedia.org/wiki/Hierophis viridiflavus,none
73829,Iberolacerta cyreni,published,https://en.wikipedia.org/wiki/Iberolacerta cyreni,none
73858,Macroprotodon brevis,published,https://en.wikipedia.org/wiki/Macroprotodon brevis,none
73903,Phoenicolacerta troodica,published,https://en.wikipedia.org/wiki/Phoenicolacerta troodica,none
73910,Platyceps najadum,published,https://en.wikipedia.org/wiki/Platyceps najadum,none
73917,Podarcis milensis,published,https://en.wikipedia.org/wiki/Podarcis milensis,none
73918,Podarcis peloponnesiacus,published,https://en.wikipedia.org/wiki/Podarcis peloponnesiacus,none
73921,Podarcis vaucheri,published,https://en.wikipedia.org/wiki/Podarcis vaucheri,none
73922,Podarcis waglerianus,published,https://en.wikipedia.org/wiki/Podarcis waglerianus,none
73966,Tarentola delalandii,published,https://en.wikipedia.org/wiki/Tarentola delalandii,none
73972,Timon lepidus,published,https://en.wikipedia.org/wiki/Timon lepidus,none
74008,Zamenis lineatus,published,https://en.wikipedia.org/wiki/Zamenis lineatus,none
74009,Zamenis longissimus,published,https://en.wikipedia.org/wiki/Zamenis longissimus,none
74011,Zamenis situla,published,https://en.wikipedia.org/wiki/Zamenis situla,none
74108,Beatragus hunteri,published,https://en.wikipedia.org/wiki/Beatragus hunteri,none
74113,Bos taurus,published,https://en.wikipedia.org/wiki/Bos taurus,none
74183,Chilonatalus micropus,published,https://en.wikipedia.org/wiki/Chilonatalus micropus,none
74184,Chilonatalus tumidifrons,published,https://en.wikipedia.org/wiki/Chilonatalus tumidifrons,none
74190,Chlorocebus sabaeus,published,https://en.wikipedia.org/wiki/Chlorocebus sabaeus,none
74191,Chlorocebus tantalus,published,https://en.wikipedia.org/wiki/Chlorocebus tantalus,none
74317,Erophylla bombifrons,published,https://en.wikipedia.org/wiki/Erophylla bombifrons,none
74321,Eudorcas thomsonii,published,https://en.wikipedia.org/wiki/Eudorcas thomsonii,none
74383,Glis glis,published,https://en.wikipedia.org/wiki/Glis glis,none
74414,Herpestes sanguineus,published,https://en.wikipedia.org/wiki/Herpestes sanguineus,none
74503,Lepus habessinicus,published,https://en.wikipedia.org/wiki/Lepus habessinicus,none
74647,Mormoops blainvillei,published,https://en.wikipedia.org/wiki/Mormoops blainvillei,none
74715,Myotis occultus,published,https://en.wikipedia.org/wiki/Myotis occultus,none
74724,Nanger granti,published,https://en.wikipedia.org/wiki/Nanger granti,none
74725,Nanger soemmerringii,published,https://en.wikipedia.org/wiki/Nanger soemmerringii,none
74770,Nesotragus moschatus,published,https://en.wikipedia.org/wiki/Nesotragus moschatus,none
74795,Nycticeius cubanus,published,https://en.wikipedia.org/wiki/Nycticeius cubanus,none
74796,Nyctiellus lepidus,published,https://en.wikipedia.org/wiki/Nyctiellus lepidus,none
74832,Papio anubis,published,https://en.wikipedia.org/wiki/Papio anubis,none
74851,Pedetes surdaster,published,https://en.wikipedia.org/wiki/Pedetes surdaster,none
74866,Phataginus tricuspis,published,https://en.wikipedia.org/wiki/Phataginus tricuspis,none
74890,Physeter macrocephalus,published,https://en.wikipedia.org/wiki/Physeter macrocephalus,none
74908,Pipistrellus pygmaeus,published,https://en.wikipedia.org/wiki/Pipistrellus pygmaeus,none
75042,Rousettus aegyptiacus,published,https://en.wikipedia.org/wiki/Rousettus aegyptiacus,none
75192,Tragelaphus oryx,published,https://en.wikipedia.org/wiki/Tragelaphus oryx,none
81525,Cyclura nubila,published,https://en.wikipedia.org/wiki/Cyclura nubila,none
81542,Camelus dromedarius,published,https://en.wikipedia.org/wiki/Camelus dromedarius,none
81925,Bubalus bubalis,published,https://en.wikipedia.org/wiki/Bubalus bubalis,none
81989,Lutjanus apodus,published,https://en.wikipedia.org/wiki/Lutjanus apodus,none
82278,Ameiurus melas,published,https://en.wikipedia.org/wiki/Ameiurus melas,none
82330,Caranx ruber,published,https://en.wikipedia.org/wiki/Caranx ruber,none
82355,Cheilinus undulatus,published,https://en.wikipedia.org/wiki/Cheilinus undulatus,none
82779,Clarias gariepinus,published,https://en.wikipedia.org/wiki/Clarias gariepinus,none
82807,Naja ashei,published,https://en.wikipedia.org/wiki/Naja ashei,none
82808,Crotaphopeltis hotamboeia,published,https://en.wikipedia.org/wiki/Crotaphopeltis hotamboeia,none
83290,Zanclus cornutus,published,https://en.wikipedia.org/wiki/Zanclus cornutus,none
83318,Arothron meleagris,published,https://en.wikipedia.org/wiki/Arothron meleagris,none
83879,Naso brevirostris,published,https://en.wikipedia.org/wiki/Naso brevirostris,none
83884,Rhinecanthus aculeatus,published,https://en.wikipedia.org/wiki/Rhinecanthus aculeatus,none
84116,Priacanthus hamrur,published,https://en.wikipedia.org/wiki/Priacanthus hamrur,none
84175,Scarus ghobban,published,https://en.wikipedia.org/wiki/Scarus ghobban,none
84181,Pomacanthus imperator,published,https://en.wikipedia.org/wiki/Pomacanthus imperator,none
84861,Scorpaena scrofa,published,https://en.wikipedia.org/wiki/Scorpaena scrofa,none
84969,Hippocampus hippocampus,published,https://en.wikipedia.org/wiki/Hippocampus hippocampus,none
84970,Hippocampus kuda,published,https://en.wikipedia.org/wiki/Hippocampus kuda,none
85377,Pelomedusa subrufa,published,https://en.wikipedia.org/wiki/Pelomedusa subrufa,none
93140,Achondrostoma oligolepis,published,https://en.wikipedia.org/wiki/Achondrostoma oligolepis,none
93500,Agama finchi,published,https://en.wikipedia.org/wiki/Agama finchi,none
93611,Alburnus alburnus,published,https://en.wikipedia.org/wiki/Alburnus alburnus,none
94105,Anguilla anguilla,published,https://en.wikipedia.org/wiki/Anguilla anguilla,none
94152,Anolis chlorocyanus,published,https://en.wikipedia.org/wiki/Anolis chlorocyanus,none
94158,Anolis garmani,published,https://en.wikipedia.org/wiki/Anolis garmani,none
94169,Anolis opalinus,published,https://en.wikipedia.org/wiki/Anolis opalinus,none
94180,Anolis rubribarbus,published,https://en.wikipedia.org/wiki/Anolis rubribarbus,none
94736,Astatotilapia bloyeti,published,https://en.wikipedia.org/wiki/Astatotilapia bloyeti,none
94786,Atherina boyeri,published,https://en.wikipedia.org/wiki/Atherina boyeri,none
94800,Atherinomorus stipes,missing,,source_or_waive
95066,Balistes vetula,published,https://en.wikipedia.org/wiki/Balistes vetula,none
95813,Bodianus axillaris,published,https://en.wikipedia.org/wiki/Bodianus axillaris,none
96498,Calotomus carolinus,published,https://en.wikipedia.org/wiki/Calotomus carolinus,none
96740,Caranx crysos,published,https://en.wikipedia.org/wiki/Caranx crysos,none
96991,Cephalopholis cruentata,missing,,source_or_waive
96993,Cephalopholis fulva,published,https://en.wikipedia.org/wiki/Cephalopholis fulva,none
97165,Chaetodon guttatissimus,published,https://en.wikipedia.org/wiki/Chaetodon guttatissimus,none
97167,Chaetodon kleinii,published,https://en.wikipedia.org/wiki/Chaetodon kleinii,none
97202,Chaetodon striatus,published,https://en.wikipedia.org/wiki/Chaetodon striatus,none
97207,Chaetodon trifascialis,published,https://en.wikipedia.org/wiki/Chaetodon trifascialis,none
97211,Chaetodon xanthocephalus,published,https://en.wikipedia.org/wiki/Chaetodon xanthocephalus,none
97311,Cheilinus trilobatus,published,https://en.wikipedia.org/wiki/Cheilinus trilobatus,none
97312,Cheilio inermis,published,https://en.wikipedia.org/wiki/Cheilio inermis,none
97345,Chelon labrosus,published,https://en.wikipedia.org/wiki/Chelon labrosus,none
98505,Coris caudimacula,published,https://en.wikipedia.org/wiki/Coris caudimacula,none
98511,Coris formosa,published,https://en.wikipedia.org/wiki/Coris formosa,none
98703,Cryptoblepharus africanus,published,https://en.wikipedia.org/wiki/Cryptoblepharus africanus,none
99269,Dicentrarchus labrax,published,https://en.wikipedia.org/wiki/Dicentrarchus labrax,none
99496,Dolichophis caspius,published,https://en.wikipedia.org/wiki/Dolichophis caspius,none
100091,Epinephelus costae,published,https://en.wikipedia.org/wiki/Epinephelus costae,none
100099,Epinephelus fasciatus,published,https://en.wikipedia.org/wiki/Epinephelus fasciatus,none
100104,Epinephelus guttatus,published,https://en.wikipedia.org/wiki/Epinephelus guttatus,none
100119,Epinephelus marginatus,published,https://en.wikipedia.org/wiki/Epinephelus marginatus,none
100121,Epinephelus merra,published,https://en.wikipedia.org/wiki/Epinephelus merra,none
100411,Eryx jaculus,published,https://en.wikipedia.org/wiki/Eryx jaculus,none
100990,Forcipiger flavissimus,published,https://en.wikipedia.org/wiki/Forcipiger flavissimus,none
101420,Gerres cinereus,published,https://en.wikipedia.org/wiki/Gerres cinereus,none
101591,Gobio lozanoi,published,https://en.wikipedia.org/wiki/Gobio lozanoi,none
101604,Gobiomorus dormitor,missing,,source_or_waive
101620,Gobius fallax,missing,,source_or_waive
101621,Gobius geniporus,published,https://en.wikipedia.org/wiki/Gobius geniporus,none
102045,Halichoeres hortulanus,published,https://en.wikipedia.org/wiki/Halichoeres hortulanus,none
102053,Halichoeres maculipinna,published,https://en.wikipedia.org/wiki/Halichoeres maculipinna,none
102074,Halichoeres poeyi,published,https://en.wikipedia.org/wiki/Halichoeres poeyi,none
102080,Halichoeres scapularis,published,https://en.wikipedia.org/wiki/Halichoeres scapularis,none
102579,Hemigymnus fasciatus,missing,,source_or_waive
102631,Heniochus acuminatus,published,https://en.wikipedia.org/wiki/Heniochus acuminatus,none
102809,Hippocampus algiricus,published,https://en.wikipedia.org/wiki/Hippocampus algiricus,none
102821,Hippocampus guttulatus,published,https://en.wikipedia.org/wiki/Hippocampus guttulatus,none
102823,Hippocampus histrix,published,https://en.wikipedia.org/wiki/Hippocampus histrix,none
102831,Hippocampus reidi,published,https://en.wikipedia.org/wiki/Hippocampus reidi,none
103682,Kinyongia matschiei,published,https://en.wikipedia.org/wiki/Kinyongia matschiei,none
103900,Labroides bicolor,published,https://en.wikipedia.org/wiki/Labroides bicolor,none
103901,Labroides dimidiatus,published,https://en.wikipedia.org/wiki/Labroides dimidiatus,none
103911,Labrus bergylta,published,https://en.wikipedia.org/wiki/Labrus bergylta,none
103912,Labrus merula,published,https://en.wikipedia.org/wiki/Labrus merula,none
104129,Leiocephalus stictigaster,published,https://en.wikipedia.org/wiki/Leiocephalus stictigaster,none
104226,Lepidodactylus lugubris,published,https://en.wikipedia.org/wiki/Lepidodactylus lugubris,none
104834,Luciobarbus bocagei,published,https://en.wikipedia.org/wiki/Luciobarbus bocagei,none
104853,Lutjanus analis,published,https://en.wikipedia.org/wiki/Lutjanus analis,none
105114,Malacoctenus macropus,published,https://en.wikipedia.org/wiki/Malacoctenus macropus,none
105329,Mauremys rivulata,published,https://en.wikipedia.org/wiki/Mauremys rivulata,none
106222,Mugil cephalus,published,https://en.wikipedia.org/wiki/Mugil cephalus,none
106306,Mycteroperca fusca,published,https://en.wikipedia.org/wiki/Mycteroperca fusca,none
107885,Oreochromis leucostictus,published,https://en.wikipedia.org/wiki/Oreochromis leucostictus,none
107889,Oreochromis mossambicus,published,https://en.wikipedia.org/wiki/Oreochromis mossambicus,none
108076,Oxycheilinus digramma,published,https://en.wikipedia.org/wiki/Oxycheilinus digramma,none
108184,Padogobius bonelli,published,https://en.wikipedia.org/wiki/Padogobius bonelli,none
108196,Pagrus pagrus,published,https://en.wikipedia.org/wiki/Pagrus pagrus,none
108409,Parablennius parvicornis,published,https://en.wikipedia.org/wiki/Parablennius parvicornis,none
108410,Parablennius rouxi,published,https://en.wikipedia.org/wiki/Parablennius rouxi,none
108412,Parablennius zvonimiri,published,https://en.wikipedia.org/wiki/Parablennius zvonimiri,none
109062,Perca fluviatilis,published,https://en.wikipedia.org/wiki/Perca fluviatilis,none
109304,Philothamnus battersbyi,published,https://en.wikipedia.org/wiki/Philothamnus battersbyi,none
109633,Platybelone argalus,published,https://en.wikipedia.org/wiki/Platybelone argalus,none
110019,Pomacanthus semicirculatus,published,https://en.wikipedia.org/wiki/Pomacanthus semicirculatus,none
110029,Pomadasys incisus,missing,,source_or_waive
110594,Prognathodes aculeatus,published,https://en.wikipedia.org/wiki/Prognathodes aculeatus,none
110765,Psammophis biseriatus,published,https://en.wikipedia.org/wiki/Psammophis biseriatus,none
111389,Pygoplites diacanthus,published,https://en.wikipedia.org/wiki/Pygoplites diacanthus,none
111451,Python natalensis,published,https://en.wikipedia.org/wiki/Python natalensis,none
111810,Rieppeleon brevicaudatus,published,https://en.wikipedia.org/wiki/Rieppeleon brevicaudatus,none
112136,Scarus coeruleus,published,https://en.wikipedia.org/wiki/Scarus coeruleus,none
112145,Scarus frenatus,published,https://en.wikipedia.org/wiki/Scarus frenatus,none
112166,Scarus taeniopterus,published,https://en.wikipedia.org/wiki/Scarus taeniopterus,none
112169,Scarus vetula,published,https://en.wikipedia.org/wiki/Scarus vetula,none
112497,Serranus atricauda,missing,,source_or_waive
112568,Siganus rivulatus,published,https://en.wikipedia.org/wiki/Siganus rivulatus,none
112581,Silurus glanis,published,https://en.wikipedia.org/wiki/Silurus glanis,none
112858,Sparisoma aurofrenatum,published,https://en.wikipedia.org/wiki/Sparisoma aurofrenatum,none
112860,Sparisoma cretense,published,https://en.wikipedia.org/wiki/Sparisoma cretense,none
112863,Sparisoma radians,missing,,source_or_waive
112864,Sparisoma rubripinne,published,https://en.wikipedia.org/wiki/Sparisoma rubripinne,none
112867,Sparisoma viride,published,https://en.wikipedia.org/wiki/Sparisoma viride,none
113003,Squalius cephalus,published,https://en.wikipedia.org/wiki/Squalius cephalus,none
113019,Squalius squalus,published,https://en.wikipedia.org/wiki/Squalius squalus,none
113200,Stethojulis albovittata,published,https://en.wikipedia.org/wiki/Stethojulis albovittata,none
113308,Strongylura marina,published,https://en.wikipedia.org/wiki/Strongylura marina,none
113529,Symphodus cinereus,published,https://en.wikipedia.org/wiki/Symphodus cinereus,none
113531,Symphodus mediterraneus,published,https://en.wikipedia.org/wiki/Symphodus mediterraneus,none
113533,Symphodus melops,published,https://en.wikipedia.org/wiki/Symphodus melops,none
113534,Symphodus ocellatus,published,https://en.wikipedia.org/wiki/Symphodus ocellatus,none
113535,Symphodus roissali,published,https://en.wikipedia.org/wiki/Symphodus roissali,none
113536,Symphodus rostratus,published,https://en.wikipedia.org/wiki/Symphodus rostratus,none
113701,Synodus saurus,published,https://en.wikipedia.org/wiki/Synodus saurus,none
113862,Telestes muticellus,published,https://en.wikipedia.org/wiki/Telestes muticellus,none
113976,Thalassoma hebraicum,published,https://en.wikipedia.org/wiki/Thalassoma hebraicum,none
113980,Thalassoma lunare,published,https://en.wikipedia.org/wiki/Thalassoma lunare,none
114268,Trachemys decussata,published,https://en.wikipedia.org/wiki/Trachemys decussata,none
114269,Trachinotus goodei,published,https://en.wikipedia.org/wiki/Trachinotus goodei,none
114453,Tripterygion melanurus,published,https://en.wikipedia.org/wiki/Tripterygion melanurus,none
115185,Xyrichtys martinicensis,published,https://en.wikipedia.org/wiki/Xyrichtys martinicensis,none
115188,Xyrichtys novacula,published,https://en.wikipedia.org/wiki/Xyrichtys novacula,none
116389,Anolis allogus,published,https://en.wikipedia.org/wiki/Anolis allogus,none
116426,Anolis jubar,published,https://en.wikipedia.org/wiki/Anolis jubar,none
116440,Anolis mestrei,published,https://en.wikipedia.org/wiki/Anolis mestrei,none
116461,Anolis sagrei,published,https://en.wikipedia.org/wiki/Anolis sagrei,none
116475,Anolis valencienni,published,https://en.wikipedia.org/wiki/Anolis valencienni,none
116517,Caiman crocodilus,published,https://en.wikipedia.org/wiki/Caiman crocodilus,none
116736,Gymnothorax meleagris,published,https://en.wikipedia.org/wiki/Gymnothorax meleagris,none
116799,Acrocephalus melanopogon,published,https://en.wikipedia.org/wiki/Acrocephalus melanopogon,none
116802,Acrocephalus palustris,published,https://en.wikipedia.org/wiki/Acrocephalus palustris,none
116804,Acrocephalus schoenobaenus,published,https://en.wikipedia.org/wiki/Acrocephalus schoenobaenus,none
116831,Buphagus africanus,published,https://en.wikipedia.org/wiki/Buphagus africanus,none
116858,Cettia cetti,published,https://en.wikipedia.org/wiki/Cettia cetti,none
116882,Elminia longicauda,published,https://en.wikipedia.org/wiki/Elminia longicauda,none
116923,Hippolais polyglotta,published,https://en.wikipedia.org/wiki/Hippolais polyglotta,none
116946,Lybius leucocephalus,published,https://en.wikipedia.org/wiki/Lybius leucocephalus,none
116999,Pandion haliaetus,published,https://en.wikipedia.org/wiki/Pandion haliaetus,none
117007,Phylloscopus bonelli,published,https://en.wikipedia.org/wiki/Phylloscopus bonelli,none
117011,Phylloscopus canariensis,published,https://en.wikipedia.org/wiki/Phylloscopus canariensis,none
117016,Phylloscopus collybita,published,https://en.wikipedia.org/wiki/Phylloscopus collybita,none
117027,Phylloscopus ibericus,published,https://en.wikipedia.org/wiki/Phylloscopus ibericus,none
117048,Phylloscopus sibilatrix,published,https://en.wikipedia.org/wiki/Phylloscopus sibilatrix,none
117055,Phylloscopus trochilus,published,https://en.wikipedia.org/wiki/Phylloscopus trochilus,none
117070,Prionops plumatus,published,https://en.wikipedia.org/wiki/Prionops plumatus,none
117078,Pterocles alchata,published,https://en.wikipedia.org/wiki/Pterocles alchata,none
117082,Pterocles decoratus,published,https://en.wikipedia.org/wiki/Pterocles decoratus,none
117083,Pterocles exustus,published,https://en.wikipedia.org/wiki/Pterocles exustus,none
117084,Pterocles gutturalis,published,https://en.wikipedia.org/wiki/Pterocles gutturalis,none
117088,Pterocles orientalis,published,https://en.wikipedia.org/wiki/Pterocles orientalis,none
117097,Regulus ignicapilla,published,https://en.wikipedia.org/wiki/Regulus ignicapilla,none
117130,Trachyphonus darnaudii,published,https://en.wikipedia.org/wiki/Trachyphonus darnaudii,none
117131,Trachyphonus erythrocephalus,published,https://en.wikipedia.org/wiki/Trachyphonus erythrocephalus,none
117136,Tricholaema diademata,published,https://en.wikipedia.org/wiki/Tricholaema diademata,none
117139,Tricholaema lacrymosa,published,https://en.wikipedia.org/wiki/Tricholaema lacrymosa,none
117214,Sagittarius serpentarius,published,https://en.wikipedia.org/wiki/Sagittarius serpentarius,none
117459,Monotaxis grandoculis,published,https://en.wikipedia.org/wiki/Monotaxis grandoculis,none
118514,Apogon imberbis,published,https://en.wikipedia.org/wiki/Apogon imberbis,none
118552,Felis catus,published,https://en.wikipedia.org/wiki/Felis catus,none
118574,Lutjanus kasmira,published,https://en.wikipedia.org/wiki/Lutjanus kasmira,none
118589,Conger conger,published,https://en.wikipedia.org/wiki/Conger conger,none
118590,Muraena helena,published,https://en.wikipedia.org/wiki/Muraena helena,none
118591,Gymnothorax unicolor,published,https://en.wikipedia.org/wiki/Gymnothorax unicolor,none
118595,Atherina hepsetus,published,https://en.wikipedia.org/wiki/Atherina hepsetus,none
118597,Belone belone,published,https://en.wikipedia.org/wiki/Belone belone,none
118606,Lepadogaster candolii,published,https://en.wikipedia.org/wiki/Lepadogaster candolii,none
118614,Phycis phycis,published,https://en.wikipedia.org/wiki/Phycis phycis,none
118617,Oedalechilus labeo,published,https://en.wikipedia.org/wiki/Oedalechilus labeo,none
118618,Mullus barbatus,published,https://en.wikipedia.org/wiki/Mullus barbatus,none
118619,Mullus surmuletus,published,https://en.wikipedia.org/wiki/Mullus surmuletus,none
118625,Syngnathus typhle,published,https://en.wikipedia.org/wiki/Syngnathus typhle,none
118630,Scorpaena notata,published,https://en.wikipedia.org/wiki/Scorpaena notata,none
118631,Scorpaena porcus,published,https://en.wikipedia.org/wiki/Scorpaena porcus,none
118640,Bothus podas,published,https://en.wikipedia.org/wiki/Bothus podas,none
118641,Uranoscopus scaber,published,https://en.wikipedia.org/wiki/Uranoscopus scaber,none
118642,Tripterygion delaisi,published,https://en.wikipedia.org/wiki/Tripterygion delaisi,none
118652,Trachinus draco,published,https://en.wikipedia.org/wiki/Trachinus draco,none
118654,Dentex dentex,published,https://en.wikipedia.org/wiki/Dentex dentex,none
118655,Spondyliosoma cantharus,published,https://en.wikipedia.org/wiki/Spondyliosoma cantharus,none
118656,Pagellus acarne,published,https://en.wikipedia.org/wiki/Pagellus acarne,none
118659,Pagellus erythrinus,published,https://en.wikipedia.org/wiki/Pagellus erythrinus,none
118660,Lithognathus mormyrus,published,https://en.wikipedia.org/wiki/Lithognathus mormyrus,none
118662,Oblada melanurus,published,https://en.wikipedia.org/wiki/Oblada melanurus,none
118663,Sarpa salpa,published,https://en.wikipedia.org/wiki/Sarpa salpa,none
118664,Boops boops,published,https://en.wikipedia.org/wiki/Boops boops,none
118665,Diplodus annularis,published,https://en.wikipedia.org/wiki/Diplodus annularis,none
118667,Diplodus vulgaris,published,https://en.wikipedia.org/wiki/Diplodus vulgaris,none
118669,Diplodus sargus,published,https://en.wikipedia.org/wiki/Diplodus sargus,none
118672,Anthias anthias,published,https://en.wikipedia.org/wiki/Anthias anthias,none
118673,Serranus hepatus,missing,,source_or_waive
118674,Serranus scriba,published,https://en.wikipedia.org/wiki/Serranus scriba,none
118675,Serranus cabrilla,published,https://en.wikipedia.org/wiki/Serranus cabrilla,none
118682,Chromis chromis,published,https://en.wikipedia.org/wiki/Chromis chromis,none
118683,Sciaena umbra,published,https://en.wikipedia.org/wiki/Sciaena umbra,none
118685,Parablennius gattorugine,published,https://en.wikipedia.org/wiki/Parablennius gattorugine,none
118686,Parablennius sanguinolentus,published,https://en.wikipedia.org/wiki/Parablennius sanguinolentus,none
118688,Salaria pavo,published,https://en.wikipedia.org/wiki/Salaria pavo,none
118692,Coryphoblennius galerita,published,https://en.wikipedia.org/wiki/Coryphoblennius galerita,none
118693,Aidablennius sphynx,published,https://en.wikipedia.org/wiki/Aidablennius sphynx,none
118702,Gobius cruentatus,published,https://en.wikipedia.org/wiki/Gobius cruentatus,none
118703,Gobius cobitis,published,https://en.wikipedia.org/wiki/Gobius cobitis,none
118704,Gobius niger,published,https://en.wikipedia.org/wiki/Gobius niger,none
118706,Gobius paganellus,published,https://en.wikipedia.org/wiki/Gobius paganellus,none
118707,Mauligobius maderensis,missing,,source_or_waive
118708,Gobius bucchichi,published,https://en.wikipedia.org/wiki/Gobius bucchichi,none
118711,Spicara maena,published,https://en.wikipedia.org/wiki/Spicara maena,none
118880,Pseudorasbora parva,published,https://en.wikipedia.org/wiki/Pseudorasbora parva,none
119310,Pomacentrus sulfureus,missing,,source_or_waive
119385,Arothron nigropunctatus,published,https://en.wikipedia.org/wiki/Arothron nigropunctatus,none
120125,Gymnothorax funebris,published,https://en.wikipedia.org/wiki/Gymnothorax funebris,none
120129,Lactophrys bicaudalis,published,https://en.wikipedia.org/wiki/Lactophrys bicaudalis,none
120634,Siganus luridus,published,https://en.wikipedia.org/wiki/Siganus luridus,none
120637,Parablennius incognitus,published,https://en.wikipedia.org/wiki/Parablennius incognitus,none
120641,Ariosoma balearicum,published,https://en.wikipedia.org/wiki/Ariosoma balearicum,none
120708,Scartella cristata,published,https://en.wikipedia.org/wiki/Scartella cristata,none
120738,Lissotriton graecus,published,https://en.wikipedia.org/wiki/Lissotriton graecus,none
120741,Lissotriton maltzani,published,https://en.wikipedia.org/wiki/Lissotriton maltzani,none
121195,Acanthurus chirurgus,published,https://en.wikipedia.org/wiki/Acanthurus chirurgus,none
121196,Acanthurus coeruleus,published,https://en.wikipedia.org/wiki/Acanthurus coeruleus,none
121321,Antennarius commerson,published,https://en.wikipedia.org/wiki/Antennarius commerson,none
121324,Oreochromis niloticus,published,https://en.wikipedia.org/wiki/Oreochromis niloticus,none
121375,Taenianotus triacanthus,missing,,source_or_waive
121578,Ovis aries,published,https://en.wikipedia.org/wiki/Ovis aries,none
121597,Acanthurus dussumieri,published,https://en.wikipedia.org/wiki/Acanthurus dussumieri,none
121705,Acanthurus tennentii,published,https://en.wikipedia.org/wiki/Acanthurus tennentii,none
121740,Gymnothorax flavimarginatus,published,https://en.wikipedia.org/wiki/Gymnothorax flavimarginatus,none
123070,Capra hircus,published,https://en.wikipedia.org/wiki/Capra hircus,none
123124,Synodus variegatus,missing,,source_or_waive
123268,Diodon liturosus,published,https://en.wikipedia.org/wiki/Diodon liturosus,none
123269,Acanthurus leucosternon,published,https://en.wikipedia.org/wiki/Acanthurus leucosternon,none
123392,Balistoides viridescens,published,https://en.wikipedia.org/wiki/Balistoides viridescens,none
123459,Pterois miles,published,https://en.wikipedia.org/wiki/Pterois miles,none
123525,Gymnothorax pictus,published,https://en.wikipedia.org/wiki/Gymnothorax pictus,none
123690,Caranx melampygus,published,https://en.wikipedia.org/wiki/Caranx melampygus,none
125802,Lutjanus argentimaculatus,published,https://en.wikipedia.org/wiki/Lutjanus argentimaculatus,none
127530,Pseudanthias squamipinnis,published,https://en.wikipedia.org/wiki/Pseudanthias squamipinnis,none
127538,Gymnothorax griseus,published,https://en.wikipedia.org/wiki/Gymnothorax griseus,none
127706,Heteroconger longissimus,published,https://en.wikipedia.org/wiki/Heteroconger longissimus,none
128105,Gymnothorax moringa,published,https://en.wikipedia.org/wiki/Gymnothorax moringa,none
128156,Antennarius multiocellatus,published,https://en.wikipedia.org/wiki/Antennarius multiocellatus,none
128170,Elacatinus evelynae,published,https://en.wikipedia.org/wiki/Elacatinus evelynae,none
128172,Mulloidichthys martinicus,published,https://en.wikipedia.org/wiki/Mulloidichthys martinicus,none
128183,Stegastes partitus,published,https://en.wikipedia.org/wiki/Stegastes partitus,none
128185,Stegastes diencaeus,published,https://en.wikipedia.org/wiki/Stegastes diencaeus,none
128186,Gramma loreto,published,https://en.wikipedia.org/wiki/Gramma loreto,none
128191,Neoniphon marianus,published,https://en.wikipedia.org/wiki/Neoniphon marianus,none
128853,Bothus lunatus,published,https://en.wikipedia.org/wiki/Bothus lunatus,none
128857,Canthigaster rostrata,published,https://en.wikipedia.org/wiki/Canthigaster rostrata,none
128858,Canthigaster capistrata,published,https://en.wikipedia.org/wiki/Canthigaster capistrata,none
129549,Canthigaster valentini,published,https://en.wikipedia.org/wiki/Canthigaster valentini,none
129552,Corythoichthys flavofasciatus,published,https://en.wikipedia.org/wiki/Corythoichthys flavofasciatus,none
129567,Opistognathus aurifrons,published,https://en.wikipedia.org/wiki/Opistognathus aurifrons,none
129656,Cantherhines macrocerus,published,https://en.wikipedia.org/wiki/Cantherhines macrocerus,none
129665,Malacanthus plumieri,published,https://en.wikipedia.org/wiki/Malacanthus plumieri,none
130051,Hypoplectrus puella,published,https://en.wikipedia.org/wiki/Hypoplectrus puella,none
130052,Hypoplectrus unicolor,published,https://en.wikipedia.org/wiki/Hypoplectrus unicolor,none
130053,Ophioblennius macclurei,published,https://en.wikipedia.org/wiki/Ophioblennius macclurei,none
130054,Haemulon carbonarium,published,https://en.wikipedia.org/wiki/Haemulon carbonarium,none
130526,Neoniphon sammara,missing,,source_or_waive
131385,Pseudupeneus maculatus,published,https://en.wikipedia.org/wiki/Pseudupeneus maculatus,none
131387,Lutjanus mahogoni,missing,,source_or_waive
131402,Myrichthys ocellatus,published,https://en.wikipedia.org/wiki/Myrichthys ocellatus,none
131428,Synodus synodus,published,https://en.wikipedia.org/wiki/Synodus synodus,none
131475,Hypoplectrus nigricans,published,https://en.wikipedia.org/wiki/Hypoplectrus nigricans,none
131484,Serranus tabacarius,missing,,source_or_waive
131487,Apogon maculatus,published,https://en.wikipedia.org/wiki/Apogon maculatus,none
131500,Gnatholepis thompsoni,missing,,source_or_waive
131507,Coryphopterus dicrus,published,https://en.wikipedia.org/wiki/Coryphopterus dicrus,none
131509,Emblemaria pandionis,published,https://en.wikipedia.org/wiki/Emblemaria pandionis,none
131510,Acanthemblemaria aspera,missing,,source_or_waive
131512,Chilomycterus antillarum,published,https://en.wikipedia.org/wiki/Chilomycterus antillarum,none
131513,Lactophrys trigonus,published,https://en.wikipedia.org/wiki/Lactophrys trigonus,none
131514,Monacanthus tuckeri,missing,,source_or_waive
131522,Amblycirrhitus pinos,published,https://en.wikipedia.org/wiki/Amblycirrhitus pinos,none
131523,Kyphosus sectatrix,published,https://en.wikipedia.org/wiki/Kyphosus sectatrix,none
131525,Calamus calamus,published,https://en.wikipedia.org/wiki/Calamus calamus,none
131526,Canthidermis sufflamen,published,https://en.wikipedia.org/wiki/Canthidermis sufflamen,none
131530,Lutjanus synagris,published,https://en.wikipedia.org/wiki/Lutjanus synagris,none
132342,Amatitlania nigrofasciata,published,https://en.wikipedia.org/wiki/Amatitlania nigrofasciata,none
132396,Diagramma pictum,published,https://en.wikipedia.org/wiki/Diagramma pictum,none
132526,Stephanolepis hispida,published,https://en.wikipedia.org/wiki/Stephanolepis hispida,none
132531,Archosargus rhomboidalis,published,https://en.wikipedia.org/wiki/Archosargus rhomboidalis,none
132687,Cirrhitichthys oxycephalus,missing,,source_or_waive
134693,Bufo spinosus,published,https://en.wikipedia.org/wiki/Bufo spinosus,none
134831,Tomopterna kachowskii,missing,,source_or_waive
134926,Afrixalus stuhlmanni,published,https://en.wikipedia.org/wiki/Afrixalus stuhlmanni,none
134940,Hyperolius kivuensis,published,https://en.wikipedia.org/wiki/Hyperolius kivuensis,none
134941,Hyperolius marginatus,missing,,source_or_waive
134942,Hyperolius viridiflavus,published,https://en.wikipedia.org/wiki/Hyperolius viridiflavus,none
135280,Macolor niger,published,https://en.wikipedia.org/wiki/Macolor niger,none
136416,Corythoichthys haematopterus,published,https://en.wikipedia.org/wiki/Corythoichthys haematopterus,none
142293,Tomopterna cryptotis,published,https://en.wikipedia.org/wiki/Tomopterna cryptotis,none
142704,Lutjanus gibbus,published,https://en.wikipedia.org/wiki/Lutjanus gibbus,none
143046,Solenostomus cyanopterus,published,https://en.wikipedia.org/wiki/Solenostomus cyanopterus,none
144017,Arothron hispidus,published,https://en.wikipedia.org/wiki/Arothron hispidus,none
144085,Psammodromus occidentalis,published,https://en.wikipedia.org/wiki/Psammodromus occidentalis,none
144221,Melanitta nigra,published,https://en.wikipedia.org/wiki/Melanitta nigra,none
144242,Picus sharpei,published,https://en.wikipedia.org/wiki/Picus sharpei,none
144243,Picus viridis,missing,,source_or_waive
144281,Bucorvus leadbeateri,published,https://en.wikipedia.org/wiki/Bucorvus leadbeateri,none
144298,Thamnolaea cinnamomeiventris,published,https://en.wikipedia.org/wiki/Mocking cliff chat,none
144455,Ardea alba,published,https://en.wikipedia.org/wiki/Ardea alba,none
144460,Micronisus gabar,published,https://en.wikipedia.org/wiki/Micronisus gabar,none
144467,Aquila fasciata,published,https://en.wikipedia.org/wiki/Aquila fasciata,none
144468,Aquila spilogaster,published,https://en.wikipedia.org/wiki/Aquila spilogaster,none
144469,Hieraaetus wahlbergi,published,https://en.wikipedia.org/wiki/Hieraaetus wahlbergi,none
144472,Lissotis melanogaster,published,https://en.wikipedia.org/wiki/Lissotis melanogaster,none
144473,Lissotis hartlaubii,published,https://en.wikipedia.org/wiki/Lissotis hartlaubii,none
144479,Gallinula galeata,published,https://en.wikipedia.org/wiki/Gallinula galeata,none
144491,Tringa semipalmata,published,https://en.wikipedia.org/wiki/Tringa semipalmata,none
144496,Gallinago delicata,published,https://en.wikipedia.org/wiki/Gallinago delicata,none
144498,Smutsornis africanus,published,https://en.wikipedia.org/wiki/Smutsornis africanus,none
144501,Chroicocephalus genei,published,https://en.wikipedia.org/wiki/Chroicocephalus genei,none
144508,Chroicocephalus cirrocephalus,published,https://en.wikipedia.org/wiki/Chroicocephalus cirrocephalus,none
144510,Chroicocephalus ridibundus,published,https://en.wikipedia.org/wiki/Chroicocephalus ridibundus,none
144512,Hydrocoloeus minutus,published,https://en.wikipedia.org/wiki/Hydrocoloeus minutus,none
144514,Leucophaeus atricilla,published,https://en.wikipedia.org/wiki/Leucophaeus atricilla,none
144517,Ichthyaetus melanocephalus,published,https://en.wikipedia.org/wiki/Ichthyaetus melanocephalus,none
144520,Ichthyaetus hemprichii,published,https://en.wikipedia.org/wiki/Ichthyaetus hemprichii,none
144522,Ichthyaetus audouinii,published,https://en.wikipedia.org/wiki/Ichthyaetus audouinii,none
144525,Onychoprion fuscatus,published,https://en.wikipedia.org/wiki/Onychoprion fuscatus,none
144527,Onychoprion anaethetus,published,https://en.wikipedia.org/wiki/Onychoprion anaethetus,none
144529,Sternula albifrons,published,https://en.wikipedia.org/wiki/Sternula albifrons,none
144530,Sternula antillarum,published,https://en.wikipedia.org/wiki/Sternula antillarum,none
144536,Gelochelidon nilotica,published,https://en.wikipedia.org/wiki/Gelochelidon nilotica,none
144537,Hydroprogne caspia,published,https://en.wikipedia.org/wiki/Hydroprogne caspia,none
144539,Thalasseus maximus,published,https://en.wikipedia.org/wiki/Thalasseus maximus,none
144541,Thalasseus sandvicensis,published,https://en.wikipedia.org/wiki/Thalasseus sandvicensis,none
144554,Geotrygon leucometopia,published,https://en.wikipedia.org/wiki/Geotrygon leucometopia,none
144651,Corythornis cristatus,published,https://en.wikipedia.org/wiki/Corythornis cristatus,none
144655,Ispidina picta,published,https://en.wikipedia.org/wiki/Ispidina picta,none
144659,Coracias naevius,published,https://en.wikipedia.org/wiki/Coracias naevius,none
144662,Tockus ruahae,published,https://en.wikipedia.org/wiki/Tockus ruahae,none
144757,Corvus cornix,published,https://en.wikipedia.org/wiki/Corvus cornix,none
144763,Calendulauda poecilosterna,missing,,source_or_waive
144765,Calendulauda africanoides,published,https://en.wikipedia.org/wiki/Calendulauda africanoides,none
144788,Ptyonoprogne rupestris,published,https://en.wikipedia.org/wiki/Ptyonoprogne rupestris,none
144795,Cecropis abyssinica,published,https://en.wikipedia.org/wiki/Cecropis abyssinica,none
144809,Poecile palustris,published,https://en.wikipedia.org/wiki/Poecile palustris,none
144812,Poecile montanus,published,https://en.wikipedia.org/wiki/Poecile montanus,none
144823,Periparus ater,published,https://en.wikipedia.org/wiki/Periparus ater,none
144830,Lophophanes cristatus,published,https://en.wikipedia.org/wiki/Lophophanes cristatus,none
144849,Cyanistes caeruleus,published,https://en.wikipedia.org/wiki/Cyanistes caeruleus,none
144850,Cyanistes teneriffae,published,https://en.wikipedia.org/wiki/Cyanistes teneriffae,none
145018,Melaenornis fischeri,published,https://en.wikipedia.org/wiki/Melaenornis fischeri,none
145019,Melaenornis chocolatinus,missing,,source_or_waive
145030,Cercotrichas leucophrys,missing,,source_or_waive
145081,Turdus abyssinicus,missing,,source_or_waive
145090,Allenia fusca,published,https://en.wikipedia.org/wiki/Allenia fusca,none
145110,Lamprotornis regius,missing,,source_or_waive
145122,Hedydipna collaris,published,https://en.wikipedia.org/wiki/Hedydipna collaris,none
145131,Cyanomitra verticalis,missing,,source_or_waive
145136,Cyanomitra olivacea,published,https://en.wikipedia.org/wiki/Cyanomitra olivacea,none
145142,Chalcomitra amethystina,missing,,source_or_waive
145143,Chalcomitra senegalensis,missing,,source_or_waive
145153,Drepanorhynchus reichenowi,missing,,source_or_waive
145154,Cinnyris chloropygius,missing,,source_or_waive
145162,Cinnyris reichenowi,published,https://en.wikipedia.org/wiki/Cinnyris reichenowi,none
145169,Cinnyris pulchellus,published,https://en.wikipedia.org/wiki/Cinnyris pulchellus,none
145170,Cinnyris mariquensis,published,https://en.wikipedia.org/wiki/Cinnyris mariquensis,none
145173,Cinnyris erythrocercus,published,https://en.wikipedia.org/wiki/Cinnyris erythrocercus,none
145175,Cinnyris bifasciatus,published,https://en.wikipedia.org/wiki/Cinnyris bifasciatus,none
145188,Cinnyris venustus,published,https://en.wikipedia.org/wiki/Cinnyris venustus,none
145208,Anthus cinnamomeus,missing,,source_or_waive
145226,Setophaga plumbea,missing,,source_or_waive
145227,Setophaga angelae,published,https://en.wikipedia.org/wiki/Setophaga angelae,none
145228,Setophaga pharetra,published,https://en.wikipedia.org/wiki/Setophaga pharetra,none
145229,Setophaga citrina,published,https://en.wikipedia.org/wiki/Setophaga citrina,none
145231,Setophaga tigrina,published,https://en.wikipedia.org/wiki/Setophaga tigrina,none
145233,Setophaga americana,published,https://en.wikipedia.org/wiki/Setophaga americana,none
145235,Setophaga magnolia,published,https://en.wikipedia.org/wiki/Setophaga magnolia,none
145238,Setophaga petechia,published,https://en.wikipedia.org/wiki/Setophaga petechia,none
145240,Setophaga striata,published,https://en.wikipedia.org/wiki/Setophaga striata,none
145242,Setophaga palmarum,published,https://en.wikipedia.org/wiki/Setophaga palmarum,none
145243,Setophaga pityophila,published,https://en.wikipedia.org/wiki/Setophaga pityophila,none
145244,Setophaga pinus,published,https://en.wikipedia.org/wiki/Setophaga pinus,none
145245,Setophaga coronata,published,https://en.wikipedia.org/wiki/Setophaga coronata,none
145246,Setophaga dominica,published,https://en.wikipedia.org/wiki/Setophaga dominica,none
145249,Setophaga discolor,published,https://en.wikipedia.org/wiki/Setophaga discolor,none
145250,Setophaga adelaidae,published,https://en.wikipedia.org/wiki/Setophaga adelaidae,none
145258,Setophaga virens,published,https://en.wikipedia.org/wiki/Setophaga virens,none
145279,Calyptophilus tertius,published,https://en.wikipedia.org/wiki/Calyptophilus tertius,none
145291,Emberiza calandra,published,https://en.wikipedia.org/wiki/Emberiza calandra,none
145303,Spinus spinus,published,https://en.wikipedia.org/wiki/Spinus spinus,none
145307,Spinus dominicensis,published,https://en.wikipedia.org/wiki/Spinus dominicensis,none
145332,Histurgops ruficauda,published,https://en.wikipedia.org/wiki/Histurgops ruficauda,none
145335,Coccopygia quartinia,published,https://en.wikipedia.org/wiki/Coccopygia quartinia,none
145337,Granatina ianthinogaster,published,https://en.wikipedia.org/wiki/Granatina ianthinogaster,none
145348,Spermestes bicolor,published,https://en.wikipedia.org/wiki/Spermestes bicolor,none
145350,Euodice malabarica,published,https://en.wikipedia.org/wiki/Euodice malabarica,none
145360,Chloris chloris,published,https://en.wikipedia.org/wiki/Chloris chloris,none
145363,Troglodytes troglodytes,published,https://en.wikipedia.org/wiki/Troglodytes troglodytes,none
145902,Anolis litoralis,published,https://en.wikipedia.org/wiki/Anolis litoralis,none
146059,Cyclura ricordii,published,https://en.wikipedia.org/wiki/Cyclura ricordii,none
146246,Lygodactylus mombasicus,published,https://en.wikipedia.org/wiki/Lygodactylus mombasicus,none
146280,Mediodactylus kotschyi,published,https://en.wikipedia.org/wiki/Mediodactylus kotschyi,none
146451,Spondylurus nitidus,published,https://en.wikipedia.org/wiki/Spondylurus nitidus,none
146565,Cyclura cornuta,missing,,source_or_waive
147118,Eucinostomus melanopterus,missing,,source_or_waive
147661,Gorilla beringei beringei,published,https://en.wikipedia.org/wiki/Gorilla beringei beringei,none
148030,Equus asinus,published,https://en.wikipedia.org/wiki/Equus africanus asinus,none
152996,Antennarius pictus,missing,,source_or_waive
153471,Echidna catenata,published,https://en.wikipedia.org/wiki/Echidna catenata,none
154702,Amphiprion akallopisos,published,https://en.wikipedia.org/wiki/Amphiprion akallopisos,none
173412,Poecilia reticulata,published,https://en.wikipedia.org/wiki/Poecilia reticulata,none
179445,Trachinotus falcatus,published,https://en.wikipedia.org/wiki/Trachinotus falcatus,none
179467,Strongylura notata,published,https://en.wikipedia.org/wiki/Strongylura notata,none
179537,Mugil curema,published,https://en.wikipedia.org/wiki/Mugil curema,none
179551,Labrisomus nuchipinnis,published,https://en.wikipedia.org/wiki/Labrisomus nuchipinnis,none
179572,Hemiramphus brasiliensis,published,https://en.wikipedia.org/wiki/Hemiramphus brasiliensis,none
179865,Acanthemblemaria maria,published,https://en.wikipedia.org/wiki/Acanthemblemaria maria,none
179873,Dascyllus carneus,published,https://en.wikipedia.org/wiki/Dascyllus carneus,none
179880,Chromis viridis,published,https://en.wikipedia.org/wiki/Chromis viridis,none
180388,Zebrasoma desjardinii,published,https://en.wikipedia.org/wiki/Zebrasoma desjardinii,none
180389,Ctenochaetus striatus,published,https://en.wikipedia.org/wiki/Ctenochaetus striatus,none
180708,Stegastes leucostictus,published,https://en.wikipedia.org/wiki/Stegastes leucostictus,none
180709,Hypoplectrus indigo,published,https://en.wikipedia.org/wiki/Hypoplectrus indigo,none
180786,Myrichthys colubrinus,published,https://en.wikipedia.org/wiki/Myrichthys colubrinus,none
180787,Amphiprion allardi,published,https://en.wikipedia.org/wiki/Amphiprion allardi,none
181019,Chromis ternatensis,missing,,source_or_waive
182608,Lutjanus jocu,published,https://en.wikipedia.org/wiki/Lutjanus jocu,none
183177,Coleura afra,published,https://en.wikipedia.org/wiki/Coleura afra,none
183180,Myonycteris angolensis,published,https://en.wikipedia.org/wiki/Lissonycteris_angolensis,none
187283,Ctenochaetus truncatus,published,https://en.wikipedia.org/wiki/Ctenochaetus truncatus,none
187316,Cyprinus rubrofuscus,published,https://en.wikipedia.org/wiki/Cyprinus rubrofuscus,none
187675,Microlipophrys dalmatinus,published,https://en.wikipedia.org/wiki/Microlipophrys dalmatinus,none
188591,Tripterygion tripteronotum,missing,,source_or_waive
188767,Carcharhinus perezii,published,https://en.wikipedia.org/wiki/Carcharhinus perezii,none
192654,Acanthemblemaria spinosa,missing,,source_or_waive
192655,Coryphopterus lipernes,published,https://en.wikipedia.org/wiki/Coryphopterus lipernes,none
194743,Myripristis violacea,published,https://en.wikipedia.org/wiki/Myripristis violacea,none
194784,Cheilodipterus quinquelineatus,published,https://en.wikipedia.org/wiki/Cheilodipterus quinquelineatus,none
196574,Parapercis hexophtalma,missing,,source_or_waive
196628,Gnatholepis anjerensis,published,https://en.wikipedia.org/wiki/Gnatholepis anjerensis,none
196837,Parupeneus macronemus,missing,,source_or_waive
196838,Parupeneus barberinus,published,https://en.wikipedia.org/wiki/Parupeneus barberinus,none
196904,Paraluteres prionurus,published,https://en.wikipedia.org/wiki/Paraluteres prionurus,none
196931,Cyclichthys orbicularis,published,https://en.wikipedia.org/wiki/Cyclichthys orbicularis,none
196933,Canthigaster bennetti,published,https://en.wikipedia.org/wiki/Canthigaster bennetti,none
196936,Arothron stellatus,published,https://en.wikipedia.org/wiki/Arothron stellatus,none
199600,Lactoria fornasini,published,https://en.wikipedia.org/wiki/Lactoria fornasini,none
199916,Setophaga caerulescens,published,https://en.wikipedia.org/wiki/Setophaga caerulescens,none
201024,Lethrinus harak,published,https://en.wikipedia.org/wiki/Lethrinus harak,none
201031,Leptoptilos crumenifer,published,https://en.wikipedia.org/wiki/Leptoptilos crumenifer,none
201035,Clanga clanga,published,https://en.wikipedia.org/wiki/Clanga clanga,none
201070,Antrostomus noctitherus,published,https://en.wikipedia.org/wiki/Antrostomus noctitherus,none
201149,Lanius humeralis,published,https://en.wikipedia.org/wiki/Lanius humeralis,none
201180,Iduna pallida,published,https://en.wikipedia.org/wiki/Iduna pallida,none
201192,Saxicola rubicola,published,https://en.wikipedia.org/wiki/Saxicola rubicola,none
201233,Passer italiae,published,https://en.wikipedia.org/wiki/Passer italiae,none
201282,Gallinula chloropus,published,https://en.wikipedia.org/wiki/Gallinula chloropus,none
203153,Parus major,published,https://en.wikipedia.org/wiki/Parus major,none
203820,Tockus erythrorhynchus,published,https://en.wikipedia.org/wiki/Tockus erythrorhynchus,none
204113,Cervus elaphus,published,https://en.wikipedia.org/wiki/Cervus elaphus,none
204449,Vidua paradisaea,published,https://en.wikipedia.org/wiki/Vidua paradisaea,none
204455,Acrocephalus scirpaceus,published,https://en.wikipedia.org/wiki/Acrocephalus scirpaceus,none
204456,Acrocephalus arundinaceus,published,https://en.wikipedia.org/wiki/Acrocephalus arundinaceus,none
204470,Bubo africanus,published,https://en.wikipedia.org/wiki/Bubo africanus,none
204471,Buteo augur,published,https://en.wikipedia.org/wiki/Buteo augur,none
204472,Buteo buteo,published,https://en.wikipedia.org/wiki/Buteo buteo,none
204473,Calandrella cinerea,published,https://en.wikipedia.org/wiki/Calandrella cinerea,none
204496,Corvus corone,published,https://en.wikipedia.org/wiki/Corvus corone,none
204512,Ficedula hypoleuca,published,https://en.wikipedia.org/wiki/Ficedula hypoleuca,none
204515,Geotrygon caniceps,published,https://en.wikipedia.org/wiki/Geotrygon caniceps,none
204533,Larus argentatus,published,https://en.wikipedia.org/wiki/Herring gull,none
204544,Montifringilla nivalis,published,https://en.wikipedia.org/wiki/Montifringilla nivalis,none
204545,Motacilla flava,published,https://en.wikipedia.org/wiki/Motacilla flava,none
204552,Nucifraga caryocatactes,published,https://en.wikipedia.org/wiki/Nucifraga caryocatactes,none
204554,Onychognathus morio,published,https://en.wikipedia.org/wiki/Onychognathus morio,none
204556,Oriolus oriolus,published,https://en.wikipedia.org/wiki/Oriolus oriolus,none
204571,Lutjanus fulviflamma,published,https://en.wikipedia.org/wiki/Lutjanus fulviflamma,none
204776,Pseudocaranx dentex,published,https://en.wikipedia.org/wiki/Pseudocaranx dentex,none
208069,Caesio xanthonota,published,https://en.wikipedia.org/wiki/Caesio xanthonota,none
208535,Oreochromis urolepis,published,https://en.wikipedia.org/wiki/Oreochromis urolepis,none
208884,Amphilophus citrinellus,published,https://en.wikipedia.org/wiki/Amphilophus citrinellus,none
209233,Equus caballus,published,https://en.wikipedia.org/wiki/Equus caballus,none
210173,Kyphosus vaigiensis,published,https://en.wikipedia.org/wiki/Kyphosus vaigiensis,none
210294,Lipophrys pholis,published,https://en.wikipedia.org/wiki/Lipophrys pholis,none
272548,Trachyrhamphus bicoarctatus,published,https://en.wikipedia.org/wiki/Trachyrhamphus bicoarctatus,none
311609,Amblyglyphidodon indicus,published,https://en.wikipedia.org/wiki/Amblyglyphidodon indicus,none
317005,Bothus maculiferus,missing,,source_or_waive
317017,Calamus pennatula,published,https://en.wikipedia.org/wiki/Calamus pennatula,none
317092,Entomacrodus nigricans,published,https://en.wikipedia.org/wiki/Entomacrodus nigricans,none
317131,Haemulon parra,published,https://en.wikipedia.org/wiki/Haemulon parra,none
317134,Harengula humeralis,missing,,source_or_waive
317206,Malacoctenus aurolineatus,published,https://en.wikipedia.org/wiki/Malacoctenus aurolineatus,none
317208,Malacoctenus gilli,published,https://en.wikipedia.org/wiki/Malacoctenus gilli,none
317251,Odontoscion dentex,published,https://en.wikipedia.org/wiki/Odontoscion dentex,none
317382,Sphoeroides testudineus,published,https://en.wikipedia.org/wiki/Sphoeroides testudineus,none
318701,Kinixys zombensis,missing,,source_or_waive
318836,Gallinago gallinago,published,https://en.wikipedia.org/wiki/Gallinago gallinago,none
320711,Calonectris borealis,published,https://en.wikipedia.org/wiki/Calonectris borealis,none
326023,Piliocolobus gordonorum,published,https://en.wikipedia.org/wiki/Piliocolobus gordonorum,none
326032,Piliocolobus kirkii,published,https://en.wikipedia.org/wiki/Piliocolobus kirkii,none
326296,Bufo bufo,published,https://en.wikipedia.org/wiki/Bufo bufo,none
326304,Leptopelis argenteus,published,https://en.wikipedia.org/wiki/Leptopelis argenteus,none
326305,Arthroleptis stenodactylus,published,https://en.wikipedia.org/wiki/Arthroleptis stenodactylus,none
327608,Gyps rueppelli,published,https://en.wikipedia.org/wiki/Rüppell's_vulture,none
334629,Chromis weberi,missing,,source_or_waive
336399,Coloeus monedula,missing,,source_or_waive
337045,Podarcis siculus,published,https://en.wikipedia.org/wiki/Podarcis siculus,none
338049,Parablennius pilicornis,published,https://en.wikipedia.org/wiki/Parablennius pilicornis,none
338050,Pomatoschistus marmoratus,published,https://en.wikipedia.org/wiki/Pomatoschistus marmoratus,none
338073,Chrysiptera unimaculata,published,https://en.wikipedia.org/wiki/Chrysiptera unimaculata,none
338765,Plectorhinchus gaterinus,published,https://en.wikipedia.org/wiki/Plectorhinchus gaterinus,none
339593,Calidris pugnax,published,https://en.wikipedia.org/wiki/Calidris pugnax,none
339607,Margarobyas lawrencii,missing,,source_or_waive
339680,Lanius phoenicuroides,missing,,source_or_waive
339684,Cyanopica cooki,published,https://en.wikipedia.org/wiki/Cyanopica cooki,none
341201,Gambusia puncticulata,missing,,source_or_waive
341387,Chrysiptera biocellata,missing,,source_or_waive
341862,Plectorhinchus flavomaculatus,published,https://en.wikipedia.org/wiki/Plectorhinchus flavomaculatus,none
341863,Pomacentrus caeruleus,published,https://en.wikipedia.org/wiki/Pomacentrus caeruleus,none
341972,Crocodylus niloticus,published,https://en.wikipedia.org/wiki/Crocodylus niloticus,none
341973,Crocodylus suchus,published,https://en.wikipedia.org/wiki/Crocodylus suchus,none
342041,Chromis limbata,published,https://en.wikipedia.org/wiki/Chromis limbata,none
342089,Muraena augusti,published,https://en.wikipedia.org/wiki/Muraena augusti,none
342285,Lipophrys trigloides,published,https://en.wikipedia.org/wiki/Lipophrys trigloides,none
342288,Scorpaena maderensis,published,https://en.wikipedia.org/wiki/Scorpaena maderensis,none
342289,Sphoeroides marmoratus,published,https://en.wikipedia.org/wiki/Sphoeroides marmoratus,none
343020,Anguis veronensis,published,https://en.wikipedia.org/wiki/Anguis veronensis,none
343021,Anguis fragilis,published,https://en.wikipedia.org/wiki/Anguis fragilis,none
347725,Parablennius salensis,published,https://en.wikipedia.org/wiki/Parablennius salensis,none
354111,Scolopsis ghanam,missing,,source_or_waive
358211,Sicydium punctatum,missing,,source_or_waive
359362,Parupeneus forsskali,published,https://en.wikipedia.org/wiki/Parupeneus forsskali,none
359902,Symphodus trutta,published,https://en.wikipedia.org/wiki/Symphodus trutta,none
367477,Rallus crepitans,published,https://en.wikipedia.org/wiki/Rallus crepitans,none
367556,Eupsittula nana,published,https://en.wikipedia.org/wiki/Eupsittula nana,none
367558,Eupsittula canicularis,published,https://en.wikipedia.org/wiki/Eupsittula canicularis,none
367560,Eupsittula pertinax,published,https://en.wikipedia.org/wiki/Eupsittula pertinax,none
367564,Thectocercus acuticaudatus,published,https://en.wikipedia.org/wiki/Thectocercus acuticaudatus,none
367571,Psittacara mitratus,missing,,source_or_waive
367574,Psittacara euops,published,https://en.wikipedia.org/wiki/Psittacara euops,none
367575,Psittacara chloropterus,published,https://en.wikipedia.org/wiki/Psittacara chloropterus,none
367672,Oenanthe lugubris,missing,,source_or_waive
367700,Spermestes cucullata,published,https://en.wikipedia.org/wiki/Spermestes cucullata,none
371414,Felis lybica,missing,,source_or_waive
372161,Papilloculiceps longiceps,missing,,source_or_waive
411086,Ardea ibis,published,https://en.wikipedia.org/wiki/Ardea ibis,none
415123,Arothron immaculatus,published,https://en.wikipedia.org/wiki/Arothron immaculatus,none
417389,Hydrictis maculicollis,published,https://en.wikipedia.org/wiki/Hydrictis maculicollis,none
417616,Pardachirus marmoratus,missing,,source_or_waive
424147,Hyla arborea,published,https://en.wikipedia.org/wiki/Hyla arborea,none
424254,Myotis daubentonii,published,https://en.wikipedia.org/wiki/Myotis daubentonii,none
424860,Podarcis virescens,published,https://en.wikipedia.org/wiki/Podarcis virescens,none
424861,Podarcis guadarramae,published,https://en.wikipedia.org/wiki/Podarcis guadarramae,none
424864,Podarcis hispanicus,published,https://en.wikipedia.org/wiki/Podarcis hispanicus,none
424997,Carassius gibelio,published,https://en.wikipedia.org/wiki/Carassius gibelio,none
425272,Pristiapogon kallopterus,published,https://en.wikipedia.org/wiki/Pristiapogon kallopterus,none
445728,Canthigaster petersii,missing,,source_or_waive
446046,Gobioclinus bucciferus,published,https://en.wikipedia.org/wiki/Gobioclinus_bucciferus,none
446140,Labrisomus conditus,published,https://en.wikipedia.org/wiki/Labrisomus conditus,none
446216,Microlipophrys canevae,published,https://en.wikipedia.org/wiki/Microlipophrys canevae,none
446242,Nerophis lumbriciformis,missing,,source_or_waive
446572,Torquigener flavimaculosus,published,https://en.wikipedia.org/wiki/Torquigener flavimaculosus,none
446588,Tripterygion tartessicum,missing,,source_or_waive
464519,Hyperolius howelli,missing,,source_or_waive
466218,Broadleysaurus major,published,https://en.wikipedia.org/wiki/Broadleysaurus major,none
469961,Sousa plumbea,published,https://en.wikipedia.org/wiki/Sousa plumbea,none
471653,Siganus sutor,published,https://en.wikipedia.org/wiki/Siganus sutor,none
472138,Lepadogaster lepadogaster,published,https://en.wikipedia.org/wiki/Lepadogaster lepadogaster,none
472766,Falco tinnunculus,published,https://en.wikipedia.org/wiki/Falco tinnunculus,none
472777,Struthio molybdophanes,published,https://en.wikipedia.org/wiki/Struthio molybdophanes,none
474333,Porphyrio madagascariensis,published,https://en.wikipedia.org/wiki/Porphyrio madagascariensis,none
474355,Chilabothrus striatus,published,https://en.wikipedia.org/wiki/Chilabothrus striatus,none
474803,Abudefduf sparoides,published,https://en.wikipedia.org/wiki/Abudefduf sparoides,none
475028,Porphyrio porphyrio,published,https://en.wikipedia.org/wiki/Porphyrio porphyrio,none
476257,Speleomantes genei,published,https://en.wikipedia.org/wiki/Speleomantes genei,none
476664,Ptychadena nilotica,missing,,source_or_waive
476938,Leptopelis grandiceps,published,https://en.wikipedia.org/wiki/Leptopelis grandiceps,none
485176,Mareca americana,published,https://en.wikipedia.org/wiki/Mareca americana,none
488396,Kinyongia msuyae,published,https://en.wikipedia.org/wiki/Kinyongia msuyae,none
493904,Psammodromus edwarsianus,published,https://en.wikipedia.org/wiki/Psammodromus edwarsianus,none
495184,Trachylepis maculilabris,missing,,source_or_waive
495976,Pternistis hildebrandti,published,https://en.wikipedia.org/wiki/Pternistis hildebrandti,none
495989,Pternistis leucoscepus,published,https://en.wikipedia.org/wiki/Pternistis leucoscepus,none
495992,Pternistis rufopictus,published,https://en.wikipedia.org/wiki/Pternistis rufopictus,none
495994,Pternistis afer,published,https://en.wikipedia.org/wiki/Pternistis afer,none
500328,Coryphopterus venezuelae,published,https://en.wikipedia.org/wiki/Coryphopterus venezuelae,none
502997,Piliocolobus tephrosceles,published,https://en.wikipedia.org/wiki/Piliocolobus tephrosceles,none
505877,Gobius incognitus,published,https://en.wikipedia.org/wiki/Gobius incognitus,none
507912,Bycanistes brevis,published,https://en.wikipedia.org/wiki/Bycanistes brevis,none
507916,Bycanistes subcylindricus,published,https://en.wikipedia.org/wiki/Bycanistes subcylindricus,none
508246,Microcarbo africanus,published,https://en.wikipedia.org/wiki/Microcarbo africanus,none
508918,Zapornia flavirostra,missing,,source_or_waive
508919,Zapornia parva,published,https://en.wikipedia.org/wiki/Zapornia parva,none
509656,Calonectris diomedea,published,https://en.wikipedia.org/wiki/Calonectris diomedea,none
509678,Trochilus polytmus,published,https://en.wikipedia.org/wiki/Trochilus polytmus,none
512160,Lophoceros alboterminatus,missing,,source_or_waive
512166,Lophoceros nasutus,published,https://en.wikipedia.org/wiki/Lophoceros nasutus,none
513926,Rallus aquaticus,published,https://en.wikipedia.org/wiki/Rallus aquaticus,none
514727,Xerotyphlops vermicularis,published,https://en.wikipedia.org/wiki/Xerotyphlops vermicularis,none
516943,Lamprotornis unicolor,missing,,source_or_waive
517005,Lamprotornis fischeri,missing,,source_or_waive
517048,Sclerophrys regularis,published,https://en.wikipedia.org/wiki/Sclerophrys regularis,none
517049,Sclerophrys xeros,published,https://en.wikipedia.org/wiki/Subdesert_toad,none
517052,Sclerophrys garmani,published,https://en.wikipedia.org/wiki/Sclerophrys_garmani,none
517053,Sclerophrys gutturalis,published,https://en.wikipedia.org/wiki/Sclerophrys gutturalis,none
517057,Sclerophrys pusilla,published,https://en.wikipedia.org/wiki/Sclerophrys_pusilla,none
517208,Sclerophrys kisoloensis,published,https://en.wikipedia.org/wiki/Sclerophrys kisoloensis,none
517209,Amietia nutti,missing,,source_or_waive
517454,Sclerophrys brauni,published,https://en.wikipedia.org/wiki/Sclerophrys brauni,none
520070,Piliocolobus rufomitratus,missing,,source_or_waive
522887,Agricola pallidus,published,https://en.wikipedia.org/wiki/Agricola pallidus,none
533979,Sciurus meridionalis,published,https://en.wikipedia.org/wiki/Sciurus meridionalis,none
539039,Chelonoidis carbonarius,published,https://en.wikipedia.org/wiki/Chelonoidis carbonarius,none
539233,Aldabrachelys gigantea,published,https://en.wikipedia.org/wiki/Aldabrachelys gigantea,none
539260,Anatololacerta pelasgiana,published,https://en.wikipedia.org/wiki/Anatololacerta_pelasgiana,none
539261,Anguis graeca,published,https://en.wikipedia.org/wiki/Anguis graeca,none
539331,Anolis peynadoi,published,https://en.wikipedia.org/wiki/Anolis peynadoi,none
539340,Anolis viridius,published,https://en.wikipedia.org/wiki/Anolis viridius,none
539454,Chilabothrus angulifer,missing,,source_or_waive
539461,Chilabothrus inornatus,published,https://en.wikipedia.org/wiki/Chilabothrus inornatus,none
539844,Indotyphlops braminus,published,https://en.wikipedia.org/wiki/Indotyphlops braminus,none
539884,Leptotyphlops merkeri,missing,,source_or_waive
540043,Pelomedusa neumanni,missing,,source_or_waive
540064,Pholidoscelis auberi,published,https://en.wikipedia.org/wiki/Auber's_ameiva,none
540069,Pholidoscelis dorsalis,published,https://en.wikipedia.org/wiki/Jamaican_ameiva,none
540071,Pholidoscelis exsul,published,https://en.wikipedia.org/wiki/Pholidoscelis exsul,none
540077,Pholidoscelis plei,published,https://en.wikipedia.org/wiki/Pholidoscelis_plei,none
540082,Pholidoscelis wetmorei,published,https://en.wikipedia.org/wiki/Pholidoscelis wetmorei,none
540247,Timon nevadensis,published,https://en.wikipedia.org/wiki/Timon nevadensis,none
540328,Zamenis scalaris,published,https://en.wikipedia.org/wiki/Ladder snake,none
546379,Alaudala rufescens,missing,,source_or_waive
548416,Pelodytes atlanticus,published,https://en.wikipedia.org/wiki/Pelodytes atlanticus,none
548418,Pelodytes punctatus,published,https://en.wikipedia.org/wiki/Pelodytes punctatus,none
549031,Perodicticus ibeanus,published,https://en.wikipedia.org/wiki/Perodicticus ibeanus,none
553515,Rhinella marina,published,https://en.wikipedia.org/wiki/Rhinella marina,none
555111,Boana heilprini,missing,,source_or_waive
556621,Bombina variegata,missing,,source_or_waive
556656,Lissotriton vulgaris,published,https://en.wikipedia.org/wiki/Lissotriton vulgaris,none
558429,Spatula querquedula,missing,,source_or_waive
558430,Spatula hottentota,published,https://en.wikipedia.org/wiki/Spatula hottentota,none
558433,Spatula discors,published,https://en.wikipedia.org/wiki/Spatula discors,none
558438,Spatula clypeata,missing,,source_or_waive
558439,Mareca strepera,published,https://en.wikipedia.org/wiki/Mareca strepera,none
558441,Mareca penelope,published,https://en.wikipedia.org/wiki/Mareca penelope,none
558513,Eurocephalus ruppelli,published,https://en.wikipedia.org/wiki/Eurocephalus ruppelli,none
558593,Ptiloxena atroviolacea,published,https://en.wikipedia.org/wiki/Ptiloxena atroviolacea,none
558601,Crithagra mozambica,missing,,source_or_waive
558602,Crithagra citrinelloides,published,https://en.wikipedia.org/wiki/Crithagra citrinelloides,none
558604,Crithagra hyposticta,published,https://en.wikipedia.org/wiki/Crithagra hyposticta,none
558610,Crithagra reichenowi,published,https://en.wikipedia.org/wiki/Crithagra reichenowi,none
558613,Crithagra dorsostriata,published,https://en.wikipedia.org/wiki/Crithagra dorsostriata,none
558618,Crithagra sulphurata,missing,,source_or_waive
558619,Crithagra striolata,published,https://en.wikipedia.org/wiki/Crithagra striolata,none
558628,Crithagra tristriata,published,https://en.wikipedia.org/wiki/Crithagra tristriata,none
558634,Linaria cannabina,published,https://en.wikipedia.org/wiki/Linaria cannabina,none
559064,Circus cyaneus,published,https://en.wikipedia.org/wiki/Circus cyaneus,none
559070,Lanius excubitor,published,https://en.wikipedia.org/wiki/Lanius excubitor,none
566540,Allochrocebus lhoesti,published,https://en.wikipedia.org/wiki/L'Hoest's_monkey,none
567060,Pholidoscelis chrysolaemus,published,https://en.wikipedia.org/wiki/Pholidoscelis chrysolaemus,none
568929,Pholidoscelis lineolatus,published,https://en.wikipedia.org/wiki/Pigmy_blue-tailed_ameiva,none
568930,Pholidoscelis taeniurus,published,https://en.wikipedia.org/wiki/Pholidoscelis taeniurus,none
569428,Mustela nivalis,missing,,source_or_waive
569791,Cisticola marginatus,published,https://en.wikipedia.org/wiki/Cisticola marginatus,none
577603,Lactophrys triqueter,published,https://en.wikipedia.org/wiki/Lactophrys triqueter,none
578093,Calandrella brachydactyla,published,https://en.wikipedia.org/wiki/Calandrella brachydactyla,none
578607,Galerida cristata,missing,,source_or_waive
597463,Laniarius major,published,https://en.wikipedia.org/wiki/Laniarius major,none
607152,Atopogale cubana,missing,,source_or_waive
612804,Enteromius kerstenii,missing,,source_or_waive
614339,Bathygobius antilliensis,missing,,source_or_waive
619700,Stegastes xanthurus,published,https://en.wikipedia.org/wiki/Stegastes xanthurus,none
624069,Diplodus cadenati,missing,,source_or_waive
738119,Mediodactylus orientalis,published,https://en.wikipedia.org/wiki/Mediodactylus_orientalis,none
765528,Hypsugo savii,published,https://en.wikipedia.org/wiki/Hypsugo savii,none
792926,Chloropicus namaquus,published,https://en.wikipedia.org/wiki/Chloropicus namaquus,none
792977,Dryobates minor,published,https://en.wikipedia.org/wiki/Dryobates minor,none
792985,Dendrocoptes medius,published,https://en.wikipedia.org/wiki/Dendrocoptes medius,none
793273,Melopyrrha portoricensis,published,https://en.wikipedia.org/wiki/Puerto_Rican_bullfinch,none
793274,Melopyrrha violacea,published,https://en.wikipedia.org/wiki/Melopyrrha violacea,none
793461,Pogoniulus bilineatus,published,https://en.wikipedia.org/wiki/Pogoniulus bilineatus,none
793469,Regulus regulus,published,https://en.wikipedia.org/wiki/Regulus regulus,none
797591,Acanthocercus gregorii,published,https://en.wikipedia.org/wiki/Acanthocercus gregorii,none
797594,Acanthocercus ugandaensis,published,https://en.wikipedia.org/wiki/Acanthocercus ugandaensis,none
797597,Agama picticauda,published,https://en.wikipedia.org/wiki/Agama picticauda,none
797733,Naja subfulva,published,https://en.wikipedia.org/wiki/Naja subfulva,none
825289,Canis lupaster,published,https://en.wikipedia.org/wiki/Canis lupaster,none
827402,Regulus madeirensis,published,https://en.wikipedia.org/wiki/Regulus madeirensis,none
850859,Oxyura jamaicensis,missing,,source_or_waive
851014,Canis aureus,published,https://en.wikipedia.org/wiki/Canis aureus,none
851211,Natrix helvetica,published,https://en.wikipedia.org/wiki/Natrix helvetica,none
852333,Suncus etruscus,published,https://en.wikipedia.org/wiki/Suncus etruscus,none
852338,Dasyprocta leporina,published,https://en.wikipedia.org/wiki/Dasyprocta leporina,none
855297,Meles meles,missing,,source_or_waive
871060,Acanthurus tractus,published,https://en.wikipedia.org/wiki/Acanthurus_tractus,none
871611,Euxerus erythropus,published,https://en.wikipedia.org/wiki/Euxerus erythropus,none
889688,Adolfus kibonotensis,published,https://en.wikipedia.org/wiki/Adolfus_kibonotensis,none
891696,Pica pica,published,https://en.wikipedia.org/wiki/Eurasian_magpie,none
906982,Lanius meridionalis,published,https://en.wikipedia.org/wiki/Iberian_grey_shrike,none
914304,Dascyllus abudafur,published,https://en.wikipedia.org/wiki/Dascyllus abudafur,none
922459,Felis silvestris,published,https://en.wikipedia.org/wiki/European_wildcat,none
925661,Genetta genetta,published,https://en.wikipedia.org/wiki/Genetta genetta,none
925979,Urva auropunctata,published,https://en.wikipedia.org/wiki/Javan_mongoose,none
964785,Panaspis wahlbergii,published,https://en.wikipedia.org/wiki/Panaspis_wahlbergi,none
965969,Lygodactylus tsavoensis,published,https://en.wikipedia.org/wiki/Lygodactylus tsavoensis,none
966698,Vipera berus,published,https://en.wikipedia.org/wiki/Vipera berus,none
966781,Natrix astreptophora,published,https://en.wikipedia.org/wiki/Natrix astreptophora,none
966787,Natrix natrix,published,https://en.wikipedia.org/wiki/Natrix natrix,none
979641,Camaroptera brachyura,published,https://en.wikipedia.org/wiki/Green-backed_camaroptera,none
979654,Cinnyris mediocris,published,https://en.wikipedia.org/wiki/Cinnyris mediocris,none
979721,Fringilla teydea,published,https://en.wikipedia.org/wiki/Tenerife_blue_chaffinch,none
979726,Gymnoris pyrgita,published,https://en.wikipedia.org/wiki/Gymnoris pyrgita,none
979790,Lonchura malacca,published,https://en.wikipedia.org/wiki/Tricoloured_munia,none
979799,Phonipara canora,published,https://en.wikipedia.org/wiki/Phonipara canora,none
979800,Melanospiza bicolor,published,https://en.wikipedia.org/wiki/Black-faced_grassquit,none
979813,Microcarbo pygmaeus,published,https://en.wikipedia.org/wiki/Microcarbo pygmaeus,none
979880,Nesophlox evelynae,published,https://en.wikipedia.org/wiki/Nesophlox evelynae,none
980033,Vireo crassirostris,published,https://en.wikipedia.org/wiki/Vireo crassirostris,none
980043,Zosterops flavilateralis,published,https://en.wikipedia.org/wiki/Zosterops flavilateralis,none
980208,Pinarochroa sordida,published,https://en.wikipedia.org/wiki/Moorland_chat,none
991929,Bufotes cypriensis,published,https://en.wikipedia.org/wiki/Bufotes cypriensis,none
1067746,Sturnira angeli,published,https://en.wikipedia.org/wiki/Sturnira angeli,none
1075512,Colobus caudatus,missing,,source_or_waive
1075514,Colobus guereza,published,https://en.wikipedia.org/wiki/Mantled_guereza,none
1102769,Eumops ferox,published,https://en.wikipedia.org/wiki/Eumops_ferox,none
1119889,Sphaerodactylus grandisquamis,published,https://en.wikipedia.org/wiki/Sphaerodactylus grandisquamis,none
1120226,Sphaerodactylus macrolepis,published,https://en.wikipedia.org/wiki/Sphaerodactylus_macrolepis,none
1127992,Podarcis ionicus,published,https://en.wikipedia.org/wiki/Podarcis ionicus,none
1129179,Anolis callainus,published,https://en.wikipedia.org/wiki/Anolis_callainus,none
1148908,Anolis aridius,published,https://en.wikipedia.org/wiki/Anolis aridius,none
1148909,Anolis australis,published,https://en.wikipedia.org/wiki/Anolis australis,none
1148910,Anolis higuey,published,https://en.wikipedia.org/wiki/Anolis higuey,none
1148911,Anolis hispaniolae,published,https://en.wikipedia.org/wiki/Anolis_hispaniolae,none
1177489,Arvicola italicus,published,https://en.wikipedia.org/wiki/European_water_vole,none
1188213,Numenius hudsonicus,published,https://en.wikipedia.org/wiki/Hudsonian_whimbrel,none
1210965,Lupulella adusta,published,https://en.wikipedia.org/wiki/Side-striped_jackal,none
1210966,Lupulella mesomelas,published,https://en.wikipedia.org/wiki/Black-backed_jackal,none
1223358,Anolis saxatilis,published,https://en.wikipedia.org/wiki/Anolis saxatilis,none
1250330,Hylambates maculatus,published,https://en.wikipedia.org/wiki/Hylambates maculatus,none
1256672,Similiparma lurida,published,https://en.wikipedia.org/wiki/Similiparma lurida,none
1264432,Neogale vison,published,https://en.wikipedia.org/wiki/American_mink,none
1275370,Dasypus septemcinctus,published,https://en.wikipedia.org/wiki/Seven-banded_armadillo,none
1275849,Galegeeska rufescens,published,https://en.wikipedia.org/wiki/Rufous_elephant_shrew,none
1286819,Zosterops stuhlmanni,published,https://en.wikipedia.org/wiki/Zosterops stuhlmanni,none
1286971,Oenanthe melanoleuca,published,https://en.wikipedia.org/wiki/Eastern_black-eared_wheatear,none
1289200,Curruca cantillans,published,https://en.wikipedia.org/wiki/Eastern_subalpine_warbler,none
1289369,Chlorophonia musica,published,https://en.wikipedia.org/wiki/Chlorophonia musica,none
1289421,Argya rubiginosa,published,https://en.wikipedia.org/wiki/Argya rubiginosa,none
1289467,Curruca undata,published,https://en.wikipedia.org/wiki/Dartford_warbler,none
1289469,Curruca conspicillata,published,https://en.wikipedia.org/wiki/Curruca conspicillata,none
1289470,Curruca communis,published,https://en.wikipedia.org/wiki/Common_whitethroat,none
1289471,Curruca iberiae,published,https://en.wikipedia.org/wiki/Western_subalpine_warbler,none
1289472,Curruca melanocephala,published,https://en.wikipedia.org/wiki/Sardinian_warbler,none
1289480,Curruca hortensis,published,https://en.wikipedia.org/wiki/Western_Orphean_warbler,none
1289484,Curruca curruca,published,https://en.wikipedia.org/wiki/Lesser_whitethroat,none
1289584,Asio grammicus,published,https://en.wikipedia.org/wiki/Asio grammicus,none
1289585,Gymnasio nudipes,published,https://en.wikipedia.org/wiki/Gymnasio nudipes,none
1289601,Nannopterum brasilianum,published,https://en.wikipedia.org/wiki/Neotropic_cormorant,none
1289604,Gulosus aristotelis,published,https://en.wikipedia.org/wiki/Gulosus aristotelis,none
1289678,Riccordia bicolor,published,https://en.wikipedia.org/wiki/Riccordia bicolor,none
1289679,Riccordia maugaeus,published,https://en.wikipedia.org/wiki/Riccordia maugaeus,none
1289680,Riccordia swainsonii,published,https://en.wikipedia.org/wiki/Riccordia swainsonii,none
1289681,Riccordia ricordii,published,https://en.wikipedia.org/wiki/Riccordia ricordii,none
1289689,Campocolinus coqui,published,https://en.wikipedia.org/wiki/Campocolinus coqui,none
1289692,Ortygornis sephaena,published,https://en.wikipedia.org/wiki/Crested_francolin,none
1289697,Lyrurus tetrix,published,https://en.wikipedia.org/wiki/Lyrurus tetrix,none
1314828,Pycnochromis fieldi,missing,,source_or_waive
1315642,Acanthostracion polygonium,missing,,source_or_waive
1315687,Phoxinus lumaireul,missing,,source_or_waive
1315932,Azurina multilineata,missing,,source_or_waive
1315935,Azurina cyanea,published,https://en.wikipedia.org/wiki/Azurina cyanea,none
1316037,Eques punctatus,published,https://en.wikipedia.org/wiki/Eques punctatus,none
1316085,Serranus papilionaceus,missing,,source_or_waive
1316746,Dajaus monticola,published,https://en.wikipedia.org/wiki/Mountain_mullet,none
1316786,Brachygenys chrysargyrea,published,https://en.wikipedia.org/wiki/Brachygenys chrysargyrea,none
1316792,Caranx bartholomaei,published,https://en.wikipedia.org/wiki/Caranx bartholomaei,none
1319807,Pelophylax ridibundus,published,https://en.wikipedia.org/wiki/Pelophylax ridibundus,none
1325088,Stegastes lacrymatus,published,https://en.wikipedia.org/wiki/Stegastes lacrymatus,none
1360107,Coris melanura,missing,,source_or_waive
1369296,Cebus imitator,published,https://en.wikipedia.org/wiki/Cebus imitator,none
1370753,Talpa aquitania,published,https://en.wikipedia.org/wiki/Aquitanian_mole,none
1403184,Ancylodactylus africanus,published,https://en.wikipedia.org/wiki/Ancylodactylus africanus,none
1424710,Laudakia stellio,published,https://en.wikipedia.org/wiki/Laudakia stellio,none
1424711,Laudakia cypriaca,published,https://en.wikipedia.org/wiki/Laudakia cypriaca,none
1424723,Zootoca carniolica,published,https://en.wikipedia.org/wiki/Zootoca_carniolica,none
1428819,Anthracothorax aurulentus,published,https://en.wikipedia.org/wiki/Anthracothorax aurulentus,none
1429237,Ciconia microscelis,published,https://en.wikipedia.org/wiki/Ciconia microscelis,none
1430932,Madoqua thomasi,missing,,source_or_waive
1430933,Madoqua hindei,missing,,source_or_waive
1430935,Madoqua cavendishi,missing,,source_or_waive
1430973,Mesocapromys melanurus,published,https://en.wikipedia.org/wiki/Black-tailed_hutia,none
1430996,Cephalophorus weynsi,missing,,source_or_waive
1431004,Cephalophorus kivuensis,published,https://en.wikipedia.org/wiki/Cephalophorus kivuensis,none
1431008,Proteles septentrionalis,published,https://en.wikipedia.org/wiki/Aardwolf,none
1431065,Molossus verrilli,missing,,source_or_waive
1431096,Glossophaga antillarum,missing,,source_or_waive
1431273,Clethrionomys glareolus,published,https://en.wikipedia.org/wiki/Clethrionomys glareolus,none
1431331,Cephalophorus harveyi,missing,,source_or_waive
1431867,Tragelaphus sylvaticus,published,https://en.wikipedia.org/wiki/Tragelaphus sylvaticus,none
1435192,Trochilus scitulus,published,https://en.wikipedia.org/wiki/Trochilus scitulus,none
1435814,Merops lafresnayii,published,https://en.wikipedia.org/wiki/Merops lafresnayii,none
1439535,Agama dodomae,published,https://en.wikipedia.org/wiki/Agama dodomae,none
1439789,Bodianus parrae,published,https://en.wikipedia.org/wiki/Bodianus parrae,none
1439808,Micropterus nigricans,published,https://en.wikipedia.org/wiki/Micropterus nigricans,none
1440669,Euplectes laticauda,published,https://en.wikipedia.org/wiki/Euplectes laticauda,none
1441745,Ketupa lactea,published,https://en.wikipedia.org/wiki/Ketupa lactea,none
1453013,Bufotes viridis,published,https://en.wikipedia.org/wiki/Bufotes viridis,none
1453916,Balaenoptera brydei,published,https://en.wikipedia.org/wiki/Balaenoptera brydei,none
1453918,Pteronotus pusillus,missing,,source_or_waive
1453919,Pteronotus portoricensis,missing,,source_or_waive
1453939,Rhabdomys dilectus,published,https://en.wikipedia.org/wiki/Rhabdomys dilectus,none
1453959,Cricetomys ansorgei,published,https://en.wikipedia.org/wiki/Cricetomys ansorgei,none
1454382,Nannopterum auritum,published,https://en.wikipedia.org/wiki/Double-crested_cormorant,none
1455922,Spilopelia senegalensis,published,https://en.wikipedia.org/wiki/Spilopelia senegalensis,none
1473498,Podarcis lusitanicus,published,https://en.wikipedia.org/wiki/Podarcis lusitanicus,none
1494783,Sparus aurata,published,https://en.wikipedia.org/wiki/Sparus aurata,none
1504816,Fringilla canariensis,published,https://en.wikipedia.org/wiki/Canary_Islands_chaffinch,none
1504817,Fringilla moreletti,published,https://en.wikipedia.org/wiki/Fringilla moreletti,none
1504818,Fringilla maderensis,published,https://en.wikipedia.org/wiki/Fringilla maderensis,none
1505620,Anarhynchus alexandrinus,published,https://en.wikipedia.org/wiki/Kentish_plover,none
1505633,Anarhynchus wilsonia,published,https://en.wikipedia.org/wiki/Wilson's_plover,none
1505663,Anarhynchus nivosus,published,https://en.wikipedia.org/wiki/Snowy_plover,none
1505668,Anarhynchus pecuarius,published,https://en.wikipedia.org/wiki/Kittlitz's_plover,none
1505670,Icthyophaga vocifer,published,https://en.wikipedia.org/wiki/Icthyophaga vocifer,none
1505778,Ardea brachyrhyncha,published,https://en.wikipedia.org/wiki/Yellow-billed_egret,none
1505964,Lophotis gindiana,published,https://en.wikipedia.org/wiki/Lophotis gindiana,none
1506031,Crinifer leucogaster,published,https://en.wikipedia.org/wiki/Crinifer leucogaster,none
1506033,Crinifer personatus,published,https://en.wikipedia.org/wiki/Crinifer personatus,none
1506094,Corvus minutus,published,https://en.wikipedia.org/wiki/Corvus minutus,none
1506249,Chlorophonia sclateri,published,https://en.wikipedia.org/wiki/Chlorophonia sclateri,none
1506260,Dendropicos fuscescens,published,https://en.wikipedia.org/wiki/Dendropicos fuscescens,none
1506317,Pogonornis bidentatus,published,https://en.wikipedia.org/wiki/Pogonornis bidentatus,none
1506400,Dendropicos spodocephalus,published,https://en.wikipedia.org/wiki/Dendropicos spodocephalus,none
1510573,Giraffa reticulata,published,https://en.wikipedia.org/wiki/Giraffa reticulata,none
1510574,Giraffa tippelskirchi,published,https://en.wikipedia.org/wiki/Giraffa tippelskirchi,none
1556597,Scorpaenopsis oxycephala,published,https://en.wikipedia.org/wiki/Scorpaenopsis oxycephala,none
1558607,Lepus microtis,published,https://en.wikipedia.org/wiki/African_savanna_hare,none
1561489,Thalassoma amblycephalum,published,https://en.wikipedia.org/wiki/Thalassoma amblycephalum,none
1571758,Neochirus hemprichi,missing,,source_or_waive
1571793,Pteropterus mombasae,published,https://en.wikipedia.org/wiki/Pterois_mombasae,none
1571801,Pteropterus antennatus,published,https://en.wikipedia.org/wiki/Pterois_antennata,none
1572860,Corypha africana,published,https://en.wikipedia.org/wiki/Corypha africana,none
1572871,Corypha athi,published,https://en.wikipedia.org/wiki/Corypha athi,none
1573679,Ptyonoprogne rufigula,published,https://en.wikipedia.org/wiki/Ptyonoprogne rufigula,none
1578489,Larus smithsonianus,published,https://en.wikipedia.org/wiki/Larus smithsonianus,none
1578502,Tyto furcata,published,https://en.wikipedia.org/wiki/American_barn_owl,none
1578607,Cinnyris melanogastrus,published,https://en.wikipedia.org/wiki/Gorgeous_sunbird,none
1578960,Botaurus exilis,published,https://en.wikipedia.org/wiki/Least_bittern,none
1578961,Botaurus minutus,published,https://en.wikipedia.org/wiki/Little_bittern,none
1579014,Astur gundlachi,published,https://en.wikipedia.org/wiki/Astur gundlachi,none
1579015,Astur gentilis,published,https://en.wikipedia.org/wiki/Astur gentilis,none
1580335,Thinornis tricollaris,published,https://en.wikipedia.org/wiki/Three-banded_plover,none
1580336,Thinornis dubius,published,https://en.wikipedia.org/wiki/Little_ringed_plover,none
1583576,Pogoniulus uropygialis,published,https://en.wikipedia.org/wiki/Pogoniulus uropygialis,none
1584479,Buphagus erythroryncha,published,https://en.wikipedia.org/wiki/Red-billed_oxpecker,none
1584768,Cecropis rufula,published,https://en.wikipedia.org/wiki/Cecropis rufula,none
1584771,Cecropis melanocrissus,published,https://en.wikipedia.org/wiki/Cecropis melanocrissus,none
1585429,Tauraco rossae,published,https://en.wikipedia.org/wiki/Ross's_turaco,none
1585912,Dessonornis caffer,published,https://en.wikipedia.org/wiki/Dessonornis caffer,none
1591819,Triturus rudolfi,missing,,source_or_waive
1596124,Neoeptesicus brasiliensis,published,https://en.wikipedia.org/wiki/Neoeptesicus brasiliensis,none
1596125,Eptesicus dutertreus,missing,,source_or_waive
1596127,Cnephaeus serotinus,published,https://en.wikipedia.org/wiki/Cnephaeus serotinus,none
1596135,Cnephaeus isabellinus,published,https://en.wikipedia.org/wiki/Cnephaeus isabellinus,none
1596257,Lophocebus ugandae,published,https://en.wikipedia.org/wiki/Lophocebus ugandae,none
1629047,Alytes almogavarii,missing,,source_or_waive
1629340,Podarcis thais,missing,,source_or_waive
1630133,Trachylepis margaritifer,missing,,source_or_waive
1630712,Neoniphon vexillarius,published,https://en.wikipedia.org/wiki/Sargocentron_vexillarium,none
1630713,Neoniphon coruscus,published,https://en.wikipedia.org/wiki/Sargocentron_coruscum,none
1633756,Mesotriton alpestris,published,https://en.wikipedia.org/wiki/Mesotriton alpestris,none
1636180,Butorides atricapilla,published,https://en.wikipedia.org/wiki/Little_heron,none
1643992,Genetta fieldiana,missing,,source_or_waive
1649739,Wheelerigobius canariensis,missing,,source_or_waive
1650088,Elaenia cherriei,published,https://en.wikipedia.org/wiki/Elaenia cherriei,none
1650089,Turdus ardosiaceus,published,https://en.wikipedia.org/wiki/Eastern_red-legged_thrush,none
1655578,Crocidura fimbriata,published,https://en.wikipedia.org/wiki/Crocidura fimbriata,none
1659760,Comptus weinlandi,missing,,source_or_waive
1668858,Dryophytes cinereus,published,https://en.wikipedia.org/wiki/American_green_tree_frog,none
1670480,Blanus oxyurus,missing,,source_or_waive
1673680,Sphaerodactylus festus,published,https://en.wikipedia.org/wiki/Sphaerodactylus festus,none
1688750,Rana parvipalmata,missing,,source_or_waive
1698425,Oryctolagus algirus,missing,,source_or_waive
1701177,Vipera ammodytes,published,https://en.wikipedia.org/wiki/Vipera ammodytes,none
1701178,Vipera meridionalis,published,https://en.wikipedia.org/wiki/Vipera_ammodytes_meridionalis,none
