taxon_id,scientific_name,achievement_required,state,review_action
7,Aramus guarauna,no,missing,optional_source
41,Grus grus,no,resolution_failed,optional_source
53,Balearica regulorum,yes,published_direct,none
77,Otis tarda,no,missing,optional_source
95,Eupodotis senegalensis,no,missing,optional_source
115,Ardeotis kori,no,missing,optional_source
132,Tetrax tetrax,no,missing,optional_source
162,Porzana carolina,no,missing,optional_source
178,Porzana porzana,no,missing,optional_source
473,Fulica americana,no,missing,optional_source
482,Fulica atra,no,missing,optional_source
487,Fulica cristata,no,missing,optional_source
519,Porphyrio martinica,no,missing,optional_source
804,Coturnix coturnix,no,missing,optional_source
831,Perdix perdix,no,missing,optional_source
846,Alectoris chukar,no,missing,optional_source
863,Alectoris graeca,no,missing,optional_source
867,Alectoris rufa,no,published_direct,none
871,Alectoris barbara,no,missing,optional_source
882,Gallus gallus,no,published_direct,none
949,Lagopus muta,no,missing,optional_source
981,Phasianus colchicus,no,missing,optional_source
1204,Pavo cristatus,no,missing,optional_source
1428,Numida meleagris,no,missing,optional_source
1449,Acryllium vulturinum,no,missing,optional_source
1630,Centropus superciliosus,no,missing,optional_source
1653,Centropus monachus,no,missing,optional_source
1730,Chrysococcyx klaas,no,missing,optional_source
1738,Chrysococcyx caprius,no,missing,optional_source
1787,Clamator glandarius,no,missing,optional_source
1903,Cuculus solitarius,no,missing,optional_source
1907,Cuculus canorus,no,missing,optional_source
1964,Coccyzus minor,no,missing,optional_source
1965,Coccyzus americanus,no,missing,optional_source
1971,Crotophaga ani,no,published_direct,none
2117,Todus multicolor,yes,published_direct,none
2118,Todus subulatus,no,missing,optional_source
2119,Todus todus,no,missing,optional_source
2120,Todus angustirostris,no,missing,optional_source
2121,Todus mexicanus,no,missing,optional_source
2185,Merops pusillus,no,missing,optional_source
2191,Merops apiaster,yes,published_direct,none
2220,Merops nubicus,no,missing,optional_source
2223,Merops bulocki,no,missing,optional_source
2226,Merops superciliosus,no,published_direct,none
2239,Merops oreobates,no,missing,optional_source
2240,Merops albicollis,no,missing,optional_source
2245,Merops persicus,no,published_direct,none
2248,Merops bullockoides,no,missing,optional_source
2265,Coracias abyssinicus,no,missing,optional_source
2266,Coracias garrulus,no,missing,optional_source
2269,Coracias caudatus,yes,published_direct,none
2288,Eurystomus glaucurus,no,published_direct,none
2328,Halcyon leucocephala,no,missing,optional_source
2334,Halcyon chelicuti,no,missing,optional_source
2337,Halcyon senegalensis,no,missing,optional_source
2346,Halcyon albiventris,no,missing,optional_source
2548,Megaceryle alcyon,no,missing,optional_source
2599,Alcedo atthis,yes,published_direct,none
2662,Ceryle rudis,no,missing,optional_source
2938,Streptopelia turtur,no,missing,optional_source
2951,Streptopelia decipiens,no,missing,optional_source
2959,Streptopelia capicola,no,missing,optional_source
2966,Streptopelia roseogrisea,no,missing,optional_source
2969,Streptopelia decaocto,no,missing,optional_source
2988,Streptopelia semitorquata,no,missing,optional_source
2989,Streptopelia lugens,no,missing,optional_source
3017,Columba livia,no,published_direct,none
3033,Columba oenas,no,missing,optional_source
3036,Columba guinea,no,missing,optional_source
3048,Columba palumbus,no,published_direct,none
3054,Columba trocaz,no,missing,optional_source
3055,Columba bollii,no,missing,optional_source
3080,Patagioenas squamosa,no,missing,optional_source
3092,Patagioenas caribaea,no,missing,optional_source
3093,Patagioenas leucocephala,no,missing,optional_source
3128,Patagioenas inornata,no,missing,optional_source
3255,Ducula bicolor,no,missing,optional_source
3272,Leptotila jamaicensis,no,missing,optional_source
3326,Turtur afer,no,missing,optional_source
3327,Turtur chalcospilos,no,missing,optional_source
3328,Turtur tympanistria,no,published_direct,none
3405,Treron calvus,no,missing,optional_source
3454,Zenaida macroura,no,missing,optional_source
3460,Zenaida asiatica,no,missing,optional_source
3465,Zenaida aurita,no,missing,optional_source
3499,Geotrygon chrysia,no,missing,optional_source
3503,Geotrygon montana,no,missing,optional_source
3515,Geotrygon versicolor,no,missing,optional_source
3523,Geotrygon mystacea,no,missing,optional_source
3545,Columbina passerina,no,missing,optional_source
3652,Oena capensis,no,missing,optional_source
3656,Starnoenas cyanocephala,no,missing,optional_source
3695,Urocolius macrourus,no,published_direct,none
3704,Colius striatus,no,missing,optional_source
3731,Platalea leucorodia,no,missing,optional_source
3734,Platalea alba,no,missing,optional_source
3739,Threskiornis aethiopicus,no,missing,optional_source
3743,Bostrychia hagedash,no,missing,optional_source
3746,Bostrychia carunculata,no,missing,optional_source
3750,Eudocimus ruber,no,missing,optional_source
3751,Eudocimus albus,no,missing,optional_source
3753,Geronticus eremita,no,missing,optional_source
3756,Plegadis falcinellus,no,missing,optional_source
3797,Sula leucogaster,no,missing,optional_source
3802,Morus bassanus,no,missing,optional_source
3834,Scopus umbretta,no,missing,optional_source
3837,Calidris temminckii,no,missing,optional_source
3838,Calidris minuta,no,missing,optional_source
3845,Calidris canutus,no,missing,optional_source
3849,Calidris alba,no,published_direct,none
3850,Calidris himantopus,no,missing,optional_source
3855,Calidris mauri,no,missing,optional_source
3856,Calidris maritima,no,missing,optional_source
3857,Calidris alpina,no,missing,optional_source
3862,Calidris pusilla,no,missing,optional_source
3863,Calidris ferruginea,no,missing,optional_source
3864,Calidris minutilla,no,missing,optional_source
3865,Calidris melanotos,no,missing,optional_source
3866,Calidris fuscicollis,no,missing,optional_source
3869,Limnodromus griseus,no,missing,optional_source
3875,Tringa solitaria,no,missing,optional_source
3878,Tringa nebularia,no,missing,optional_source
3879,Tringa totanus,no,missing,optional_source
3881,Tringa stagnatilis,no,missing,optional_source
3882,Tringa erythropus,no,missing,optional_source
3885,Tringa ochropus,no,missing,optional_source
3888,Tringa glareola,no,missing,optional_source
3892,Tringa melanoleuca,no,missing,optional_source
3893,Tringa flavipes,no,missing,optional_source
3896,Numenius arquata,no,missing,optional_source
3901,Numenius phaeopus,no,published_direct,none
3931,Scolopax rusticola,no,missing,optional_source
3938,Arenaria interpres,no,missing,optional_source
3947,Limosa limosa,no,missing,optional_source
3951,Limosa lapponica,no,missing,optional_source
3978,Actitis hypoleucos,no,missing,optional_source
4109,Puffinus yelkouan,no,published_direct,none
4205,Podiceps nigricollis,no,missing,optional_source
4208,Podiceps cristatus,no,published_direct,none
4237,Tachybaptus ruficollis,no,missing,optional_source
4239,Tachybaptus dominicus,no,missing,optional_source
4246,Podilymbus podiceps,no,missing,optional_source
4257,Phoenicopterus ruber,yes,published_direct,none
4259,Phoeniconaias minor,no,missing,optional_source
4270,Phalacrocorax carbo,no,missing,optional_source
4314,Phaethon lepturus,no,missing,optional_source
4317,Phaethon aethereus,no,missing,optional_source
4327,Pelecanus onocrotalus,no,missing,optional_source
4328,Pelecanus occidentalis,yes,published_direct,none
4333,Pelecanus crispus,no,published_direct,none
4334,Pelecanus erythrorhynchos,no,missing,optional_source
4335,Pelecanus rufescens,no,missing,optional_source
4338,Balaeniceps rex,no,missing,optional_source
4356,Larus canus,no,published_direct,none
4364,Larus delawarensis,no,missing,optional_source
4368,Larus marinus,no,missing,optional_source
4381,Larus fuscus,no,missing,optional_source
4389,Larus cachinnans,no,missing,optional_source
4436,Sterna dougallii,no,missing,optional_source
4450,Sterna hirundo,no,missing,optional_source
4494,Rissa tridactyla,no,missing,optional_source
4496,Rynchops niger,no,missing,optional_source
4499,Rynchops flavirostris,no,missing,optional_source
4501,Alca torda,no,missing,optional_source
4504,Fratercula arctica,no,missing,optional_source
4512,Chlidonias niger,no,missing,optional_source
4514,Chlidonias leucopterus,no,missing,optional_source
4535,Anous stolidus,no,missing,optional_source
4578,Jacana spinosa,no,missing,optional_source
4585,Actophilornis africanus,no,missing,optional_source
4593,Cursorius temminckii,no,missing,optional_source
4604,Glareola pratincola,no,missing,optional_source
4613,Rhinoptilus cinctus,no,missing,optional_source
4616,Dromas ardeola,no,missing,optional_source
4623,Gavia arctica,no,missing,optional_source
4626,Gavia immer,no,missing,optional_source
4627,Gavia stellata,no,missing,optional_source
4631,Fregata magnificens,yes,published_direct,none
4641,Falco vespertinus,no,missing,optional_source
4643,Falco subbuteo,no,missing,optional_source
4647,Falco peregrinus,no,missing,optional_source
4665,Falco sparverius,no,missing,optional_source
4671,Falco eleonorae,no,missing,optional_source
4672,Falco columbarius,no,published_direct,none
4684,Falco biarmicus,no,missing,optional_source
4688,Falco ardosiaceus,no,missing,optional_source
4715,Caracara plancus,no,published_direct,none
4724,Polihierax semitorquatus,no,missing,optional_source
4732,Ciconia abdimii,no,missing,optional_source
4733,Ciconia ciconia,no,published_direct,none
4736,Ciconia nigra,no,published_direct,none
4742,Mycteria americana,no,missing,optional_source
4744,Mycteria ibis,no,missing,optional_source
4754,Ephippiorhynchus senegalensis,no,missing,optional_source
4756,Cathartes aura,no,published_direct,none
4776,Anastomus lamelligerus,no,missing,optional_source
4788,Eudromias morinellus,no,missing,optional_source
4793,Charadrius vociferus,no,missing,optional_source
4798,Charadrius melodus,no,missing,optional_source
4801,Charadrius hiaticula,no,missing,optional_source
4817,Charadrius semipalmatus,no,missing,optional_source
4835,Himantopus himantopus,no,published_direct,none
4836,Himantopus mexicanus,no,missing,optional_source
4840,Haematopus palliatus,no,missing,optional_source
4843,Haematopus ostralegus,no,missing,optional_source
4857,Vanellus vanellus,no,missing,optional_source
4861,Vanellus lugubris,no,missing,optional_source
4862,Vanellus crassirostris,no,missing,optional_source
4864,Vanellus melanopterus,no,missing,optional_source
4866,Vanellus spinosus,no,missing,optional_source
4868,Vanellus senegallus,no,missing,optional_source
4870,Vanellus armatus,no,missing,optional_source
4876,Vanellus tectus,no,missing,optional_source
4877,Vanellus coronatus,no,missing,optional_source
4883,Recurvirostra avosetta,no,missing,optional_source
4889,Pluvialis apricaria,no,missing,optional_source
4892,Pluvialis squatarola,no,missing,optional_source
4922,Burhinus capensis,no,published_direct,none
4923,Burhinus oedicnemus,no,published_direct,none
4926,Burhinus vermiculatus,no,missing,optional_source
4934,Egretta ardesiaca,no,missing,optional_source
4937,Egretta caerulea,no,missing,optional_source
4938,Egretta tricolor,no,missing,optional_source
4940,Egretta thula,no,missing,optional_source
4943,Egretta garzetta,no,published_direct,none
4948,Egretta rufescens,no,missing,optional_source
4951,Ardea purpurea,no,missing,optional_source
4954,Ardea cinerea,no,published_direct,none
4956,Ardea herodias,no,missing,optional_source
4969,Ardea goliath,no,missing,optional_source
4972,Ardea melanocephala,no,missing,optional_source
4981,Nycticorax nycticorax,no,published_direct,none
4994,Ardeola ralloides,no,missing,optional_source
4999,Nyctanassa violacea,no,missing,optional_source
5020,Butorides virescens,no,published_direct,none
5033,Botaurus stellaris,no,missing,optional_source
5063,Anhinga anhinga,no,published_direct,none
5066,Anhinga rufa,no,missing,optional_source
5074,Aquila chrysaetos,no,missing,optional_source
5079,Aquila rapax,no,missing,optional_source
5081,Aquila adalberti,yes,published_direct,none
5083,Aquila nipalensis,no,missing,optional_source
5106,Accipiter nisus,no,missing,optional_source
5154,Hieraaetus pennatus,no,missing,optional_source
5165,Circus ranivorus,no,missing,optional_source
5167,Circus pygargus,no,published_direct,none
5173,Circus aeruginosus,no,missing,optional_source
5178,Circus macrourus,no,missing,optional_source
5192,Buteo rufinus,no,published_direct,none
5197,Buteo ridgwayi,no,missing,optional_source
5212,Buteo jamaicensis,no,missing,optional_source
5227,Buteo platypterus,no,missing,optional_source
5231,Terathopius ecaudatus,no,missing,optional_source
5240,Circaetus pectoralis,no,missing,optional_source
5241,Circaetus cinereus,no,missing,optional_source
5242,Circaetus gallicus,no,published_direct,none
5244,Circaetus cinerascens,no,missing,optional_source
5246,Polyboroides typus,no,missing,optional_source
5267,Milvus milvus,no,missing,optional_source
5268,Milvus migrans,no,published_direct,none
5275,Elanus caeruleus,no,missing,optional_source
5309,Haliaeetus albicilla,no,published_direct,none
5323,Stephanoaetus coronatus,no,missing,optional_source
5325,Pernis apivorus,no,missing,optional_source
5335,Lophaetus occipitalis,no,missing,optional_source
5339,Melierax poliopterus,no,missing,optional_source
5340,Melierax metabates,no,published_direct,none
5344,Polemaetus bellicosus,no,missing,optional_source
5349,Rostrhamus sociabilis,no,missing,optional_source
5361,Neophron percnopterus,no,missing,optional_source
5363,Gyps africanus,no,missing,optional_source
5366,Gyps fulvus,yes,published_direct,none
5379,Gypaetus barbatus,no,missing,optional_source
5382,Aegypius monachus,no,missing,optional_source
5392,Trigonoceps occipitalis,no,missing,optional_source
5401,Torgos tracheliotos,no,published_direct,none
5418,Gypohierax angolensis,no,missing,optional_source
5426,Necrosyrtes monachus,no,missing,optional_source
5430,Kaupifalco monogrammicus,no,missing,optional_source
5437,Bucorvus abyssinicus,no,missing,optional_source
5483,Tockus deckeni,no,missing,optional_source
5484,Tockus flavirostris,no,missing,optional_source
5794,Anthracothorax mango,no,missing,optional_source
5795,Anthracothorax dominicus,no,missing,optional_source
5806,Anthracothorax viridis,no,published_direct,none
6377,Orthorhyncus cristatus,yes,published_direct,none
6422,Mellisuga minima,no,missing,optional_source
6425,Mellisuga helenae,no,missing,optional_source
6427,Eulampis holosericeus,no,published_direct,none
6430,Eulampis jugularis,no,missing,optional_source
6597,Streptoprocne zonaris,no,missing,optional_source
6612,Apus affinis,no,missing,optional_source
6638,Apus apus,no,missing,optional_source
6642,Apus unicolor,no,missing,optional_source
6643,Apus pallidus,no,missing,optional_source
6681,Cypsiurus parvus,no,missing,optional_source
6864,Tachornis phoenicobia,no,missing,optional_source
6892,Dendrocygna arborea,yes,published_direct,none
6898,Dendrocygna viduata,no,missing,optional_source
6914,Cygnus atratus,no,missing,optional_source
6921,Cygnus olor,no,missing,optional_source
6930,Anas platyrhynchos,no,published_direct,none
6933,Anas acuta,no,missing,optional_source
6937,Anas crecca,no,missing,optional_source
6951,Anas bahamensis,no,missing,optional_source
6965,Anas undulata,no,missing,optional_source
6984,Anas erythrorhyncha,no,missing,optional_source
6986,Anas capensis,no,missing,optional_source
6990,Bucephala clangula,no,missing,optional_source
6996,Mergus serrator,no,missing,optional_source
7004,Mergus merganser,no,missing,optional_source
7008,Anser indicus,no,published_direct,none
7018,Anser anser,no,missing,optional_source
7019,Anser albifrons,no,missing,optional_source
7024,Somateria mollissima,no,published_direct,none
7044,Aythya collaris,no,missing,optional_source
7045,Aythya ferina,no,missing,optional_source
7046,Aythya fuligula,no,missing,optional_source
7047,Aythya marila,no,missing,optional_source
7054,Aythya affinis,no,missing,optional_source
7055,Aythya nyroca,no,published_direct,none
7067,Tadorna tadorna,no,missing,optional_source
7068,Tadorna ferruginea,no,published_direct,none
7081,Oxyura leucocephala,no,missing,optional_source
7089,Branta canadensis,no,missing,optional_source
7101,Branta leucopsis,no,missing,optional_source
7106,Aix galericulata,no,published_direct,none
7107,Aix sponsa,no,missing,optional_source
7117,Chloephaga picta,no,missing,optional_source
7120,Cairina moschata,no,published_direct,none
7122,Netta rufina,no,published_direct,none
7139,Marmaronetta angustirostris,no,missing,optional_source
7146,Plectropterus gambensis,no,missing,optional_source
7160,Sarkidiornis melanotos,no,missing,optional_source
7172,Nomonyx dominicus,no,missing,optional_source
7204,Tauraco hartlaubi,no,missing,optional_source
7247,Crinifer zonurus,no,missing,optional_source
7250,Corythaeola cristata,no,missing,optional_source
7278,Aegithalos caudatus,no,missing,optional_source
7347,Alauda arvensis,no,published_direct,none
7359,Galerida theklae,no,missing,optional_source
7363,Lullula arborea,no,missing,optional_source
7367,Melanocorypha calandra,no,missing,optional_source
7372,Eremopterix leucopareia,no,missing,optional_source
7434,Dulus dominicus,no,missing,optional_source
7450,Certhia familiaris,no,missing,optional_source
7462,Certhia brachydactyla,no,missing,optional_source
7493,Polioptila caerulea,no,missing,optional_source
7504,Polioptila lembeyei,no,missing,optional_source
7610,Ferminia cerverai,no,missing,optional_source
7647,Cinclus cinclus,no,published_direct,none
7661,Cisticola chubbi,no,missing,optional_source
7676,Cisticola natalensis,no,missing,optional_source
7689,Cisticola hunteri,no,missing,optional_source
7697,Cisticola juncidis,no,missing,optional_source
7729,Prinia subflava,no,missing,optional_source
7749,Apalis flavida,no,missing,optional_source
7784,Eminia lepida,no,published_direct,none
7876,Oriolus larvatus,no,published_direct,none
8004,Corvus albicollis,no,missing,optional_source
8006,Corvus capensis,no,missing,optional_source
8010,Corvus corax,no,missing,optional_source
8019,Corvus nasicus,no,published_direct,none
8029,Corvus frugilegus,no,missing,optional_source
8031,Corvus splendens,no,missing,optional_source
8033,Corvus leucognaphalus,no,published_direct,none
8038,Corvus albus,no,missing,optional_source
8046,Corvus rhipidurus,no,missing,optional_source
8050,Corvus crassirostris,no,missing,optional_source
8051,Corvus palmarum,no,missing,optional_source
8053,Corvus jamaicensis,no,missing,optional_source
8088,Garrulus glandarius,no,published_direct,none
8208,Laniarius erythrogaster,no,published_direct,none
8214,Laniarius funebris,no,missing,optional_source
8268,Dicrurus adsimilis,no,missing,optional_source
8296,Dryoscopus cubla,no,missing,optional_source
8313,Campephaga flava,no,published_direct,none
8349,Pyrrhocorax pyrrhocorax,no,missing,optional_source
8350,Pyrrhocorax graculus,no,missing,optional_source
8354,Terpsiphone viridis,no,missing,optional_source
8371,Ptilostomus afer,no,missing,optional_source
8399,Batis molitor,no,missing,optional_source
8446,Tchagra australis,no,missing,optional_source
8454,Platysteira cyanea,no,missing,optional_source
8580,Nilaus afer,no,missing,optional_source
8593,Rhodophoneus cruentus,no,missing,optional_source
8687,Pachyramphus niger,no,missing,optional_source
9192,Emberiza cirlus,no,published_direct,none
9193,Emberiza cia,no,missing,optional_source
9195,Emberiza citrinella,no,missing,optional_source
9196,Emberiza hortulana,no,missing,optional_source
9201,Emberiza schoeniclus,no,missing,optional_source
9202,Emberiza flaviventris,no,missing,optional_source
9203,Emberiza melanocephala,no,missing,optional_source
9236,Serinus serinus,no,missing,optional_source
9237,Carduelis citrinella,no,missing,optional_source
9246,Serinus canaria,no,published_direct,none
9288,Euphonia jamaica,no,published_direct,none
9326,Icterus dominicensis,no,missing,optional_source
9327,Icterus bonana,no,missing,optional_source
9335,Icterus leucopteryx,no,missing,optional_source
9345,Icterus icterus,no,missing,optional_source
9398,Carduelis carduelis,no,missing,optional_source
9462,Pyrrhula pyrrhula,no,missing,optional_source
9528,Sturnella magna,no,missing,optional_source
9600,Quiscalus lugubris,no,published_direct,none
9601,Quiscalus major,no,missing,optional_source
9607,Quiscalus mexicanus,no,missing,optional_source
9609,Quiscalus niger,no,published_direct,none
9721,Geothlypis trichas,no,missing,optional_source
9744,Agelaius phoeniceus,no,missing,optional_source
9762,Agelaius assimilis,no,missing,optional_source
9764,Agelaius xanthomus,no,missing,optional_source
9765,Agelaius humeralis,no,missing,optional_source
9801,Coccothraustes coccothraustes,no,missing,optional_source
9849,Saltator albicollis,no,missing,optional_source
9864,Sicalis flaveola,no,published_direct,none
9915,Piranga rubra,no,missing,optional_source
9929,Nesospingus speculiferus,no,missing,optional_source
10019,Loxigilla noctis,no,missing,optional_source
10069,Fringilla montifringilla,no,missing,optional_source
10070,Fringilla coelebs,no,missing,optional_source
10199,Coereba flaveola,no,missing,optional_source
10205,Loxipasser anoxanthus,no,missing,optional_source
10224,Passerina ciris,no,missing,optional_source
10227,Passerina cyanea,no,published_direct,none
10247,Setophaga ruticilla,no,missing,optional_source
10262,Cyanerpes cyaneus,no,missing,optional_source
10266,Melopyrrha nigra,no,missing,optional_source
10268,Euneornis campestris,no,missing,optional_source
10286,Mniotilta varia,no,missing,optional_source
10290,Phaenicophilus palmarum,no,missing,optional_source
10371,Molothrus bonariensis,no,missing,optional_source
10411,Loxia curvirostra,no,missing,optional_source
10422,Loxia megaplaga,no,missing,optional_source
10515,Teretistris fernandinae,no,published_direct,none
10516,Teretistris fornsi,no,missing,optional_source
10576,Xenoligea montana,no,missing,optional_source
10597,Microligea palustris,no,missing,optional_source
10619,Nesopsar nigerrimus,no,missing,optional_source
10645,Torreornis inexpectata,no,missing,optional_source
10731,Spindalis zena,no,missing,optional_source
11855,Petrochelidon fulva,no,missing,optional_source
11864,Progne cryptoleuca,no,published_direct,none
11874,Progne dominicensis,no,missing,optional_source
11896,Hirundo smithii,no,missing,optional_source
11901,Hirundo rustica,no,missing,optional_source
11909,Hirundo angolensis,no,missing,optional_source
11941,Riparia riparia,no,missing,optional_source
11945,Riparia paludicola,no,missing,optional_source
11953,Psalidoprocne pristoptera,no,published_direct,none
12022,Lanius dorsalis,no,missing,optional_source
12023,Lanius nubicus,no,published_direct,none
12038,Lanius collurio,no,missing,optional_source
12039,Lanius senator,no,missing,optional_source
12048,Lanius cabanisi,no,missing,optional_source
12050,Lanius excubitoroides,no,missing,optional_source
12053,Lanius mackinnoni,no,missing,optional_source
12054,Lanius minor,no,missing,optional_source
12707,Turdus pilaris,no,missing,optional_source
12709,Turdus pelios,no,missing,optional_source
12716,Turdus merula,no,published_direct,none
12718,Turdus plumbeus,no,published_direct,none
12735,Turdus viscivorus,no,missing,optional_source
12740,Turdus torquatus,no,missing,optional_source
12748,Turdus philomelos,no,missing,optional_source
12749,Turdus iliacus,no,missing,optional_source
12767,Turdus nudigenis,no,missing,optional_source
12777,Turdus aurantius,no,missing,optional_source
12778,Turdus jamaicensis,no,missing,optional_source
12784,Cossypha natalensis,no,missing,optional_source
12792,Cossypha heuglini,no,missing,optional_source
12795,Cossypha semirufa,no,missing,optional_source
12799,Bradornis microrhynchus,no,missing,optional_source
12822,Oenanthe oenanthe,no,missing,optional_source
12825,Oenanthe hispanica,no,missing,optional_source
12830,Oenanthe pleschanka,no,missing,optional_source
12834,Oenanthe cypriaca,no,missing,optional_source
12837,Oenanthe isabellina,no,missing,optional_source
12838,Oenanthe leucura,no,missing,optional_source
12839,Oenanthe pileata,no,published_direct,none
12868,Myrmecocichla aethiops,no,missing,optional_source
12874,Myrmecocichla nigra,no,published_direct,none
12908,Saxicola rubetra,no,published_direct,none
12913,Saxicola dacotiae,no,missing,optional_source
12950,Myadestes genibarbis,no,missing,optional_source
12955,Myadestes elisabeth,no,missing,optional_source
12971,Muscicapa striata,no,missing,optional_source
12978,Muscicapa adusta,no,missing,optional_source
12985,Muscicapa aquatica,no,missing,optional_source
12992,Phoenicurus phoenicurus,no,missing,optional_source
13000,Phoenicurus ochruros,no,missing,optional_source
13071,Luscinia svecica,no,missing,optional_source
13079,Luscinia megarhynchos,no,missing,optional_source
13084,Cichladusa guttata,no,missing,optional_source
13094,Erithacus rubecula,yes,published_direct,none
13133,Ficedula albicollis,no,missing,optional_source
13140,Monticola saxatilis,no,missing,optional_source
13141,Monticola solitarius,no,missing,optional_source
13185,Melaenornis pammelaina,no,published_direct,none
13188,Melaenornis edolioides,no,published_direct,none
13235,Empidornis semipartitus,no,missing,optional_source
13272,Pogonocichla stellata,no,missing,optional_source
13291,Nectarinia tacazze,no,missing,optional_source
13350,Nectarinia kilimensis,no,missing,optional_source
13366,Anthreptes orientalis,no,missing,optional_source
13676,Remiz pendulinus,no,missing,optional_source
13688,Motacilla cinerea,no,missing,optional_source
13695,Motacilla alba,no,missing,optional_source
13701,Motacilla aguimp,no,missing,optional_source
13704,Motacilla clara,no,missing,optional_source
13708,Anthus leucophrys,no,missing,optional_source
13711,Anthus trivialis,no,missing,optional_source
13712,Anthus campestris,no,published_direct,none
13713,Anthus spinoletta,no,missing,optional_source
13721,Anthus cervinus,no,missing,optional_source
13729,Anthus pratensis,no,missing,optional_source
13738,Anthus berthelotii,no,missing,optional_source
13767,Estrilda rhodopyga,no,published_direct,none
13770,Estrilda astrild,no,missing,optional_source
13773,Estrilda nonnula,no,missing,optional_source
13780,Estrilda melpoda,no,missing,optional_source
13785,Ploceus galbula,no,missing,optional_source
13786,Ploceus rubiginosus,no,missing,optional_source
13787,Ploceus nigerrimus,no,missing,optional_source
13791,Ploceus vitellinus,no,missing,optional_source
13793,Ploceus melanocephalus,no,missing,optional_source
13796,Ploceus cucullatus,no,missing,optional_source
13798,Ploceus spekei,no,missing,optional_source
13805,Ploceus baglafecht,no,missing,optional_source
13806,Ploceus bojeri,no,missing,optional_source
13811,Ploceus castaneiceps,no,missing,optional_source
13820,Ploceus xanthops,no,missing,optional_source
13821,Ploceus pelzelni,no,missing,optional_source
13825,Ploceus nigricollis,no,missing,optional_source
13834,Ploceus castanops,no,published_direct,none
13835,Ploceus jacksoni,no,missing,optional_source
13836,Ploceus subaureus,no,missing,optional_source
13837,Ploceus ocularis,no,missing,optional_source
13842,Ploceus intermedius,no,missing,optional_source
13851,Passer montanus,no,missing,optional_source
13854,Passer hispaniolensis,no,missing,optional_source
13858,Passer domesticus,no,missing,optional_source
13861,Passer eminibey,no,published_direct,none
13862,Passer gongonensis,no,published_direct,none
13865,Passer rufocinctus,no,missing,optional_source
13869,Passer swainsonii,no,missing,optional_source
13870,Passer griseus,no,missing,optional_source
13872,Pseudonigrita arnaudi,no,missing,optional_source
13893,Lonchura punctulata,no,missing,optional_source
13920,Sporopipes frontalis,no,missing,optional_source
13962,Euplectes orix,no,missing,optional_source
13963,Euplectes hordeaceus,no,published_direct,none
13964,Euplectes capensis,no,missing,optional_source
13965,Euplectes albonotatus,no,missing,optional_source
13966,Euplectes franciscanus,no,missing,optional_source
13970,Euplectes axillaris,no,missing,optional_source
13971,Euplectes gierowii,no,missing,optional_source
13974,Euplectes afer,no,missing,optional_source
13988,Prunella modularis,no,missing,optional_source
13996,Prunella collaris,no,missing,optional_source
13999,Pytilia melba,no,missing,optional_source
14005,Quelea quelea,no,published_direct,none
14010,Vidua chalybeata,no,missing,optional_source
14011,Vidua macroura,no,published_direct,none
14027,Uraeginthus bengalus,no,missing,optional_source
14030,Uraeginthus cyanocephalus,no,missing,optional_source
14051,Lagonosticta senegala,no,missing,optional_source
14064,Amblyospiza albifrons,no,missing,optional_source
14076,Petronia petronia,no,published_direct,none
14087,Dinemellia dinemelli,no,missing,optional_source
14096,Amadina fasciata,no,missing,optional_source
14101,Macronyx aurantiigula,no,missing,optional_source
14103,Macronyx ameliae,no,missing,optional_source
14104,Macronyx croceus,no,missing,optional_source
14115,Plocepasser mahali,no,missing,optional_source
14143,Bubalornis niger,no,published_direct,none
14148,Anaplectes rubriceps,no,missing,optional_source
14588,Pycnonotus barbatus,no,published_direct,none
14708,Andropadus importunus,no,missing,optional_source
14811,Sitta neumayer,no,published_direct,none
14824,Sitta europaea,no,published_direct,none
14840,Tichodroma muraria,no,missing,optional_source
14849,Sturnus unicolor,no,missing,optional_source
14850,Sturnus vulgaris,no,missing,optional_source
14872,Acridotheres cristatellus,no,missing,optional_source
14880,Mimus gundlachii,no,published_direct,none
14884,Mimus gilvus,no,missing,optional_source
14886,Mimus polyglottos,no,missing,optional_source
14923,Lamprotornis chalybaeus,no,missing,optional_source
14934,Lamprotornis hildebrandti,no,published_direct,none
14939,Lamprotornis superbus,no,missing,optional_source
14980,Cinclocerthia ruficauda,no,published_direct,none
14984,Margarops fuscatus,no,missing,optional_source
14995,Dumetella carolinensis,no,missing,optional_source
15030,Cinnyricinclus leucogaster,no,published_direct,none
15032,Creatophora cinerea,no,missing,optional_source
15047,Ramphocinclus brachyurus,no,missing,optional_source
15052,Turdoides jardineii,no,published_direct,none
15063,Turdoides sharpei,no,missing,optional_source
15253,Sylvietta whytii,no,missing,optional_source
15282,Sylvia atricapilla,no,missing,optional_source
15302,Sylvia borin,no,missing,optional_source
15560,Leiothrix lutea,no,missing,optional_source
15621,Phyllolais pulchella,no,published_direct,none
16005,Myiarchus validus,no,missing,optional_source
16013,Myiarchus stolidus,no,missing,optional_source
16024,Myiarchus antillarum,no,missing,optional_source
16025,Myiarchus sagrae,no,published_direct,none
16049,Myiarchus oberi,no,missing,optional_source
16057,Myiarchus barbirostris,no,missing,optional_source
16085,Contopus caribaeus,no,published_direct,none
16097,Contopus hispaniolensis,no,missing,optional_source
16101,Contopus pallidus,no,missing,optional_source
16102,Contopus latirostris,no,missing,optional_source
16702,Elaenia martinica,no,missing,optional_source
16771,Tyrannus caudifasciatus,no,missing,optional_source
16798,Tyrannus dominicensis,no,missing,optional_source
16801,Tyrannus cubensis,no,missing,optional_source
16891,Myiopagis cotta,no,missing,optional_source
17361,Vireo nanus,no,published_direct,none
17365,Vireo flavifrons,no,missing,optional_source
17370,Vireo modestus,no,missing,optional_source
17384,Vireo latimeri,no,missing,optional_source
17387,Vireo osburni,no,missing,optional_source
17390,Vireo gundlachii,no,missing,optional_source
17399,Vireo altiloquus,no,missing,optional_source
17408,Vireo griseus,no,missing,optional_source
17634,Campethera nubica,no,missing,optional_source
17835,Dryocopus martius,no,missing,optional_source
17867,Dendrocopos syriacus,no,missing,optional_source
17871,Dendrocopos major,no,missing,optional_source
18159,Melanerpes radiolatus,no,missing,optional_source
18180,Melanerpes striatus,no,missing,optional_source
18182,Melanerpes portoricensis,no,missing,optional_source
18184,Melanerpes herminieri,no,missing,optional_source
18193,Melanerpes superciliaris,no,published_direct,none
18235,Colaptes fernandinae,no,missing,optional_source
18236,Colaptes auratus,no,missing,optional_source
18448,Jynx torquilla,no,missing,optional_source
18463,Sphyrapicus varius,no,published_direct,none
18475,Xiphidiopicus percussus,no,missing,optional_source
18911,Psittacula krameri,no,missing,optional_source
18979,Amazona collaria,no,missing,optional_source
18983,Amazona ventralis,no,missing,optional_source
18988,Amazona leucocephala,no,missing,optional_source
18989,Amazona agilis,no,missing,optional_source
19006,Amazona vittata,yes,published_direct,none
19018,Ara ararauna,no,missing,optional_source
19051,Poicephalus rufiventris,no,published_direct,none
19055,Poicephalus meyeri,no,missing,optional_source
19065,Forpus passerinus,no,missing,optional_source
19074,Agapornis taranta,no,missing,optional_source
19075,Agapornis fischeri,no,missing,optional_source
19076,Agapornis personatus,no,missing,optional_source
19210,Brotogeris versicolurus,no,missing,optional_source
19349,Myiopsitta monachus,no,published_direct,none
19410,Caprimulgus europaeus,no,missing,optional_source
19482,Caprimulgus ruficollis,no,missing,optional_source
19602,Chordeiles gundlachii,no,missing,optional_source
19670,Nyctibius jamaicensis,no,missing,optional_source
19809,Glaucidium siju,no,missing,optional_source
19882,Glaucidium perlatum,no,missing,optional_source
19898,Strix aluco,no,published_direct,none
19965,Strix woodfordii,no,missing,optional_source
19975,Athene cunicularia,no,missing,optional_source
19998,Athene noctua,no,missing,optional_source
20059,Bubo bubo,no,missing,optional_source
20244,Otus scops,no,missing,optional_source
20307,Asio otus,no,published_direct,none
20315,Asio flammeus,no,missing,optional_source
20331,Asio stygius,no,missing,optional_source
20436,Tyto glaucops,no,missing,optional_source
20445,Tyto alba,no,published_direct,none
20526,Struthio camelus,no,missing,optional_source
20836,Apaloderma narina,no,missing,optional_source
20844,Priotelus temnurus,no,missing,optional_source
20847,Priotelus roseigaster,no,missing,optional_source
20934,Phoeniculus purpureus,no,missing,optional_source
20969,Upupa epops,yes,published_direct,none
21851,Mertensophryne micranotis,no,missing,optional_source
21861,Schismaderma carens,no,missing,optional_source
22120,Eleutherodactylus alcoae,no,missing,optional_source
22190,Eleutherodactylus nortoni,no,missing,optional_source
22232,Eleutherodactylus guanahacabibes,no,published_direct,none
22236,Eleutherodactylus glaucoreius,no,missing,optional_source
22285,Eleutherodactylus glaphycompus,no,missing,optional_source
22302,Eleutherodactylus inoptatus,no,missing,optional_source
22333,Eleutherodactylus johnstonei,no,missing,optional_source
22334,Eleutherodactylus weinlandi,no,missing,optional_source
22337,Eleutherodactylus haitianus,no,missing,optional_source
22369,Eleutherodactylus cooki,no,missing,optional_source
22374,Eleutherodactylus nubicola,no,missing,optional_source
22375,Eleutherodactylus gossei,no,published_direct,none
22376,Eleutherodactylus cundalli,no,missing,optional_source
22384,Eleutherodactylus lentus,no,missing,optional_source
22408,Eleutherodactylus wightmanae,no,missing,optional_source
22411,Eleutherodactylus portoricensis,no,missing,optional_source
22413,Eleutherodactylus patriciae,no,missing,optional_source
22417,Eleutherodactylus furcyensis,no,missing,optional_source
22423,Eleutherodactylus richmondi,no,missing,optional_source
22440,Eleutherodactylus monensis,no,missing,optional_source
22445,Eleutherodactylus flavescens,no,published_direct,none
22446,Eleutherodactylus armstrongi,no,missing,optional_source
22453,Eleutherodactylus wetmorei,no,missing,optional_source
22454,Eleutherodactylus coqui,yes,published_direct,none
22456,Eleutherodactylus audanti,no,missing,optional_source
22460,Eleutherodactylus pictissimus,no,published_direct,none
22478,Eleutherodactylus zeus,no,missing,optional_source
22488,Eleutherodactylus counouspeus,no,missing,optional_source
22496,Eleutherodactylus pinchoni,no,missing,optional_source
22580,Eleutherodactylus cuneatus,no,published_direct,none
22581,Eleutherodactylus dimidiatus,no,missing,optional_source
22601,Eleutherodactylus abbotti,no,published_direct,none
22612,Eleutherodactylus probolaeus,no,missing,optional_source
22614,Eleutherodactylus etheridgei,no,missing,optional_source
22616,Eleutherodactylus brittoni,no,missing,optional_source
22617,Eleutherodactylus montanus,no,missing,optional_source
22619,Eleutherodactylus hedricki,no,missing,optional_source
22631,Eleutherodactylus planirostris,no,missing,optional_source
22632,Eleutherodactylus auriculatus,no,missing,optional_source
22635,Eleutherodactylus greyi,no,missing,optional_source
22636,Eleutherodactylus atkinsi,no,missing,optional_source
22663,Eleutherodactylus iberia,no,missing,optional_source
22718,Eleutherodactylus pentasyringos,no,missing,optional_source
22739,Eleutherodactylus martinicensis,no,missing,optional_source
22745,Eleutherodactylus unicolor,no,missing,optional_source
22752,Eleutherodactylus pantoni,no,missing,optional_source
22761,Eleutherodactylus cochranae,no,missing,optional_source
22771,Eleutherodactylus antillensis,no,missing,optional_source
22979,Leptodactylus albilabris,no,missing,optional_source
23286,Hyperolius cystocandicans,no,missing,optional_source
23288,Hyperolius rubrovermiculatus,no,published_direct,none
23301,Hyperolius montanus,no,missing,optional_source
23323,Hyperolius pusillus,no,published_direct,none
23327,Hyperolius argus,no,published_direct,none
23339,Hyperolius mitchelli,no,missing,optional_source
23342,Hyperolius tuberilinguis,no,missing,optional_source
23343,Hyperolius parkeri,no,missing,optional_source
23366,Hyperolius parallelus,no,missing,optional_source
23369,Hyperolius cinnamomeoventris,no,published_direct,none
23371,Hyperolius mariae,no,missing,optional_source
23382,Hyperolius pictus,no,missing,optional_source
23385,Hyperolius glandicolor,no,published_direct,none
23393,Hyperolius castaneus,no,missing,optional_source
23405,Leptopelis kivuensis,no,missing,optional_source
23406,Leptopelis concolor,no,published_direct,none
23411,Leptopelis uluguruensis,no,missing,optional_source
23412,Leptopelis parkeri,no,published_direct,none
23413,Leptopelis vermiculatus,no,missing,optional_source
23423,Leptopelis bocagii,no,missing,optional_source
23440,Leptopelis flavomaculatus,no,missing,optional_source
23450,Afrixalus delicatus,no,missing,optional_source
23455,Afrixalus fornasini,no,missing,optional_source
23505,Kassina somalica,no,missing,optional_source
23512,Kassina senegalensis,no,missing,optional_source
23798,Hyla savignyi,no,missing,optional_source
23922,Hyla intermedia,no,missing,optional_source
23998,Hyla sarda,no,missing,optional_source
24045,Hyla meridionalis,no,missing,optional_source
24322,Scinax ruber,no,missing,optional_source
24360,Scinax x-signatus,no,missing,optional_source
24375,Osteopilus vastus,no,missing,optional_source
24376,Osteopilus pulchrilineatus,no,missing,optional_source
24378,Osteopilus ocellatus,no,missing,optional_source
24379,Osteopilus dominicensis,no,missing,optional_source
24380,Osteopilus crucialis,no,missing,optional_source
24382,Osteopilus septentrionalis,no,missing,optional_source
24462,Hemisus marmoratus,no,missing,optional_source
24473,Alytes obstetricans,no,missing,optional_source
24474,Alytes dickhilleni,no,missing,optional_source
24475,Alytes cisternasii,no,missing,optional_source
24479,Discoglossus pictus,no,missing,optional_source
24480,Discoglossus galganoi,no,published_direct,none
24484,Discoglossus sardus,no,missing,optional_source
24594,Arthroleptis affinis,no,missing,optional_source
24899,Phrynomantis bifasciatus,no,missing,optional_source
25164,Callulina kreffti,no,missing,optional_source
25311,Pelobates cultripes,no,missing,optional_source
25312,Pelobates fuscus,no,missing,optional_source
25316,Pelodytes ibericus,no,published_direct,none
25350,Phrynobatrachus stewartae,no,published_direct,none
25356,Phrynobatrachus keniensis,no,missing,optional_source
25362,Phrynobatrachus acridoides,no,missing,optional_source
25369,Phrynobatrachus mababiensis,no,missing,optional_source
25383,Phrynobatrachus natalensis,no,missing,optional_source
25451,Xenopus borealis,no,published_direct,none
25457,Xenopus laevis,no,published_direct,none
25459,Xenopus muelleri,no,published_direct,none
25591,Rana temporaria,no,published_direct,none
25616,Rana italica,no,missing,optional_source
25660,Rana pyrenaica,no,missing,optional_source
25664,Rana latastei,no,missing,optional_source
25665,Rana iberica,no,missing,optional_source
25669,Rana dalmatina,no,missing,optional_source
25697,Rana graeca,no,missing,optional_source
25743,Ptychadena schillukorum,no,missing,optional_source
25744,Ptychadena oxyrhynchus,no,missing,optional_source
25762,Ptychadena erlangeri,no,missing,optional_source
25778,Ptychadena anchietae,no,missing,optional_source
25782,Ptychadena mascareniensis,no,published_direct,none
26061,Crocodylus rhombifer,yes,published_direct,none
26085,Crocodylus acutus,no,missing,optional_source
26197,Pyxicephalus edulis,no,missing,optional_source
26203,Strongylopus merumontanus,no,missing,optional_source
26261,Hoplobatrachus occipitalis,no,missing,optional_source
26655,Chiromantis petersii,no,missing,optional_source
26656,Chiromantis xerampelina,no,published_direct,none
26717,Dasypeltis scabra,no,missing,optional_source
26888,Coronella girondica,no,missing,optional_source
26904,Coronella austriaca,no,missing,optional_source
27514,Speleomantes ambrosii,no,missing,optional_source
27517,Speleomantes italicus,no,published_direct,none
27519,Speleomantes strinatii,no,missing,optional_source
27712,Triturus marmoratus,no,published_direct,none
27717,Triturus carnifex,no,missing,optional_source
27719,Triturus pygmaeus,no,missing,optional_source
27726,Salamandra salamandra,no,published_direct,none
27732,Salamandra lanzai,no,missing,optional_source
27735,Salamandra atra,no,missing,optional_source
27832,Pleurodeles waltl,no,missing,optional_source
27840,Salamandrina terdigitata,no,published_direct,none
27844,Chioglossa lusitanica,no,missing,optional_source
27904,Boulengerula taitana,no,missing,optional_source
28157,Uromacer oxyrhynchus,no,missing,optional_source
28169,Uromacer catesbyi,no,missing,optional_source
28333,Thelotornis usambaricus,no,missing,optional_source
28338,Thelotornis mossambicanus,no,missing,optional_source
28598,Caraiba andreae,no,missing,optional_source
28605,Hypsirhynchus parvifrons,no,missing,optional_source
28771,Rhamphiophis rostratus,no,missing,optional_source
28964,Psammophis orientalis,no,missing,optional_source
28965,Psammophis sudanensis,no,published_direct,none
28971,Psammophis punctulatus,no,missing,optional_source
29073,Philothamnus semivariegatus,no,missing,optional_source
29074,Philothamnus punctatus,no,missing,optional_source
29084,Philothamnus hoplogaster,no,missing,optional_source
29351,Natrix maura,no,missing,optional_source
29449,Malpolon monspessulanus,no,missing,optional_source
29450,Malpolon insignitus,no,missing,optional_source
29508,Lycophidion capense,no,missing,optional_source
29760,Boaedon fuliginosus,no,missing,optional_source
29917,Hierophis gemonensis,no,missing,optional_source
30112,Cubophis vudii,no,missing,optional_source
30121,Borikenophis portoricensis,no,missing,optional_source
30131,Cubophis cantherigerus,no,missing,optional_source
30237,Elaphe quatuorlineata,no,missing,optional_source
30358,Dispholidus typus,no,missing,optional_source
30405,Dendroaspis polylepis,no,missing,optional_source
30411,Dendroaspis angusticeps,no,missing,optional_source
30476,Naja nigricollis,no,published_direct,none
30486,Naja pallida,no,missing,optional_source
30654,Elapsoidea loveridgei,no,missing,optional_source
30851,Bitis arietans,no,missing,optional_source
30853,Bitis gabonica,no,missing,optional_source
30855,Bitis nasicornis,no,missing,optional_source
30877,Atheris squamigera,no,missing,optional_source
30880,Atheris nitschei,no,published_direct,none
30917,Vipera seoanei,no,missing,optional_source
30924,Vipera latastei,no,missing,optional_source
30929,Vipera aspis,no,missing,optional_source
31088,Echis pyramidum,no,missing,optional_source
31120,Agama spinosa,no,missing,optional_source
31132,Agama mwanzae,no,missing,optional_source
31147,Agama caudospinosa,no,missing,optional_source
31155,Agama lionotus,no,missing,optional_source
31975,Pseudopus apodus,no,missing,optional_source
32093,Boa constrictor,no,missing,optional_source
32152,Python sebae,no,missing,optional_source
32208,Eryx colubrinus,no,missing,optional_source
32314,Tropidophis melanurus,no,missing,optional_source
32319,Tropidophis haetianus,no,missing,optional_source
32610,Afrotyphlops lineolatus,no,missing,optional_source
32807,Trioceros jacksonii,no,missing,optional_source
32814,Trioceros tempeli,no,missing,optional_source
32816,Trioceros werneri,no,missing,optional_source
32818,Trioceros sternfeldi,no,missing,optional_source
32819,Trioceros schubotzi,no,missing,optional_source
32820,Trioceros rudis,no,missing,optional_source
32837,Trioceros johnstoni,no,missing,optional_source
32842,Trioceros hoehnelii,no,missing,optional_source
32845,Chamaeleo gracilis,no,missing,optional_source
32852,Trioceros ellioti,no,missing,optional_source
32854,Chamaeleo dilepis,no,missing,optional_source
32861,Trioceros deremensis,no,missing,optional_source
32864,Chamaeleo chamaeleon,no,missing,optional_source
32871,Trioceros bitaeniatus,no,missing,optional_source
32947,Kinyongia tenuis,no,published_direct,none
32949,Kinyongia tavetana,no,missing,optional_source
32950,Kinyongia boehmei,no,missing,optional_source
32977,Kinyongia multituberculata,no,missing,optional_source
32983,Rhampholeon temporalis,no,missing,optional_source
32988,Rhampholeon nchisiensis,no,missing,optional_source
32994,Rieppeleon kerstenii,no,missing,optional_source
33560,Aristelliger praesignis,no,missing,optional_source
33563,Aristelliger lar,no,missing,optional_source
33602,Tarentola mauritanica,no,missing,optional_source
33619,Tarentola boettgeri,no,published_direct,none
33622,Tarentola angustimentalis,no,missing,optional_source
33623,Tarentola americana,no,missing,optional_source
33640,Sphaerodactylus difficilis,no,missing,optional_source
33708,Sphaerodactylus nicholsi,no,missing,optional_source
33730,Sphaerodactylus klauberi,no,missing,optional_source
33740,Sphaerodactylus fantasticus,no,missing,optional_source
33752,Sphaerodactylus elegans,no,missing,optional_source
33768,Sphaerodactylus clenchi,no,missing,optional_source
33788,Sphaerodactylus argus,no,missing,optional_source
33811,Sphaerodactylus vincenti,no,missing,optional_source
34059,Phelsuma dubia,no,missing,optional_source
34238,Lygodactylus picturatus,no,missing,optional_source
34273,Lygodactylus keniensis,no,missing,optional_source
34303,Lygodactylus capensis,no,published_direct,none
34312,Lygodactylus angularis,no,missing,optional_source
34435,Hemidactylus turcicus,no,missing,optional_source
34454,Hemidactylus squamulatus,no,missing,optional_source
34463,Hemidactylus platycephalus,no,missing,optional_source
34496,Hemidactylus angulatus,no,missing,optional_source
34615,Gekko gecko,no,missing,optional_source
34964,Gymnophthalmus underwoodi,no,missing,optional_source
35290,Cyclura cychlura,no,missing,optional_source
35298,Cyclura collei,yes,published_direct,none
35303,Ctenosaura similis,no,missing,optional_source
35342,Iguana iguana,yes,published_direct,none
35345,Iguana delicatissima,no,published_direct,none
35397,Adolfus jacksoni,no,missing,optional_source
35413,Acanthodactylus schreiberi,no,published_direct,none
35430,Acanthodactylus erythrurus,no,missing,optional_source
35453,Zootoca vivipara,no,missing,optional_source
35474,Teira dugesii,no,missing,optional_source
35510,Pseuderemias brenneri,no,missing,optional_source
35516,Psammodromus hispanicus,no,missing,optional_source
35519,Psammodromus algirus,no,missing,optional_source
35530,Podarcis tiliguerta,no,missing,optional_source
35597,Podarcis pityusensis,no,missing,optional_source
35637,Podarcis lilfordi,no,missing,optional_source
35666,Podarcis liolepis,no,missing,optional_source
35671,Podarcis filfolensis,no,published_direct,none
35677,Podarcis erhardii,no,missing,optional_source
35700,Podarcis cretensis,no,published_direct,none
35706,Podarcis bocagei,no,missing,optional_source
35707,Podarcis carbonelli,no,missing,optional_source
35710,Podarcis melisellensis,no,missing,optional_source
35760,Ophisops elegans,no,missing,optional_source
35827,Latastia longicaudata,no,missing,optional_source
35854,Lacerta viridis,no,missing,optional_source
35868,Lacerta schreiberi,no,missing,optional_source
35871,Lacerta trilineata,no,published_direct,none
35900,Lacerta bilineata,no,missing,optional_source
35912,Lacerta agilis,no,missing,optional_source
35964,Iberolacerta monticola,no,missing,optional_source
35972,Heliobolus spekii,no,missing,optional_source
35988,Gallotia caesaris,no,missing,optional_source
35990,Gallotia stehlini,no,published_direct,none
35995,Gallotia galloti,no,published_direct,none
36001,Gallotia atlantica,no,missing,optional_source
36052,Algyroides nigropunctatus,no,missing,optional_source
36055,Algyroides moreoticus,no,published_direct,none
36363,Anolis roquet,no,missing,optional_source
36372,Anolis homolechis,no,missing,optional_source
36375,Anolis lineatopus,no,missing,optional_source
36380,Anolis grahami,no,missing,optional_source
36391,Anolis equestris,no,missing,optional_source
36427,Anolis gundlachi,no,missing,optional_source
36432,Anolis gingivinus,no,missing,optional_source
36441,Anolis ferreus,no,missing,optional_source
36445,Anolis evermanni,no,missing,optional_source
36448,Anolis etheridgei,no,missing,optional_source
36455,Anolis distichus,no,missing,optional_source
36485,Anolis cuvieri,no,missing,optional_source
36488,Anolis cristatellus,no,missing,optional_source
36491,Anolis cooki,no,published_direct,none
36503,Anolis christophei,no,missing,optional_source
36520,Anolis brevirostris,no,published_direct,none
36532,Anolis bartschi,no,missing,optional_source
36558,Anolis argenteolus,no,published_direct,none
36561,Anolis angusticeps,no,missing,optional_source
36567,Anolis alutaceus,no,missing,optional_source
36570,Anolis allisoni,no,missing,optional_source
36580,Anolis acutus,no,missing,optional_source
36599,Anolis vermiculatus,no,missing,optional_source
36606,Anolis stratulus,no,missing,optional_source
36607,Anolis strahmi,no,missing,optional_source
36613,Anolis smaragdinus,no,missing,optional_source
36616,Anolis smallwoodi,no,missing,optional_source
36621,Anolis shrevei,no,missing,optional_source
36623,Anolis semilineatus,no,missing,optional_source
36645,Anolis pulchellus,no,missing,optional_source
36651,Anolis porcatus,no,published_direct,none
36654,Anolis poncensis,no,missing,optional_source
36677,Anolis occultus,no,missing,optional_source
36695,Anolis marmoratus,no,missing,optional_source
36696,Anolis terraealtae,no,missing,optional_source
36710,Anolis luteogularis,no,missing,optional_source
36720,Anolis lucius,no,missing,optional_source
36732,Anolis krugi,no,missing,optional_source
37210,Chalcides viridanus,no,missing,optional_source
37213,Chalcides striatus,no,missing,optional_source
37239,Chalcides bedriagai,no,missing,optional_source
37415,Trachylepis varia,no,missing,optional_source
37418,Trachylepis striata,no,published_direct,none
37421,Trachylepis quinquetaeniata,no,missing,optional_source
37423,Trachylepis planifrons,no,published_direct,none
37439,Trachylepis brevicollis,no,missing,optional_source
37932,Mochlus sundevallii,no,missing,optional_source
38256,Leptosiaphos kilimensis,no,missing,optional_source
39280,Leiocephalus carinatus,no,missing,optional_source
39292,Leiocephalus cubensis,no,published_direct,none
39298,Leiocephalus raviceps,no,missing,optional_source
39320,Leiocephalus semilineatus,no,published_direct,none
39322,Leiocephalus schreibersii,no,missing,optional_source
39336,Leiocephalus barahonensis,no,missing,optional_source
39345,Leiocephalus personatus,no,missing,optional_source
39361,Leiocephalus macropus,no,missing,optional_source
39373,Leiocephalus lunatus,no,missing,optional_source
39659,Chelonia mydas,no,missing,optional_source
39665,Caretta caretta,no,missing,optional_source
39672,Eretmochelys imbricata,yes,published_direct,none
39677,Dermochelys coriacea,no,missing,optional_source
39777,Trachemys terrapen,no,missing,optional_source
39778,Trachemys stejnegeri,no,missing,optional_source
39782,Trachemys scripta,no,published_direct,none
39867,Emys orbicularis,no,missing,optional_source
39976,Mauremys leprosa,no,missing,optional_source
40023,Testudo graeca,no,missing,optional_source
40038,Testudo marginata,no,missing,optional_source
40063,Malacochersus tornieri,no,published_direct,none
40065,Kinixys belliana,no,missing,optional_source
40092,Stigmochelys pardalis,no,published_direct,none
40126,Pelusios sinuatus,no,published_direct,none
40273,Myotis martiniquensis,no,published_direct,none
40281,Myotis emarginatus,no,missing,optional_source
40291,Myotis myotis,no,missing,optional_source
40317,Myotis blythii,no,missing,optional_source
40321,Myotis dominicensis,no,missing,optional_source
40344,Myotis volans,no,missing,optional_source
40364,Pipistrellus pipistrellus,no,missing,optional_source
40383,Pipistrellus kuhlii,no,missing,optional_source
40391,Pipistrellus nathusii,no,missing,optional_source
40415,Plecotus austriacus,no,missing,optional_source
40416,Plecotus auritus,no,missing,optional_source
40446,Vespertilio murinus,no,missing,optional_source
40509,Eptesicus fuscus,no,missing,optional_source
40519,Lasiurus minor,no,missing,optional_source
40522,Lasiurus borealis,no,missing,optional_source
40572,Nyctalus noctula,no,missing,optional_source
40573,Nyctalus leisleri,no,missing,optional_source
40574,Nyctalus azoreum,no,published_direct,none
40581,Barbastella barbastellus,no,missing,optional_source
40645,Rhinolophus ferrumequinum,no,missing,optional_source
40677,Rhinolophus euryale,no,missing,optional_source
40695,Rhinolophus hipposideros,no,missing,optional_source
40811,Epomophorus wahlbergi,no,missing,optional_source
40827,Eidolon helvum,no,missing,optional_source
40843,Hypsignathus monstrosus,no,missing,optional_source
40901,Pteropus voeltzkowi,no,missing,optional_source
41005,Artibeus jamaicensis,no,missing,optional_source
41011,Chiroderma improvisum,no,missing,optional_source
41090,Glossophaga soricina,no,missing,optional_source
41130,Phyllonycteris aphylla,no,missing,optional_source
41131,Phyllonycteris poeyi,no,published_direct,none
41146,Macrotus waterhousii,no,missing,optional_source
41151,Phyllops falcatus,no,missing,optional_source
41156,Ardops nichollsi,no,missing,optional_source
41164,Ariteus flavescens,no,missing,optional_source
41170,Brachyphylla nana,no,published_direct,none
41171,Brachyphylla cavernarum,no,missing,optional_source
41173,Stenoderma rufum,no,missing,optional_source
41175,Monophyllus redmani,no,missing,optional_source
41176,Monophyllus plethodon,no,missing,optional_source
41178,Erophylla sezekorni,no,missing,optional_source
41195,Nycteris hispida,no,missing,optional_source
41200,Noctilio leporinus,no,missing,optional_source
41204,Natalus stramineus,no,missing,optional_source
41218,Pteronotus macleayii,no,missing,optional_source
41219,Pteronotus davyi,no,missing,optional_source
41221,Pteronotus parnellii,no,missing,optional_source
41222,Pteronotus quadridens,no,missing,optional_source
41254,Molossus molossus,no,missing,optional_source
41274,Eumops auripendulus,no,missing,optional_source
41298,Tadarida teniotis,no,missing,optional_source
41301,Tadarida brasiliensis,no,missing,optional_source
41315,Nyctinomops macrotis,no,missing,optional_source
41324,Cardioderma cor,no,missing,optional_source
41328,Lavia frons,no,published_direct,none
41348,Peropteryx macrotis,no,missing,optional_source
41380,Taphozous mauritianus,no,published_direct,none
41407,Mesoplodon europaeus,no,missing,optional_source
41428,Ziphius cavirostris,no,missing,optional_source
41440,Phocoena phocoena,no,missing,optional_source
41464,Kogia breviceps,no,missing,optional_source
41465,Kogia sima,no,missing,optional_source
41481,Tursiops aduncus,no,published_direct,none
41482,Tursiops truncatus,yes,published_direct,none
41494,Stenella coeruleoalba,no,missing,optional_source
41500,Stenella attenuata,no,missing,optional_source
41503,Stenella frontalis,no,missing,optional_source
41521,Orcinus orca,no,missing,optional_source
41523,Lagenodelphis hosei,no,missing,optional_source
41526,Delphinus delphis,no,missing,optional_source
41529,Globicephala melas,no,missing,optional_source
41532,Globicephala macrorhynchus,no,missing,optional_source
41539,Pseudorca crassidens,no,missing,optional_source
41541,Grampus griseus,no,missing,optional_source
41543,Peponocephala electra,no,published_direct,none
41545,Steno bredanensis,no,missing,optional_source
41550,Balaenoptera acutorostrata,no,missing,optional_source
41559,Balaenoptera borealis,no,missing,optional_source
41562,Balaenoptera physalus,no,missing,optional_source
41566,Megaptera novaeangliae,no,missing,optional_source
41582,Nandinia binotata,no,missing,optional_source
41627,Civettictis civetta,no,missing,optional_source
41641,Ursus arctos,no,missing,optional_source
41663,Procyon lotor,no,missing,optional_source
41716,Monachus monachus,yes,published_direct,none
41796,Martes martes,no,missing,optional_source
41800,Martes foina,no,missing,optional_source
41808,Mustela erminea,no,missing,optional_source
41812,Mustela putorius,no,published_direct,none
41834,Mellivora capensis,no,published_direct,none
41850,Lutra lutra,yes,published_direct,none
41886,Crocuta crocuta,yes,published_direct,none
41888,Hyaena hyaena,no,missing,optional_source
41900,Herpestes ichneumon,no,published_direct,none
41906,Helogale parvula,no,missing,optional_source
41907,Helogale hirtula,no,missing,optional_source
41919,Atilax paludinosus,no,missing,optional_source
41921,Mungos mungo,no,missing,optional_source
41925,Bdeogale crassicauda,no,missing,optional_source
41939,Ichneumia albicauda,no,missing,optional_source
41955,Acinonyx jubatus,yes,published_direct,none
41963,Panthera pardus,no,missing,optional_source
41964,Panthera leo,yes,published_direct,none
41975,Lynx pardinus,yes,published_direct,none
42025,Leptailurus serval,no,published_direct,none
42042,Caracal caracal,no,missing,optional_source
42045,Canis simensis,no,missing,optional_source
42048,Canis lupus,no,missing,optional_source
42069,Vulpes vulpes,no,missing,optional_source
42093,Lycaon pictus,no,missing,optional_source
42095,Otocyon megalotis,no,missing,optional_source
42120,Hylochoerus meinertzhageni,no,missing,optional_source
42122,Phacochoerus africanus,yes,published_direct,none
42134,Sus scrofa,no,missing,optional_source
42138,Potamochoerus larvatus,no,missing,optional_source
42149,Hippopotamus amphibius,yes,published_direct,none
42157,Giraffa camelopardalis,no,missing,optional_source
42161,Dama dama,no,missing,optional_source
42184,Capreolus capreolus,no,missing,optional_source
42223,Odocoileus virginianus,no,missing,optional_source
42278,Aepyceros melampus,no,published_direct,none
42280,Connochaetes taurinus,no,missing,optional_source
42304,Redunca redunca,no,missing,optional_source
42328,Kobus ellipsiprymnus,no,missing,optional_source
42330,Kobus kob,no,missing,optional_source
42332,Hippotragus equinus,no,published_direct,none
42338,Tragelaphus spekii,no,missing,optional_source
42339,Tragelaphus strepsiceros,no,missing,optional_source
42340,Tragelaphus imberbis,no,missing,optional_source
42341,Tragelaphus scriptus,no,missing,optional_source
42343,Tragelaphus buxtoni,no,missing,optional_source
42346,Rupicapra pyrenaica,no,missing,optional_source
42347,Rupicapra rupicapra,no,published_direct,none
42350,Capra pyrenaica,yes,published_direct,none
42354,Capra walie,no,published_direct,none
42357,Capra ibex,no,missing,optional_source
42359,Madoqua guentheri,no,missing,optional_source
42360,Madoqua kirkii,no,published_direct,none
42362,Madoqua saltiana,no,missing,optional_source
42364,Litocranius walleri,no,published_direct,none
42375,Raphicerus campestris,no,missing,optional_source
42380,Ourebia ourebi,no,missing,optional_source
42384,Oreotragus oreotragus,no,missing,optional_source
42405,Syncerus caffer,yes,published_direct,none
42418,Alcelaphus buselaphus,no,missing,optional_source
42422,Ammotragus lervia,no,published_direct,none
42424,Sylvicapra grimmia,no,missing,optional_source
42649,Didelphis marsupialis,no,missing,optional_source
43024,Hemiechinus auritus,no,missing,optional_source
43042,Erinaceus europaeus,no,published_direct,none
43043,Erinaceus concolor,no,missing,optional_source
43048,Erinaceus roumanicus,no,missing,optional_source
43055,Atelerix albiventris,no,missing,optional_source
43059,Atelerix algirus,no,missing,optional_source
43086,Procavia capensis,no,missing,optional_source
43088,Heterohyrax brucei,no,missing,optional_source
43092,Dendrohyrax arboreus,no,missing,optional_source
43111,Sylvilagus floridanus,no,missing,optional_source
43118,Lepus castroviejoi,no,missing,optional_source
43119,Lepus granatensis,no,missing,optional_source
43128,Lepus europaeus,no,missing,optional_source
43137,Lepus starcki,no,missing,optional_source
43143,Lepus corsicanus,no,missing,optional_source
43151,Oryctolagus cuniculus,no,missing,optional_source
43222,Rhynchocyon chrysopygus,no,missing,optional_source
43224,Rhynchocyon petersi,no,missing,optional_source
43226,Petrodromus tetradactylus,no,missing,optional_source
43335,Equus quagga,yes,published_direct,none
43339,Equus grevyi,no,missing,optional_source
43348,Ceratotherium simum,no,missing,optional_source
43350,Diceros bicornis,yes,published_direct,none
43428,Saimiri sciureus,no,missing,optional_source
43460,Macaca mulatta,no,missing,optional_source
43462,Erythrocebus patas,no,missing,optional_source
43468,Cercocebus galeritus,no,missing,optional_source
43473,Cercopithecus neglectus,no,missing,optional_source
43480,Cercopithecus ascanius,no,missing,optional_source
43486,Cercopithecus mitis,no,missing,optional_source
43523,Chlorocebus aethiops,no,missing,optional_source
43525,Colobus angolensis,no,missing,optional_source
43530,Theropithecus gelada,no,missing,optional_source
43535,Papio hamadryas,no,missing,optional_source
43564,Galago gallarum,no,missing,optional_source
43565,Galago senegalensis,no,missing,optional_source
43567,Otolemur crassicaudatus,no,published_direct,none
43568,Otolemur garnettii,no,missing,optional_source
43694,Loxodonta africana,yes,published_direct,none
43746,Heterocephalus glaber,no,missing,optional_source
43769,Capromys pilorides,no,missing,optional_source
43774,Plagiodontia aedium,no,missing,optional_source
43778,Geocapromys brownii,no,published_direct,none
43779,Geocapromys ingrahami,no,missing,optional_source
43781,Mysateles prehensilis,no,missing,optional_source
43789,Isolobodon portoricensis,no,missing,optional_source
43793,Castor fiber,no,missing,optional_source
43997,Myocastor coypus,no,missing,optional_source
44171,Hystrix cristata,no,missing,optional_source
44276,Microtus duodecimcostatus,no,missing,optional_source
44280,Microtus arvalis,no,missing,optional_source
44282,Microtus agrestis,no,published_direct,none
44302,Microtus lusitanicus,no,missing,optional_source
44575,Rattus rattus,no,missing,optional_source
44576,Rattus norvegicus,no,missing,optional_source
44688,Mus spretus,no,missing,optional_source
44705,Mus musculus,no,missing,optional_source
44950,Lophiomys imhausi,no,missing,optional_source
44990,Tachyoryctes macrocephalus,no,missing,optional_source
45316,Micromys minutus,no,published_direct,none
45459,Chionomys nivalis,no,missing,optional_source
45496,Lemniscomys striatus,no,published_direct,none
45550,Apodemus flavicollis,no,missing,optional_source
45562,Apodemus sylvaticus,no,missing,optional_source
45568,Apodemus agrarius,no,missing,optional_source
45669,Arvicanthis blicki,no,missing,optional_source
45671,Arvicanthis niloticus,no,missing,optional_source
45748,Arvicola sapidus,no,missing,optional_source
45856,Muscardinus avellanarius,no,missing,optional_source
45863,Eliomys quercinus,no,missing,optional_source
45949,Callosciurus finlaysonii,no,missing,optional_source
45962,Funisciurus carruthersi,no,missing,optional_source
46001,Sciurus vulgaris,no,missing,optional_source
46010,Sciurus granatensis,no,missing,optional_source
46015,Sciurus anomalus,no,missing,optional_source
46017,Sciurus carolinensis,no,published_direct,none
46037,Spermophilus citellus,no,missing,optional_source
46082,Marmota marmota,no,missing,optional_source
46107,Paraxerus vexillarius,no,published_direct,none
46109,Paraxerus alexandri,no,missing,optional_source
46111,Paraxerus flavovittis,no,missing,optional_source
46113,Paraxerus palliatus,no,published_direct,none
46114,Paraxerus boehmi,no,missing,optional_source
46116,Paraxerus ochraceus,no,missing,optional_source
46191,Heliosciurus undulatus,no,missing,optional_source
46192,Heliosciurus ruwenzorii,no,missing,optional_source
46195,Heliosciurus gambianus,no,missing,optional_source
46196,Heliosciurus rufobrachium,no,missing,optional_source
46202,Protoxerus stangeri,no,published_direct,none
46206,Xerus rutilus,no,missing,optional_source
46241,Atlantoxerus getulus,no,published_direct,none
46316,Trichechus manatus,yes,published_direct,none
46337,Solenodon paradoxus,no,missing,optional_source
46367,Sorex antinorii,no,published_direct,none
46412,Sorex alpinus,no,missing,optional_source
46414,Sorex araneus,no,missing,optional_source
46471,Sorex minutus,no,missing,optional_source
46640,Crocidura russula,no,published_direct,none
46663,Crocidura leucodon,no,missing,optional_source
46859,Neomys fodiens,no,missing,optional_source
46969,Talpa occidentalis,no,missing,optional_source
46970,Talpa europaea,no,missing,optional_source
47062,Orycteropus afer,no,published_direct,none
47144,Canis familiaris,no,missing,optional_source
47227,Caranx latus,no,missing,optional_source
47235,Holacanthus ciliaris,no,missing,optional_source
47238,Aulostomus maculatus,no,missing,optional_source
47239,Aulostomus chinensis,no,missing,optional_source
47241,Aulostomus strigosus,no,missing,optional_source
47251,Sphyraena barracuda,no,missing,optional_source
47260,Sphyraena viridensis,no,missing,optional_source
47280,Pterois volitans,no,missing,optional_source
47292,Ocyurus chrysurus,no,missing,optional_source
47299,Panulirus argus,yes,published_direct,none
47316,Chaetodon lunula,no,missing,optional_source
47516,Oncorhynchus mykiss,no,missing,optional_source
47518,Salmo trutta,no,published_direct,none
47527,Ostracion meleagris,no,missing,optional_source
47578,Paracirrhites arcatus,no,missing,optional_source
47761,Mycteroperca bonaci,no,missing,optional_source
48744,Chaetodon trifasciatus,no,missing,optional_source
48844,Echeneis naucrates,no,missing,optional_source
49210,Plotosus lineatus,no,missing,optional_source
49244,Scorpaena plumieri,no,missing,optional_source
49248,Myrichthys breviceps,no,missing,optional_source
49256,Gymnothorax miliaris,no,published_direct,none
49257,Pomacanthus paru,no,published_direct,none
49262,Haemulon sciurus,no,missing,optional_source
49265,Sphoeroides spengleri,no,missing,optional_source
49269,Diodon holocanthus,no,missing,optional_source
49272,Halichoeres bivittatus,no,missing,optional_source
49273,Chaetodon ocellatus,no,missing,optional_source
49275,Cantherhines pullus,no,missing,optional_source
49300,Pempheris schomburgkii,no,missing,optional_source
49303,Dascyllus trimaculatus,no,published_direct,none
49304,Stegastes planifrons,no,missing,optional_source
49316,Chaetodipterus faber,no,published_direct,none
49364,Gymnothorax richardsonii,no,published_direct,none
49378,Ostracion cubicum,no,missing,optional_source
49401,Abudefduf sexfasciatus,no,missing,optional_source
49402,Abudefduf saxatilis,no,missing,optional_source
49403,Abudefduf vaigiensis,no,published_direct,none
49404,Synodus intermedius,no,missing,optional_source
49427,Pomacanthus arcuatus,no,missing,optional_source
49428,Bodianus rufus,no,missing,optional_source
49432,Lachnolaimus maximus,no,missing,optional_source
49491,Thalassoma bifasciatum,no,published_direct,none
49495,Holacanthus tricolor,no,missing,optional_source
49496,Epinephelus adscensionis,no,missing,optional_source
49498,Aluterus scriptus,no,missing,optional_source
49509,Lutjanus griseus,no,missing,optional_source
49606,Balistes capriscus,no,missing,optional_source
49614,Lepomis gibbosus,no,missing,optional_source
49617,Scomberomorus regalis,no,missing,optional_source
49624,Myripristis jacobus,no,missing,optional_source
49625,Holocentrus rufus,no,missing,optional_source
49626,Holocentrus adscensionis,no,missing,optional_source
49639,Cephalopholis miniata,no,missing,optional_source
49641,Zebrasoma scopas,no,missing,optional_source
49690,Scarus iseri,no,missing,optional_source
49746,Epinephelus striatus,no,missing,optional_source
49747,Serranus tigrinus,no,published_direct,none
49753,Microspathodon chrysurus,no,missing,optional_source
49922,Stegastes nigricans,no,missing,optional_source
49923,Stegastes adustus,no,missing,optional_source
49925,Acanthostracion quadricornis,no,published_direct,none
49929,Sparisoma chrysopterum,no,published_direct,none
49942,Halichoeres radiatus,no,published_direct,none
49946,Halichoeres garnoti,no,missing,optional_source
49947,Anisotremus virginicus,no,published_direct,none
49950,Haemulon aurolineatum,no,missing,optional_source
49951,Haemulon plumierii,no,missing,optional_source
49953,Haemulon album,no,missing,optional_source
49979,Gymnomuraena zebra,no,published_direct,none
49984,Diplodus cervinus,no,missing,optional_source
50968,Coris julis,no,missing,optional_source
50972,Thalassoma pavo,no,missing,optional_source
51376,Dactyloptena orientalis,no,missing,optional_source
51401,Trachinotus ovatus,no,missing,optional_source
51402,Megalops atlanticus,no,missing,optional_source
51549,Seriola dumerili,no,missing,optional_source
51940,Hemidactylus frenatus,no,missing,optional_source
52166,Rypticus saponaceus,no,missing,optional_source
52293,Pareques acuminatus,no,missing,optional_source
52296,Anisotremus surinamensis,no,missing,optional_source
52313,Diodon hystrix,no,missing,optional_source
52399,Gymnothorax undulatus,no,missing,optional_source
52456,Cephalopholis argus,no,missing,optional_source
52457,Chaetodon auriga,no,published_direct,none
52460,Tylosurus crocodilus,no,published_direct,none
52464,Melichthys niger,no,missing,optional_source
52465,Sufflamen chrysopterum,no,missing,optional_source
52498,Scarus psittacus,no,published_direct,none
52509,Gomphosus caeruleus,no,missing,optional_source
52554,Symphodus tinca,no,missing,optional_source
52956,Chaetodon capistratus,no,missing,optional_source
53567,Sargocentron diadema,no,missing,optional_source
53645,Chalcides ocellatus,no,missing,optional_source
53646,Chalcides chalcides,no,missing,optional_source
53696,Diplodus puntazzo,no,missing,optional_source
53911,Cyprinus carpio,no,missing,optional_source
54441,Echidna nebulosa,no,missing,optional_source
54679,Myrichthys maculosus,no,published_direct,none
55016,Dactylopterus volitans,no,missing,optional_source
55371,Saxicola torquatus,no,missing,optional_source
55387,Esox lucius,no,missing,optional_source
55908,Lepus timidus,no,published_direct,none
55990,Podarcis muralis,no,missing,optional_source
56559,Epinephelus fuscoguttatus,no,missing,optional_source
56629,Psammophis mossambicus,no,published_direct,none
57338,Abudefduf taurus,no,missing,optional_source
57399,Fistularia commersonii,no,missing,optional_source
57534,Miniopterus schreibersii,no,missing,optional_source
57560,Lepus capensis,no,missing,optional_source
57743,Balistapus undulatus,no,missing,optional_source
59202,Larus michahellis,no,published_direct,none
59845,Falco naumanni,no,missing,optional_source
59931,Acanthurus triostegus,no,missing,optional_source
62148,Chlidonias hybrida,no,missing,optional_source
62529,Platalea ajaja,no,missing,optional_source
62550,Seiurus aurocapilla,no,missing,optional_source
62600,Haemulon flavolineatum,no,missing,optional_source
62606,Malacoctenus triangulatus,no,missing,optional_source
63412,Ophioblennius atlanticus,no,missing,optional_source
63415,Heteropriacanthus cruentatus,no,missing,optional_source
63418,Lutjanus cyanopterus,no,missing,optional_source
63718,Albula vulpes,no,published_direct,none
64004,Magliophis exiguus,no,missing,optional_source
64078,Telescopus fallax,no,missing,optional_source
64346,Natrix tessellata,no,missing,optional_source
64373,Calotriton asper,no,published_direct,none
64377,Lissotriton helveticus,no,missing,optional_source
64378,Lissotriton boscai,no,missing,optional_source
64380,Lissotriton italicus,no,missing,optional_source
64384,Salamandrina perspicillata,no,missing,optional_source
64470,Mycteroperca tigris,no,missing,optional_source
64490,Synanceia verrucosa,no,missing,optional_source
64705,Delichon urbicum,no,missing,optional_source
64833,Afrixalus clarkei,no,missing,optional_source
64834,Afrixalus dorsimaculatus,no,published_direct,none
64835,Afrixalus quadrivittatus,no,missing,optional_source
64917,Amietia tenuoplicata,no,missing,optional_source
65061,Arthroleptis xenodactyloides,no,missing,optional_source
65443,Eleutherodactylus rogersi,no,missing,optional_source
65450,Epidalea calamita,no,missing,optional_source
65579,Hylarana galamensis,no,missing,optional_source
65731,Hyperolius substriatus,no,missing,optional_source
65979,Lithobates catesbeianus,no,missing,optional_source
66319,Pelophylax cretensis,no,missing,optional_source
66321,Pelophylax epeiroticus,no,missing,optional_source
66331,Pelophylax perezi,no,missing,optional_source
66340,Peltophryne empusa,no,missing,optional_source
66341,Peltophryne florentinoi,no,missing,optional_source
66344,Peltophryne fustiger,no,missing,optional_source
66345,Peltophryne guentheri,no,missing,optional_source
66347,Peltophryne lemur,no,missing,optional_source
66349,Peltophryne peltocephala,no,missing,optional_source
66350,Peltophryne taladai,no,published_direct,none
66424,Phrynobatrachus scheffleri,no,missing,optional_source
66425,Phrynobatrachus ungujae,no,published_direct,none
67273,Xenopus victorianus,no,missing,optional_source
67433,Kinixys spekii,no,missing,optional_source
67658,Paracirrhites forsteri,no,missing,optional_source
67683,Papio cynocephalus,no,missing,optional_source
67963,Thalassoma hardwicke,no,missing,optional_source
67967,Thecadactylus rapicauda,no,missing,optional_source
68028,Chlorurus sordidus,no,missing,optional_source
68137,Chlorocebus pygerythrus,no,missing,optional_source
68492,Hemidactylus mabouia,no,missing,optional_source
68720,Periophthalmus argentilineatus,no,missing,optional_source
69858,Platax orbicularis,no,missing,optional_source
69859,Platax teira,no,missing,optional_source
70617,Eleutherodactylus paralius,no,missing,optional_source
70646,Hyla molleri,no,missing,optional_source
70647,Hyla orientalis,no,missing,optional_source
71085,Varanus niloticus,no,missing,optional_source
71212,Testudo hermanni,yes,published_direct,none
72458,Actitis macularius,no,missing,optional_source
72486,Alopochen aegyptiaca,no,missing,optional_source
72516,Tachymarptis melba,no,missing,optional_source
72572,Bucanetes githagineus,no,missing,optional_source
72578,Buteogallus gundlachii,no,missing,optional_source
72729,Cisticola chiniana,no,published_direct,none
72742,Coccyzus longirostris,no,missing,optional_source
72743,Coccyzus merlini,no,missing,optional_source
72744,Coccyzus pluvialis,no,missing,optional_source
72745,Coccyzus rufigularis,no,missing,optional_source
72746,Coccyzus vetula,no,missing,optional_source
72747,Coccyzus vieilloti,no,missing,optional_source
72762,Urolestes melanoleucus,no,missing,optional_source
72912,Helmitheros vermivorum,no,published_direct,none
72950,Icterus melanopsis,no,missing,optional_source
72951,Icterus northropi,no,missing,optional_source
72952,Icterus portoricensis,no,missing,optional_source
72967,Lamprotornis purpuroptera,no,missing,optional_source
73010,Megaceryle maxima,no,missing,optional_source
73148,Parkesia motacilla,no,missing,optional_source
73149,Parkesia noveboracensis,no,missing,optional_source
73222,Phoenicopterus roseus,yes,published_direct,none
73315,Puffinus mauretanicus,no,missing,optional_source
73410,Spindalis dominicensis,no,missing,optional_source
73411,Spindalis nigricephala,no,missing,optional_source
73412,Spindalis portoricensis,no,missing,optional_source
73475,Tchagra senegalus,no,missing,optional_source
73504,Tiaris olivaceus,no,missing,optional_source
73533,Turdoides hypoleuca,no,missing,optional_source
73585,Ablepharus kitaibelii,no,missing,optional_source
73702,Blanus cinereus,no,missing,optional_source
73747,Dalmatolacerta oxycephala,no,missing,optional_source
73817,Hellenolacerta graeca,no,missing,optional_source
73821,Hemorrhois hippocrepis,no,missing,optional_source
73823,Hierophis viridiflavus,no,missing,optional_source
73829,Iberolacerta cyreni,no,missing,optional_source
73858,Macroprotodon brevis,no,missing,optional_source
73903,Phoenicolacerta troodica,no,missing,optional_source
73910,Platyceps najadum,no,published_direct,none
73917,Podarcis milensis,no,missing,optional_source
73918,Podarcis peloponnesiacus,no,missing,optional_source
73921,Podarcis vaucheri,no,missing,optional_source
73922,Podarcis waglerianus,no,missing,optional_source
73966,Tarentola delalandii,no,missing,optional_source
73972,Timon lepidus,yes,published_direct,none
74008,Zamenis lineatus,no,missing,optional_source
74009,Zamenis longissimus,no,missing,optional_source
74011,Zamenis situla,no,missing,optional_source
74108,Beatragus hunteri,no,missing,optional_source
74113,Bos taurus,no,missing,optional_source
74183,Chilonatalus micropus,no,published_direct,none
74184,Chilonatalus tumidifrons,no,missing,optional_source
74190,Chlorocebus sabaeus,no,missing,optional_source
74191,Chlorocebus tantalus,no,missing,optional_source
74317,Erophylla bombifrons,no,missing,optional_source
74321,Eudorcas thomsonii,no,missing,optional_source
74383,Glis glis,no,missing,optional_source
74414,Herpestes sanguineus,no,missing,optional_source
74503,Lepus habessinicus,no,missing,optional_source
74647,Mormoops blainvillei,no,missing,optional_source
74715,Myotis occultus,no,published_direct,none
74724,Nanger granti,no,missing,optional_source
74725,Nanger soemmerringii,no,published_direct,none
74770,Nesotragus moschatus,no,published_direct,none
74795,Nycticeius cubanus,no,published_direct,none
74796,Nyctiellus lepidus,no,missing,optional_source
74832,Papio anubis,no,missing,optional_source
74851,Pedetes surdaster,no,published_direct,none
74866,Phataginus tricuspis,no,missing,optional_source
74890,Physeter macrocephalus,no,missing,optional_source
74908,Pipistrellus pygmaeus,no,missing,optional_source
75042,Rousettus aegyptiacus,no,missing,optional_source
75192,Tragelaphus oryx,no,missing,optional_source
81525,Cyclura nubila,no,missing,optional_source
81542,Camelus dromedarius,no,missing,optional_source
81925,Bubalus bubalis,no,missing,optional_source
81989,Lutjanus apodus,no,published_direct,none
82278,Ameiurus melas,no,missing,optional_source
82330,Caranx ruber,no,missing,optional_source
82355,Cheilinus undulatus,no,missing,optional_source
82779,Clarias gariepinus,no,published_direct,none
82807,Naja ashei,no,missing,optional_source
82808,Crotaphopeltis hotamboeia,no,missing,optional_source
83290,Zanclus cornutus,no,missing,optional_source
83318,Arothron meleagris,no,missing,optional_source
83879,Naso brevirostris,no,missing,optional_source
83884,Rhinecanthus aculeatus,no,missing,optional_source
84116,Priacanthus hamrur,no,published_direct,none
84175,Scarus ghobban,no,missing,optional_source
84181,Pomacanthus imperator,no,published_direct,none
84861,Scorpaena scrofa,no,missing,optional_source
84969,Hippocampus hippocampus,no,missing,optional_source
84970,Hippocampus kuda,no,missing,optional_source
85377,Pelomedusa subrufa,no,published_direct,none
93140,Achondrostoma oligolepis,no,missing,optional_source
93500,Agama finchi,no,missing,optional_source
93611,Alburnus alburnus,no,missing,optional_source
94105,Anguilla anguilla,no,missing,optional_source
94152,Anolis chlorocyanus,no,missing,optional_source
94158,Anolis garmani,no,missing,optional_source
94169,Anolis opalinus,no,missing,optional_source
94180,Anolis rubribarbus,no,missing,optional_source
94736,Astatotilapia bloyeti,no,missing,optional_source
94786,Atherina boyeri,no,missing,optional_source
94800,Atherinomorus stipes,no,missing,optional_source
95066,Balistes vetula,no,missing,optional_source
95813,Bodianus axillaris,no,missing,optional_source
96498,Calotomus carolinus,no,missing,optional_source
96740,Caranx crysos,no,missing,optional_source
96991,Cephalopholis cruentata,no,missing,optional_source
96993,Cephalopholis fulva,no,missing,optional_source
97165,Chaetodon guttatissimus,no,missing,optional_source
97167,Chaetodon kleinii,no,missing,optional_source
97202,Chaetodon striatus,no,missing,optional_source
97207,Chaetodon trifascialis,no,missing,optional_source
97211,Chaetodon xanthocephalus,no,missing,optional_source
97311,Cheilinus trilobatus,no,missing,optional_source
97312,Cheilio inermis,no,missing,optional_source
97345,Chelon labrosus,no,missing,optional_source
98505,Coris caudimacula,no,missing,optional_source
98511,Coris formosa,no,missing,optional_source
98703,Cryptoblepharus africanus,no,published_direct,none
99269,Dicentrarchus labrax,no,missing,optional_source
99496,Dolichophis caspius,no,missing,optional_source
100091,Epinephelus costae,no,missing,optional_source
100099,Epinephelus fasciatus,no,missing,optional_source
100104,Epinephelus guttatus,no,missing,optional_source
100119,Epinephelus marginatus,no,missing,optional_source
100121,Epinephelus merra,no,missing,optional_source
100411,Eryx jaculus,no,missing,optional_source
100990,Forcipiger flavissimus,no,missing,optional_source
101420,Gerres cinereus,no,missing,optional_source
101591,Gobio lozanoi,no,missing,optional_source
101604,Gobiomorus dormitor,no,missing,optional_source
101620,Gobius fallax,no,missing,optional_source
101621,Gobius geniporus,no,missing,optional_source
102045,Halichoeres hortulanus,no,missing,optional_source
102053,Halichoeres maculipinna,no,missing,optional_source
102074,Halichoeres poeyi,no,missing,optional_source
102080,Halichoeres scapularis,no,published_direct,none
102579,Hemigymnus fasciatus,no,missing,optional_source
102631,Heniochus acuminatus,no,missing,optional_source
102809,Hippocampus algiricus,no,missing,optional_source
102821,Hippocampus guttulatus,no,missing,optional_source
102823,Hippocampus histrix,no,missing,optional_source
102831,Hippocampus reidi,no,missing,optional_source
103682,Kinyongia matschiei,no,published_direct,none
103900,Labroides bicolor,no,missing,optional_source
103901,Labroides dimidiatus,no,missing,optional_source
103911,Labrus bergylta,no,missing,optional_source
103912,Labrus merula,no,missing,optional_source
104129,Leiocephalus stictigaster,no,missing,optional_source
104226,Lepidodactylus lugubris,no,missing,optional_source
104834,Luciobarbus bocagei,no,missing,optional_source
104853,Lutjanus analis,no,missing,optional_source
105114,Malacoctenus macropus,no,published_direct,none
105329,Mauremys rivulata,no,missing,optional_source
106222,Mugil cephalus,no,missing,optional_source
106306,Mycteroperca fusca,no,published_direct,none
107885,Oreochromis leucostictus,no,published_direct,none
107889,Oreochromis mossambicus,no,missing,optional_source
108076,Oxycheilinus digramma,no,missing,optional_source
108184,Padogobius bonelli,no,missing,optional_source
108196,Pagrus pagrus,no,missing,optional_source
108409,Parablennius parvicornis,no,published_direct,none
108410,Parablennius rouxi,no,missing,optional_source
108412,Parablennius zvonimiri,no,missing,optional_source
109062,Perca fluviatilis,no,published_direct,none
109304,Philothamnus battersbyi,no,missing,optional_source
109633,Platybelone argalus,no,missing,optional_source
110019,Pomacanthus semicirculatus,no,missing,optional_source
110029,Pomadasys incisus,no,missing,optional_source
110594,Prognathodes aculeatus,no,missing,optional_source
110765,Psammophis biseriatus,no,missing,optional_source
111389,Pygoplites diacanthus,no,missing,optional_source
111451,Python natalensis,no,missing,optional_source
111810,Rieppeleon brevicaudatus,no,published_direct,none
112136,Scarus coeruleus,no,missing,optional_source
112145,Scarus frenatus,no,missing,optional_source
112166,Scarus taeniopterus,no,missing,optional_source
112169,Scarus vetula,no,missing,optional_source
112497,Serranus atricauda,no,missing,optional_source
112568,Siganus rivulatus,no,missing,optional_source
112581,Silurus glanis,no,missing,optional_source
112858,Sparisoma aurofrenatum,no,missing,optional_source
112860,Sparisoma cretense,no,missing,optional_source
112863,Sparisoma radians,no,missing,optional_source
112864,Sparisoma rubripinne,no,published_direct,none
112867,Sparisoma viride,no,missing,optional_source
113003,Squalius cephalus,no,published_direct,none
113019,Squalius squalus,no,missing,optional_source
113200,Stethojulis albovittata,no,missing,optional_source
113308,Strongylura marina,no,published_direct,none
113529,Symphodus cinereus,no,missing,optional_source
113531,Symphodus mediterraneus,no,missing,optional_source
113533,Symphodus melops,no,missing,optional_source
113534,Symphodus ocellatus,no,missing,optional_source
113535,Symphodus roissali,no,published_direct,none
113536,Symphodus rostratus,no,missing,optional_source
113701,Synodus saurus,no,missing,optional_source
113862,Telestes muticellus,no,missing,optional_source
113976,Thalassoma hebraicum,no,published_direct,none
113980,Thalassoma lunare,no,missing,optional_source
114268,Trachemys decussata,no,missing,optional_source
114269,Trachinotus goodei,no,missing,optional_source
114453,Tripterygion melanurus,no,missing,optional_source
115185,Xyrichtys martinicensis,no,missing,optional_source
115188,Xyrichtys novacula,no,published_direct,none
116389,Anolis allogus,no,missing,optional_source
116426,Anolis jubar,no,missing,optional_source
116440,Anolis mestrei,no,missing,optional_source
116461,Anolis sagrei,no,missing,optional_source
116475,Anolis valencienni,no,missing,optional_source
116517,Caiman crocodilus,no,missing,optional_source
116736,Gymnothorax meleagris,no,missing,optional_source
116799,Acrocephalus melanopogon,no,missing,optional_source
116802,Acrocephalus palustris,no,missing,optional_source
116804,Acrocephalus schoenobaenus,no,missing,optional_source
116831,Buphagus africanus,no,published_direct,none
116858,Cettia cetti,no,missing,optional_source
116882,Elminia longicauda,no,missing,optional_source
116923,Hippolais polyglotta,no,missing,optional_source
116946,Lybius leucocephalus,no,missing,optional_source
116999,Pandion haliaetus,no,missing,optional_source
117007,Phylloscopus bonelli,no,missing,optional_source
117011,Phylloscopus canariensis,no,published_direct,none
117016,Phylloscopus collybita,no,missing,optional_source
117027,Phylloscopus ibericus,no,missing,optional_source
117048,Phylloscopus sibilatrix,no,missing,optional_source
117055,Phylloscopus trochilus,no,missing,optional_source
117070,Prionops plumatus,no,missing,optional_source
117078,Pterocles alchata,no,missing,optional_source
117082,Pterocles decoratus,no,missing,optional_source
117083,Pterocles exustus,no,missing,optional_source
117084,Pterocles gutturalis,no,missing,optional_source
117088,Pterocles orientalis,no,missing,optional_source
117097,Regulus ignicapilla,no,missing,optional_source
117130,Trachyphonus darnaudii,no,missing,optional_source
117131,Trachyphonus erythrocephalus,no,missing,optional_source
117136,Tricholaema diademata,no,missing,optional_source
117139,Tricholaema lacrymosa,no,missing,optional_source
117214,Sagittarius serpentarius,no,published_direct,none
117459,Monotaxis grandoculis,no,missing,optional_source
118514,Apogon imberbis,no,missing,optional_source
118552,Felis catus,no,published_direct,none
118574,Lutjanus kasmira,no,missing,optional_source
118589,Conger conger,no,missing,optional_source
118590,Muraena helena,no,missing,optional_source
118591,Gymnothorax unicolor,no,missing,optional_source
118595,Atherina hepsetus,no,published_direct,none
118597,Belone belone,no,missing,optional_source
118606,Lepadogaster candolii,no,missing,optional_source
118614,Phycis phycis,no,missing,optional_source
118617,Oedalechilus labeo,no,missing,optional_source
118618,Mullus barbatus,no,missing,optional_source
118619,Mullus surmuletus,no,missing,optional_source
118625,Syngnathus typhle,no,missing,optional_source
118630,Scorpaena notata,no,published_direct,none
118631,Scorpaena porcus,no,missing,optional_source
118640,Bothus podas,no,missing,optional_source
118641,Uranoscopus scaber,no,missing,optional_source
118642,Tripterygion delaisi,no,missing,optional_source
118652,Trachinus draco,no,missing,optional_source
118654,Dentex dentex,no,missing,optional_source
118655,Spondyliosoma cantharus,no,missing,optional_source
118656,Pagellus acarne,no,missing,optional_source
118659,Pagellus erythrinus,no,missing,optional_source
118660,Lithognathus mormyrus,no,missing,optional_source
118662,Oblada melanurus,no,missing,optional_source
118663,Sarpa salpa,no,published_direct,none
118664,Boops boops,no,missing,optional_source
118665,Diplodus annularis,no,missing,optional_source
118667,Diplodus vulgaris,no,published_direct,none
118669,Diplodus sargus,no,missing,optional_source
118672,Anthias anthias,no,missing,optional_source
118673,Serranus hepatus,no,missing,optional_source
118674,Serranus scriba,no,missing,optional_source
118675,Serranus cabrilla,no,missing,optional_source
118682,Chromis chromis,no,missing,optional_source
118683,Sciaena umbra,no,missing,optional_source
118685,Parablennius gattorugine,no,missing,optional_source
118686,Parablennius sanguinolentus,no,missing,optional_source
118688,Salaria pavo,no,missing,optional_source
118692,Coryphoblennius galerita,no,missing,optional_source
118693,Aidablennius sphynx,no,missing,optional_source
118702,Gobius cruentatus,no,missing,optional_source
118703,Gobius cobitis,no,missing,optional_source
118704,Gobius niger,no,missing,optional_source
118706,Gobius paganellus,no,published_direct,none
118707,Mauligobius maderensis,no,missing,optional_source
118708,Gobius bucchichi,no,missing,optional_source
118711,Spicara maena,no,published_direct,none
118880,Pseudorasbora parva,no,published_direct,none
119310,Pomacentrus sulfureus,no,missing,optional_source
119385,Arothron nigropunctatus,no,missing,optional_source
120125,Gymnothorax funebris,no,missing,optional_source
120129,Lactophrys bicaudalis,no,missing,optional_source
120634,Siganus luridus,no,missing,optional_source
120637,Parablennius incognitus,no,published_direct,none
120641,Ariosoma balearicum,no,missing,optional_source
120708,Scartella cristata,no,missing,optional_source
120738,Lissotriton graecus,no,missing,optional_source
120741,Lissotriton maltzani,no,missing,optional_source
121195,Acanthurus chirurgus,no,missing,optional_source
121196,Acanthurus coeruleus,no,missing,optional_source
121321,Antennarius commerson,no,missing,optional_source
121324,Oreochromis niloticus,no,missing,optional_source
121375,Taenianotus triacanthus,no,missing,optional_source
121578,Ovis aries,no,missing,optional_source
121597,Acanthurus dussumieri,no,missing,optional_source
121705,Acanthurus tennentii,no,published_direct,none
121740,Gymnothorax flavimarginatus,no,missing,optional_source
123070,Capra hircus,no,missing,optional_source
123124,Synodus variegatus,no,missing,optional_source
123268,Diodon liturosus,no,missing,optional_source
123269,Acanthurus leucosternon,no,missing,optional_source
123392,Balistoides viridescens,no,missing,optional_source
123459,Pterois miles,no,missing,optional_source
123525,Gymnothorax pictus,no,missing,optional_source
123690,Caranx melampygus,no,missing,optional_source
125802,Lutjanus argentimaculatus,no,missing,optional_source
127530,Pseudanthias squamipinnis,no,missing,optional_source
127538,Gymnothorax griseus,no,missing,optional_source
127706,Heteroconger longissimus,no,missing,optional_source
128105,Gymnothorax moringa,no,missing,optional_source
128156,Antennarius multiocellatus,no,missing,optional_source
128170,Elacatinus evelynae,no,missing,optional_source
128172,Mulloidichthys martinicus,no,missing,optional_source
128183,Stegastes partitus,no,missing,optional_source
128185,Stegastes diencaeus,no,missing,optional_source
128186,Gramma loreto,no,missing,optional_source
128191,Neoniphon marianus,no,missing,optional_source
128853,Bothus lunatus,no,missing,optional_source
128857,Canthigaster rostrata,no,published_direct,none
128858,Canthigaster capistrata,no,missing,optional_source
129549,Canthigaster valentini,no,missing,optional_source
129552,Corythoichthys flavofasciatus,no,missing,optional_source
129567,Opistognathus aurifrons,no,missing,optional_source
129656,Cantherhines macrocerus,no,published_direct,none
129665,Malacanthus plumieri,no,missing,optional_source
130051,Hypoplectrus puella,no,published_direct,none
130052,Hypoplectrus unicolor,no,missing,optional_source
130053,Ophioblennius macclurei,no,missing,optional_source
130054,Haemulon carbonarium,no,missing,optional_source
130526,Neoniphon sammara,no,missing,optional_source
131385,Pseudupeneus maculatus,no,published_direct,none
131387,Lutjanus mahogoni,no,missing,optional_source
131402,Myrichthys ocellatus,no,missing,optional_source
131428,Synodus synodus,no,missing,optional_source
131475,Hypoplectrus nigricans,no,missing,optional_source
131484,Serranus tabacarius,no,missing,optional_source
131487,Apogon maculatus,no,missing,optional_source
131500,Gnatholepis thompsoni,no,missing,optional_source
131507,Coryphopterus dicrus,no,published_direct,none
131509,Emblemaria pandionis,no,missing,optional_source
131510,Acanthemblemaria aspera,no,published_direct,none
131512,Chilomycterus antillarum,no,published_direct,none
131513,Lactophrys trigonus,no,missing,optional_source
131514,Monacanthus tuckeri,no,missing,optional_source
131522,Amblycirrhitus pinos,no,missing,optional_source
131523,Kyphosus sectatrix,no,missing,optional_source
131525,Calamus calamus,no,missing,optional_source
131526,Canthidermis sufflamen,no,missing,optional_source
131530,Lutjanus synagris,no,missing,optional_source
132342,Amatitlania nigrofasciata,no,published_direct,none
132396,Diagramma pictum,no,missing,optional_source
132526,Stephanolepis hispida,no,published_direct,none
132531,Archosargus rhomboidalis,no,missing,optional_source
132687,Cirrhitichthys oxycephalus,no,missing,optional_source
134693,Bufo spinosus,no,missing,optional_source
134831,Tomopterna kachowskii,no,missing,optional_source
134926,Afrixalus stuhlmanni,no,published_direct,none
134940,Hyperolius kivuensis,no,missing,optional_source
134941,Hyperolius marginatus,no,missing,optional_source
134942,Hyperolius viridiflavus,no,missing,optional_source
135280,Macolor niger,no,published_direct,none
136416,Corythoichthys haematopterus,no,missing,optional_source
142293,Tomopterna cryptotis,no,missing,optional_source
142704,Lutjanus gibbus,no,missing,optional_source
143046,Solenostomus cyanopterus,no,missing,optional_source
144017,Arothron hispidus,no,missing,optional_source
144085,Psammodromus occidentalis,no,missing,optional_source
144221,Melanitta nigra,no,missing,optional_source
144242,Picus sharpei,no,missing,optional_source
144243,Picus viridis,no,published_direct,none
144281,Bucorvus leadbeateri,no,missing,optional_source
144298,Thamnolaea cinnamomeiventris,no,missing,optional_source
144455,Ardea alba,no,missing,optional_source
144460,Micronisus gabar,no,published_direct,none
144467,Aquila fasciata,yes,published_direct,none
144468,Aquila spilogaster,no,missing,optional_source
144469,Hieraaetus wahlbergi,no,missing,optional_source
144472,Lissotis melanogaster,no,missing,optional_source
144473,Lissotis hartlaubii,no,missing,optional_source
144479,Gallinula galeata,no,missing,optional_source
144491,Tringa semipalmata,no,missing,optional_source
144496,Gallinago delicata,no,missing,optional_source
144498,Smutsornis africanus,no,missing,optional_source
144501,Chroicocephalus genei,no,missing,optional_source
144508,Chroicocephalus cirrocephalus,no,missing,optional_source
144510,Chroicocephalus ridibundus,no,missing,optional_source
144512,Hydrocoloeus minutus,no,missing,optional_source
144514,Leucophaeus atricilla,no,missing,optional_source
144517,Ichthyaetus melanocephalus,no,missing,optional_source
144520,Ichthyaetus hemprichii,no,missing,optional_source
144522,Ichthyaetus audouinii,no,missing,optional_source
144525,Onychoprion fuscatus,no,missing,optional_source
144527,Onychoprion anaethetus,no,missing,optional_source
144529,Sternula albifrons,no,published_direct,none
144530,Sternula antillarum,no,missing,optional_source
144536,Gelochelidon nilotica,no,missing,optional_source
144537,Hydroprogne caspia,no,missing,optional_source
144539,Thalasseus maximus,no,missing,optional_source
144541,Thalasseus sandvicensis,no,missing,optional_source
144554,Geotrygon leucometopia,no,missing,optional_source
144651,Corythornis cristatus,no,missing,optional_source
144655,Ispidina picta,no,missing,optional_source
144659,Coracias naevius,no,missing,optional_source
144662,Tockus ruahae,no,missing,optional_source
144757,Corvus cornix,no,published_direct,none
144763,Calendulauda poecilosterna,no,missing,optional_source
144765,Calendulauda africanoides,no,missing,optional_source
144788,Ptyonoprogne rupestris,no,missing,optional_source
144795,Cecropis abyssinica,no,missing,optional_source
144809,Poecile palustris,no,missing,optional_source
144812,Poecile montanus,no,missing,optional_source
144823,Periparus ater,no,published_direct,none
144830,Lophophanes cristatus,no,missing,optional_source
144849,Cyanistes caeruleus,no,missing,optional_source
144850,Cyanistes teneriffae,no,missing,optional_source
145018,Melaenornis fischeri,no,missing,optional_source
145019,Melaenornis chocolatinus,no,missing,optional_source
145030,Cercotrichas leucophrys,no,missing,optional_source
145081,Turdus abyssinicus,no,missing,optional_source
145090,Allenia fusca,no,missing,optional_source
145110,Lamprotornis regius,no,missing,optional_source
145122,Hedydipna collaris,no,missing,optional_source
145131,Cyanomitra verticalis,no,missing,optional_source
145136,Cyanomitra olivacea,no,missing,optional_source
145142,Chalcomitra amethystina,no,missing,optional_source
145143,Chalcomitra senegalensis,no,missing,optional_source
145153,Drepanorhynchus reichenowi,no,missing,optional_source
145154,Cinnyris chloropygius,no,missing,optional_source
145162,Cinnyris reichenowi,no,published_direct,none
145169,Cinnyris pulchellus,no,missing,optional_source
145170,Cinnyris mariquensis,no,missing,optional_source
145173,Cinnyris erythrocercus,no,missing,optional_source
145175,Cinnyris bifasciatus,no,missing,optional_source
145188,Cinnyris venustus,no,missing,optional_source
145208,Anthus cinnamomeus,no,missing,optional_source
145226,Setophaga plumbea,no,missing,optional_source
145227,Setophaga angelae,no,missing,optional_source
145228,Setophaga pharetra,no,missing,optional_source
145229,Setophaga citrina,no,missing,optional_source
145231,Setophaga tigrina,no,missing,optional_source
145233,Setophaga americana,no,missing,optional_source
145235,Setophaga magnolia,no,published_direct,none
145238,Setophaga petechia,no,missing,optional_source
145240,Setophaga striata,no,missing,optional_source
145242,Setophaga palmarum,no,missing,optional_source
145243,Setophaga pityophila,no,missing,optional_source
145244,Setophaga pinus,no,missing,optional_source
145245,Setophaga coronata,no,missing,optional_source
145246,Setophaga dominica,no,missing,optional_source
145249,Setophaga discolor,no,published_direct,none
145250,Setophaga adelaidae,no,published_direct,none
145258,Setophaga virens,no,missing,optional_source
145279,Calyptophilus tertius,no,missing,optional_source
145291,Emberiza calandra,no,published_direct,none
145303,Spinus spinus,no,published_direct,none
145307,Spinus dominicensis,no,missing,optional_source
145332,Histurgops ruficauda,no,missing,optional_source
145335,Coccopygia quartinia,no,missing,optional_source
145337,Granatina ianthinogaster,no,published_direct,none
145348,Spermestes bicolor,no,published_direct,none
145350,Euodice malabarica,no,missing,optional_source
145360,Chloris chloris,no,published_direct,none
145363,Troglodytes troglodytes,no,missing,optional_source
145902,Anolis litoralis,no,missing,optional_source
146059,Cyclura ricordii,no,missing,optional_source
146246,Lygodactylus mombasicus,no,published_direct,none
146280,Mediodactylus kotschyi,no,missing,optional_source
146451,Spondylurus nitidus,no,missing,optional_source
146565,Cyclura cornuta,no,missing,optional_source
147118,Eucinostomus melanopterus,no,missing,optional_source
147661,Gorilla beringei beringei,yes,published_direct,none
148030,Equus asinus,no,missing,optional_source
152996,Antennarius pictus,no,missing,optional_source
153471,Echidna catenata,no,missing,optional_source
154702,Amphiprion akallopisos,no,published_direct,none
173412,Poecilia reticulata,no,missing,optional_source
179445,Trachinotus falcatus,no,missing,optional_source
179467,Strongylura notata,no,missing,optional_source
179537,Mugil curema,no,missing,optional_source
179551,Labrisomus nuchipinnis,no,missing,optional_source
179572,Hemiramphus brasiliensis,no,missing,optional_source
179865,Acanthemblemaria maria,no,missing,optional_source
179873,Dascyllus carneus,no,missing,optional_source
179880,Chromis viridis,no,missing,optional_source
180388,Zebrasoma desjardinii,no,missing,optional_source
180389,Ctenochaetus striatus,no,missing,optional_source
180708,Stegastes leucostictus,no,published_direct,none
180709,Hypoplectrus indigo,no,missing,optional_source
180786,Myrichthys colubrinus,no,missing,optional_source
180787,Amphiprion allardi,no,published_direct,none
181019,Chromis ternatensis,no,missing,optional_source
182608,Lutjanus jocu,no,missing,optional_source
183177,Coleura afra,no,missing,optional_source
183180,Myonycteris angolensis,no,missing,optional_source
187283,Ctenochaetus truncatus,no,missing,optional_source
187316,Cyprinus rubrofuscus,no,missing,optional_source
187675,Microlipophrys dalmatinus,no,missing,optional_source
188591,Tripterygion tripteronotum,no,missing,optional_source
188767,Carcharhinus perezii,yes,published_direct,none
192654,Acanthemblemaria spinosa,no,missing,optional_source
192655,Coryphopterus lipernes,no,missing,optional_source
194743,Myripristis violacea,no,missing,optional_source
194784,Cheilodipterus quinquelineatus,no,missing,optional_source
196574,Parapercis hexophtalma,no,missing,optional_source
196628,Gnatholepis anjerensis,no,missing,optional_source
196837,Parupeneus macronemus,no,missing,optional_source
196838,Parupeneus barberinus,no,missing,optional_source
196904,Paraluteres prionurus,no,missing,optional_source
196931,Cyclichthys orbicularis,no,published_direct,none
196933,Canthigaster bennetti,no,missing,optional_source
196936,Arothron stellatus,no,missing,optional_source
199600,Lactoria fornasini,no,missing,optional_source
199916,Setophaga caerulescens,no,missing,optional_source
201024,Lethrinus harak,no,published_direct,none
201031,Leptoptilos crumenifer,no,missing,optional_source
201035,Clanga clanga,no,published_direct,none
201070,Antrostomus noctitherus,no,missing,optional_source
201149,Lanius humeralis,no,missing,optional_source
201180,Iduna pallida,no,missing,optional_source
201192,Saxicola rubicola,no,missing,optional_source
201233,Passer italiae,no,missing,optional_source
201282,Gallinula chloropus,no,published_direct,none
203153,Parus major,no,missing,optional_source
203820,Tockus erythrorhynchus,no,missing,optional_source
204113,Cervus elaphus,no,missing,optional_source
204449,Vidua paradisaea,no,missing,optional_source
204455,Acrocephalus scirpaceus,no,missing,optional_source
204456,Acrocephalus arundinaceus,no,missing,optional_source
204470,Bubo africanus,no,missing,optional_source
204471,Buteo augur,no,missing,optional_source
204472,Buteo buteo,no,missing,optional_source
204473,Calandrella cinerea,no,missing,optional_source
204496,Corvus corone,no,missing,optional_source
204512,Ficedula hypoleuca,no,missing,optional_source
204515,Geotrygon caniceps,no,missing,optional_source
204533,Larus argentatus,no,missing,optional_source
204544,Montifringilla nivalis,no,missing,optional_source
204545,Motacilla flava,no,missing,optional_source
204552,Nucifraga caryocatactes,no,published_direct,none
204554,Onychognathus morio,no,published_direct,none
204556,Oriolus oriolus,no,missing,optional_source
204571,Lutjanus fulviflamma,no,missing,optional_source
204776,Pseudocaranx dentex,no,missing,optional_source
208069,Caesio xanthonota,no,missing,optional_source
208535,Oreochromis urolepis,no,missing,optional_source
208884,Amphilophus citrinellus,no,missing,optional_source
209233,Equus caballus,no,missing,optional_source
210173,Kyphosus vaigiensis,no,missing,optional_source
210294,Lipophrys pholis,no,missing,optional_source
272548,Trachyrhamphus bicoarctatus,no,missing,optional_source
311609,Amblyglyphidodon indicus,no,missing,optional_source
317005,Bothus maculiferus,no,missing,optional_source
317017,Calamus pennatula,no,missing,optional_source
317092,Entomacrodus nigricans,no,missing,optional_source
317131,Haemulon parra,no,missing,optional_source
317134,Harengula humeralis,no,missing,optional_source
317206,Malacoctenus aurolineatus,no,missing,optional_source
317208,Malacoctenus gilli,no,missing,optional_source
317251,Odontoscion dentex,no,missing,optional_source
317382,Sphoeroides testudineus,no,missing,optional_source
318701,Kinixys zombensis,no,missing,optional_source
318836,Gallinago gallinago,no,missing,optional_source
320711,Calonectris borealis,no,missing,optional_source
326023,Piliocolobus gordonorum,no,published_direct,none
326032,Piliocolobus kirkii,no,missing,optional_source
326296,Bufo bufo,no,missing,optional_source
326304,Leptopelis argenteus,no,missing,optional_source
326305,Arthroleptis stenodactylus,no,missing,optional_source
327608,Gyps rueppelli,no,missing,optional_source
334629,Chromis weberi,no,missing,optional_source
336399,Coloeus monedula,no,missing,optional_source
337045,Podarcis siculus,no,published_direct,none
338049,Parablennius pilicornis,no,missing,optional_source
338050,Pomatoschistus marmoratus,no,missing,optional_source
338073,Chrysiptera unimaculata,no,missing,optional_source
338765,Plectorhinchus gaterinus,no,missing,optional_source
339593,Calidris pugnax,no,missing,optional_source
339607,Margarobyas lawrencii,no,missing,optional_source
339680,Lanius phoenicuroides,no,missing,optional_source
339684,Cyanopica cooki,no,missing,optional_source
341201,Gambusia puncticulata,no,missing,optional_source
341387,Chrysiptera biocellata,no,missing,optional_source
341862,Plectorhinchus flavomaculatus,no,missing,optional_source
341863,Pomacentrus caeruleus,no,missing,optional_source
341972,Crocodylus niloticus,yes,published_direct,none
341973,Crocodylus suchus,no,missing,optional_source
342041,Chromis limbata,no,missing,optional_source
342089,Muraena augusti,no,missing,optional_source
342285,Lipophrys trigloides,no,missing,optional_source
342288,Scorpaena maderensis,no,missing,optional_source
342289,Sphoeroides marmoratus,no,missing,optional_source
343020,Anguis veronensis,no,missing,optional_source
343021,Anguis fragilis,no,missing,optional_source
347725,Parablennius salensis,no,missing,optional_source
354111,Scolopsis ghanam,no,missing,optional_source
358211,Sicydium punctatum,no,missing,optional_source
359362,Parupeneus forsskali,no,missing,optional_source
359902,Symphodus trutta,no,missing,optional_source
367477,Rallus crepitans,no,missing,optional_source
367556,Eupsittula nana,no,missing,optional_source
367558,Eupsittula canicularis,no,missing,optional_source
367560,Eupsittula pertinax,no,missing,optional_source
367564,Thectocercus acuticaudatus,no,missing,optional_source
367571,Psittacara mitratus,no,missing,optional_source
367574,Psittacara euops,no,missing,optional_source
367575,Psittacara chloropterus,no,missing,optional_source
367672,Oenanthe lugubris,no,missing,optional_source
367700,Spermestes cucullata,no,missing,optional_source
371414,Felis lybica,no,missing,optional_source
372161,Papilloculiceps longiceps,no,missing,optional_source
411086,Ardea ibis,no,missing,optional_source
415123,Arothron immaculatus,no,missing,optional_source
417389,Hydrictis maculicollis,no,missing,optional_source
417616,Pardachirus marmoratus,no,missing,optional_source
424147,Hyla arborea,no,missing,optional_source
424254,Myotis daubentonii,no,missing,optional_source
424860,Podarcis virescens,no,missing,optional_source
424861,Podarcis guadarramae,no,missing,optional_source
424864,Podarcis hispanicus,no,missing,optional_source
424997,Carassius gibelio,no,published_direct,none
425272,Pristiapogon kallopterus,no,missing,optional_source
445728,Canthigaster petersii,no,missing,optional_source
446046,Gobioclinus bucciferus,no,published_direct,none
446140,Labrisomus conditus,no,missing,optional_source
446216,Microlipophrys canevae,no,missing,optional_source
446242,Nerophis lumbriciformis,no,missing,optional_source
446572,Torquigener flavimaculosus,no,missing,optional_source
446588,Tripterygion tartessicum,no,published_direct,none
464519,Hyperolius howelli,no,missing,optional_source
466218,Broadleysaurus major,no,missing,optional_source
469961,Sousa plumbea,no,missing,optional_source
471653,Siganus sutor,no,published_direct,none
472138,Lepadogaster lepadogaster,no,missing,optional_source
472766,Falco tinnunculus,no,missing,optional_source
472777,Struthio molybdophanes,no,missing,optional_source
474333,Porphyrio madagascariensis,no,missing,optional_source
474355,Chilabothrus striatus,no,missing,optional_source
474803,Abudefduf sparoides,no,missing,optional_source
475028,Porphyrio porphyrio,no,missing,optional_source
476257,Speleomantes genei,no,missing,optional_source
476664,Ptychadena nilotica,no,missing,optional_source
476938,Leptopelis grandiceps,no,missing,optional_source
485176,Mareca americana,no,missing,optional_source
488396,Kinyongia msuyae,no,missing,optional_source
493904,Psammodromus edwarsianus,no,missing,optional_source
495184,Trachylepis maculilabris,no,missing,optional_source
495976,Pternistis hildebrandti,no,published_direct,none
495989,Pternistis leucoscepus,no,missing,optional_source
495992,Pternistis rufopictus,no,published_direct,none
495994,Pternistis afer,no,missing,optional_source
500328,Coryphopterus venezuelae,no,missing,optional_source
502997,Piliocolobus tephrosceles,no,missing,optional_source
505877,Gobius incognitus,no,missing,optional_source
507912,Bycanistes brevis,no,missing,optional_source
507916,Bycanistes subcylindricus,no,missing,optional_source
508246,Microcarbo africanus,no,published_direct,none
508918,Zapornia flavirostra,no,missing,optional_source
508919,Zapornia parva,no,missing,optional_source
509656,Calonectris diomedea,no,missing,optional_source
509678,Trochilus polytmus,no,published_direct,none
512160,Lophoceros alboterminatus,no,published_direct,none
512166,Lophoceros nasutus,no,missing,optional_source
513926,Rallus aquaticus,no,published_direct,none
514727,Xerotyphlops vermicularis,no,missing,optional_source
516943,Lamprotornis unicolor,no,missing,optional_source
517005,Lamprotornis fischeri,no,published_direct,none
517048,Sclerophrys regularis,no,missing,optional_source
517049,Sclerophrys xeros,no,missing,optional_source
517052,Sclerophrys garmani,no,published_direct,none
517053,Sclerophrys gutturalis,no,missing,optional_source
517057,Sclerophrys pusilla,no,missing,optional_source
517208,Sclerophrys kisoloensis,no,missing,optional_source
517209,Amietia nutti,no,missing,optional_source
517454,Sclerophrys brauni,no,missing,optional_source
520070,Piliocolobus rufomitratus,no,missing,optional_source
522887,Agricola pallidus,no,missing,optional_source
533979,Sciurus meridionalis,no,missing,optional_source
539039,Chelonoidis carbonarius,no,missing,optional_source
539233,Aldabrachelys gigantea,no,missing,optional_source
539260,Anatololacerta pelasgiana,no,missing,optional_source
539261,Anguis graeca,no,missing,optional_source
539331,Anolis peynadoi,no,missing,optional_source
539340,Anolis viridius,no,missing,optional_source
539454,Chilabothrus angulifer,no,missing,optional_source
539461,Chilabothrus inornatus,no,missing,optional_source
539844,Indotyphlops braminus,no,missing,optional_source
539884,Leptotyphlops merkeri,no,missing,optional_source
540043,Pelomedusa neumanni,no,missing,optional_source
540064,Pholidoscelis auberi,no,missing,optional_source
540069,Pholidoscelis dorsalis,no,missing,optional_source
540071,Pholidoscelis exsul,no,missing,optional_source
540077,Pholidoscelis plei,no,missing,optional_source
540082,Pholidoscelis wetmorei,no,missing,optional_source
540247,Timon nevadensis,no,missing,optional_source
540328,Zamenis scalaris,no,missing,optional_source
546379,Alaudala rufescens,no,published_direct,none
548416,Pelodytes atlanticus,no,missing,optional_source
548418,Pelodytes punctatus,no,missing,optional_source
549031,Perodicticus ibeanus,no,missing,optional_source
553515,Rhinella marina,no,missing,optional_source
555111,Boana heilprini,no,missing,optional_source
556621,Bombina variegata,no,missing,optional_source
556656,Lissotriton vulgaris,no,missing,optional_source
558429,Spatula querquedula,no,missing,optional_source
558430,Spatula hottentota,no,missing,optional_source
558433,Spatula discors,no,missing,optional_source
558438,Spatula clypeata,no,missing,optional_source
558439,Mareca strepera,no,missing,optional_source
558441,Mareca penelope,no,missing,optional_source
558513,Eurocephalus ruppelli,no,missing,optional_source
558593,Ptiloxena atroviolacea,no,published_direct,none
558601,Crithagra mozambica,no,missing,optional_source
558602,Crithagra citrinelloides,no,missing,optional_source
558604,Crithagra hyposticta,no,missing,optional_source
558610,Crithagra reichenowi,no,missing,optional_source
558613,Crithagra dorsostriata,no,missing,optional_source
558618,Crithagra sulphurata,no,missing,optional_source
558619,Crithagra striolata,no,missing,optional_source
558628,Crithagra tristriata,no,missing,optional_source
558634,Linaria cannabina,no,missing,optional_source
559064,Circus cyaneus,no,missing,optional_source
559070,Lanius excubitor,no,missing,optional_source
566540,Allochrocebus lhoesti,no,missing,optional_source
567060,Pholidoscelis chrysolaemus,no,missing,optional_source
568929,Pholidoscelis lineolatus,no,missing,optional_source
568930,Pholidoscelis taeniurus,no,missing,optional_source
569428,Mustela nivalis,no,missing,optional_source
569791,Cisticola marginatus,no,missing,optional_source
577603,Lactophrys triqueter,no,missing,optional_source
578093,Calandrella brachydactyla,no,missing,optional_source
578607,Galerida cristata,no,published_direct,none
597463,Laniarius major,no,missing,optional_source
607152,Atopogale cubana,no,published_direct,none
612804,Enteromius kerstenii,no,missing,optional_source
614339,Bathygobius antilliensis,no,missing,optional_source
619700,Stegastes xanthurus,no,missing,optional_source
624069,Diplodus cadenati,no,missing,optional_source
738119,Mediodactylus orientalis,no,missing,optional_source
765528,Hypsugo savii,no,missing,optional_source
792926,Chloropicus namaquus,no,published_direct,none
792977,Dryobates minor,no,missing,optional_source
792985,Dendrocoptes medius,no,missing,optional_source
793273,Melopyrrha portoricensis,no,missing,optional_source
793274,Melopyrrha violacea,no,published_direct,none
793461,Pogoniulus bilineatus,no,missing,optional_source
793469,Regulus regulus,no,missing,optional_source
797591,Acanthocercus gregorii,no,missing,optional_source
797594,Acanthocercus ugandaensis,no,missing,optional_source
797597,Agama picticauda,no,missing,optional_source
797733,Naja subfulva,no,missing,optional_source
825289,Canis lupaster,no,missing,optional_source
827402,Regulus madeirensis,no,missing,optional_source
850859,Oxyura jamaicensis,no,missing,optional_source
851014,Canis aureus,no,missing,optional_source
851211,Natrix helvetica,no,missing,optional_source
852333,Suncus etruscus,no,missing,optional_source
852338,Dasyprocta leporina,no,missing,optional_source
855297,Meles meles,no,published_direct,none
871060,Acanthurus tractus,no,published_direct,none
871611,Euxerus erythropus,no,missing,optional_source
889688,Adolfus kibonotensis,no,missing,optional_source
891696,Pica pica,no,missing,optional_source
906982,Lanius meridionalis,no,missing,optional_source
914304,Dascyllus abudafur,no,missing,optional_source
922459,Felis silvestris,no,missing,optional_source
925661,Genetta genetta,no,missing,optional_source
925979,Urva auropunctata,no,published_direct,none
964785,Panaspis wahlbergii,no,missing,optional_source
965969,Lygodactylus tsavoensis,no,missing,optional_source
966698,Vipera berus,no,missing,optional_source
966781,Natrix astreptophora,no,missing,optional_source
966787,Natrix natrix,no,published_direct,none
979641,Camaroptera brachyura,no,missing,optional_source
979654,Cinnyris mediocris,no,missing,optional_source
979721,Fringilla teydea,no,published_direct,none
979726,Gymnoris pyrgita,no,missing,optional_source
979790,Lonchura malacca,no,missing,optional_source
979799,Phonipara canora,no,published_direct,none
979800,Melanospiza bicolor,no,missing,optional_source
979813,Microcarbo pygmaeus,no,missing,optional_source
979880,Nesophlox evelynae,no,missing,optional_source
980033,Vireo crassirostris,no,missing,optional_source
980043,Zosterops flavilateralis,no,missing,optional_source
980208,Pinarochroa sordida,no,published_direct,none
991929,Bufotes cypriensis,no,published_direct,none
1067746,Sturnira angeli,no,missing,optional_source
1075512,Colobus caudatus,no,missing,optional_source
1075514,Colobus guereza,no,missing,optional_source
1102769,Eumops ferox,no,published_direct,none
1119889,Sphaerodactylus grandisquamis,no,published_direct,none
1120226,Sphaerodactylus macrolepis,no,missing,optional_source
1127992,Podarcis ionicus,no,missing,optional_source
1129179,Anolis callainus,no,missing,optional_source
1148908,Anolis aridius,no,missing,optional_source
1148909,Anolis australis,no,missing,optional_source
1148910,Anolis higuey,no,missing,optional_source
1148911,Anolis hispaniolae,no,missing,optional_source
1177489,Arvicola italicus,no,missing,optional_source
1188213,Numenius hudsonicus,no,missing,optional_source
1210965,Lupulella adusta,no,missing,optional_source
1210966,Lupulella mesomelas,no,published_direct,none
1223358,Anolis saxatilis,no,missing,optional_source
1250330,Hylambates maculatus,no,missing,optional_source
1256672,Similiparma lurida,no,missing,optional_source
1264432,Neogale vison,no,missing,optional_source
1275370,Dasypus septemcinctus,no,published_direct,none
1275849,Galegeeska rufescens,no,missing,optional_source
1286819,Zosterops stuhlmanni,no,missing,optional_source
1286971,Oenanthe melanoleuca,no,missing,optional_source
1289200,Curruca cantillans,no,missing,optional_source
1289369,Chlorophonia musica,no,missing,optional_source
1289421,Argya rubiginosa,no,missing,optional_source
1289467,Curruca undata,no,missing,optional_source
1289469,Curruca conspicillata,no,missing,optional_source
1289470,Curruca communis,no,missing,optional_source
1289471,Curruca iberiae,no,missing,optional_source
1289472,Curruca melanocephala,no,missing,optional_source
1289480,Curruca hortensis,no,missing,optional_source
1289484,Curruca curruca,no,missing,optional_source
1289584,Asio grammicus,no,missing,optional_source
1289585,Gymnasio nudipes,no,missing,optional_source
1289601,Nannopterum brasilianum,no,missing,optional_source
1289604,Gulosus aristotelis,no,published_direct,none
1289678,Riccordia bicolor,no,missing,optional_source
1289679,Riccordia maugaeus,no,missing,optional_source
1289680,Riccordia swainsonii,no,missing,optional_source
1289681,Riccordia ricordii,no,missing,optional_source
1289689,Campocolinus coqui,no,missing,optional_source
1289692,Ortygornis sephaena,no,missing,optional_source
1289697,Lyrurus tetrix,no,missing,optional_source
1314828,Pycnochromis fieldi,no,published_direct,none
1315642,Acanthostracion polygonium,no,missing,optional_source
1315687,Phoxinus lumaireul,no,missing,optional_source
1315932,Azurina multilineata,no,missing,optional_source
1315935,Azurina cyanea,no,missing,optional_source
1316037,Eques punctatus,no,missing,optional_source
1316085,Serranus papilionaceus,no,missing,optional_source
1316746,Dajaus monticola,no,missing,optional_source
1316786,Brachygenys chrysargyrea,no,missing,optional_source
1316792,Caranx bartholomaei,no,missing,optional_source
1319807,Pelophylax ridibundus,no,missing,optional_source
1325088,Stegastes lacrymatus,no,missing,optional_source
1360107,Coris melanura,no,missing,optional_source
1369296,Cebus imitator,no,missing,optional_source
1370753,Talpa aquitania,no,missing,optional_source
1403184,Ancylodactylus africanus,no,missing,optional_source
1424710,Laudakia stellio,no,missing,optional_source
1424711,Laudakia cypriaca,no,missing,optional_source
1424723,Zootoca carniolica,no,missing,optional_source
1428819,Anthracothorax aurulentus,no,missing,optional_source
1429237,Ciconia microscelis,no,missing,optional_source
1430932,Madoqua thomasi,no,missing,optional_source
1430933,Madoqua hindei,no,missing,optional_source
1430935,Madoqua cavendishi,no,missing,optional_source
1430973,Mesocapromys melanurus,no,missing,optional_source
1430996,Cephalophorus weynsi,no,published_direct,none
1431004,Cephalophorus kivuensis,no,missing,optional_source
1431008,Proteles septentrionalis,no,published_direct,none
1431065,Molossus verrilli,no,missing,optional_source
1431096,Glossophaga antillarum,no,missing,optional_source
1431273,Clethrionomys glareolus,no,missing,optional_source
1431331,Cephalophorus harveyi,no,missing,optional_source
1431867,Tragelaphus sylvaticus,no,missing,optional_source
1435192,Trochilus scitulus,no,missing,optional_source
1435814,Merops lafresnayii,no,missing,optional_source
1439535,Agama dodomae,no,missing,optional_source
1439789,Bodianus parrae,no,published_direct,none
1439808,Micropterus nigricans,no,missing,optional_source
1440669,Euplectes laticauda,no,missing,optional_source
1441745,Ketupa lactea,no,missing,optional_source
1453013,Bufotes viridis,no,missing,optional_source
1453916,Balaenoptera brydei,no,missing,optional_source
1453918,Pteronotus pusillus,no,missing,optional_source
1453919,Pteronotus portoricensis,no,missing,optional_source
1453939,Rhabdomys dilectus,no,missing,optional_source
1453959,Cricetomys ansorgei,no,missing,optional_source
1454382,Nannopterum auritum,no,missing,optional_source
1455922,Spilopelia senegalensis,no,missing,optional_source
1473498,Podarcis lusitanicus,no,missing,optional_source
1494783,Sparus aurata,no,missing,optional_source
1504816,Fringilla canariensis,no,missing,optional_source
1504817,Fringilla moreletti,no,missing,optional_source
1504818,Fringilla maderensis,no,missing,optional_source
1505620,Anarhynchus alexandrinus,no,missing,optional_source
1505633,Anarhynchus wilsonia,no,missing,optional_source
1505663,Anarhynchus nivosus,no,missing,optional_source
1505668,Anarhynchus pecuarius,no,missing,optional_source
1505670,Icthyophaga vocifer,yes,published_direct,none
1505778,Ardea brachyrhyncha,no,missing,optional_source
1505964,Lophotis gindiana,no,published_direct,none
1506031,Crinifer leucogaster,no,published_direct,none
1506033,Crinifer personatus,no,missing,optional_source
1506094,Corvus minutus,no,missing,optional_source
1506249,Chlorophonia sclateri,no,missing,optional_source
1506260,Dendropicos fuscescens,no,published_direct,none
1506317,Pogonornis bidentatus,no,missing,optional_source
1506400,Dendropicos spodocephalus,no,missing,optional_source
1510573,Giraffa reticulata,no,missing,optional_source
1510574,Giraffa tippelskirchi,yes,published_direct,none
1556597,Scorpaenopsis oxycephala,no,missing,optional_source
1558607,Lepus microtis,no,missing,optional_source
1561489,Thalassoma amblycephalum,no,missing,optional_source
1571758,Neochirus hemprichi,no,missing,optional_source
1571793,Pteropterus mombasae,no,missing,optional_source
1571801,Pteropterus antennatus,no,missing,optional_source
1572860,Corypha africana,no,published_direct,none
1572871,Corypha athi,no,missing,optional_source
1573679,Ptyonoprogne rufigula,no,missing,optional_source
1578489,Larus smithsonianus,no,missing,optional_source
1578502,Tyto furcata,no,missing,optional_source
1578607,Cinnyris melanogastrus,no,missing,optional_source
1578960,Botaurus exilis,no,missing,optional_source
1578961,Botaurus minutus,no,missing,optional_source
1579014,Astur gundlachi,no,missing,optional_source
1579015,Astur gentilis,no,missing,optional_source
1580335,Thinornis tricollaris,no,missing,optional_source
1580336,Thinornis dubius,no,missing,optional_source
1583576,Pogoniulus uropygialis,no,missing,optional_source
1584479,Buphagus erythroryncha,no,missing,optional_source
1584768,Cecropis rufula,no,missing,optional_source
1584771,Cecropis melanocrissus,no,missing,optional_source
1585429,Tauraco rossae,no,published_direct,none
1585912,Dessonornis caffer,no,missing,optional_source
1591819,Triturus rudolfi,no,missing,optional_source
1596124,Neoeptesicus brasiliensis,no,missing,optional_source
1596125,Eptesicus dutertreus,no,missing,optional_source
1596127,Cnephaeus serotinus,no,published_direct,none
1596135,Cnephaeus isabellinus,no,missing,optional_source
1596257,Lophocebus ugandae,no,missing,optional_source
1629047,Alytes almogavarii,no,missing,optional_source
1629340,Podarcis thais,no,missing,optional_source
1630133,Trachylepis margaritifer,no,missing,optional_source
1630712,Neoniphon vexillarius,no,missing,optional_source
1630713,Neoniphon coruscus,no,missing,optional_source
1633756,Mesotriton alpestris,no,missing,optional_source
1636180,Butorides atricapilla,no,missing,optional_source
1643992,Genetta fieldiana,no,missing,optional_source
1649739,Wheelerigobius canariensis,no,missing,optional_source
1650088,Elaenia cherriei,no,published_direct,none
1650089,Turdus ardosiaceus,no,published_direct,none
1655578,Crocidura fimbriata,no,published_direct,none
1659760,Comptus weinlandi,no,missing,optional_source
1668858,Dryophytes cinereus,no,missing,optional_source
1670480,Blanus oxyurus,no,missing,optional_source
1673680,Sphaerodactylus festus,no,missing,optional_source
1688750,Rana parvipalmata,no,missing,optional_source
1698425,Oryctolagus algirus,no,missing,optional_source
1701177,Vipera ammodytes,no,missing,optional_source
1701178,Vipera meridionalis,no,missing,optional_source
