region,in_current_catalogue,recommended_candidate,group,regional_rank,taxon_id,common_name,scientific_name,observation_count,proposed_frequency_rarity,current_editorial_rarity,current_prestige,model_version,review_action
caribbean,yes,not_sampled,Chondrichthyes,,188767,Caribbean Reef Shark,Carcharhinus perezii,,not_sampled,very_rare,standard,inaturalist-regional-frequency-v1,retain or review manually
caribbean,yes,not_sampled,Malacostraca,,47299,Caribbean Spiny Lobster,Panulirus argus,,not_sampled,very_rare,standard,inaturalist-regional-frequency-v1,retain or review manually
caribbean,yes,yes,amphibians,1,22454,Common Coqui,Eleutherodactylus coqui,4078,common,common,standard,inaturalist-regional-frequency-v1,compare then edit workbook
caribbean,yes,yes,amphibians,2,24382,Cuban Tree Frog,Osteopilus septentrionalis,2633,common,common,standard,inaturalist-regional-frequency-v1,compare then edit workbook
caribbean,yes,yes,amphibians,3,553515,Cane Toad,Rhinella marina,2633,common,common,standard,inaturalist-regional-frequency-v1,compare then edit workbook
caribbean,yes,yes,amphibians,4,22771,Antillean Coqui,Eleutherodactylus antillensis,1060,common,common,standard,inaturalist-regional-frequency-v1,compare then edit workbook
caribbean,yes,yes,amphibians,5,22979,Caribbean White-lipped Frog,Leptodactylus albilabris,932,common,common,standard,inaturalist-regional-frequency-v1,compare then edit workbook
caribbean,yes,yes,amphibians,6,22333,Lesser Antillean whistling frog,Eleutherodactylus johnstonei,659,common,common,standard,inaturalist-regional-frequency-v1,compare then edit workbook
caribbean,yes,yes,amphibians,7,24379,Hispaniolan Common Tree Frog,Osteopilus dominicensis,599,common,common,standard,inaturalist-regional-frequency-v1,compare then edit workbook
caribbean,yes,yes,amphibians,8,66349,Eastern Giant Toad,Peltophryne peltocephala,206,common,common,standard,inaturalist-regional-frequency-v1,compare then edit workbook
caribbean,yes,yes,amphibians,9,22761,Whistling Coqui,Eleutherodactylus cochranae,196,common,common,standard,inaturalist-regional-frequency-v1,compare then edit workbook
caribbean,yes,yes,amphibians,10,22631,Greenhouse Frog,Eleutherodactylus planirostris,196,common,common,standard,inaturalist-regional-frequency-v1,compare then edit workbook
caribbean,yes,yes,amphibians,11,22739,Martinique Robber Frog,Eleutherodactylus martinicensis,163,common,common,standard,inaturalist-regional-frequency-v1,compare then edit workbook
caribbean,yes,yes,amphibians,12,22302,Hispaniolan Giant Frog,Eleutherodactylus inoptatus,140,common,common,standard,inaturalist-regional-frequency-v1,compare then edit workbook
caribbean,yes,yes,amphibians,13,22601,Abbott's Robber Frog,Eleutherodactylus abbotti,139,common,common,standard,inaturalist-regional-frequency-v1,compare then edit workbook
caribbean,yes,yes,amphibians,14,65979,American Bullfrog,Lithobates catesbeianus,137,common,common,standard,inaturalist-regional-frequency-v1,compare then edit workbook
caribbean,yes,yes,amphibians,15,22616,Grass Coqui,Eleutherodactylus brittoni,114,common,common,standard,inaturalist-regional-frequency-v1,compare then edit workbook
caribbean,yes,yes,amphibians,16,22445,Yellow Split-Toed Frog,Eleutherodactylus flavescens,114,common,common,standard,inaturalist-regional-frequency-v1,compare then edit workbook
caribbean,yes,yes,amphibians,17,65443,Bahamian Flat-headed Frog,Eleutherodactylus rogersi,101,common,common,standard,inaturalist-regional-frequency-v1,compare then edit workbook
caribbean,yes,yes,amphibians,18,22334,Hispaniolan Red-Rumped Frog,Eleutherodactylus weinlandi,87,common,common,standard,inaturalist-regional-frequency-v1,compare then edit workbook
caribbean,yes,yes,amphibians,19,22411,Forest Coqui,Eleutherodactylus portoricensis,66,common,common,standard,inaturalist-regional-frequency-v1,compare then edit workbook
caribbean,yes,yes,amphibians,20,66347,Puerto Rican Crested Toad,Peltophryne lemur,66,common,common,standard,inaturalist-regional-frequency-v1,compare then edit workbook
caribbean,yes,yes,amphibians,21,70617,Coastal Red-Rumped Frog,Eleutherodactylus paralius,65,common,common,standard,inaturalist-regional-frequency-v1,compare then edit workbook
caribbean,yes,yes,amphibians,22,24378,Jamaican Laughing Frog,Osteopilus ocellatus,62,common,common,standard,inaturalist-regional-frequency-v1,compare then edit workbook
caribbean,yes,yes,amphibians,23,24375,Hispaniolan Giant Tree Frog,Osteopilus vastus,50,common,common,standard,inaturalist-regional-frequency-v1,compare then edit workbook
caribbean,yes,yes,amphibians,24,22375,Spaldings Robber Frog,Eleutherodactylus gossei,47,common,common,standard,inaturalist-regional-frequency-v1,compare then edit workbook
caribbean,yes,yes,amphibians,25,555111,Hispaniolan Green Tree Frog,Boana heilprini,38,common,common,standard,inaturalist-regional-frequency-v1,compare then edit workbook
caribbean,yes,yes,amphibians,26,22384,Mute Coqui,Eleutherodactylus lentus,37,common,common,standard,inaturalist-regional-frequency-v1,compare then edit workbook
caribbean,yes,yes,amphibians,27,22636,Cuban Groin-spot Frog,Eleutherodactylus atkinsi,35,common,common,standard,inaturalist-regional-frequency-v1,compare then edit workbook
caribbean,yes,yes,amphibians,28,24360,Venezuela Snouted Tree Frog,Scinax x-signatus,34,common,common,standard,inaturalist-regional-frequency-v1,compare then edit workbook
caribbean,yes,yes,amphibians,29,22423,Ground Coqui,Eleutherodactylus richmondi,33,common,common,standard,inaturalist-regional-frequency-v1,compare then edit workbook
caribbean,yes,yes,amphibians,30,22663,Monte Iberia Eleuth,Eleutherodactylus iberia,32,common,common,standard,inaturalist-regional-frequency-v1,compare then edit workbook
caribbean,yes,yes,amphibians,31,22376,Jamaican Rockfrog,Eleutherodactylus cundalli,29,common,common,standard,inaturalist-regional-frequency-v1,compare then edit workbook
caribbean,yes,yes,amphibians,32,22496,Pinchon's Piping Frog,Eleutherodactylus pinchoni,29,common,common,standard,inaturalist-regional-frequency-v1,compare then edit workbook
caribbean,yes,yes,amphibians,33,22408,Wrinkled Coqui,Eleutherodactylus wightmanae,29,common,common,standard,inaturalist-regional-frequency-v1,compare then edit workbook
caribbean,yes,yes,amphibians,34,22460,Hispaniolan yellow-mottled frog,Eleutherodactylus pictissimus,28,common,common,standard,inaturalist-regional-frequency-v1,compare then edit workbook
caribbean,yes,yes,amphibians,35,22456,South Island Telegraph Frog,Eleutherodactylus audanti,25,common,common,standard,inaturalist-regional-frequency-v1,compare then edit workbook
caribbean,yes,yes,amphibians,36,22369,Cook's Robber Frog,Eleutherodactylus cooki,25,common,common,standard,inaturalist-regional-frequency-v1,compare then edit workbook
caribbean,yes,yes,amphibians,37,66345,Eastern Crested Toad,Peltophryne guentheri,25,common,common,standard,inaturalist-regional-frequency-v1,compare then edit workbook
caribbean,yes,yes,amphibians,38,22612,Boca de Yuma Frog,Eleutherodactylus probolaeus,22,common,common,standard,inaturalist-regional-frequency-v1,compare then edit workbook
caribbean,yes,yes,amphibians,39,22446,Baoruco Hammer Frog,Eleutherodactylus armstrongi,21,common,common,standard,inaturalist-regional-frequency-v1,compare then edit workbook
caribbean,yes,yes,amphibians,40,66344,Western Giant Toad,Peltophryne fustiger,21,common,common,standard,inaturalist-regional-frequency-v1,compare then edit workbook
caribbean,yes,yes,amphibians,41,22745,Burrowing Coqui,Eleutherodactylus unicolor,20,common,common,standard,inaturalist-regional-frequency-v1,compare then edit workbook
caribbean,yes,yes,amphibians,42,22417,La Selle Red-Legged Frog,Eleutherodactylus furcyensis,16,common,common,standard,inaturalist-regional-frequency-v1,compare then edit workbook
caribbean,yes,yes,amphibians,43,22440,Mona Coqui,Eleutherodactylus monensis,15,uncommon,uncommon,standard,inaturalist-regional-frequency-v1,compare then edit workbook
caribbean,yes,yes,amphibians,44,22752,Jamaican Yellow-bellied Frog,Eleutherodactylus pantoni,13,uncommon,uncommon,standard,inaturalist-regional-frequency-v1,compare then edit workbook
caribbean,yes,yes,amphibians,45,66350,Cuban Spotted Toad,Peltophryne taladai,13,uncommon,uncommon,standard,inaturalist-regional-frequency-v1,compare then edit workbook
caribbean,yes,yes,amphibians,46,22236,Blue Mountain Rockfrog,Eleutherodactylus glaucoreius,12,uncommon,uncommon,standard,inaturalist-regional-frequency-v1,compare then edit workbook
caribbean,yes,yes,amphibians,47,22120,Barahona Rock Frog,Eleutherodactylus alcoae,11,uncommon,uncommon,standard,inaturalist-regional-frequency-v1,compare then edit workbook
caribbean,yes,yes,amphibians,48,22581,Miniature Robber Frog,Eleutherodactylus dimidiatus,11,uncommon,uncommon,standard,inaturalist-regional-frequency-v1,compare then edit workbook
caribbean,yes,yes,amphibians,49,22617,Hispaniolan Montane Frog,Eleutherodactylus montanus,11,uncommon,uncommon,standard,inaturalist-regional-frequency-v1,compare then edit workbook
caribbean,yes,yes,amphibians,50,22478,Zeus' Robber Frog,Eleutherodactylus zeus,11,uncommon,uncommon,standard,inaturalist-regional-frequency-v1,compare then edit workbook
caribbean,yes,yes,amphibians,51,22632,Eastern Cuba Robber Frog,Eleutherodactylus auriculatus,10,uncommon,uncommon,standard,inaturalist-regional-frequency-v1,compare then edit workbook
caribbean,yes,yes,amphibians,52,22614,Etheridge's Robber Frog,Eleutherodactylus etheridgei,10,uncommon,uncommon,standard,inaturalist-regional-frequency-v1,compare then edit workbook
caribbean,yes,yes,amphibians,53,22619,Tree-hole Coqui,Eleutherodactylus hedricki,10,uncommon,uncommon,standard,inaturalist-regional-frequency-v1,compare then edit workbook
caribbean,yes,yes,amphibians,54,22718,John Crow Yellow-bellied Frog,Eleutherodactylus pentasyringos,10,uncommon,uncommon,standard,inaturalist-regional-frequency-v1,compare then edit workbook
caribbean,yes,yes,amphibians,55,22190,Spiny Giant Frog,Eleutherodactylus nortoni,9,uncommon,uncommon,standard,inaturalist-regional-frequency-v1,compare then edit workbook
caribbean,yes,yes,amphibians,56,22453,Tiburon Whistling Frog,Eleutherodactylus wetmorei,9,uncommon,uncommon,standard,inaturalist-regional-frequency-v1,compare then edit workbook
caribbean,yes,yes,amphibians,57,22374,Jamaican Red-eyed Frog,Eleutherodactylus nubicola,8,uncommon,uncommon,standard,inaturalist-regional-frequency-v1,compare then edit workbook
caribbean,yes,yes,amphibians,58,24376,Hispaniolan Yellow Tree Frog,Osteopilus pulchrilineatus,8,uncommon,uncommon,standard,inaturalist-regional-frequency-v1,compare then edit workbook
caribbean,yes,yes,amphibians,59,24322,Red Snouted Tree Frog,Scinax ruber,8,uncommon,uncommon,standard,inaturalist-regional-frequency-v1,compare then edit workbook
caribbean,yes,yes,amphibians,60,1668858,Green Treefrog,Dryophytes cinereus,7,rare,rare,standard,inaturalist-regional-frequency-v1,compare then edit workbook
caribbean,yes,yes,amphibians,61,22413,Hispaniola Cordillera Frog,Eleutherodactylus patriciae,7,uncommon,uncommon,standard,inaturalist-regional-frequency-v1,compare then edit workbook
caribbean,yes,yes,amphibians,62,66340,Cuban Small-eared Toad,Peltophryne empusa,7,rare,rare,standard,inaturalist-regional-frequency-v1,compare then edit workbook
caribbean,yes,yes,amphibians,63,66341,Zapata toad,Peltophryne florentinoi,7,rare,rare,standard,inaturalist-regional-frequency-v1,compare then edit workbook
caribbean,yes,yes,amphibians,64,22488,Yellow Cave Frog,Eleutherodactylus counouspeus,6,rare,rare,standard,inaturalist-regional-frequency-v1,compare then edit workbook
caribbean,yes,yes,amphibians,65,22232,Guanahacabibes Robber Frog,Eleutherodactylus guanahacabibes,6,rare,rare,standard,inaturalist-regional-frequency-v1,compare then edit workbook
caribbean,yes,yes,amphibians,66,22337,Montane Cricket Frog,Eleutherodactylus haitianus,6,rare,rare,standard,inaturalist-regional-frequency-v1,compare then edit workbook
caribbean,yes,yes,amphibians,67,24380,Jamaican Snoring Frog,Osteopilus crucialis,6,rare,rare,standard,inaturalist-regional-frequency-v1,compare then edit workbook
caribbean,yes,yes,amphibians,68,22580,Juventud Robber Frog,Eleutherodactylus cuneatus,5,very_rare,very_rare,standard,inaturalist-regional-frequency-v1,compare then edit workbook
caribbean,yes,yes,amphibians,69,22285,Ball Bearing Frog,Eleutherodactylus glaphycompus,5,rare,rare,standard,inaturalist-regional-frequency-v1,compare then edit workbook
caribbean,yes,yes,amphibians,70,22635,Grey's Robber Frog,Eleutherodactylus greyi,5,very_rare,very_rare,standard,inaturalist-regional-frequency-v1,compare then edit workbook
caribbean,yes,yes,birds,1,9609,Greater Antillean Grackle,Quiscalus niger,5451,common,common,standard,inaturalist-regional-frequency-v1,compare then edit workbook
caribbean,yes,yes,birds,2,16798,Gray Kingbird,Tyrannus dominicensis,4236,common,common,standard,inaturalist-regional-frequency-v1,compare then edit workbook
caribbean,yes,yes,birds,3,3465,Zenaida Dove,Zenaida aurita,3764,common,common,standard,inaturalist-regional-frequency-v1,compare then edit workbook
caribbean,yes,yes,birds,4,4328,Brown Pelican,Pelecanus occidentalis,3465,common,common,standard,inaturalist-regional-frequency-v1,compare then edit workbook
caribbean,yes,yes,birds,5,10199,Bananaquit,Coereba flaveola,3140,common,common,standard,inaturalist-regional-frequency-v1,compare then edit workbook
caribbean,yes,yes,birds,6,14984,Pearly-eyed Thrasher,Margarops fuscatus,2755,common,common,standard,inaturalist-regional-frequency-v1,compare then edit workbook
caribbean,yes,yes,birds,7,14886,Northern Mockingbird,Mimus polyglottos,2721,common,common,standard,inaturalist-regional-frequency-v1,compare then edit workbook
caribbean,yes,yes,birds,8,144455,Great Egret,Ardea alba,2498,common,common,standard,inaturalist-regional-frequency-v1,compare then edit workbook
caribbean,yes,yes,birds,9,5020,Green Heron,Butorides virescens,2444,common,common,standard,inaturalist-regional-frequency-v1,compare then edit workbook
caribbean,yes,yes,birds,10,4631,Magnificent Frigatebird,Fregata magnificens,2364,common,common,standard,inaturalist-regional-frequency-v1,compare then edit workbook
caribbean,yes,yes,birds,11,144514,Laughing Gull,Leucophaeus atricilla,2300,common,common,standard,inaturalist-regional-frequency-v1,compare then edit workbook
caribbean,yes,yes,birds,12,411086,Western Cattle-Egret,Ardea ibis,2212,common,common,standard,inaturalist-regional-frequency-v1,compare then edit workbook
caribbean,yes,yes,birds,13,4999,Yellow-crowned Night Heron,Nyctanassa violacea,2076,common,common,standard,inaturalist-regional-frequency-v1,compare then edit workbook
caribbean,yes,yes,birds,14,4665,American Kestrel,Falco sparverius,1871,common,common,standard,inaturalist-regional-frequency-v1,compare then edit workbook
caribbean,yes,yes,birds,15,144539,Royal Tern,Thalasseus maximus,1784,common,common,standard,inaturalist-regional-frequency-v1,compare then edit workbook
caribbean,yes,yes,birds,16,2969,Eurasian Collared-Dove,Streptopelia decaocto,1712,common,common,standard,inaturalist-regional-frequency-v1,compare then edit workbook
caribbean,yes,yes,birds,17,979800,Black-faced Grassquit,Melanospiza bicolor,1699,common,common,standard,inaturalist-regional-frequency-v1,compare then edit workbook
caribbean,yes,yes,birds,18,144479,Common Gallinule,Gallinula galeata,1679,common,common,standard,inaturalist-regional-frequency-v1,compare then edit workbook
caribbean,yes,yes,birds,19,3545,Common Ground Dove,Columbina passerina,1633,common,common,standard,inaturalist-regional-frequency-v1,compare then edit workbook
caribbean,yes,yes,birds,20,1971,Smooth-billed Ani,Crotophaga ani,1615,common,common,standard,inaturalist-regional-frequency-v1,compare then edit workbook
caribbean,yes,yes,birds,21,3460,White-winged Dove,Zenaida asiatica,1594,common,common,standard,inaturalist-regional-frequency-v1,compare then edit workbook
caribbean,yes,yes,birds,22,4756,Turkey Vulture,Cathartes aura,1529,common,common,standard,inaturalist-regional-frequency-v1,compare then edit workbook
caribbean,yes,yes,birds,23,3938,Ruddy Turnstone,Arenaria interpres,1369,common,common,standard,inaturalist-regional-frequency-v1,compare then edit workbook
caribbean,yes,yes,birds,24,13858,House Sparrow,Passer domesticus,1350,common,common,standard,inaturalist-regional-frequency-v1,compare then edit workbook
caribbean,yes,yes,birds,25,4937,Little Blue Heron,Egretta caerulea,1338,common,common,standard,inaturalist-regional-frequency-v1,compare then edit workbook
caribbean,yes,yes,birds,26,18180,Hispaniolan Woodpecker,Melanerpes striatus,1241,common,common,standard,inaturalist-regional-frequency-v1,compare then edit workbook
caribbean,yes,yes,birds,27,16771,Loggerhead Kingbird,Tyrannus caudifasciatus,1213,common,common,standard,inaturalist-regional-frequency-v1,compare then edit workbook
caribbean,yes,yes,birds,28,7434,Palmchat,Dulus dominicus,1209,common,common,standard,inaturalist-regional-frequency-v1,compare then edit workbook
caribbean,yes,yes,birds,29,3080,Scaly-naped Pigeon,Patagioenas squamosa,1200,common,common,standard,inaturalist-regional-frequency-v1,compare then edit workbook
caribbean,yes,yes,birds,30,145242,Palm Warbler,Setophaga palmarum,1200,common,common,standard,inaturalist-regional-frequency-v1,compare then edit workbook
caribbean,yes,yes,birds,31,4836,Black-necked Stilt,Himantopus mexicanus,1133,common,common,standard,inaturalist-regional-frequency-v1,compare then edit workbook
caribbean,yes,yes,birds,32,9600,Carib Grackle,Quiscalus lugubris,1072,common,common,standard,inaturalist-regional-frequency-v1,compare then edit workbook
caribbean,yes,yes,birds,33,10019,Lesser Antillean Bullfinch,Loxigilla noctis,1053,common,common,standard,inaturalist-regional-frequency-v1,compare then edit workbook
caribbean,yes,yes,birds,34,3093,White-crowned Pigeon,Patagioenas leucocephala,1040,common,common,standard,inaturalist-regional-frequency-v1,compare then edit workbook
caribbean,yes,yes,birds,35,1650089,Eastern Red-legged Thrush,Turdus ardosiaceus,1024,common,common,standard,inaturalist-regional-frequency-v1,compare then edit workbook
caribbean,yes,yes,birds,36,72458,Spotted Sandpiper,Actitis macularius,1006,common,common,standard,inaturalist-regional-frequency-v1,compare then edit workbook
caribbean,yes,yes,birds,37,18182,Puerto Rican Woodpecker,Melanerpes portoricensis,985,common,common,standard,inaturalist-regional-frequency-v1,compare then edit workbook
caribbean,yes,yes,birds,38,4940,Snowy Egret,Egretta thula,918,common,common,standard,inaturalist-regional-frequency-v1,compare then edit workbook
caribbean,yes,yes,birds,39,2121,Puerto Rican Tody,Todus mexicanus,904,common,common,standard,inaturalist-regional-frequency-v1,compare then edit workbook
caribbean,yes,yes,birds,40,1289681,Cuban Emerald,Riccordia ricordii,902,common,common,standard,inaturalist-regional-frequency-v1,compare then edit workbook
caribbean,yes,yes,birds,41,6951,White-cheeked Pintail,Anas bahamensis,883,common,common,standard,inaturalist-regional-frequency-v1,compare then edit workbook
caribbean,yes,yes,birds,42,145231,Cape May Warbler,Setophaga tigrina,856,common,common,standard,inaturalist-regional-frequency-v1,compare then edit workbook
caribbean,yes,yes,birds,43,10247,American Redstart,Setophaga ruticilla,846,common,common,standard,inaturalist-regional-frequency-v1,compare then edit workbook
caribbean,yes,yes,birds,44,12718,Western Red-legged Thrush,Turdus plumbeus,846,common,common,standard,inaturalist-regional-frequency-v1,compare then edit workbook
caribbean,yes,yes,birds,45,1964,Mangrove Cuckoo,Coccyzus minor,838,common,common,standard,inaturalist-regional-frequency-v1,compare then edit workbook
caribbean,yes,yes,birds,46,9345,Venezuelan Troupial,Icterus icterus,797,common,common,standard,inaturalist-regional-frequency-v1,compare then edit workbook
caribbean,yes,yes,birds,47,4793,Killdeer,Charadrius vociferus,787,common,common,standard,inaturalist-regional-frequency-v1,compare then edit workbook
caribbean,yes,yes,birds,48,6377,Antillean Crested Hummingbird,Orthorhyncus cristatus,781,common,common,standard,inaturalist-regional-frequency-v1,compare then edit workbook
caribbean,yes,yes,birds,49,145233,Northern Parula,Setophaga americana,737,common,common,standard,inaturalist-regional-frequency-v1,compare then edit workbook
caribbean,yes,yes,birds,50,73504,Yellow-faced Grassquit,Tiaris olivaceus,728,common,common,standard,inaturalist-regional-frequency-v1,compare then edit workbook
caribbean,yes,yes,birds,51,4938,Tricolored Heron,Egretta tricolor,721,common,common,standard,inaturalist-regional-frequency-v1,compare then edit workbook
caribbean,yes,yes,birds,52,145249,Prairie Warbler,Setophaga discolor,705,common,common,standard,inaturalist-regional-frequency-v1,compare then edit workbook
caribbean,yes,yes,birds,53,5212,Red-tailed Hawk,Buteo jamaicensis,692,common,common,standard,inaturalist-regional-frequency-v1,compare then edit workbook
caribbean,yes,yes,birds,54,6427,Green-throated Carib,Eulampis holosericeus,665,common,common,standard,inaturalist-regional-frequency-v1,compare then edit workbook
caribbean,yes,yes,birds,55,5795,Hispaniolan Mango,Anthracothorax dominicus,653,common,common,standard,inaturalist-regional-frequency-v1,compare then edit workbook
caribbean,yes,yes,birds,56,6892,West Indian Whistling-Duck,Dendrocygna arborea,651,common,common,standard,inaturalist-regional-frequency-v1,compare then edit workbook
caribbean,yes,yes,birds,57,3797,Brown Booby,Sula leucogaster,649,common,common,standard,inaturalist-regional-frequency-v1,compare then edit workbook
caribbean,yes,yes,birds,58,73412,Puerto Rican Spindalis,Spindalis portoricensis,621,common,common,standard,inaturalist-regional-frequency-v1,compare then edit workbook
caribbean,yes,yes,birds,59,199916,Black-throated Blue Warbler,Setophaga caerulescens,609,common,common,standard,inaturalist-regional-frequency-v1,compare then edit workbook
caribbean,yes,yes,birds,60,116999,Osprey,Pandion haliaetus,587,common,common,standard,inaturalist-regional-frequency-v1,compare then edit workbook
caribbean,yes,yes,birds,61,19349,Monk Parakeet,Myiopsitta monachus,585,common,common,standard,inaturalist-regional-frequency-v1,compare then edit workbook
caribbean,yes,yes,birds,62,4817,Semipalmated Plover,Charadrius semipalmatus,578,common,common,standard,inaturalist-regional-frequency-v1,compare then edit workbook
caribbean,yes,yes,birds,63,4956,Great Blue Heron,Ardea herodias,565,common,common,standard,inaturalist-regional-frequency-v1,compare then edit workbook
caribbean,yes,yes,birds,64,882,Red Junglefowl,Gallus gallus,562,common,common,standard,inaturalist-regional-frequency-v1,compare then edit workbook
caribbean,yes,yes,birds,65,17399,Black-whiskered Vireo,Vireo altiloquus,557,common,common,standard,inaturalist-regional-frequency-v1,compare then edit workbook
caribbean,yes,yes,birds,66,3454,Mourning Dove,Zenaida macroura,544,common,common,standard,inaturalist-regional-frequency-v1,compare then edit workbook
caribbean,yes,yes,birds,67,4840,American Oystercatcher,Haematopus palliatus,535,common,common,standard,inaturalist-regional-frequency-v1,compare then edit workbook
caribbean,yes,yes,birds,68,3893,Lesser Yellowlegs,Tringa flavipes,531,common,common,standard,inaturalist-regional-frequency-v1,compare then edit workbook
caribbean,yes,yes,birds,69,10371,Shiny Cowbird,Molothrus bonariensis,529,common,common,standard,inaturalist-regional-frequency-v1,compare then edit workbook
caribbean,yes,yes,birds,70,4257,American Flamingo,Phoenicopterus ruber,525,common,common,standard,inaturalist-regional-frequency-v1,compare then edit workbook
caribbean,yes,yes,birds,71,16085,Cuban Pewee,Contopus caribaeus,524,common,common,standard,inaturalist-regional-frequency-v1,compare then edit workbook
caribbean,yes,yes,birds,72,509678,Red-billed Streamertail,Trochilus polytmus,517,common,common,standard,inaturalist-regional-frequency-v1,compare then edit workbook
caribbean,yes,yes,birds,73,2117,Cuban Tody,Todus multicolor,514,common,common,standard,inaturalist-regional-frequency-v1,compare then edit workbook
caribbean,yes,yes,birds,74,18193,West Indian Woodpecker,Melanerpes superciliaris,513,common,common,standard,inaturalist-regional-frequency-v1,compare then edit workbook
caribbean,yes,yes,birds,75,16024,Puerto Rican Flycatcher,Myiarchus antillarum,511,common,common,standard,inaturalist-regional-frequency-v1,compare then edit workbook
caribbean,yes,yes,birds,76,6430,Purple-throated Carib,Eulampis jugularis,508,common,common,standard,inaturalist-regional-frequency-v1,compare then edit workbook
caribbean,yes,yes,birds,77,2118,Broad-billed Tody,Todus subulatus,504,common,common,standard,inaturalist-regional-frequency-v1,compare then edit workbook
caribbean,yes,yes,birds,78,1505633,Wilson's Plover,Anarhynchus wilsonia,493,common,common,standard,inaturalist-regional-frequency-v1,compare then edit workbook
caribbean,yes,yes,birds,79,558593,Cuban Blackbird,Ptiloxena atroviolacea,463,common,common,standard,inaturalist-regional-frequency-v1,compare then edit workbook
caribbean,yes,yes,birds,80,20844,Cuban Trogon,Priotelus temnurus,460,common,common,standard,inaturalist-regional-frequency-v1,compare then edit workbook
caribbean,yes,yes,birds,81,145238,Mangrove Yellow Warbler,Setophaga petechia,452,common,common,standard,inaturalist-regional-frequency-v1,compare then edit workbook
caribbean,yes,yes,birds,82,3849,Sanderling,Calidris alba,445,common,common,standard,inaturalist-regional-frequency-v1,compare then edit workbook
caribbean,yes,yes,birds,83,13893,Scaly-breasted Munia,Lonchura punctulata,434,common,common,standard,inaturalist-regional-frequency-v1,compare then edit workbook
caribbean,yes,yes,birds,84,13796,Village Weaver,Ploceus cucullatus,431,common,common,standard,inaturalist-regional-frequency-v1,compare then edit workbook
caribbean,yes,yes,birds,85,145246,Yellow-throated Warbler,Setophaga dominica,425,common,common,standard,inaturalist-regional-frequency-v1,compare then edit workbook
caribbean,yes,yes,birds,86,10286,Black-and-white Warbler,Mniotilta varia,413,common,common,standard,inaturalist-regional-frequency-v1,compare then edit workbook
caribbean,yes,yes,birds,87,4892,Black-bellied Plover,Pluvialis squatarola,406,common,common,standard,inaturalist-regional-frequency-v1,compare then edit workbook
caribbean,yes,yes,birds,88,19602,Antillean Nighthawk,Chordeiles gundlachii,405,common,common,standard,inaturalist-regional-frequency-v1,compare then edit workbook
caribbean,yes,yes,birds,89,11874,Caribbean Martin,Progne dominicensis,404,common,common,standard,inaturalist-regional-frequency-v1,compare then edit workbook
caribbean,yes,yes,birds,90,3751,White Ibis,Eudocimus albus,400,common,common,standard,inaturalist-regional-frequency-v1,compare then edit workbook
caribbean,yes,yes,birds,91,72743,Great Lizard-Cuckoo,Coccyzus merlini,398,common,common,standard,inaturalist-regional-frequency-v1,compare then edit workbook
caribbean,yes,yes,birds,92,14884,Tropical Mockingbird,Mimus gilvus,395,common,common,standard,inaturalist-regional-frequency-v1,compare then edit workbook
caribbean,yes,yes,birds,93,144541,Sandwich Tern,Thalasseus sandvicensis,388,common,common,standard,inaturalist-regional-frequency-v1,compare then edit workbook
caribbean,yes,yes,birds,94,16025,La Sagra's Flycatcher,Myiarchus sagrae,387,common,common,standard,inaturalist-regional-frequency-v1,compare then edit workbook
caribbean,yes,yes,birds,95,3756,Glossy Ibis,Plegadis falcinellus,374,common,common,standard,inaturalist-regional-frequency-v1,compare then edit workbook
caribbean,yes,yes,birds,96,72952,Puerto Rican Oriole,Icterus portoricensis,373,common,common,standard,inaturalist-regional-frequency-v1,compare then edit workbook
caribbean,yes,yes,birds,97,3864,Least Sandpiper,Calidris minutilla,368,common,common,standard,inaturalist-regional-frequency-v1,compare then edit workbook
caribbean,yes,yes,birds,98,6425,Bee Hummingbird,Mellisuga helenae,361,common,common,standard,inaturalist-regional-frequency-v1,compare then edit workbook
caribbean,yes,yes,birds,99,10290,Black-crowned Palm-Tanager,Phaenicophilus palmarum,360,common,common,standard,inaturalist-regional-frequency-v1,compare then edit workbook
caribbean,yes,yes,birds,100,1428819,Puerto Rican Mango,Anthracothorax aurulentus,355,common,common,standard,inaturalist-regional-frequency-v1,compare then edit workbook
caribbean,yes,yes,birds,101,72747,Puerto Rican Lizard-Cuckoo,Coccyzus vieilloti,355,common,common,standard,inaturalist-regional-frequency-v1,compare then edit workbook
caribbean,yes,yes,birds,102,16702,Caribbean Elaenia,Elaenia martinica,351,common,common,standard,inaturalist-regional-frequency-v1,compare then edit workbook
caribbean,yes,yes,birds,103,18475,Cuban Green Woodpecker,Xiphidiopicus percussus,343,common,common,standard,inaturalist-regional-frequency-v1,compare then edit workbook
caribbean,yes,yes,birds,104,10731,Western Spindalis,Spindalis zena,341,common,common,standard,inaturalist-regional-frequency-v1,compare then edit workbook
caribbean,yes,yes,birds,105,145250,Adelaide's Warbler,Setophaga adelaidae,335,common,common,standard,inaturalist-regional-frequency-v1,compare then edit workbook
caribbean,yes,yes,birds,106,1289679,Puerto Rican Emerald,Riccordia maugaeus,321,common,common,standard,inaturalist-regional-frequency-v1,compare then edit workbook
caribbean,yes,yes,birds,107,6864,Antillean Palm Swift,Tachornis phoenicobia,321,common,common,standard,inaturalist-regional-frequency-v1,compare then edit workbook
caribbean,yes,yes,birds,108,4981,Black-crowned Night Heron,Nycticorax nycticorax,314,common,common,standard,inaturalist-regional-frequency-v1,compare then edit workbook
caribbean,yes,yes,birds,109,4948,Reddish Egret,Egretta rufescens,310,common,common,standard,inaturalist-regional-frequency-v1,compare then edit workbook
caribbean,yes,yes,birds,110,72950,Cuban Oriole,Icterus melanopsis,299,common,common,standard,inaturalist-regional-frequency-v1,compare then edit workbook
caribbean,yes,yes,birds,111,793273,Puerto Rican Bullfinch,Melopyrrha portoricensis,297,common,common,standard,inaturalist-regional-frequency-v1,compare then edit workbook
caribbean,yes,yes,birds,112,6422,Vervain Hummingbird,Mellisuga minima,296,common,common,standard,inaturalist-regional-frequency-v1,compare then edit workbook
caribbean,yes,yes,birds,113,11855,Cave Swallow,Petrochelidon fulva,296,common,common,standard,inaturalist-regional-frequency-v1,compare then edit workbook
caribbean,yes,yes,birds,114,473,American Coot,Fulica americana,295,common,common,standard,inaturalist-regional-frequency-v1,compare then edit workbook
caribbean,yes,yes,birds,115,3892,Greater Yellowlegs,Tringa melanoleuca,295,common,common,standard,inaturalist-regional-frequency-v1,compare then edit workbook
caribbean,yes,yes,birds,116,367575,Hispaniolan Parakeet,Psittacara chloropterus,289,common,common,standard,inaturalist-regional-frequency-v1,compare then edit workbook
caribbean,yes,yes,birds,117,62550,Ovenbird,Seiurus aurocapilla,287,common,common,standard,inaturalist-regional-frequency-v1,compare then edit workbook
caribbean,yes,yes,birds,118,558433,Blue-winged Teal,Spatula discors,285,common,common,standard,inaturalist-regional-frequency-v1,compare then edit workbook
caribbean,yes,yes,birds,119,19809,Cuban Pygmy-Owl,Glaucidium siju,284,common,common,standard,inaturalist-regional-frequency-v1,compare then edit workbook
caribbean,yes,yes,birds,120,18159,Jamaican Woodpecker,Melanerpes radiolatus,276,common,common,standard,inaturalist-regional-frequency-v1,compare then edit workbook
caribbean,yes,yes,birds,121,979880,Bahama Woodstar,Nesophlox evelynae,276,common,common,standard,inaturalist-regional-frequency-v1,compare then edit workbook
caribbean,yes,yes,birds,122,72578,Cuban Black Hawk,Buteogallus gundlachii,275,common,common,standard,inaturalist-regional-frequency-v1,compare then edit workbook
caribbean,yes,yes,birds,123,13780,Orange-cheeked Waxbill,Estrilda melpoda,257,common,common,standard,inaturalist-regional-frequency-v1,compare then edit workbook
caribbean,yes,yes,birds,124,72742,Hispaniolan Lizard-Cuckoo,Coccyzus longirostris,253,common,common,standard,inaturalist-regional-frequency-v1,compare then edit workbook
caribbean,yes,yes,birds,125,9929,Puerto Rican Tanager,Nesospingus speculiferus,252,common,common,standard,inaturalist-regional-frequency-v1,compare then edit workbook
caribbean,yes,yes,birds,126,4239,Least Grebe,Tachybaptus dominicus,247,common,common,standard,inaturalist-regional-frequency-v1,compare then edit workbook
caribbean,yes,yes,birds,127,9864,Saffron Finch,Sicalis flaveola,242,common,common,standard,inaturalist-regional-frequency-v1,compare then edit workbook
caribbean,yes,yes,birds,128,3862,Semipalmated Sandpiper,Calidris pusilla,237,common,common,standard,inaturalist-regional-frequency-v1,compare then edit workbook
caribbean,yes,yes,birds,129,18983,Hispaniolan Amazon,Amazona ventralis,236,common,common,standard,inaturalist-regional-frequency-v1,compare then edit workbook
caribbean,yes,yes,birds,130,144530,Least Tern,Sternula antillarum,236,common,common,standard,inaturalist-regional-frequency-v1,compare then edit workbook
caribbean,yes,yes,birds,131,8033,White-necked Crow,Corvus leucognaphalus,232,common,common,standard,inaturalist-regional-frequency-v1,compare then edit workbook
caribbean,yes,yes,birds,132,144491,Willet,Tringa semipalmata,230,common,common,standard,inaturalist-regional-frequency-v1,compare then edit workbook
caribbean,yes,yes,birds,133,9721,Common Yellowthroat,Geothlypis trichas,227,common,common,standard,inaturalist-regional-frequency-v1,compare then edit workbook
caribbean,yes,yes,birds,134,979799,Cuban Grassquit,Phonipara canora,225,common,common,standard,inaturalist-regional-frequency-v1,compare then edit workbook
caribbean,yes,yes,birds,135,9849,Lesser Antillean Saltator,Saltator albicollis,225,common,common,standard,inaturalist-regional-frequency-v1,compare then edit workbook
caribbean,yes,yes,birds,136,2548,Belted Kingfisher,Megaceryle alcyon,224,common,common,standard,inaturalist-regional-frequency-v1,compare then edit workbook
caribbean,yes,yes,birds,137,73149,Northern Waterthrush,Parkesia noveboracensis,223,common,common,standard,inaturalist-regional-frequency-v1,compare then edit workbook
caribbean,yes,yes,birds,138,367700,Bronze Mannikin,Spermestes cucullata,219,common,common,standard,inaturalist-regional-frequency-v1,compare then edit workbook
caribbean,yes,yes,birds,139,10266,Cuban Bullfinch,Melopyrrha nigra,217,common,common,standard,inaturalist-regional-frequency-v1,compare then edit workbook
caribbean,yes,yes,birds,140,12777,White-chinned Thrush,Turdus aurantius,215,common,common,standard,inaturalist-regional-frequency-v1,compare then edit workbook
caribbean,yes,yes,birds,141,3850,Stilt Sandpiper,Calidris himantopus,208,common,common,standard,inaturalist-regional-frequency-v1,compare then edit workbook
caribbean,yes,yes,birds,142,793274,Greater Antillean Bullfinch,Melopyrrha violacea,205,common,common,standard,inaturalist-regional-frequency-v1,compare then edit workbook
caribbean,yes,yes,birds,143,4314,White-tailed Tropicbird,Phaethon lepturus,205,common,common,standard,inaturalist-regional-frequency-v1,compare then edit workbook
caribbean,yes,yes,birds,144,19210,White-winged Parakeet,Brotogeris versicolurus,204,common,common,standard,inaturalist-regional-frequency-v1,compare then edit workbook
caribbean,yes,yes,birds,145,18463,Yellow-bellied Sapsucker,Sphyrapicus varius,199,common,common,standard,inaturalist-regional-frequency-v1,compare then edit workbook
caribbean,yes,yes,birds,146,145090,Scaly-breasted Thrasher,Allenia fusca,198,common,common,standard,inaturalist-regional-frequency-v1,compare then edit workbook
caribbean,yes,yes,birds,147,519,Purple Gallinule,Porphyrio martinica,198,common,common,standard,inaturalist-regional-frequency-v1,compare then edit workbook
caribbean,yes,yes,birds,148,17384,Puerto Rican Vireo,Vireo latimeri,197,common,common,standard,inaturalist-regional-frequency-v1,compare then edit workbook
caribbean,yes,yes,birds,149,1204,Indian Peafowl,Pavo cristatus,194,common,common,standard,inaturalist-regional-frequency-v1,compare then edit workbook
caribbean,yes,yes,birds,150,19018,Blue-and-yellow Macaw,Ara ararauna,193,common,common,standard,inaturalist-regional-frequency-v1,compare then edit workbook
caribbean,yes,yes,birds,151,4672,Merlin,Falco columbarius,190,common,common,standard,inaturalist-regional-frequency-v1,compare then edit workbook
caribbean,yes,yes,birds,152,4246,Pied-billed Grebe,Podilymbus podiceps,187,common,common,standard,inaturalist-regional-frequency-v1,compare then edit workbook
caribbean,yes,yes,birds,153,9335,Jamaican Oriole,Icterus leucopteryx,179,common,common,standard,inaturalist-regional-frequency-v1,compare then edit workbook
caribbean,yes,yes,birds,154,4381,Lesser Black-backed Gull,Larus fuscus,179,common,common,standard,inaturalist-regional-frequency-v1,compare then edit workbook
caribbean,yes,yes,birds,155,1289601,Neotropic Cormorant,Nannopterum brasilianum,178,common,common,standard,inaturalist-regional-frequency-v1,compare then edit workbook
caribbean,yes,yes,birds,156,14880,Bahama Mockingbird,Mimus gundlachii,174,common,common,standard,inaturalist-regional-frequency-v1,compare then edit workbook
caribbean,yes,yes,birds,157,2966,African Collared-Dove,Streptopelia roseogrisea,174,common,common,standard,inaturalist-regional-frequency-v1,compare then edit workbook
caribbean,yes,yes,birds,158,17390,Cuban Vireo,Vireo gundlachii,174,common,common,standard,inaturalist-regional-frequency-v1,compare then edit workbook
caribbean,yes,yes,birds,159,5806,Green Mango,Anthracothorax viridis,171,common,common,standard,inaturalist-regional-frequency-v1,compare then edit workbook
caribbean,yes,yes,birds,160,9765,Tawny-shouldered Blackbird,Agelaius humeralis,168,common,common,standard,inaturalist-regional-frequency-v1,compare then edit workbook
caribbean,yes,yes,birds,161,10268,Orangequit,Euneornis campestris,166,common,common,standard,inaturalist-regional-frequency-v1,compare then edit workbook
caribbean,yes,yes,birds,162,1289585,Puerto Rican Owl,Gymnasio nudipes,164,common,common,standard,inaturalist-regional-frequency-v1,compare then edit workbook
caribbean,yes,yes,birds,163,19006,Puerto Rican Amazon,Amazona vittata,161,common,common,legendary,inaturalist-regional-frequency-v1,compare then edit workbook
caribbean,yes,yes,birds,164,18988,Cuban Amazon,Amazona leucocephala,159,common,common,standard,inaturalist-regional-frequency-v1,compare then edit workbook
caribbean,yes,yes,birds,165,980033,Thick-billed Vireo,Vireo crassirostris,158,common,common,standard,inaturalist-regional-frequency-v1,compare then edit workbook
caribbean,yes,yes,birds,166,9764,Yellow-shouldered Blackbird,Agelaius xanthomus,149,common,common,standard,inaturalist-regional-frequency-v1,compare then edit workbook
caribbean,yes,yes,birds,167,5227,Broad-winged Hawk,Buteo platypterus,149,common,common,standard,inaturalist-regional-frequency-v1,compare then edit workbook
caribbean,yes,yes,birds,168,13966,Northern Red Bishop,Euplectes franciscanus,149,common,common,standard,inaturalist-regional-frequency-v1,compare then edit workbook
caribbean,yes,yes,birds,169,5794,Jamaican Mango,Anthracothorax mango,148,common,common,standard,inaturalist-regional-frequency-v1,compare then edit workbook
caribbean,yes,yes,birds,170,367556,Olive-throated Parakeet,Eupsittula nana,148,common,common,standard,inaturalist-regional-frequency-v1,compare then edit workbook
caribbean,yes,yes,birds,171,3523,Bridled Quail-Dove,Geotrygon mystacea,148,common,common,standard,inaturalist-regional-frequency-v1,compare then edit workbook
caribbean,yes,yes,birds,172,1454382,Double-crested Cormorant,Nannopterum auritum,148,common,common,standard,inaturalist-regional-frequency-v1,compare then edit workbook
caribbean,yes,yes,birds,173,2119,Jamaican Tody,Todus todus,146,common,common,standard,inaturalist-regional-frequency-v1,compare then edit workbook
caribbean,yes,yes,birds,174,850859,Ruddy Duck,Oxyura jamaicensis,145,common,common,standard,inaturalist-regional-frequency-v1,compare then edit workbook
caribbean,yes,yes,birds,175,14980,Brown Trembler,Cinclocerthia ruficauda,144,common,common,standard,inaturalist-regional-frequency-v1,compare then edit workbook
caribbean,yes,yes,birds,176,13770,Common Waxbill,Estrilda astrild,144,common,common,standard,inaturalist-regional-frequency-v1,compare then edit workbook
caribbean,yes,yes,birds,177,4647,Peregrine Falcon,Falco peregrinus,142,common,common,standard,inaturalist-regional-frequency-v1,compare then edit workbook
caribbean,yes,yes,birds,178,3875,Solitary Sandpiper,Tringa solitaria,142,common,common,standard,inaturalist-regional-frequency-v1,compare then edit workbook
caribbean,yes,yes,birds,179,14011,Pin-tailed Whydah,Vidua macroura,142,common,common,standard,inaturalist-regional-frequency-v1,compare then edit workbook
caribbean,yes,yes,birds,180,18979,Yellow-billed Amazon,Amazona collaria,140,common,common,standard,inaturalist-regional-frequency-v1,compare then edit workbook
caribbean,yes,yes,birds,181,14995,Gray Catbird,Dumetella carolinensis,140,common,common,standard,inaturalist-regional-frequency-v1,compare then edit workbook
caribbean,yes,yes,birds,182,10516,Oriente Warbler,Teretistris fornsi,140,common,common,standard,inaturalist-regional-frequency-v1,compare then edit workbook
caribbean,yes,yes,birds,183,339607,Bare-legged Owl,Margarobyas lawrencii,139,common,common,standard,inaturalist-regional-frequency-v1,compare then edit workbook
caribbean,yes,yes,birds,184,62529,Roseate Spoonbill,Platalea ajaja,139,common,common,standard,inaturalist-regional-frequency-v1,compare then edit workbook
caribbean,yes,yes,birds,185,3869,Short-billed Dowitcher,Limnodromus griseus,136,common,common,standard,inaturalist-regional-frequency-v1,compare then edit workbook
caribbean,yes,yes,birds,186,16057,Sad Flycatcher,Myiarchus barbirostris,135,common,common,standard,inaturalist-regional-frequency-v1,compare then edit workbook
caribbean,yes,yes,birds,187,367477,Clapper Rail,Rallus crepitans,135,common,common,standard,inaturalist-regional-frequency-v1,compare then edit workbook
caribbean,yes,yes,birds,188,145245,Yellow-rumped Warbler,Setophaga coronata,133,common,common,standard,inaturalist-regional-frequency-v1,compare then edit workbook
caribbean,yes,yes,birds,189,7,Limpkin,Aramus guarauna,132,common,common,standard,inaturalist-regional-frequency-v1,compare then edit workbook
caribbean,yes,yes,birds,190,16102,Lesser Antillean Pewee,Contopus latirostris,130,common,common,standard,inaturalist-regional-frequency-v1,compare then edit workbook
caribbean,yes,yes,birds,191,1289680,Hispaniolan Emerald,Riccordia swainsonii,127,common,common,standard,inaturalist-regional-frequency-v1,compare then edit workbook
caribbean,yes,yes,birds,192,10515,Yellow-headed Warbler,Teretistris fernandinae,126,common,common,standard,inaturalist-regional-frequency-v1,compare then edit workbook
caribbean,yes,yes,birds,193,20847,Hispaniolan Trogon,Priotelus roseigaster,125,common,common,standard,inaturalist-regional-frequency-v1,compare then edit workbook
caribbean,yes,yes,birds,194,3499,Key West Quail-Dove,Geotrygon chrysia,124,common,common,standard,inaturalist-regional-frequency-v1,compare then edit workbook
caribbean,yes,yes,birds,195,144527,Bridled Tern,Onychoprion anaethetus,124,common,common,standard,inaturalist-regional-frequency-v1,compare then edit workbook
caribbean,yes,yes,birds,196,7504,Cuban Gnatcatcher,Polioptila lembeyei,124,common,common,standard,inaturalist-regional-frequency-v1,compare then edit workbook
caribbean,yes,yes,birds,197,8053,Jamaican Crow,Corvus jamaicensis,123,common,common,standard,inaturalist-regional-frequency-v1,compare then edit workbook
caribbean,yes,yes,birds,198,2120,Narrow-billed Tody,Todus angustirostris,123,common,common,standard,inaturalist-regional-frequency-v1,compare then edit workbook
caribbean,yes,yes,birds,199,12767,Spectacled Thrush,Turdus nudigenis,120,uncommon,uncommon,standard,inaturalist-regional-frequency-v1,compare then edit workbook
caribbean,yes,yes,birds,200,73148,Louisiana Waterthrush,Parkesia motacilla,119,uncommon,uncommon,standard,inaturalist-regional-frequency-v1,compare then edit workbook
caribbean,yes,yes,birds,201,5197,Ridgway's Hawk,Buteo ridgwayi,117,uncommon,uncommon,standard,inaturalist-regional-frequency-v1,compare then edit workbook
caribbean,yes,yes,birds,202,3656,Blue-headed Quail-Dove,Starnoenas cyanocephala,117,uncommon,uncommon,standard,inaturalist-regional-frequency-v1,compare then edit workbook
caribbean,yes,yes,birds,203,4715,Crested Caracara,Caracara plancus,116,uncommon,uncommon,standard,inaturalist-regional-frequency-v1,compare then edit workbook
caribbean,yes,yes,birds,204,18235,Fernandina's Flicker,Colaptes fernandinae,114,uncommon,uncommon,standard,inaturalist-regional-frequency-v1,compare then edit workbook
caribbean,yes,yes,birds,205,16013,Stolid Flycatcher,Myiarchus stolidus,114,uncommon,uncommon,standard,inaturalist-regional-frequency-v1,compare then edit workbook
caribbean,yes,yes,birds,206,10645,Zapata Sparrow,Torreornis inexpectata,114,uncommon,uncommon,standard,inaturalist-regional-frequency-v1,compare then edit workbook
caribbean,yes,yes,birds,207,73410,Hispaniolan Spindalis,Spindalis dominicensis,113,uncommon,uncommon,standard,inaturalist-regional-frequency-v1,compare then edit workbook
caribbean,yes,yes,birds,208,73411,Jamaican Spindalis,Spindalis nigricephala,109,uncommon,uncommon,standard,inaturalist-regional-frequency-v1,compare then edit workbook
caribbean,yes,yes,birds,209,4798,Piping Plover,Charadrius melodus,108,uncommon,uncommon,standard,inaturalist-regional-frequency-v1,compare then edit workbook
caribbean,yes,yes,birds,210,5063,Anhinga,Anhinga anhinga,107,uncommon,uncommon,standard,inaturalist-regional-frequency-v1,compare then edit workbook
caribbean,yes,yes,birds,211,1428,Helmeted Guineafowl,Numida meleagris,103,uncommon,uncommon,standard,inaturalist-regional-frequency-v1,compare then edit workbook
caribbean,yes,yes,birds,212,18184,Guadeloupe Woodpecker,Melanerpes herminieri,100,uncommon,uncommon,standard,inaturalist-regional-frequency-v1,compare then edit workbook
caribbean,yes,yes,birds,213,4436,Roseate Tern,Sterna dougallii,99,uncommon,uncommon,standard,inaturalist-regional-frequency-v1,compare then edit workbook
caribbean,yes,yes,birds,214,9288,Jamaican Euphonia,Euphonia jamaica,98,uncommon,uncommon,standard,inaturalist-regional-frequency-v1,compare then edit workbook
caribbean,yes,yes,birds,215,4364,Ring-billed Gull,Larus delawarensis,97,uncommon,uncommon,standard,inaturalist-regional-frequency-v1,compare then edit workbook
caribbean,yes,yes,birds,216,11864,Cuban Martin,Progne cryptoleuca,96,uncommon,uncommon,standard,inaturalist-regional-frequency-v1,compare then edit workbook
caribbean,yes,yes,birds,217,145227,Elfin-woods Warbler,Setophaga angelae,96,uncommon,uncommon,standard,inaturalist-regional-frequency-v1,compare then edit workbook
caribbean,yes,yes,birds,218,3272,Caribbean Dove,Leptotila jamaicensis,95,uncommon,uncommon,standard,inaturalist-regional-frequency-v1,compare then edit workbook
caribbean,yes,yes,birds,219,8051,Palm Crow,Corvus palmarum,94,uncommon,uncommon,standard,inaturalist-regional-frequency-v1,compare then edit workbook
caribbean,yes,yes,birds,220,4578,Northern Jacana,Jacana spinosa,91,uncommon,uncommon,standard,inaturalist-regional-frequency-v1,compare then edit workbook
caribbean,yes,yes,birds,221,8019,Cuban Crow,Corvus nasicus,90,uncommon,uncommon,standard,inaturalist-regional-frequency-v1,compare then edit workbook
caribbean,yes,yes,birds,222,16097,Hispaniolan Pewee,Contopus hispaniolensis,87,uncommon,uncommon,standard,inaturalist-regional-frequency-v1,compare then edit workbook
caribbean,yes,yes,birds,223,9326,Hispaniolan Oriole,Icterus dominicensis,87,uncommon,uncommon,standard,inaturalist-regional-frequency-v1,compare then edit workbook
caribbean,yes,yes,birds,224,4317,Red-billed Tropicbird,Phaethon aethereus,87,uncommon,uncommon,standard,inaturalist-regional-frequency-v1,compare then edit workbook
caribbean,yes,yes,birds,225,4535,Brown Noddy,Anous stolidus,84,uncommon,uncommon,standard,inaturalist-regional-frequency-v1,compare then edit workbook
caribbean,yes,yes,birds,226,1506249,Puerto Rican Euphonia,Chlorophonia sclateri,84,uncommon,uncommon,standard,inaturalist-regional-frequency-v1,compare then edit workbook
caribbean,yes,yes,birds,227,3092,Ring-tailed Pigeon,Patagioenas caribaea,84,uncommon,uncommon,standard,inaturalist-regional-frequency-v1,compare then edit workbook
caribbean,yes,yes,birds,228,16005,Rufous-tailed Flycatcher,Myiarchus validus,83,uncommon,uncommon,standard,inaturalist-regional-frequency-v1,compare then edit workbook
caribbean,yes,yes,birds,229,10262,Red-legged Honeycreeper,Cyanerpes cyaneus,82,uncommon,uncommon,standard,inaturalist-regional-frequency-v1,compare then edit workbook
caribbean,yes,yes,birds,230,145243,Olive-capped Warbler,Setophaga pityophila,81,uncommon,uncommon,standard,inaturalist-regional-frequency-v1,compare then edit workbook
caribbean,yes,yes,birds,231,1289369,Hispaniolan Euphonia,Chlorophonia musica,80,uncommon,uncommon,standard,inaturalist-regional-frequency-v1,compare then edit workbook
caribbean,yes,yes,birds,232,11901,Barn Swallow,Hirundo rustica,80,uncommon,uncommon,standard,inaturalist-regional-frequency-v1,compare then edit workbook
caribbean,yes,yes,birds,233,1578960,Least Bittern,Botaurus exilis,79,uncommon,uncommon,standard,inaturalist-regional-frequency-v1,compare then edit workbook
caribbean,yes,yes,birds,234,367558,Orange-fronted Parakeet,Eupsittula canicularis,76,uncommon,uncommon,standard,inaturalist-regional-frequency-v1,compare then edit workbook
caribbean,yes,yes,birds,235,1188213,Hudsonian Whimbrel,Numenius hudsonicus,76,uncommon,uncommon,standard,inaturalist-regional-frequency-v1,compare then edit workbook
caribbean,yes,yes,birds,236,10422,Hispaniolan Crossbill,Loxia megaplaga,75,uncommon,uncommon,standard,inaturalist-regional-frequency-v1,compare then edit workbook
caribbean,yes,yes,birds,237,12955,Cuban Solitaire,Myadestes elisabeth,73,uncommon,uncommon,standard,inaturalist-regional-frequency-v1,compare then edit workbook
caribbean,yes,yes,birds,238,367574,Cuban Parakeet,Psittacara euops,73,uncommon,uncommon,standard,inaturalist-regional-frequency-v1,compare then edit workbook
caribbean,yes,yes,birds,239,9607,Great-tailed Grackle,Quiscalus mexicanus,72,uncommon,uncommon,standard,inaturalist-regional-frequency-v1,compare then edit workbook
caribbean,yes,yes,birds,240,9601,Boat-tailed Grackle,Quiscalus major,71,uncommon,uncommon,standard,inaturalist-regional-frequency-v1,compare then edit workbook
caribbean,yes,yes,birds,241,204515,Gray-fronted Quail-Dove,Geotrygon caniceps,70,uncommon,uncommon,standard,inaturalist-regional-frequency-v1,compare then edit workbook
caribbean,yes,yes,birds,242,8687,Jamaican Becard,Pachyramphus niger,69,uncommon,uncommon,standard,inaturalist-regional-frequency-v1,compare then edit workbook
caribbean,yes,yes,birds,243,19670,Northern Potoo,Nyctibius jamaicensis,68,uncommon,uncommon,standard,inaturalist-regional-frequency-v1,compare then edit workbook
caribbean,yes,yes,birds,244,145258,Black-throated Green Warbler,Setophaga virens,67,uncommon,uncommon,standard,inaturalist-regional-frequency-v1,compare then edit workbook
caribbean,yes,yes,birds,245,558438,Northern Shoveler,Spatula clypeata,67,uncommon,uncommon,standard,inaturalist-regional-frequency-v1,compare then edit workbook
caribbean,yes,yes,birds,246,7054,Lesser Scaup,Aythya affinis,66,uncommon,uncommon,standard,inaturalist-regional-frequency-v1,compare then edit workbook
caribbean,yes,yes,birds,247,1650088,Hispaniolan Elaenia,Elaenia cherriei,66,uncommon,uncommon,standard,inaturalist-regional-frequency-v1,compare then edit workbook
caribbean,yes,yes,birds,248,201070,Puerto Rican Nightjar,Antrostomus noctitherus,65,uncommon,uncommon,standard,inaturalist-regional-frequency-v1,compare then edit workbook
caribbean,yes,yes,birds,249,145307,Antillean Siskin,Spinus dominicensis,65,uncommon,uncommon,standard,inaturalist-regional-frequency-v1,compare then edit workbook
caribbean,yes,yes,birds,250,3503,Ruddy Quail-Dove,Geotrygon montana,64,uncommon,uncommon,standard,inaturalist-regional-frequency-v1,compare then edit workbook
caribbean,yes,yes,birds,251,18911,Rose-ringed Parakeet,Psittacula krameri,64,uncommon,uncommon,standard,inaturalist-regional-frequency-v1,compare then edit workbook
caribbean,yes,yes,birds,252,20331,Stygian Owl,Asio stygius,62,uncommon,uncommon,standard,inaturalist-regional-frequency-v1,compare then edit workbook
caribbean,yes,yes,birds,253,7044,Ring-necked Duck,Aythya collaris,62,uncommon,uncommon,standard,inaturalist-regional-frequency-v1,compare then edit workbook
caribbean,yes,yes,birds,254,1965,Yellow-billed Cuckoo,Coccyzus americanus,62,uncommon,uncommon,standard,inaturalist-regional-frequency-v1,compare then edit workbook
caribbean,yes,yes,birds,255,7172,Masked Duck,Nomonyx dominicus,62,uncommon,uncommon,standard,inaturalist-regional-frequency-v1,compare then edit workbook
caribbean,yes,yes,birds,256,7493,Blue-gray Gnatcatcher,Polioptila caerulea,62,uncommon,uncommon,standard,inaturalist-regional-frequency-v1,compare then edit workbook
caribbean,yes,yes,birds,257,10597,Green-tailed Warbler,Microligea palustris,61,uncommon,uncommon,standard,inaturalist-regional-frequency-v1,compare then edit workbook
caribbean,yes,yes,birds,258,1578502,American Barn Owl,Tyto furcata,61,uncommon,uncommon,standard,inaturalist-regional-frequency-v1,compare then edit workbook
caribbean,yes,yes,birds,259,1578489,American Herring Gull,Larus smithsonianus,58,uncommon,uncommon,standard,inaturalist-regional-frequency-v1,compare then edit workbook
caribbean,yes,yes,birds,260,1289584,Jamaican Owl,Asio grammicus,57,uncommon,uncommon,standard,inaturalist-regional-frequency-v1,compare then edit workbook
caribbean,yes,yes,birds,261,16101,Jamaican Pewee,Contopus pallidus,57,uncommon,uncommon,standard,inaturalist-regional-frequency-v1,compare then edit workbook
caribbean,yes,yes,birds,262,145240,Blackpoll Warbler,Setophaga striata,57,uncommon,uncommon,standard,inaturalist-regional-frequency-v1,compare then edit workbook
caribbean,yes,yes,birds,263,9744,Red-winged Blackbird,Agelaius phoeniceus,56,uncommon,uncommon,standard,inaturalist-regional-frequency-v1,compare then edit workbook
caribbean,yes,yes,birds,264,4334,American White Pelican,Pelecanus erythrorhynchos,56,uncommon,uncommon,standard,inaturalist-regional-frequency-v1,compare then edit workbook
caribbean,yes,yes,birds,265,5349,Snail Kite,Rostrhamus sociabilis,54,uncommon,uncommon,standard,inaturalist-regional-frequency-v1,compare then edit workbook
caribbean,yes,yes,birds,266,1435192,Black-billed Streamertail,Trochilus scitulus,54,uncommon,uncommon,standard,inaturalist-regional-frequency-v1,compare then edit workbook
caribbean,yes,yes,birds,267,4450,Common Tern,Sterna hirundo,53,uncommon,uncommon,standard,inaturalist-regional-frequency-v1,compare then edit workbook
caribbean,yes,yes,birds,268,20436,Ashy-faced Owl,Tyto glaucops,53,uncommon,uncommon,standard,inaturalist-regional-frequency-v1,compare then edit workbook
caribbean,yes,yes,birds,269,17370,Jamaican Vireo,Vireo modestus,53,uncommon,uncommon,standard,inaturalist-regional-frequency-v1,compare then edit workbook
caribbean,yes,yes,birds,270,3515,Crested Quail-Dove,Geotrygon versicolor,52,uncommon,uncommon,standard,inaturalist-regional-frequency-v1,compare then edit workbook
caribbean,yes,yes,birds,271,7610,Zapata Wren,Ferminia cerverai,51,uncommon,uncommon,standard,inaturalist-regional-frequency-v1,compare then edit workbook
caribbean,yes,yes,birds,272,18989,Black-billed Amazon,Amazona agilis,50,uncommon,uncommon,standard,inaturalist-regional-frequency-v1,compare then edit workbook
caribbean,yes,yes,birds,273,10227,Indigo Bunting,Passerina cyanea,50,uncommon,uncommon,standard,inaturalist-regional-frequency-v1,compare then edit workbook
caribbean,yes,yes,birds,274,15047,Martinique thrasher,Ramphocinclus brachyurus,50,uncommon,uncommon,standard,inaturalist-regional-frequency-v1,compare then edit workbook
caribbean,yes,yes,birds,275,145226,Plumbeous Warbler,Setophaga plumbea,50,uncommon,uncommon,standard,inaturalist-regional-frequency-v1,compare then edit workbook
caribbean,yes,yes,birds,276,72746,Jamaican Lizard-Cuckoo,Coccyzus vetula,49,uncommon,uncommon,standard,inaturalist-regional-frequency-v1,compare then edit workbook
caribbean,yes,yes,birds,277,10205,Yellow-shouldered Grassquit,Loxipasser anoxanthus,49,uncommon,uncommon,standard,inaturalist-regional-frequency-v1,compare then edit workbook
caribbean,yes,yes,birds,278,162,Sora,Porzana carolina,49,uncommon,uncommon,standard,inaturalist-regional-frequency-v1,compare then edit workbook
caribbean,yes,yes,birds,279,16801,Giant Kingbird,Tyrannus cubensis,49,uncommon,uncommon,standard,inaturalist-regional-frequency-v1,compare then edit workbook
caribbean,yes,yes,birds,280,1505663,Snowy Plover,Anarhynchus nivosus,48,uncommon,uncommon,standard,inaturalist-regional-frequency-v1,compare then edit workbook
caribbean,yes,yes,birds,281,144536,Gull-billed Tern,Gelochelidon nilotica,48,uncommon,uncommon,standard,inaturalist-regional-frequency-v1,compare then edit workbook
caribbean,yes,yes,birds,282,144537,Caspian Tern,Hydroprogne caspia,47,rare,rare,standard,inaturalist-regional-frequency-v1,compare then edit workbook
caribbean,yes,yes,birds,283,144525,Sooty Tern,Onychoprion fuscatus,47,rare,rare,standard,inaturalist-regional-frequency-v1,compare then edit workbook
caribbean,yes,yes,birds,284,72912,Worm-eating Warbler,Helmitheros vermivorum,46,rare,rare,standard,inaturalist-regional-frequency-v1,compare then edit workbook
caribbean,yes,yes,birds,285,145229,Hooded Warbler,Setophaga citrina,46,rare,rare,standard,inaturalist-regional-frequency-v1,compare then edit workbook
caribbean,yes,yes,birds,286,145228,Arrowhead Warbler,Setophaga pharetra,45,rare,rare,standard,inaturalist-regional-frequency-v1,compare then edit workbook
caribbean,yes,yes,birds,287,9762,Red-shouldered Blackbird,Agelaius assimilis,44,rare,rare,standard,inaturalist-regional-frequency-v1,compare then edit workbook
caribbean,yes,yes,birds,288,1579014,Gundlach's Hawk,Astur gundlachi,44,rare,rare,standard,inaturalist-regional-frequency-v1,compare then edit workbook
caribbean,yes,yes,birds,289,17365,Yellow-throated Vireo,Vireo flavifrons,44,rare,rare,standard,inaturalist-regional-frequency-v1,compare then edit workbook
caribbean,yes,yes,birds,290,10619,Jamaican Blackbird,Nesopsar nigerrimus,43,rare,rare,standard,inaturalist-regional-frequency-v1,compare then edit workbook
caribbean,yes,yes,birds,291,3866,White-rumped Sandpiper,Calidris fuscicollis,42,rare,rare,standard,inaturalist-regional-frequency-v1,compare then edit workbook
caribbean,yes,yes,birds,292,72744,Chestnut-bellied Cuckoo,Coccyzus pluvialis,42,rare,rare,standard,inaturalist-regional-frequency-v1,compare then edit workbook
caribbean,yes,yes,birds,293,72745,Bay-breasted Cuckoo,Coccyzus rufigularis,42,rare,rare,standard,inaturalist-regional-frequency-v1,compare then edit workbook
caribbean,yes,yes,birds,294,12950,Rufous-throated Solitaire,Myadestes genibarbis,42,rare,rare,standard,inaturalist-regional-frequency-v1,compare then edit workbook
caribbean,yes,yes,birds,295,145350,Indian Silverbill,Euodice malabarica,41,rare,rare,standard,inaturalist-regional-frequency-v1,compare then edit workbook
caribbean,yes,yes,birds,296,3750,Scarlet Ibis,Eudocimus ruber,40,rare,rare,standard,inaturalist-regional-frequency-v1,compare then edit workbook
caribbean,yes,yes,birds,297,979790,Tricolored Munia,Lonchura malacca,40,rare,rare,standard,inaturalist-regional-frequency-v1,compare then edit workbook
caribbean,yes,yes,birds,298,13974,Yellow-crowned Bishop,Euplectes afer,39,rare,rare,standard,inaturalist-regional-frequency-v1,compare then edit workbook
caribbean,yes,yes,birds,299,16049,Lesser Antillean Flycatcher,Myiarchus oberi,38,rare,rare,standard,inaturalist-regional-frequency-v1,compare then edit workbook
caribbean,yes,yes,birds,300,17361,Flat-billed Vireo,Vireo nanus,38,rare,rare,standard,inaturalist-regional-frequency-v1,compare then edit workbook
caribbean,yes,yes,birds,301,3855,Western Sandpiper,Calidris mauri,37,rare,rare,standard,inaturalist-regional-frequency-v1,compare then edit workbook
caribbean,yes,yes,birds,302,3865,Pectoral Sandpiper,Calidris melanotos,37,rare,rare,standard,inaturalist-regional-frequency-v1,compare then edit workbook
caribbean,yes,yes,birds,303,9528,Eastern Meadowlark,Sturnella magna,36,rare,rare,standard,inaturalist-regional-frequency-v1,compare then edit workbook
caribbean,yes,yes,birds,304,12778,White-eyed Thrush,Turdus jamaicensis,36,rare,rare,standard,inaturalist-regional-frequency-v1,compare then edit workbook
caribbean,yes,yes,birds,305,145235,Magnolia Warbler,Setophaga magnolia,35,rare,rare,standard,inaturalist-regional-frequency-v1,compare then edit workbook
caribbean,yes,yes,birds,306,3128,Plain Pigeon,Patagioenas inornata,34,rare,rare,standard,inaturalist-regional-frequency-v1,compare then edit workbook
caribbean,yes,yes,birds,307,7120,Muscovy Duck,Cairina moschata,33,rare,rare,standard,inaturalist-regional-frequency-v1,compare then edit workbook
caribbean,yes,yes,birds,308,17387,Blue Mountain Vireo,Vireo osburni,33,rare,rare,standard,inaturalist-regional-frequency-v1,compare then edit workbook
caribbean,yes,yes,birds,309,18236,Northern Flicker,Colaptes auratus,32,rare,rare,standard,inaturalist-regional-frequency-v1,compare then edit workbook
caribbean,yes,yes,birds,310,19065,Green-rumped Parrotlet,Forpus passerinus,32,rare,rare,standard,inaturalist-regional-frequency-v1,compare then edit workbook
caribbean,yes,yes,birds,311,17408,White-eyed Vireo,Vireo griseus,32,rare,rare,standard,inaturalist-regional-frequency-v1,compare then edit workbook
caribbean,yes,yes,birds,312,485176,American Wigeon,Mareca americana,30,rare,rare,standard,inaturalist-regional-frequency-v1,compare then edit workbook
caribbean,yes,yes,birds,313,144554,White-fronted Quail-Dove,Geotrygon leucometopia,29,rare,rare,standard,inaturalist-regional-frequency-v1,compare then edit workbook
caribbean,yes,yes,birds,314,145244,Pine Warbler,Setophaga pinus,29,rare,rare,standard,inaturalist-regional-frequency-v1,compare then edit workbook
caribbean,yes,yes,birds,315,72951,Bahama Oriole,Icterus northropi,28,rare,rare,standard,inaturalist-regional-frequency-v1,compare then edit workbook
caribbean,yes,yes,birds,316,1289678,Blue-headed Hummingbird,Riccordia bicolor,28,rare,rare,standard,inaturalist-regional-frequency-v1,compare then edit workbook
caribbean,yes,yes,birds,317,4496,Black Skimmer,Rynchops niger,28,rare,rare,standard,inaturalist-regional-frequency-v1,compare then edit workbook
caribbean,yes,yes,birds,318,9327,Martinique Oriole,Icterus bonana,27,rare,rare,standard,inaturalist-regional-frequency-v1,compare then edit workbook
caribbean,yes,yes,birds,319,4742,Wood Stork,Mycteria americana,27,rare,rare,standard,inaturalist-regional-frequency-v1,compare then edit workbook
caribbean,yes,yes,birds,320,10224,Painted Bunting,Passerina ciris,26,rare,rare,standard,inaturalist-regional-frequency-v1,compare then edit workbook
caribbean,yes,yes,birds,321,9915,Summer Tanager,Piranga rubra,26,rare,rare,standard,inaturalist-regional-frequency-v1,compare then edit workbook
caribbean,yes,yes,birds,322,10576,White-winged Warbler,Xenoligea montana,25,very_rare,very_rare,standard,inaturalist-regional-frequency-v1,compare then edit workbook
caribbean,yes,yes,birds,323,1506094,Cuban Palm-Crow,Corvus minutus,24,very_rare,very_rare,standard,inaturalist-regional-frequency-v1,compare then edit workbook
caribbean,yes,yes,birds,324,367560,Brown-throated Parakeet,Eupsittula pertinax,24,very_rare,very_rare,standard,inaturalist-regional-frequency-v1,compare then edit workbook
caribbean,yes,yes,birds,325,16891,Jamaican Elaenia,Myiopagis cotta,24,very_rare,very_rare,standard,inaturalist-regional-frequency-v1,compare then edit workbook
caribbean,yes,yes,birds,326,6597,White-collared Swift,Streptoprocne zonaris,24,very_rare,very_rare,standard,inaturalist-regional-frequency-v1,compare then edit workbook
caribbean,yes,yes,birds,327,19975,Burrowing Owl,Athene cunicularia,23,very_rare,very_rare,standard,inaturalist-regional-frequency-v1,compare then edit workbook
caribbean,yes,yes,birds,328,145279,Western Chat-Tanager,Calyptophilus tertius,23,very_rare,very_rare,standard,inaturalist-regional-frequency-v1,compare then edit workbook
caribbean,yes,yes,birds,329,144496,Wilson's Snipe,Gallinago delicata,23,very_rare,very_rare,standard,inaturalist-regional-frequency-v1,compare then edit workbook
caribbean,yes,yes,birds,330,3255,Pied Imperial Pigeon,Ducula bicolor,22,very_rare,very_rare,standard,inaturalist-regional-frequency-v1,compare then edit workbook
caribbean,yes,yes,fish,1,121196,Atlantic Blue Tang,Acanthurus coeruleus,2431,common,common,standard,inaturalist-regional-frequency-v1,compare then edit workbook
caribbean,yes,yes,fish,2,49402,Atlantic Sergeant Major,Abudefduf saxatilis,2416,common,common,standard,inaturalist-regional-frequency-v1,compare then edit workbook
caribbean,yes,yes,fish,3,49491,Caribbean Bluehead Wrasse,Thalassoma bifasciatum,2013,common,common,standard,inaturalist-regional-frequency-v1,compare then edit workbook
caribbean,yes,yes,fish,4,81989,Schoolmaster Snapper,Lutjanus apodus,1544,common,common,standard,inaturalist-regional-frequency-v1,compare then edit workbook
caribbean,yes,yes,fish,5,62600,French Grunt,Haemulon flavolineatum,1486,common,common,standard,inaturalist-regional-frequency-v1,compare then edit workbook
caribbean,yes,yes,fish,6,49272,Slippery Dick,Halichoeres bivittatus,1395,common,common,standard,inaturalist-regional-frequency-v1,compare then edit workbook
caribbean,yes,yes,fish,7,871060,Caribbean Ocean Surgeonfish,Acanthurus tractus,1389,common,common,standard,inaturalist-regional-frequency-v1,compare then edit workbook
caribbean,yes,yes,fish,8,112867,Stoplight Parrotfish,Sparisoma viride,1305,common,common,standard,inaturalist-regional-frequency-v1,compare then edit workbook
caribbean,yes,yes,fish,9,47292,Yellowtail Snapper,Ocyurus chrysurus,1134,common,common,standard,inaturalist-regional-frequency-v1,compare then edit workbook
caribbean,yes,yes,fish,10,47251,Great Barracuda,Sphyraena barracuda,1044,common,common,standard,inaturalist-regional-frequency-v1,compare then edit workbook
caribbean,yes,yes,fish,11,82330,Bar Jack,Caranx ruber,1028,common,common,standard,inaturalist-regional-frequency-v1,compare then edit workbook
caribbean,yes,yes,fish,12,49690,Striped Parrotfish,Scarus iseri,939,common,common,standard,inaturalist-regional-frequency-v1,compare then edit workbook
caribbean,yes,yes,fish,13,47238,Western Atlantic Trumpetfish,Aulostomus maculatus,935,common,common,standard,inaturalist-regional-frequency-v1,compare then edit workbook
caribbean,yes,yes,fish,14,52956,Four-eyed Butterflyfish,Chaetodon capistratus,868,common,common,standard,inaturalist-regional-frequency-v1,compare then edit workbook
caribbean,yes,yes,fish,15,47280,Common Lionfish,Pterois volitans,832,common,common,standard,inaturalist-regional-frequency-v1,compare then edit workbook
caribbean,yes,yes,fish,16,180708,Beaugregory,Stegastes leucostictus,829,common,common,standard,inaturalist-regional-frequency-v1,compare then edit workbook
caribbean,yes,yes,fish,17,49753,Yellowtail Damselfish,Microspathodon chrysurus,771,common,common,standard,inaturalist-regional-frequency-v1,compare then edit workbook
caribbean,yes,yes,fish,18,49625,Longspine Squirrelfish,Holocentrus rufus,753,common,common,standard,inaturalist-regional-frequency-v1,compare then edit workbook
caribbean,yes,yes,fish,19,49509,Gray Snapper,Lutjanus griseus,744,common,common,standard,inaturalist-regional-frequency-v1,compare then edit workbook
caribbean,yes,yes,fish,20,49257,French Angelfish,Pomacanthus paru,739,common,common,standard,inaturalist-regional-frequency-v1,compare then edit workbook
caribbean,yes,yes,fish,21,577603,Smooth Trunkfish,Lactophrys triqueter,716,common,common,standard,inaturalist-regional-frequency-v1,compare then edit workbook
caribbean,yes,yes,fish,22,51402,Atlantic Tarpon,Megalops atlanticus,692,common,common,standard,inaturalist-regional-frequency-v1,compare then edit workbook
caribbean,yes,yes,fish,23,112858,Redband Parrotfish,Sparisoma aurofrenatum,663,common,common,standard,inaturalist-regional-frequency-v1,compare then edit workbook
caribbean,yes,yes,fish,24,112864,Yellowtail Parrotfish,Sparisoma rubripinne,655,common,common,standard,inaturalist-regional-frequency-v1,compare then edit workbook
caribbean,yes,yes,fish,25,101420,Yellowfin Mojarra,Gerres cinereus,631,common,common,standard,inaturalist-regional-frequency-v1,compare then edit workbook
caribbean,yes,yes,fish,26,49262,Bluestriped Grunt,Haemulon sciurus,625,common,common,standard,inaturalist-regional-frequency-v1,compare then edit workbook
caribbean,yes,yes,fish,27,97202,Banded Butterflyfish,Chaetodon striatus,579,common,common,standard,inaturalist-regional-frequency-v1,compare then edit workbook
caribbean,yes,yes,fish,28,49404,Sand Diver,Synodus intermedius,576,common,common,standard,inaturalist-regional-frequency-v1,compare then edit workbook
caribbean,yes,yes,fish,29,128172,Yellow Goatfish,Mulloidichthys martinicus,575,common,common,standard,inaturalist-regional-frequency-v1,compare then edit workbook
caribbean,yes,yes,fish,30,52313,Spotted Porcupinefish,Diodon hystrix,555,common,common,standard,inaturalist-regional-frequency-v1,compare then edit workbook
caribbean,yes,yes,fish,31,52460,Houndfish,Tylosurus crocodilus,528,common,common,standard,inaturalist-regional-frequency-v1,compare then edit workbook
caribbean,yes,yes,fish,32,49923,Dusky Damselfish,Stegastes adustus,503,common,common,standard,inaturalist-regional-frequency-v1,compare then edit workbook
caribbean,yes,yes,fish,33,49942,Puddingwife Wrasse,Halichoeres radiatus,483,common,common,standard,inaturalist-regional-frequency-v1,compare then edit workbook
caribbean,yes,yes,fish,34,49746,Nassau Grouper,Epinephelus striatus,478,common,common,standard,inaturalist-regional-frequency-v1,compare then edit workbook
caribbean,yes,yes,fish,35,49626,Squirrelfish,Holocentrus adscensionis,477,common,common,standard,inaturalist-regional-frequency-v1,compare then edit workbook
caribbean,yes,yes,fish,36,112169,Queen Parrotfish,Scarus vetula,467,common,common,standard,inaturalist-regional-frequency-v1,compare then edit workbook
caribbean,yes,yes,fish,37,49946,Yellowhead Wrasse,Halichoeres garnoti,441,common,common,standard,inaturalist-regional-frequency-v1,compare then edit workbook
caribbean,yes,yes,fish,38,128853,Atlantic Peacock Flounder,Bothus lunatus,436,common,common,standard,inaturalist-regional-frequency-v1,compare then edit workbook
caribbean,yes,yes,fish,39,49428,Spanish Hogfish,Bodianus rufus,420,common,common,standard,inaturalist-regional-frequency-v1,compare then edit workbook
caribbean,yes,yes,fish,40,128857,Caribbean Sharpnose Puffer,Canthigaster rostrata,419,common,common,standard,inaturalist-regional-frequency-v1,compare then edit workbook
caribbean,yes,yes,fish,41,128105,Spotted Moray,Gymnothorax moringa,418,common,common,standard,inaturalist-regional-frequency-v1,compare then edit workbook
caribbean,yes,yes,fish,42,49951,White Grunt,Haemulon plumierii,413,common,common,standard,inaturalist-regional-frequency-v1,compare then edit workbook
caribbean,yes,yes,fish,43,1315935,Blue Chromis,Azurina cyanea,409,common,common,standard,inaturalist-regional-frequency-v1,compare then edit workbook
caribbean,yes,yes,fish,44,96991,Graysby,Cephalopholis cruentata,399,common,common,standard,inaturalist-regional-frequency-v1,compare then edit workbook
caribbean,yes,yes,fish,45,121195,Doctorfish,Acanthurus chirurgus,397,common,common,standard,inaturalist-regional-frequency-v1,compare then edit workbook
caribbean,yes,yes,fish,46,131387,Mahogany Snapper,Lutjanus mahogoni,386,common,common,standard,inaturalist-regional-frequency-v1,compare then edit workbook
caribbean,yes,yes,fish,47,47227,Horse-eye Jack,Caranx latus,382,common,common,standard,inaturalist-regional-frequency-v1,compare then edit workbook
caribbean,yes,yes,fish,48,1316786,Smallmouth Grunt,Brachygenys chrysargyrea,380,common,common,standard,inaturalist-regional-frequency-v1,compare then edit workbook
caribbean,yes,yes,fish,49,47235,Queen Angelfish,Holacanthus ciliaris,380,common,common,standard,inaturalist-regional-frequency-v1,compare then edit workbook
caribbean,yes,yes,fish,50,1316746,Mountain Mullet,Dajaus monticola,364,common,common,standard,inaturalist-regional-frequency-v1,compare then edit workbook
caribbean,yes,yes,fish,51,49427,Grey Angelfish,Pomacanthus arcuatus,361,common,common,standard,inaturalist-regional-frequency-v1,compare then edit workbook
caribbean,yes,yes,fish,52,96993,Coney,Cephalopholis fulva,357,common,common,standard,inaturalist-regional-frequency-v1,compare then edit workbook
caribbean,yes,yes,fish,53,1315932,Brown Chromis,Azurina multilineata,353,common,common,standard,inaturalist-regional-frequency-v1,compare then edit workbook
caribbean,yes,yes,fish,54,131385,Spotted Goatfish,Pseudupeneus maculatus,351,common,common,standard,inaturalist-regional-frequency-v1,compare then edit workbook
caribbean,yes,yes,fish,55,49624,Blackbar Soldierfish,Myripristis jacobus,339,common,common,standard,inaturalist-regional-frequency-v1,compare then edit workbook
caribbean,yes,yes,fish,56,49304,Threespot Damselfish,Stegastes planifrons,336,common,common,standard,inaturalist-regional-frequency-v1,compare then edit workbook
caribbean,yes,yes,fish,57,128185,Longfin Damselfish,Stegastes diencaeus,328,common,common,standard,inaturalist-regional-frequency-v1,compare then edit workbook
caribbean,yes,yes,fish,58,128183,Bicolor Damselfish,Stegastes partitus,327,common,common,standard,inaturalist-regional-frequency-v1,compare then edit workbook
caribbean,yes,yes,fish,59,49244,Spotted Scorpionfish,Scorpaena plumieri,326,common,common,standard,inaturalist-regional-frequency-v1,compare then edit workbook
caribbean,yes,yes,fish,60,49269,Longspined Porcupinefish,Diodon holocanthus,323,common,common,standard,inaturalist-regional-frequency-v1,compare then edit workbook
caribbean,yes,yes,fish,61,104853,Mutton Snapper,Lutjanus analis,313,common,common,standard,inaturalist-regional-frequency-v1,compare then edit workbook
caribbean,yes,yes,fish,62,131530,Lane Snapper,Lutjanus synagris,286,common,common,standard,inaturalist-regional-frequency-v1,compare then edit workbook
caribbean,yes,yes,fish,63,114269,Palometa,Trachinotus goodei,278,common,common,standard,inaturalist-regional-frequency-v1,compare then edit workbook
caribbean,yes,yes,fish,64,192654,Spinyhead Blenny,Acanthemblemaria spinosa,273,common,common,standard,inaturalist-regional-frequency-v1,compare then edit workbook
caribbean,yes,yes,fish,65,49950,Tomtate,Haemulon aurolineatum,272,common,common,standard,inaturalist-regional-frequency-v1,compare then edit workbook
caribbean,yes,yes,fish,66,130053,Caribbean Redlip Blenny,Ophioblennius macclurei,269,common,common,standard,inaturalist-regional-frequency-v1,compare then edit workbook
caribbean,yes,yes,fish,67,49275,Orangespotted Filefish,Cantherhines pullus,267,common,common,standard,inaturalist-regional-frequency-v1,compare then edit workbook
caribbean,yes,yes,fish,68,317382,Checkered Puffer,Sphoeroides testudineus,266,common,common,standard,inaturalist-regional-frequency-v1,compare then edit workbook
caribbean,yes,yes,fish,69,100104,Red Hind,Epinephelus guttatus,265,common,common,standard,inaturalist-regional-frequency-v1,compare then edit workbook
caribbean,yes,yes,fish,70,62606,Saddled Blenny,Malacoctenus triangulatus,265,common,common,standard,inaturalist-regional-frequency-v1,compare then edit workbook
caribbean,yes,yes,fish,71,49929,Redtail Parrotfish,Sparisoma chrysopterum,261,common,common,standard,inaturalist-regional-frequency-v1,compare then edit workbook
caribbean,yes,yes,fish,72,49947,Porkfish,Anisotremus virginicus,257,common,common,standard,inaturalist-regional-frequency-v1,compare then edit workbook
caribbean,yes,yes,fish,73,130054,Caesar Grunt,Haemulon carbonarium,252,common,common,standard,inaturalist-regional-frequency-v1,compare then edit workbook
caribbean,yes,yes,fish,74,57338,Night Sergeant,Abudefduf taurus,250,common,common,standard,inaturalist-regional-frequency-v1,compare then edit workbook
caribbean,yes,yes,fish,75,128186,Royal Gramma,Gramma loreto,241,common,common,standard,inaturalist-regional-frequency-v1,compare then edit workbook
caribbean,yes,yes,fish,76,49747,Harlequin Bass,Serranus tigrinus,241,common,common,standard,inaturalist-regional-frequency-v1,compare then edit workbook
caribbean,yes,yes,fish,77,1630712,Dusky Squirrelfish,Neoniphon vexillarius,238,common,common,standard,inaturalist-regional-frequency-v1,compare then edit workbook
caribbean,yes,yes,fish,78,317131,Sailor's Choice,Haemulon parra,237,common,common,standard,inaturalist-regional-frequency-v1,compare then edit workbook
caribbean,yes,yes,fish,79,102053,Clown Wrasse,Halichoeres maculipinna,233,common,common,standard,inaturalist-regional-frequency-v1,compare then edit workbook
caribbean,yes,yes,fish,80,63415,Glasseye,Heteropriacanthus cruentatus,233,common,common,standard,inaturalist-regional-frequency-v1,compare then edit workbook
caribbean,yes,yes,fish,81,95066,Queen Triggerfish,Balistes vetula,231,common,common,standard,inaturalist-regional-frequency-v1,compare then edit workbook
caribbean,yes,yes,fish,82,49273,Spotfin Butterflyfish,Chaetodon ocellatus,231,common,common,standard,inaturalist-regional-frequency-v1,compare then edit workbook
caribbean,yes,yes,fish,83,153471,Chain Moray,Echidna catenata,230,common,common,standard,inaturalist-regional-frequency-v1,compare then edit workbook
caribbean,yes,yes,fish,84,96740,Blue Runner,Caranx crysos,222,common,common,standard,inaturalist-regional-frequency-v1,compare then edit workbook
caribbean,yes,yes,fish,85,179445,Permit,Trachinotus falcatus,221,common,common,standard,inaturalist-regional-frequency-v1,compare then edit workbook
caribbean,yes,yes,fish,86,48844,Sharksucker,Echeneis naucrates,220,common,common,standard,inaturalist-regional-frequency-v1,compare then edit workbook
caribbean,yes,yes,fish,87,130051,Barred Hamlet,Hypoplectrus puella,220,common,common,standard,inaturalist-regional-frequency-v1,compare then edit workbook
caribbean,yes,yes,fish,88,112166,Princess Parrotfish,Scarus taeniopterus,219,common,common,standard,inaturalist-regional-frequency-v1,compare then edit workbook
caribbean,yes,yes,fish,89,1316037,Spotted Drum,Eques punctatus,207,common,common,standard,inaturalist-regional-frequency-v1,compare then edit workbook
caribbean,yes,yes,fish,90,49495,Rock Beauty,Holacanthus tricolor,205,common,common,standard,inaturalist-regional-frequency-v1,compare then edit workbook
caribbean,yes,yes,fish,91,619700,Caribbean Cocoa Damselfish,Stegastes xanthurus,201,common,common,standard,inaturalist-regional-frequency-v1,compare then edit workbook
caribbean,yes,yes,fish,92,1316792,Yellow Jack,Caranx bartholomaei,194,common,common,standard,inaturalist-regional-frequency-v1,compare then edit workbook
caribbean,yes,yes,fish,93,52464,Black Triggerfish,Melichthys niger,194,common,common,standard,inaturalist-regional-frequency-v1,compare then edit workbook
caribbean,yes,yes,fish,94,131523,Bermuda Chub,Kyphosus sectatrix,192,common,common,standard,inaturalist-regional-frequency-v1,compare then edit workbook
caribbean,yes,yes,fish,95,49498,Scrawled Filefish,Aluterus scriptus,191,common,common,standard,inaturalist-regional-frequency-v1,compare then edit workbook
caribbean,yes,yes,fish,96,179572,Ballyhoo,Hemiramphus brasiliensis,188,common,common,standard,inaturalist-regional-frequency-v1,compare then edit workbook
caribbean,yes,yes,fish,97,1439789,Creole Wrasse,Bodianus parrae,184,common,common,standard,inaturalist-regional-frequency-v1,compare then edit workbook
caribbean,yes,yes,fish,98,129656,Whitespotted Filefish,Cantherhines macrocerus,183,common,common,standard,inaturalist-regional-frequency-v1,compare then edit workbook
caribbean,yes,yes,fish,99,49256,Goldentail Moray,Gymnothorax miliaris,175,common,common,standard,inaturalist-regional-frequency-v1,compare then edit workbook
caribbean,yes,yes,fish,100,128170,Sharknose Goby,Elacatinus evelynae,173,common,common,standard,inaturalist-regional-frequency-v1,compare then edit workbook
caribbean,yes,yes,fish,101,102074,Blackear Wrasse,Halichoeres poeyi,172,common,common,standard,inaturalist-regional-frequency-v1,compare then edit workbook
caribbean,yes,yes,fish,102,49248,Sharptail Eel,Myrichthys breviceps,161,common,common,standard,inaturalist-regional-frequency-v1,compare then edit workbook
caribbean,yes,yes,fish,103,120129,Spotted Trunkfish,Lactophrys bicaudalis,160,common,common,standard,inaturalist-regional-frequency-v1,compare then edit workbook
caribbean,yes,yes,fish,104,107889,Mozambique Tilapia,Oreochromis mossambicus,152,common,common,standard,inaturalist-regional-frequency-v1,compare then edit workbook
caribbean,yes,yes,fish,105,52293,Highhat,Pareques acuminatus,147,common,common,standard,inaturalist-regional-frequency-v1,compare then edit workbook
caribbean,yes,yes,fish,106,129567,Yellowhead Jawfish,Opistognathus aurifrons,146,common,common,standard,inaturalist-regional-frequency-v1,compare then edit workbook
caribbean,yes,yes,fish,107,102831,Longsnout Seahorse,Hippocampus reidi,140,common,common,standard,inaturalist-regional-frequency-v1,compare then edit workbook
caribbean,yes,yes,fish,108,180709,Indigo Hamlet,Hypoplectrus indigo,135,common,common,standard,inaturalist-regional-frequency-v1,compare then edit workbook
caribbean,yes,yes,fish,109,317134,Redear Herring,Harengula humeralis,134,uncommon,uncommon,standard,inaturalist-regional-frequency-v1,compare then edit workbook
caribbean,yes,yes,fish,110,179551,Hairy Blenny,Labrisomus nuchipinnis,134,uncommon,uncommon,standard,inaturalist-regional-frequency-v1,compare then edit workbook
caribbean,yes,yes,fish,111,129665,Sand Tilefish,Malacanthus plumieri,133,uncommon,uncommon,standard,inaturalist-regional-frequency-v1,compare then edit workbook
caribbean,yes,yes,fish,112,49432,Hogfish,Lachnolaimus maximus,131,uncommon,uncommon,standard,inaturalist-regional-frequency-v1,compare then edit workbook
caribbean,yes,yes,fish,113,1315642,Honeycomb Cowfish,Acanthostracion polygonium,128,uncommon,uncommon,standard,inaturalist-regional-frequency-v1,compare then edit workbook
caribbean,yes,yes,fish,114,131500,Goldspot Goby,Gnatholepis thompsoni,128,uncommon,uncommon,standard,inaturalist-regional-frequency-v1,compare then edit workbook
caribbean,yes,yes,fish,115,182608,Dog Snapper,Lutjanus jocu,128,uncommon,uncommon,standard,inaturalist-regional-frequency-v1,compare then edit workbook
caribbean,yes,yes,fish,116,120125,Green Moray,Gymnothorax funebris,127,uncommon,uncommon,standard,inaturalist-regional-frequency-v1,compare then edit workbook
caribbean,yes,yes,fish,117,130052,Butter Hamlet,Hypoplectrus unicolor,126,uncommon,uncommon,standard,inaturalist-regional-frequency-v1,compare then edit workbook
caribbean,yes,yes,fish,118,173412,Guppy,Poecilia reticulata,126,uncommon,uncommon,standard,inaturalist-regional-frequency-v1,compare then edit workbook
caribbean,yes,yes,fish,119,105114,Rosy Blenny,Malacoctenus macropus,122,uncommon,uncommon,standard,inaturalist-regional-frequency-v1,compare then edit workbook
caribbean,yes,yes,fish,120,49300,Glassy Sweeper,Pempheris schomburgkii,121,uncommon,uncommon,standard,inaturalist-regional-frequency-v1,compare then edit workbook
caribbean,yes,yes,fish,121,49265,Bandtail Puffer,Sphoeroides spengleri,110,uncommon,uncommon,standard,inaturalist-regional-frequency-v1,compare then edit workbook
caribbean,yes,yes,fish,122,49925,Scrawled Cowfish,Acanthostracion quadricornis,108,uncommon,uncommon,standard,inaturalist-regional-frequency-v1,compare then edit workbook
caribbean,yes,yes,fish,123,317206,Goldline Blenny,Malacoctenus aurolineatus,106,uncommon,uncommon,standard,inaturalist-regional-frequency-v1,compare then edit workbook
caribbean,yes,yes,fish,124,179537,White Mullet,Mugil curema,105,uncommon,uncommon,standard,inaturalist-regional-frequency-v1,compare then edit workbook
caribbean,yes,yes,fish,125,49617,Cero,Scomberomorus regalis,105,uncommon,uncommon,standard,inaturalist-regional-frequency-v1,compare then edit workbook
caribbean,yes,yes,fish,126,47761,Black Grouper,Mycteroperca bonaci,102,uncommon,uncommon,standard,inaturalist-regional-frequency-v1,compare then edit workbook
caribbean,yes,yes,fish,127,131402,Goldspotted Eel,Myrichthys ocellatus,101,uncommon,uncommon,standard,inaturalist-regional-frequency-v1,compare then edit workbook
caribbean,yes,yes,fish,128,52166,Greater Soapfish,Rypticus saponaceus,101,uncommon,uncommon,standard,inaturalist-regional-frequency-v1,compare then edit workbook
caribbean,yes,yes,fish,129,132531,Western Atlantic Seabream,Archosargus rhomboidalis,98,uncommon,uncommon,standard,inaturalist-regional-frequency-v1,compare then edit workbook
caribbean,yes,yes,fish,130,128156,Longlure Frogfish,Antennarius multiocellatus,97,uncommon,uncommon,standard,inaturalist-regional-frequency-v1,compare then edit workbook
caribbean,yes,yes,fish,131,210173,Brassy Drummer,Kyphosus vaigiensis,97,uncommon,uncommon,standard,inaturalist-regional-frequency-v1,compare then edit workbook
caribbean,yes,yes,fish,132,131513,Buffalo Trunkfish,Lactophrys trigonus,93,uncommon,uncommon,standard,inaturalist-regional-frequency-v1,compare then edit workbook
caribbean,yes,yes,fish,133,131484,Tobaccofish,Serranus tabacarius,92,uncommon,uncommon,standard,inaturalist-regional-frequency-v1,compare then edit workbook
caribbean,yes,yes,fish,134,147118,Flagfin Mojarra,Eucinostomus melanopterus,91,uncommon,uncommon,standard,inaturalist-regional-frequency-v1,compare then edit workbook
caribbean,yes,yes,fish,135,63718,Common Bonefish,Albula vulpes,90,uncommon,uncommon,standard,inaturalist-regional-frequency-v1,compare then edit workbook
caribbean,yes,yes,fish,136,317208,Dusky Blenny,Malacoctenus gilli,87,uncommon,uncommon,standard,inaturalist-regional-frequency-v1,compare then edit workbook
caribbean,yes,yes,fish,137,113308,Atlantic Needlefish,Strongylura marina,87,uncommon,uncommon,standard,inaturalist-regional-frequency-v1,compare then edit workbook
caribbean,yes,yes,fish,138,131522,Redspotted Hawkfish,Amblycirrhitus pinos,85,uncommon,uncommon,standard,inaturalist-regional-frequency-v1,compare then edit workbook
caribbean,yes,yes,fish,139,55016,Flying Gurnard,Dactylopterus volitans,85,uncommon,uncommon,standard,inaturalist-regional-frequency-v1,compare then edit workbook
caribbean,yes,yes,fish,140,94800,Hardhead Silverside,Atherinomorus stipes,84,uncommon,uncommon,standard,inaturalist-regional-frequency-v1,compare then edit workbook
caribbean,yes,yes,fish,141,49316,Atlantic Spadefish,Chaetodipterus faber,84,uncommon,uncommon,standard,inaturalist-regional-frequency-v1,compare then edit workbook
caribbean,yes,yes,fish,142,52296,Black Margate,Anisotremus surinamensis,83,uncommon,uncommon,standard,inaturalist-regional-frequency-v1,compare then edit workbook
caribbean,yes,yes,fish,143,131526,Oceanic Triggerfish,Canthidermis sufflamen,83,uncommon,uncommon,standard,inaturalist-regional-frequency-v1,compare then edit workbook
caribbean,yes,yes,fish,144,131514,Slender Filefish,Monacanthus tuckeri,83,uncommon,uncommon,standard,inaturalist-regional-frequency-v1,compare then edit workbook
caribbean,yes,yes,fish,145,112863,Bucktooth Parrotfish,Sparisoma radians,79,uncommon,uncommon,standard,inaturalist-regional-frequency-v1,compare then edit workbook
caribbean,yes,yes,fish,146,131487,Flamefish,Apogon maculatus,78,uncommon,uncommon,standard,inaturalist-regional-frequency-v1,compare then edit workbook
caribbean,yes,yes,fish,147,132342,Convict Cichlid,Amatitlania nigrofasciata,75,uncommon,uncommon,standard,inaturalist-regional-frequency-v1,compare then edit workbook
caribbean,yes,yes,fish,148,127706,Brown Garden Eel,Heteroconger longissimus,72,uncommon,uncommon,standard,inaturalist-regional-frequency-v1,compare then edit workbook
caribbean,yes,yes,fish,149,49496,Rock Hind,Epinephelus adscensionis,71,uncommon,uncommon,standard,inaturalist-regional-frequency-v1,compare then edit workbook
caribbean,yes,yes,fish,150,128191,Caribbean Longjaw Squirrelfish,Neoniphon marianus,69,uncommon,uncommon,standard,inaturalist-regional-frequency-v1,compare then edit workbook
caribbean,yes,yes,fish,151,131525,Saucereye Porgy,Calamus calamus,67,uncommon,uncommon,standard,inaturalist-regional-frequency-v1,compare then edit workbook
caribbean,yes,yes,fish,152,317092,Pearl Blenny,Entomacrodus nigricans,67,uncommon,uncommon,standard,inaturalist-regional-frequency-v1,compare then edit workbook
caribbean,yes,yes,fish,153,131507,Colon Goby,Coryphopterus dicrus,64,rare,rare,standard,inaturalist-regional-frequency-v1,compare then edit workbook
caribbean,yes,yes,fish,154,112136,Blue Parrotfish,Scarus coeruleus,64,uncommon,uncommon,standard,inaturalist-regional-frequency-v1,compare then edit workbook
caribbean,yes,yes,fish,155,317005,Mottled Flounder,Bothus maculiferus,63,rare,rare,standard,inaturalist-regional-frequency-v1,compare then edit workbook
caribbean,yes,yes,fish,156,317017,Pluma Porgy,Calamus pennatula,62,rare,rare,standard,inaturalist-regional-frequency-v1,compare then edit workbook
caribbean,yes,yes,fish,157,101604,Bigmouth Sleeper,Gobiomorus dormitor,61,rare,rare,standard,inaturalist-regional-frequency-v1,compare then edit workbook
caribbean,yes,yes,fish,158,317251,Reef Croaker,Odontoscion dentex,60,rare,rare,standard,inaturalist-regional-frequency-v1,compare then edit workbook
caribbean,yes,yes,fish,159,341201,Caribbean Gambusia,Gambusia puncticulata,59,rare,rare,standard,inaturalist-regional-frequency-v1,compare then edit workbook
caribbean,yes,yes,fish,160,446046,Puffcheek Blenny,Gobioclinus bucciferus,59,rare,rare,standard,inaturalist-regional-frequency-v1,compare then edit workbook
caribbean,yes,yes,fish,161,131512,Web Burrfish,Chilomycterus antillarum,58,rare,rare,standard,inaturalist-regional-frequency-v1,compare then edit workbook
caribbean,yes,yes,fish,162,110594,Longsnout Butterflyfish,Prognathodes aculeatus,58,rare,rare,standard,inaturalist-regional-frequency-v1,compare then edit workbook
caribbean,yes,yes,fish,163,115185,Rosy Razorfish,Xyrichtys martinicensis,58,rare,rare,standard,inaturalist-regional-frequency-v1,compare then edit workbook
caribbean,yes,yes,fish,164,179865,Secretary Blenny,Acanthemblemaria maria,57,rare,rare,standard,inaturalist-regional-frequency-v1,compare then edit workbook
caribbean,yes,yes,fish,165,49606,Grey Triggerfish,Balistes capriscus,57,rare,rare,standard,inaturalist-regional-frequency-v1,compare then edit workbook
caribbean,yes,yes,fish,166,131475,Black Hamlet,Hypoplectrus nigricans,57,rare,rare,standard,inaturalist-regional-frequency-v1,compare then edit workbook
caribbean,yes,yes,fish,167,64470,Tiger Grouper,Mycteroperca tigris,57,rare,rare,standard,inaturalist-regional-frequency-v1,compare then edit workbook
caribbean,yes,yes,fish,168,109633,Keeltail Needlefish,Platybelone argalus,56,rare,rare,standard,inaturalist-regional-frequency-v1,compare then edit workbook
caribbean,yes,yes,fish,169,500328,Sand-canyon Goby,Coryphopterus venezuelae,55,rare,rare,standard,inaturalist-regional-frequency-v1,compare then edit workbook
caribbean,yes,yes,fish,170,49953,White Margate,Haemulon album,54,rare,rare,standard,inaturalist-regional-frequency-v1,compare then edit workbook
caribbean,yes,yes,fish,171,63418,Cubera Snapper,Lutjanus cyanopterus,52,rare,rare,standard,inaturalist-regional-frequency-v1,compare then edit workbook
caribbean,yes,yes,fish,172,358211,spotted algae-eating goby,Sicydium punctatum,50,rare,rare,standard,inaturalist-regional-frequency-v1,compare then edit workbook
caribbean,yes,yes,fish,173,131510,Roughhead Blenny,Acanthemblemaria aspera,47,rare,rare,standard,inaturalist-regional-frequency-v1,compare then edit workbook
caribbean,yes,yes,fish,174,446140,Masquerader Hairy Blenny,Labrisomus conditus,46,rare,rare,standard,inaturalist-regional-frequency-v1,compare then edit workbook
caribbean,yes,yes,fish,175,179467,Redfin Needlefish,Strongylura notata,46,rare,rare,standard,inaturalist-regional-frequency-v1,compare then edit workbook
caribbean,yes,yes,fish,176,208884,Midas Cichlid,Amphilophus citrinellus,45,very_rare,very_rare,standard,inaturalist-regional-frequency-v1,compare then edit workbook
caribbean,yes,yes,fish,177,192655,Peppermint Goby,Coryphopterus lipernes,45,very_rare,very_rare,standard,inaturalist-regional-frequency-v1,compare then edit workbook
caribbean,yes,yes,fish,178,614339,Antilles Frillfin,Bathygobius antilliensis,44,very_rare,very_rare,standard,inaturalist-regional-frequency-v1,compare then edit workbook
caribbean,yes,yes,fish,179,131509,Sailfin Blenny,Emblemaria pandionis,44,very_rare,very_rare,standard,inaturalist-regional-frequency-v1,compare then edit workbook
caribbean,yes,yes,fish,180,1630713,Reef Squirrelfish,Neoniphon coruscus,44,very_rare,very_rare,standard,inaturalist-regional-frequency-v1,compare then edit workbook
caribbean,yes,yes,mammals,1,118552,Domestic Cat,Felis catus,1753,common,common,standard,inaturalist-regional-frequency-v1,compare then edit workbook
caribbean,yes,yes,mammals,2,925979,Small Indian Mongoose,Urva auropunctata,609,common,common,standard,inaturalist-regional-frequency-v1,compare then edit workbook
caribbean,yes,yes,mammals,3,41005,Jamaican Fruit-eating Bat,Artibeus jamaicensis,507,common,common,standard,inaturalist-regional-frequency-v1,compare then edit workbook
caribbean,yes,yes,mammals,4,47144,Domestic Dog,Canis familiaris,451,common,common,standard,inaturalist-regional-frequency-v1,compare then edit workbook
caribbean,yes,yes,mammals,5,42223,White-tailed Deer,Odocoileus virginianus,285,common,common,standard,inaturalist-regional-frequency-v1,compare then edit workbook
caribbean,yes,yes,mammals,6,43769,Cuban Ground Hutia,Capromys pilorides,214,common,common,standard,inaturalist-regional-frequency-v1,compare then edit workbook
caribbean,yes,yes,mammals,7,209233,Domestic Horse,Equus caballus,194,common,common,standard,inaturalist-regional-frequency-v1,compare then edit workbook
caribbean,yes,yes,mammals,8,123070,Domestic Goat,Capra hircus,161,common,common,standard,inaturalist-regional-frequency-v1,compare then edit workbook
caribbean,yes,yes,mammals,9,41482,Common Bottlenose Dolphin,Tursiops truncatus,157,common,common,standard,inaturalist-regional-frequency-v1,compare then edit workbook
caribbean,yes,yes,mammals,10,44575,Black Rat,Rattus rattus,142,common,common,standard,inaturalist-regional-frequency-v1,compare then edit workbook
caribbean,yes,yes,mammals,11,41254,Velvety Free-tailed Bat,Molossus molossus,137,common,common,standard,inaturalist-regional-frequency-v1,compare then edit workbook
caribbean,yes,yes,mammals,12,148030,Donkey,Equus asinus,112,common,common,standard,inaturalist-regional-frequency-v1,compare then edit workbook
caribbean,yes,yes,mammals,13,41566,Humpback Whale,Megaptera novaeangliae,94,common,common,standard,inaturalist-regional-frequency-v1,compare then edit workbook
caribbean,yes,yes,mammals,14,41146,Waterhouse's Leaf-nosed Bat,Macrotus waterhousii,79,common,common,standard,inaturalist-regional-frequency-v1,compare then edit workbook
caribbean,yes,yes,mammals,15,44576,Brown Rat,Rattus norvegicus,73,common,common,standard,inaturalist-regional-frequency-v1,compare then edit workbook
caribbean,yes,yes,mammals,16,42134,Wild Boar,Sus scrofa,64,common,common,standard,inaturalist-regional-frequency-v1,compare then edit workbook
caribbean,yes,yes,mammals,17,42649,Southern Opossum,Didelphis marsupialis,61,common,common,standard,inaturalist-regional-frequency-v1,compare then edit workbook
caribbean,yes,yes,mammals,18,44705,House Mouse,Mus musculus,61,common,common,standard,inaturalist-regional-frequency-v1,compare then edit workbook
caribbean,yes,yes,mammals,19,74113,Domestic Cattle,Bos taurus,60,common,common,standard,inaturalist-regional-frequency-v1,compare then edit workbook
caribbean,yes,yes,mammals,20,46337,Hispaniolan Solenodon,Solenodon paradoxus,58,common,common,standard,inaturalist-regional-frequency-v1,compare then edit workbook
caribbean,yes,yes,mammals,21,41178,Buffy Flower Bat,Erophylla sezekorni,57,common,common,standard,inaturalist-regional-frequency-v1,compare then edit workbook
caribbean,yes,yes,mammals,22,41500,Pantropical Spotted Dolphin,Stenella attenuata,52,common,common,standard,inaturalist-regional-frequency-v1,compare then edit workbook
caribbean,yes,yes,mammals,23,41175,Leach's Single Leaf Bat,Monophyllus redmani,51,common,common,standard,inaturalist-regional-frequency-v1,compare then edit workbook
caribbean,yes,yes,mammals,24,41301,Mexican Free-tailed Bat,Tadarida brasiliensis,51,common,common,standard,inaturalist-regional-frequency-v1,compare then edit workbook
caribbean,yes,yes,mammals,25,41171,Antillean Fruit-eating Bat,Brachyphylla cavernarum,46,common,common,standard,inaturalist-regional-frequency-v1,compare then edit workbook
caribbean,yes,yes,mammals,26,74647,Antillean Ghost-faced Bat,Mormoops blainvillei,45,common,common,standard,inaturalist-regional-frequency-v1,compare then edit workbook
caribbean,yes,yes,mammals,27,41663,Common Raccoon,Procyon lotor,43,common,common,standard,inaturalist-regional-frequency-v1,compare then edit workbook
caribbean,yes,yes,mammals,28,46316,West Indian Manatee,Trichechus manatus,35,common,common,legendary,inaturalist-regional-frequency-v1,compare then edit workbook
caribbean,yes,yes,mammals,29,41200,Greater Bulldog Bat,Noctilio leporinus,34,common,common,standard,inaturalist-regional-frequency-v1,compare then edit workbook
caribbean,yes,yes,mammals,30,74317,Brown Flower Bat,Erophylla bombifrons,28,common,common,standard,inaturalist-regional-frequency-v1,compare then edit workbook
caribbean,yes,yes,mammals,31,41222,Sooty Moustached Bat,Pteronotus quadridens,28,common,common,standard,inaturalist-regional-frequency-v1,compare then edit workbook
caribbean,yes,yes,mammals,32,41156,Tree Bat,Ardops nichollsi,26,common,common,standard,inaturalist-regional-frequency-v1,compare then edit workbook
caribbean,yes,yes,mammals,33,43774,Hispaniolan Hutia,Plagiodontia aedium,26,common,common,standard,inaturalist-regional-frequency-v1,compare then edit workbook
caribbean,yes,yes,mammals,34,121578,Domestic Sheep,Ovis aries,21,common,common,standard,inaturalist-regional-frequency-v1,compare then edit workbook
caribbean,yes,yes,mammals,35,46010,Red-tailed Squirrel,Sciurus granatensis,17,common,common,standard,inaturalist-regional-frequency-v1,compare then edit workbook
caribbean,yes,yes,mammals,36,74890,Sperm Whale,Physeter macrocephalus,16,common,common,standard,inaturalist-regional-frequency-v1,compare then edit workbook
caribbean,yes,yes,mammals,37,41151,Cuban Fig-eating Bat,Phyllops falcatus,15,common,common,standard,inaturalist-regional-frequency-v1,compare then edit workbook
caribbean,yes,yes,mammals,38,43460,Rhesus Macaque,Macaca mulatta,14,common,common,standard,inaturalist-regional-frequency-v1,compare then edit workbook
caribbean,yes,yes,mammals,39,41503,Atlantic Spotted Dolphin,Stenella frontalis,13,common,common,standard,inaturalist-regional-frequency-v1,compare then edit workbook
caribbean,yes,yes,mammals,40,74184,Bahaman Funnel-eared Bat,Chilonatalus tumidifrons,12,common,common,standard,inaturalist-regional-frequency-v1,compare then edit workbook
caribbean,yes,yes,mammals,41,74183,Caribbean Lesser Funnel-eared Bat,Chilonatalus micropus,11,common,common,standard,inaturalist-regional-frequency-v1,compare then edit workbook
caribbean,yes,yes,mammals,42,41170,Western Antillean Fruit-eating Bat,Brachyphylla nana,10,common,common,standard,inaturalist-regional-frequency-v1,compare then edit workbook
caribbean,yes,yes,mammals,43,852338,Red-rumped Agouti,Dasyprocta leporina,9,common,common,standard,inaturalist-regional-frequency-v1,compare then edit workbook
caribbean,yes,yes,mammals,44,40273,Schwartz's myotis,Myotis martiniquensis,9,common,common,standard,inaturalist-regional-frequency-v1,compare then edit workbook
caribbean,yes,yes,mammals,45,41164,Jamaican fig-eating bat,Ariteus flavescens,8,common,common,standard,inaturalist-regional-frequency-v1,compare then edit workbook
caribbean,yes,yes,mammals,46,41532,Short-finned Pilot Whale,Globicephala macrorhynchus,8,common,common,standard,inaturalist-regional-frequency-v1,compare then edit workbook
caribbean,yes,yes,mammals,47,41523,Fraser's Dolphin,Lagenodelphis hosei,8,common,common,standard,inaturalist-regional-frequency-v1,compare then edit workbook
caribbean,yes,yes,mammals,48,41176,Insular Long-tongued Bat,Monophyllus plethodon,8,common,common,standard,inaturalist-regional-frequency-v1,compare then edit workbook
caribbean,yes,yes,mammals,49,41131,Cuban Flower Bat,Phyllonycteris poeyi,8,common,common,standard,inaturalist-regional-frequency-v1,compare then edit workbook
caribbean,yes,yes,mammals,50,41219,Davy's naked-backed bat,Pteronotus davyi,8,common,common,standard,inaturalist-regional-frequency-v1,compare then edit workbook
caribbean,yes,yes,mammals,51,1596125,Caribbean Brown Bat,Eptesicus dutertreus,6,common,common,standard,inaturalist-regional-frequency-v1,compare then edit workbook
caribbean,yes,yes,mammals,52,43779,Bahamian Hutia,Geocapromys ingrahami,6,common,common,standard,inaturalist-regional-frequency-v1,compare then edit workbook
caribbean,yes,yes,mammals,53,43778,Jamaican Hutia,Geocapromys brownii,5,common,common,standard,inaturalist-regional-frequency-v1,compare then edit workbook
caribbean,yes,yes,mammals,54,43781,Prehensile-tailed Hutia,Mysateles prehensilis,5,common,common,standard,inaturalist-regional-frequency-v1,compare then edit workbook
caribbean,yes,yes,mammals,55,43151,European Rabbit,Oryctolagus cuniculus,5,common,common,standard,inaturalist-regional-frequency-v1,compare then edit workbook
caribbean,yes,yes,mammals,56,41221,Parnell's Common Mustached Bat,Pteronotus parnellii,5,common,common,standard,inaturalist-regional-frequency-v1,compare then edit workbook
caribbean,yes,yes,mammals,57,41130,Jamaican flower bat,Phyllonycteris aphylla,4,common,common,standard,inaturalist-regional-frequency-v1,compare then edit workbook
caribbean,yes,yes,mammals,58,40509,Big Brown Bat,Eptesicus fuscus,3,common,common,standard,inaturalist-regional-frequency-v1,compare then edit workbook
caribbean,yes,yes,mammals,59,1430973,Black-tailed Hutia,Mesocapromys melanurus,3,uncommon,uncommon,standard,inaturalist-regional-frequency-v1,compare then edit workbook
caribbean,yes,yes,mammals,60,74796,Gervais's Funnel-eared Bat,Nyctiellus lepidus,3,uncommon,uncommon,standard,inaturalist-regional-frequency-v1,compare then edit workbook
caribbean,yes,yes,mammals,61,1453918,Hispaniolan Common Mustached Bat,Pteronotus pusillus,3,uncommon,uncommon,standard,inaturalist-regional-frequency-v1,compare then edit workbook
caribbean,yes,yes,mammals,62,41173,red fig-eating bat,Stenoderma rufum,3,common,common,standard,inaturalist-regional-frequency-v1,compare then edit workbook
caribbean,yes,yes,mammals,63,1067746,Thomas's Yellow-shouldered Bat,Sturnira angeli,3,uncommon,uncommon,standard,inaturalist-regional-frequency-v1,compare then edit workbook
caribbean,yes,yes,mammals,64,43111,Eastern Cottontail,Sylvilagus floridanus,3,common,common,standard,inaturalist-regional-frequency-v1,compare then edit workbook
caribbean,yes,yes,mammals,65,607152,Cuban Solenodon,Atopogale cubana,2,uncommon,uncommon,standard,inaturalist-regional-frequency-v1,compare then edit workbook
caribbean,yes,yes,mammals,66,74190,Green Monkey,Chlorocebus sabaeus,2,uncommon,uncommon,standard,inaturalist-regional-frequency-v1,compare then edit workbook
caribbean,yes,yes,mammals,67,1431096,Jamaican Long-tongued Bat,Glossophaga antillarum,2,uncommon,uncommon,standard,inaturalist-regional-frequency-v1,compare then edit workbook
caribbean,yes,yes,mammals,68,41090,Pallas's Long-tongued Bat,Glossophaga soricina,2,uncommon,uncommon,standard,inaturalist-regional-frequency-v1,compare then edit workbook
caribbean,yes,yes,mammals,69,41465,Dwarf Sperm Whale,Kogia sima,2,uncommon,uncommon,standard,inaturalist-regional-frequency-v1,compare then edit workbook
caribbean,yes,yes,mammals,70,40522,Eastern Red Bat,Lasiurus borealis,2,uncommon,uncommon,standard,inaturalist-regional-frequency-v1,compare then edit workbook
caribbean,yes,yes,mammals,71,40519,Minor Red Bat,Lasiurus minor,2,uncommon,uncommon,standard,inaturalist-regional-frequency-v1,compare then edit workbook
caribbean,yes,yes,mammals,72,40321,Dominican myotis,Myotis dominicensis,2,uncommon,uncommon,standard,inaturalist-regional-frequency-v1,compare then edit workbook
caribbean,yes,yes,mammals,73,41204,Mexican Funnel-eared Bat,Natalus stramineus,2,uncommon,uncommon,standard,inaturalist-regional-frequency-v1,compare then edit workbook
caribbean,yes,yes,mammals,74,41539,False Killer Whale,Pseudorca crassidens,2,uncommon,uncommon,standard,inaturalist-regional-frequency-v1,compare then edit workbook
caribbean,yes,yes,mammals,75,1453919,Puerto Rican Common Mustached Bat,Pteronotus portoricensis,2,uncommon,uncommon,standard,inaturalist-regional-frequency-v1,compare then edit workbook
caribbean,yes,yes,mammals,76,41545,Rough-toothed Dolphin,Steno bredanensis,2,uncommon,uncommon,standard,inaturalist-regional-frequency-v1,compare then edit workbook
caribbean,yes,yes,mammals,77,41428,Cuvier's Beaked Whale,Ziphius cavirostris,2,uncommon,uncommon,standard,inaturalist-regional-frequency-v1,compare then edit workbook
caribbean,yes,yes,mammals,78,41562,Fin Whale,Balaenoptera physalus,1,rare,rare,standard,inaturalist-regional-frequency-v1,compare then edit workbook
caribbean,yes,yes,mammals,79,81925,Domestic Water Buffalo,Bubalus bubalis,1,rare,rare,standard,inaturalist-regional-frequency-v1,compare then edit workbook
caribbean,yes,yes,mammals,80,1369296,Central American White-faced Capuchin,Cebus imitator,1,very_rare,very_rare,standard,inaturalist-regional-frequency-v1,compare then edit workbook
caribbean,yes,yes,mammals,81,41011,Guadeloupe big-eyed bat,Chiroderma improvisum,1,uncommon,uncommon,standard,inaturalist-regional-frequency-v1,compare then edit workbook
caribbean,yes,yes,mammals,82,42161,European Fallow Deer,Dama dama,1,rare,rare,standard,inaturalist-regional-frequency-v1,compare then edit workbook
caribbean,yes,yes,mammals,83,1275370,Seven-banded Long-nosed Armadillo,Dasypus septemcinctus,1,rare,rare,standard,inaturalist-regional-frequency-v1,compare then edit workbook
caribbean,yes,yes,mammals,84,43462,Patas Monkey,Erythrocebus patas,1,rare,rare,standard,inaturalist-regional-frequency-v1,compare then edit workbook
caribbean,yes,yes,mammals,85,41274,Black Bonneted Bat,Eumops auripendulus,1,uncommon,uncommon,standard,inaturalist-regional-frequency-v1,compare then edit workbook
caribbean,yes,yes,mammals,86,1102769,Fierce Bonneted Bat,Eumops ferox,1,rare,rare,standard,inaturalist-regional-frequency-v1,compare then edit workbook
caribbean,yes,yes,mammals,87,43789,Puerto Rican Hutia,Isolobodon portoricensis,1,rare,rare,standard,inaturalist-regional-frequency-v1,compare then edit workbook
caribbean,yes,yes,mammals,88,41464,Pygmy Sperm Whale,Kogia breviceps,1,uncommon,uncommon,standard,inaturalist-regional-frequency-v1,compare then edit workbook
caribbean,yes,yes,mammals,89,41407,Gulf Stream Beaked Whale,Mesoplodon europaeus,1,uncommon,uncommon,standard,inaturalist-regional-frequency-v1,compare then edit workbook
caribbean,yes,yes,mammals,90,1431065,Hispaniolan Mastiff Bat,Molossus verrilli,1,very_rare,very_rare,standard,inaturalist-regional-frequency-v1,compare then edit workbook
caribbean,yes,yes,mammals,91,74715,Arizona Myotis,Myotis occultus,1,rare,rare,standard,inaturalist-regional-frequency-v1,compare then edit workbook
caribbean,yes,yes,mammals,92,40344,Long-legged Myotis,Myotis volans,1,uncommon,uncommon,standard,inaturalist-regional-frequency-v1,compare then edit workbook
caribbean,yes,yes,mammals,93,1596124,Brazilian Serotine,Neoeptesicus brasiliensis,1,very_rare,very_rare,standard,inaturalist-regional-frequency-v1,compare then edit workbook
caribbean,yes,yes,mammals,94,74795,Cuban Evening Bat,Nycticeius cubanus,1,rare,rare,standard,inaturalist-regional-frequency-v1,compare then edit workbook
caribbean,yes,yes,mammals,95,41315,Big Free-tailed Bat,Nyctinomops macrotis,1,uncommon,uncommon,standard,inaturalist-regional-frequency-v1,compare then edit workbook
caribbean,yes,yes,mammals,96,41521,Orca,Orcinus orca,1,rare,rare,standard,inaturalist-regional-frequency-v1,compare then edit workbook
caribbean,yes,yes,mammals,97,41543,Melon-headed Whale,Peponocephala electra,1,rare,rare,standard,inaturalist-regional-frequency-v1,compare then edit workbook
caribbean,yes,yes,mammals,98,41348,Lesser Dog-like Bat,Peropteryx macrotis,1,uncommon,uncommon,standard,inaturalist-regional-frequency-v1,compare then edit workbook
caribbean,yes,yes,mammals,99,41218,MacLeay's moustached bat,Pteronotus macleayii,1,uncommon,uncommon,standard,inaturalist-regional-frequency-v1,compare then edit workbook
caribbean,yes,yes,mammals,100,43428,Common Squirrel Monkey,Saimiri sciureus,1,rare,rare,standard,inaturalist-regional-frequency-v1,compare then edit workbook
caribbean,yes,yes,reptiles,1,36488,Crested Anole,Anolis cristatellus,11403,common,common,standard,inaturalist-regional-frequency-v1,compare then edit workbook
caribbean,yes,yes,reptiles,2,35342,Green Iguana,Iguana iguana,6709,common,common,standard,inaturalist-regional-frequency-v1,compare then edit workbook
caribbean,yes,yes,reptiles,3,540071,Common Puerto Rican Ameiva,Pholidoscelis exsul,3548,common,common,standard,inaturalist-regional-frequency-v1,compare then edit workbook
caribbean,yes,yes,reptiles,4,36455,Bark Anole,Anolis distichus,2743,common,common,standard,inaturalist-regional-frequency-v1,compare then edit workbook
caribbean,yes,yes,reptiles,5,116461,Brown Anole,Anolis sagrei,2599,common,common,standard,inaturalist-regional-frequency-v1,compare then edit workbook
caribbean,yes,yes,reptiles,6,68492,Tropical House Gecko,Hemidactylus mabouia,2474,common,common,standard,inaturalist-regional-frequency-v1,compare then edit workbook
caribbean,yes,yes,reptiles,7,39280,Northern Curly-tailed Lizard,Leiocephalus carinatus,2183,common,common,standard,inaturalist-regional-frequency-v1,compare then edit workbook
caribbean,yes,yes,reptiles,8,39659,Green Sea Turtle,Chelonia mydas,1786,common,common,standard,inaturalist-regional-frequency-v1,compare then edit workbook
caribbean,yes,yes,reptiles,9,36445,Emerald anole,Anolis evermanni,1414,common,common,standard,inaturalist-regional-frequency-v1,compare then edit workbook
caribbean,yes,yes,reptiles,10,36732,Krug's Anole,Anolis krugi,1356,common,common,standard,inaturalist-regional-frequency-v1,compare then edit workbook
caribbean,yes,yes,reptiles,11,36606,Banded Anole,Anolis stratulus,1304,common,common,standard,inaturalist-regional-frequency-v1,compare then edit workbook
caribbean,yes,yes,reptiles,12,36363,Martinique's anole,Anolis roquet,1298,common,common,standard,inaturalist-regional-frequency-v1,compare then edit workbook
caribbean,yes,yes,reptiles,13,36380,Graham's Anole,Anolis grahami,1082,common,common,standard,inaturalist-regional-frequency-v1,compare then edit workbook
caribbean,yes,yes,reptiles,14,1148911,Common Stout Anole,Anolis hispaniolae,1027,common,common,standard,inaturalist-regional-frequency-v1,compare then edit workbook
caribbean,yes,yes,reptiles,15,36375,Stripefoot Anole,Anolis lineatopus,1002,common,common,standard,inaturalist-regional-frequency-v1,compare then edit workbook
caribbean,yes,yes,reptiles,16,30121,Puerto Rican Racer,Borikenophis portoricensis,986,common,common,standard,inaturalist-regional-frequency-v1,compare then edit workbook
caribbean,yes,yes,reptiles,17,36695,Guadeloupean anole,Anolis marmoratus,924,common,common,standard,inaturalist-regional-frequency-v1,compare then edit workbook
caribbean,yes,yes,reptiles,18,36651,Cuban Green Anole,Anolis porcatus,902,common,common,standard,inaturalist-regional-frequency-v1,compare then edit workbook
caribbean,yes,yes,reptiles,19,36645,Puerto Rican Bush Anole,Anolis pulchellus,800,common,common,standard,inaturalist-regional-frequency-v1,compare then edit workbook
caribbean,yes,yes,reptiles,20,36427,Gundlach’s Anole,Anolis gundlachi,726,common,common,standard,inaturalist-regional-frequency-v1,compare then edit workbook
caribbean,yes,yes,reptiles,21,39778,Central Antillean slider,Trachemys stejnegeri,645,common,common,standard,inaturalist-regional-frequency-v1,compare then edit workbook
caribbean,yes,yes,reptiles,22,1129179,East Dominican Green Anole,Anolis callainus,592,common,common,standard,inaturalist-regional-frequency-v1,compare then edit workbook
caribbean,yes,yes,reptiles,23,540064,Auber's Ameiva,Pholidoscelis auberi,567,common,common,standard,inaturalist-regional-frequency-v1,compare then edit workbook
caribbean,yes,yes,reptiles,24,146565,Rhinoceros Iguana,Cyclura cornuta,540,common,common,standard,inaturalist-regional-frequency-v1,compare then edit workbook
caribbean,yes,yes,reptiles,25,36570,Allison's Anole,Anolis allisoni,516,common,common,standard,inaturalist-regional-frequency-v1,compare then edit workbook
caribbean,yes,yes,reptiles,26,36372,Habana Anole,Anolis homolechis,465,common,common,standard,inaturalist-regional-frequency-v1,compare then edit workbook
caribbean,yes,yes,reptiles,27,39672,Hawksbill Sea Turtle,Eretmochelys imbricata,417,common,common,legendary,inaturalist-regional-frequency-v1,compare then edit workbook
caribbean,yes,yes,reptiles,28,35345,Lesser Antillean Iguana,Iguana delicatissima,411,common,common,standard,inaturalist-regional-frequency-v1,compare then edit workbook
caribbean,yes,yes,reptiles,29,539461,Puerto Rican Boa,Chilabothrus inornatus,386,common,common,standard,inaturalist-regional-frequency-v1,compare then edit workbook
caribbean,yes,yes,reptiles,30,81525,Cuban Ground Iguana,Cyclura nubila,326,common,common,standard,inaturalist-regional-frequency-v1,compare then edit workbook
caribbean,yes,yes,reptiles,31,94158,Jamaican Giant Anole,Anolis garmani,315,common,common,standard,inaturalist-regional-frequency-v1,compare then edit workbook
caribbean,yes,yes,reptiles,32,1119889,Big-scaled least gecko,Sphaerodactylus grandisquamis,296,common,common,standard,inaturalist-regional-frequency-v1,compare then edit workbook
caribbean,yes,yes,reptiles,33,36580,Saint Croix Anole,Anolis acutus,281,common,common,standard,inaturalist-regional-frequency-v1,compare then edit workbook
caribbean,yes,yes,reptiles,34,39345,Haitian Curlytail Lizard,Leiocephalus personatus,274,common,common,standard,inaturalist-regional-frequency-v1,compare then edit workbook
caribbean,yes,yes,reptiles,35,39782,Pond Slider,Trachemys scripta,273,common,common,standard,inaturalist-regional-frequency-v1,compare then edit workbook
caribbean,yes,yes,reptiles,36,36558,Guantanamo Anole,Anolis argenteolus,266,common,common,standard,inaturalist-regional-frequency-v1,compare then edit workbook
caribbean,yes,yes,reptiles,37,36696,Les Saintes Anole,Anolis terraealtae,264,common,common,standard,inaturalist-regional-frequency-v1,compare then edit workbook
caribbean,yes,yes,reptiles,38,36485,Cuvier's Anole,Anolis cuvieri,263,common,common,standard,inaturalist-regional-frequency-v1,compare then edit workbook
caribbean,yes,yes,reptiles,39,94169,Bluefields Anole,Anolis opalinus,257,common,common,standard,inaturalist-regional-frequency-v1,compare then edit workbook
caribbean,yes,yes,reptiles,40,39292,Cuban Curlytail Lizard,Leiocephalus cubensis,251,common,common,standard,inaturalist-regional-frequency-v1,compare then edit workbook
caribbean,yes,yes,reptiles,41,1148910,Cordillera Oriental Stout Anole,Anolis higuey,248,common,common,standard,inaturalist-regional-frequency-v1,compare then edit workbook
caribbean,yes,yes,reptiles,42,104226,Mourning Gecko,Lepidodactylus lugubris,226,common,common,standard,inaturalist-regional-frequency-v1,compare then edit workbook
caribbean,yes,yes,reptiles,43,26085,American Crocodile,Crocodylus acutus,225,common,common,standard,inaturalist-regional-frequency-v1,compare then edit workbook
caribbean,yes,yes,reptiles,44,39361,Monte Verde Curlytail Lizard,Leiocephalus macropus,216,common,common,standard,inaturalist-regional-frequency-v1,compare then edit workbook
caribbean,yes,yes,reptiles,45,30131,Cuban Racer,Cubophis cantherigerus,215,common,common,standard,inaturalist-regional-frequency-v1,compare then edit workbook
caribbean,yes,yes,reptiles,46,51940,Asian House Gecko,Hemidactylus frenatus,214,common,common,standard,inaturalist-regional-frequency-v1,compare then edit workbook
caribbean,yes,yes,reptiles,47,1148908,Desert Stout Anole,Anolis aridius,183,common,common,standard,inaturalist-regional-frequency-v1,compare then edit workbook
caribbean,yes,yes,reptiles,48,32093,Boa Constrictor,Boa constrictor,180,common,common,standard,inaturalist-regional-frequency-v1,compare then edit workbook
caribbean,yes,yes,reptiles,49,539039,Red-footed Tortoise,Chelonoidis carbonarius,175,common,common,standard,inaturalist-regional-frequency-v1,compare then edit workbook
caribbean,yes,yes,reptiles,50,33560,Croaking Lizard,Aristelliger praesignis,173,common,common,standard,inaturalist-regional-frequency-v1,compare then edit workbook
caribbean,yes,yes,reptiles,51,36432,Anguilla Anole,Anolis gingivinus,162,common,common,standard,inaturalist-regional-frequency-v1,compare then edit workbook
caribbean,yes,yes,reptiles,52,567060,Hispaniolan Giant Ameiva,Pholidoscelis chrysolaemus,155,common,common,standard,inaturalist-regional-frequency-v1,compare then edit workbook
caribbean,yes,yes,reptiles,53,146059,Hispaniolan Ground Iguana,Cyclura ricordii,153,common,common,standard,inaturalist-regional-frequency-v1,compare then edit workbook
caribbean,yes,yes,reptiles,54,114268,Cuban Slider,Trachemys decussata,149,common,common,standard,inaturalist-regional-frequency-v1,compare then edit workbook
caribbean,yes,yes,reptiles,55,539340,Barahona Green Anole,Anolis viridius,147,common,common,standard,inaturalist-regional-frequency-v1,compare then edit workbook
caribbean,yes,yes,reptiles,56,32314,Cuban Dwarf Boa,Tropidophis melanurus,143,common,common,standard,inaturalist-regional-frequency-v1,compare then edit workbook
caribbean,yes,yes,reptiles,57,36613,Bahamian Green Anole,Anolis smaragdinus,140,common,common,standard,inaturalist-regional-frequency-v1,compare then edit workbook
caribbean,yes,yes,reptiles,58,35290,Allen's Island Iguana,Cyclura cychlura,139,common,common,standard,inaturalist-regional-frequency-v1,compare then edit workbook
caribbean,yes,yes,reptiles,59,39322,Hispaniolan Khaki Curlytail,Leiocephalus schreibersii,139,common,common,standard,inaturalist-regional-frequency-v1,compare then edit workbook
caribbean,yes,yes,reptiles,60,30112,Bahamian Racer,Cubophis vudii,138,common,common,standard,inaturalist-regional-frequency-v1,compare then edit workbook
caribbean,yes,yes,reptiles,61,474355,Hispaniolan Boa,Chilabothrus striatus,131,common,common,standard,inaturalist-regional-frequency-v1,compare then edit workbook
caribbean,yes,yes,reptiles,62,28605,Cope's Antilles Snake,Hypsirhynchus parvifrons,131,common,common,standard,inaturalist-regional-frequency-v1,compare then edit workbook
caribbean,yes,yes,reptiles,63,36391,Knight Anole,Anolis equestris,124,common,common,standard,inaturalist-regional-frequency-v1,compare then edit workbook
caribbean,yes,yes,reptiles,64,36720,Cave Anole,Anolis lucius,122,common,common,standard,inaturalist-regional-frequency-v1,compare then edit workbook
caribbean,yes,yes,reptiles,65,116389,Bueycito Anole,Anolis allogus,118,common,common,standard,inaturalist-regional-frequency-v1,compare then edit workbook
caribbean,yes,yes,reptiles,66,36441,Morne Constant Anole,Anolis ferreus,118,common,common,standard,inaturalist-regional-frequency-v1,compare then edit workbook
caribbean,yes,yes,reptiles,67,28169,Catesby's Pointed Snake,Uromacer catesbyi,112,common,common,standard,inaturalist-regional-frequency-v1,compare then edit workbook
caribbean,yes,yes,reptiles,68,36623,Half-lined Hispaniolan Grass Anole,Anolis semilineatus,110,common,common,standard,inaturalist-regional-frequency-v1,compare then edit workbook
caribbean,yes,yes,reptiles,69,36491,Cook's Anole,Anolis cooki,109,common,common,standard,inaturalist-regional-frequency-v1,compare then edit workbook
caribbean,yes,yes,reptiles,70,39298,Mountain Curlytail Lizard,Leiocephalus raviceps,106,common,common,standard,inaturalist-regional-frequency-v1,compare then edit workbook
caribbean,yes,yes,reptiles,71,33640,Difficult Least Gecko,Sphaerodactylus difficilis,105,common,common,standard,inaturalist-regional-frequency-v1,compare then edit workbook
caribbean,yes,yes,reptiles,72,33752,Ashy Gecko,Sphaerodactylus elegans,104,common,common,standard,inaturalist-regional-frequency-v1,compare then edit workbook
caribbean,yes,yes,reptiles,73,39777,Cat Island Slider,Trachemys terrapen,99,common,common,standard,inaturalist-regional-frequency-v1,compare then edit workbook
caribbean,yes,yes,reptiles,74,36567,Blue-eyed Grass-bush Anole,Anolis alutaceus,98,common,common,standard,inaturalist-regional-frequency-v1,compare then edit workbook
caribbean,yes,yes,reptiles,75,539454,Cuban Tree Boa,Chilabothrus angulifer,98,common,common,standard,inaturalist-regional-frequency-v1,compare then edit workbook
caribbean,yes,yes,reptiles,76,104129,Cabo Corrientes Curlytail lizard,Leiocephalus stictigaster,98,common,common,standard,inaturalist-regional-frequency-v1,compare then edit workbook
caribbean,yes,yes,reptiles,77,34615,Tokay Gecko,Gekko gecko,96,common,common,standard,inaturalist-regional-frequency-v1,compare then edit workbook
caribbean,yes,yes,reptiles,78,1120226,Big-scaled Dwarf Gecko,Sphaerodactylus macrolepis,95,common,common,standard,inaturalist-regional-frequency-v1,compare then edit workbook
caribbean,yes,yes,reptiles,79,539844,Brahminy Blindsnake,Indotyphlops braminus,93,uncommon,uncommon,standard,inaturalist-regional-frequency-v1,compare then edit workbook
caribbean,yes,yes,reptiles,80,67967,Northern Turniptail Gecko,Thecadactylus rapicauda,93,uncommon,uncommon,standard,inaturalist-regional-frequency-v1,compare then edit workbook
caribbean,yes,yes,reptiles,81,39373,Santo Domingo Curlytail Lizard,Leiocephalus lunatus,92,uncommon,uncommon,standard,inaturalist-regional-frequency-v1,compare then edit workbook
caribbean,yes,yes,reptiles,82,539331,Northern Hispaniolan Green Anole,Anolis peynadoi,91,uncommon,uncommon,standard,inaturalist-regional-frequency-v1,compare then edit workbook
caribbean,yes,yes,reptiles,83,540077,Anguilla Bank Ameiva,Pholidoscelis plei,90,uncommon,uncommon,standard,inaturalist-regional-frequency-v1,compare then edit workbook
caribbean,yes,yes,reptiles,84,33740,Fantastic Least Gecko,Sphaerodactylus fantasticus,90,uncommon,uncommon,standard,inaturalist-regional-frequency-v1,compare then edit workbook
caribbean,yes,yes,reptiles,85,145902,Oriente Pallid Anole,Anolis litoralis,89,uncommon,uncommon,standard,inaturalist-regional-frequency-v1,compare then edit workbook
caribbean,yes,yes,reptiles,86,35303,Black Spiny-tailed Iguana,Ctenosaura similis,86,uncommon,uncommon,standard,inaturalist-regional-frequency-v1,compare then edit workbook
caribbean,yes,yes,reptiles,87,33788,Ocellated Gecko,Sphaerodactylus argus,84,uncommon,uncommon,standard,inaturalist-regional-frequency-v1,compare then edit workbook
caribbean,yes,yes,reptiles,88,28157,Pointed Snake,Uromacer oxyrhynchus,83,uncommon,uncommon,standard,inaturalist-regional-frequency-v1,compare then edit workbook
caribbean,yes,yes,reptiles,89,33563,Hispaniolan Giant Gecko,Aristelliger lar,81,uncommon,uncommon,standard,inaturalist-regional-frequency-v1,compare then edit workbook
caribbean,yes,yes,reptiles,90,39677,Leatherback Sea Turtle,Dermochelys coriacea,73,uncommon,uncommon,standard,inaturalist-regional-frequency-v1,compare then edit workbook
caribbean,yes,yes,reptiles,91,28598,Cuban Lesser Racer,Caraiba andreae,69,uncommon,uncommon,standard,inaturalist-regional-frequency-v1,compare then edit workbook
caribbean,yes,yes,reptiles,92,116517,Spectacled Caiman,Caiman crocodilus,68,uncommon,uncommon,standard,inaturalist-regional-frequency-v1,compare then edit workbook
caribbean,yes,yes,reptiles,93,32319,Haitian Dwarf Boa,Tropidophis haetianus,67,uncommon,uncommon,standard,inaturalist-regional-frequency-v1,compare then edit workbook
caribbean,yes,yes,reptiles,94,36520,Desert Gracile Anole,Anolis brevirostris,64,uncommon,uncommon,standard,inaturalist-regional-frequency-v1,compare then edit workbook
caribbean,yes,yes,reptiles,95,1659760,Hispaniolan Keeled Forest Lizard,Comptus weinlandi,64,uncommon,uncommon,standard,inaturalist-regional-frequency-v1,compare then edit workbook
caribbean,yes,yes,reptiles,96,33623,American Wall Gecko,Tarentola americana,63,uncommon,uncommon,standard,inaturalist-regional-frequency-v1,compare then edit workbook
caribbean,yes,yes,reptiles,97,39336,Barahona Curlytail Lizard,Leiocephalus barahonensis,62,uncommon,uncommon,standard,inaturalist-regional-frequency-v1,compare then edit workbook
caribbean,yes,yes,reptiles,98,116426,Cubitas Anole,Anolis jubar,61,uncommon,uncommon,standard,inaturalist-regional-frequency-v1,compare then edit workbook
caribbean,yes,yes,reptiles,99,34964,Underwood's Spectacled Tegu,Gymnophthalmus underwoodi,61,uncommon,uncommon,standard,inaturalist-regional-frequency-v1,compare then edit workbook
caribbean,yes,yes,reptiles,100,33708,Puerto Rican Crescent Sphaero,Sphaerodactylus nicholsi,61,uncommon,uncommon,standard,inaturalist-regional-frequency-v1,compare then edit workbook
caribbean,yes,yes,reptiles,101,116475,Jamaican Twig Anole,Anolis valencienni,60,uncommon,uncommon,standard,inaturalist-regional-frequency-v1,compare then edit workbook
caribbean,yes,yes,reptiles,102,540082,Blue-tailed Ground Lizard,Pholidoscelis wetmorei,60,uncommon,uncommon,standard,inaturalist-regional-frequency-v1,compare then edit workbook
caribbean,yes,yes,reptiles,103,33730,Puerto Rican Upland Sphaero,Sphaerodactylus klauberi,59,uncommon,uncommon,standard,inaturalist-regional-frequency-v1,compare then edit workbook
caribbean,yes,yes,reptiles,104,146451,Puerto Rican Skink,Spondylurus nitidus,59,uncommon,uncommon,standard,inaturalist-regional-frequency-v1,compare then edit workbook
caribbean,yes,yes,reptiles,105,36532,West Cuban Anole,Anolis bartschi,58,uncommon,uncommon,standard,inaturalist-regional-frequency-v1,compare then edit workbook
caribbean,yes,yes,reptiles,106,36448,Etheridge's Anole,Anolis etheridgei,57,uncommon,uncommon,standard,inaturalist-regional-frequency-v1,compare then edit workbook
caribbean,yes,yes,reptiles,107,36503,big-fanned trunk anole,Anolis christophei,53,uncommon,uncommon,standard,inaturalist-regional-frequency-v1,compare then edit workbook
caribbean,yes,yes,reptiles,108,36654,Ponce Anole,Anolis poncensis,53,uncommon,uncommon,standard,inaturalist-regional-frequency-v1,compare then edit workbook
caribbean,yes,yes,reptiles,109,568929,Pygmy Blue-tailed Ameiva,Pholidoscelis lineolatus,52,uncommon,uncommon,standard,inaturalist-regional-frequency-v1,compare then edit workbook
caribbean,yes,yes,reptiles,110,116440,Pinar del Rio Anole,Anolis mestrei,51,uncommon,uncommon,standard,inaturalist-regional-frequency-v1,compare then edit workbook
caribbean,yes,yes,reptiles,111,64004,Ground Snake,Magliophis exiguus,51,uncommon,uncommon,standard,inaturalist-regional-frequency-v1,compare then edit workbook
caribbean,yes,yes,reptiles,112,34496,West African House Gecko,Hemidactylus angulatus,50,rare,rare,standard,inaturalist-regional-frequency-v1,compare then edit workbook
caribbean,yes,yes,reptiles,113,26061,Cuban Crocodile,Crocodylus rhombifer,49,rare,rare,legendary,inaturalist-regional-frequency-v1,compare then edit workbook
caribbean,yes,yes,reptiles,114,94152,Hispaniolan Green Anole,Anolis chlorocyanus,46,rare,rare,standard,inaturalist-regional-frequency-v1,compare then edit workbook
caribbean,yes,yes,reptiles,115,36710,Western giant anole,Anolis luteogularis,43,rare,rare,standard,inaturalist-regional-frequency-v1,compare then edit workbook
caribbean,yes,yes,reptiles,116,36616,Smallwood's Anole,Anolis smallwoodi,42,rare,rare,standard,inaturalist-regional-frequency-v1,compare then edit workbook
caribbean,yes,yes,reptiles,117,39320,Pale-bellied Hispaniolan Curlytail,Leiocephalus semilineatus,41,rare,rare,standard,inaturalist-regional-frequency-v1,compare then edit workbook
caribbean,yes,yes,reptiles,118,540069,Jamaica Ameiva,Pholidoscelis dorsalis,41,rare,rare,standard,inaturalist-regional-frequency-v1,compare then edit workbook
caribbean,yes,yes,reptiles,119,36561,Cuban Twig Anole,Anolis angusticeps,40,rare,rare,standard,inaturalist-regional-frequency-v1,compare then edit workbook
caribbean,yes,yes,reptiles,120,1673680,Martinique Geckolet,Sphaerodactylus festus,40,rare,rare,standard,inaturalist-regional-frequency-v1,compare then edit workbook
caribbean,yes,yes,reptiles,121,94180,Sagua de Tanamo Anole,Anolis rubribarbus,37,rare,rare,standard,inaturalist-regional-frequency-v1,compare then edit workbook
caribbean,yes,yes,reptiles,122,36607,Strahm's Anole,Anolis strahmi,37,rare,rare,standard,inaturalist-regional-frequency-v1,compare then edit workbook
caribbean,yes,yes,reptiles,123,33768,Peninsula Least Gecko,Sphaerodactylus clenchi,37,rare,rare,standard,inaturalist-regional-frequency-v1,compare then edit workbook
caribbean,yes,yes,reptiles,124,36677,Dwarf Anole,Anolis occultus,36,rare,rare,standard,inaturalist-regional-frequency-v1,compare then edit workbook
caribbean,yes,yes,reptiles,125,36621,Shreve's Anole,Anolis shrevei,36,rare,rare,standard,inaturalist-regional-frequency-v1,compare then edit workbook
caribbean,yes,yes,reptiles,126,568930,Hispaniolan Blue-tailed Ameiva,Pholidoscelis taeniurus,36,rare,rare,standard,inaturalist-regional-frequency-v1,compare then edit workbook
caribbean,yes,yes,reptiles,127,33811,Windward Sphaero,Sphaerodactylus vincenti,36,rare,rare,standard,inaturalist-regional-frequency-v1,compare then edit workbook
caribbean,yes,yes,reptiles,128,1148909,Southern Stout Anole,Anolis australis,35,very_rare,very_rare,standard,inaturalist-regional-frequency-v1,compare then edit workbook
caribbean,yes,yes,reptiles,129,1223358,pallid stout anole,Anolis saxatilis,35,very_rare,very_rare,standard,inaturalist-regional-frequency-v1,compare then edit workbook
caribbean,yes,yes,reptiles,130,36599,Vinales Anole,Anolis vermiculatus,34,very_rare,very_rare,standard,inaturalist-regional-frequency-v1,compare then edit workbook
caribbean,yes,no,reptiles,264,35298,Jamaica Ground Iguana,Cyclura collei,4,not_ranked,very_rare,legendary,inaturalist-regional-frequency-v1,compare then edit workbook
caribbean,no,no,amphibians,71,22410,Cricket Coqui,Eleutherodactylus gryllus,5,not_ranked,,,inaturalist-regional-frequency-v1,compare then edit workbook
caribbean,no,no,amphibians,72,22407,Gundlach's Robber Frog,Eleutherodactylus gundlachi,5,not_ranked,,,inaturalist-regional-frequency-v1,compare then edit workbook
caribbean,no,no,amphibians,73,65440,plains coqui,Eleutherodactylus juanariveroi,5,not_ranked,,,inaturalist-regional-frequency-v1,compare then edit workbook
caribbean,no,no,amphibians,74,22418,Southern Pastel Frog,Eleutherodactylus leoncei,5,not_ranked,,,inaturalist-regional-frequency-v1,compare then edit workbook
caribbean,no,no,amphibians,75,24381,Green Bromeliad Frog,Osteopilus wilderi,5,not_ranked,,,inaturalist-regional-frequency-v1,compare then edit workbook
caribbean,no,no,amphibians,76,22448,Northern Hammer Frog,Eleutherodactylus auriculatoides,4,not_ranked,,,inaturalist-regional-frequency-v1,compare then edit workbook
caribbean,no,no,amphibians,77,787620,Dominican Southern Red Frog,Eleutherodactylus geitonos,4,not_ranked,,,inaturalist-regional-frequency-v1,compare then edit workbook
caribbean,no,no,amphibians,78,22611,Guaniguanic Yellow-mottled Frog,Eleutherodactylus goini,4,not_ranked,,,inaturalist-regional-frequency-v1,compare then edit workbook
caribbean,no,no,amphibians,79,22409,Warty Coqui,Eleutherodactylus locustus,4,not_ranked,,,inaturalist-regional-frequency-v1,compare then edit workbook
caribbean,no,no,amphibians,80,22357,Cuban Streamside Frog,Eleutherodactylus riparius,4,not_ranked,,,inaturalist-regional-frequency-v1,compare then edit workbook
caribbean,no,no,amphibians,81,22748,Ruth's Robber Frog,Eleutherodactylus ruthae,4,not_ranked,,,inaturalist-regional-frequency-v1,compare then edit workbook
caribbean,no,no,amphibians,82,22653,Oriente Mottled Frog,Eleutherodactylus simulans,4,not_ranked,,,inaturalist-regional-frequency-v1,compare then edit workbook
caribbean,no,no,amphibians,83,22494,Brown Robber Frog,Eleutherodactylus fuscus,3,not_ranked,,,inaturalist-regional-frequency-v1,compare then edit workbook
caribbean,no,no,amphibians,84,22788,Ricord's Robber Frog,Eleutherodactylus ricordii,3,not_ranked,,,inaturalist-regional-frequency-v1,compare then edit workbook
caribbean,no,no,amphibians,85,22746,Foothill Robber Frog,Eleutherodactylus semipalmatus,3,not_ranked,,,inaturalist-regional-frequency-v1,compare then edit workbook
caribbean,no,no,amphibians,86,22482,Thomas' Robber Frog,Eleutherodactylus thomasi,3,not_ranked,,,inaturalist-regional-frequency-v1,compare then edit workbook
caribbean,no,no,amphibians,87,65986,Pig Frog,Lithobates grylio,3,not_ranked,,,inaturalist-regional-frequency-v1,compare then edit workbook
caribbean,no,no,amphibians,88,64843,Martinique Volcano Frog,Allobates chalcopis,2,not_ranked,,,inaturalist-regional-frequency-v1,compare then edit workbook
caribbean,no,no,amphibians,89,22472,Jamaican Peak Frog,Eleutherodactylus alticola,2,not_ranked,,,inaturalist-regional-frequency-v1,compare then edit workbook
caribbean,no,no,amphibians,90,22471,Jamaican Rump-spotted Frog,Eleutherodactylus andrewsi,2,not_ranked,,,inaturalist-regional-frequency-v1,compare then edit workbook
caribbean,no,no,amphibians,91,22377,Sierra de Trinidad Robber Frog,Eleutherodactylus casparii,2,not_ranked,,,inaturalist-regional-frequency-v1,compare then edit workbook
caribbean,no,no,amphibians,92,22473,Portland Ridge Frog,Eleutherodactylus cavernicola,2,not_ranked,,,inaturalist-regional-frequency-v1,compare then edit workbook
caribbean,no,no,amphibians,93,22370,Eileen's Robber Frog,Eleutherodactylus eileenae,2,not_ranked,,,inaturalist-regional-frequency-v1,compare then edit workbook
caribbean,no,no,amphibians,94,22751,Habana Robber Frog,Eleutherodactylus limbatus,2,not_ranked,,,inaturalist-regional-frequency-v1,compare then edit workbook
caribbean,no,no,amphibians,95,22449,Hispaniolan Wheeping Frog,Eleutherodactylus minutus,2,not_ranked,,,inaturalist-regional-frequency-v1,compare then edit workbook
caribbean,no,no,amphibians,96,70615,Neiba Telegraphic Frog,Eleutherodactylus notidodes,2,not_ranked,,,inaturalist-regional-frequency-v1,compare then edit workbook
caribbean,no,no,amphibians,97,22772,Hispaniolan Sharp-nosed Frog,Eleutherodactylus oxyrhyncus,2,not_ranked,,,inaturalist-regional-frequency-v1,compare then edit workbook
caribbean,no,no,amphibians,98,22373,Pinos Robber Frog,Eleutherodactylus pinarensis,2,not_ranked,,,inaturalist-regional-frequency-v1,compare then edit workbook
caribbean,no,no,amphibians,99,22652,Yarey Robber Frog,Eleutherodactylus toa,2,not_ranked,,,inaturalist-regional-frequency-v1,compare then edit workbook
caribbean,no,no,amphibians,100,22637,Varley's Robber Frog,Eleutherodactylus varleyi,2,not_ranked,,,inaturalist-regional-frequency-v1,compare then edit workbook
caribbean,no,no,amphibians,101,22486,Cuban Red-rumped Frog,Eleutherodactylus acmonis,1,not_ranked,,,inaturalist-regional-frequency-v1,compare then edit workbook
caribbean,no,no,amphibians,102,22759,Macaya Bushfrog,Eleutherodactylus amadeus,1,not_ranked,,,inaturalist-regional-frequency-v1,compare then edit workbook
caribbean,no,no,amphibians,103,70609,Tiburon Burrowing Frog,Eleutherodactylus aporostegus,1,not_ranked,,,inaturalist-regional-frequency-v1,compare then edit workbook
caribbean,no,no,amphibians,104,22457,La Hotte Bushfrog,Eleutherodactylus bakeri,1,not_ranked,,,inaturalist-regional-frequency-v1,compare then edit workbook
caribbean,no,no,amphibians,105,22597,Guadeloupe Streamfrog,Eleutherodactylus barlagnei,1,not_ranked,,,inaturalist-regional-frequency-v1,compare then edit workbook
caribbean,no,no,amphibians,106,22483,Rio Yumuri Robber Frog,Eleutherodactylus bresslerae,1,not_ranked,,,inaturalist-regional-frequency-v1,compare then edit workbook
caribbean,no,no,amphibians,107,70611,Patternless Whistling Frog,Eleutherodactylus diplasius,1,not_ranked,,,inaturalist-regional-frequency-v1,compare then edit workbook
caribbean,no,no,amphibians,108,134706,Eastern Cuba Grassfrog,Eleutherodactylus feichtingeri,1,not_ranked,,,inaturalist-regional-frequency-v1,compare then edit workbook
caribbean,no,no,amphibians,109,22737,La Hotte glanded frog,Eleutherodactylus glandulifer,1,not_ranked,,,inaturalist-regional-frequency-v1,compare then edit workbook
caribbean,no,no,amphibians,110,22372,Jamaican Pallid Frog,Eleutherodactylus grabhami,1,not_ranked,,,inaturalist-regional-frequency-v1,compare then edit workbook
caribbean,no,no,amphibians,111,22717,Cockpit Frog,Eleutherodactylus griphus,1,not_ranked,,,inaturalist-regional-frequency-v1,compare then edit workbook
caribbean,no,no,amphibians,112,22484,La Maya Robber Frog,Eleutherodactylus ionthus,1,not_ranked,,,inaturalist-regional-frequency-v1,compare then edit workbook
caribbean,no,no,amphibians,113,22459,La Selle Dusky Frog,Eleutherodactylus jugans,1,not_ranked,,,inaturalist-regional-frequency-v1,compare then edit workbook
caribbean,no,no,amphibians,114,22481,Klinikowski's Robber Frog,Eleutherodactylus klinikowskii,1,not_ranked,,,inaturalist-regional-frequency-v1,compare then edit workbook
caribbean,no,no,amphibians,115,22450,Jamaican Masked Frog,Eleutherodactylus luteolus,1,not_ranked,,,inaturalist-regional-frequency-v1,compare then edit workbook
caribbean,no,no,amphibians,116,70616,Pinar Del Rio Bromeliad Frog,Eleutherodactylus olibrus,1,not_ranked,,,inaturalist-regional-frequency-v1,compare then edit workbook
caribbean,no,no,amphibians,117,22610,Haitian Pink-rumped Frog,Eleutherodactylus paulsoni,1,not_ranked,,,inaturalist-regional-frequency-v1,compare then edit workbook
caribbean,no,no,amphibians,118,22664,Oriente Greenish-yellow Frog,Eleutherodactylus principalis,1,not_ranked,,,inaturalist-regional-frequency-v1,compare then edit workbook
caribbean,no,no,amphibians,119,22485,Ronald's Robber Frog,Eleutherodactylus ronaldi,1,not_ranked,,,inaturalist-regional-frequency-v1,compare then edit workbook
caribbean,no,no,amphibians,120,70621,Vallejuelo Burrowing Frog,Eleutherodactylus tychathrous,1,not_ranked,,,inaturalist-regional-frequency-v1,compare then edit workbook
caribbean,no,no,amphibians,121,22480,Zug's Robber Frog,Eleutherodactylus zugi,1,not_ranked,,,inaturalist-regional-frequency-v1,compare then edit workbook
caribbean,no,no,amphibians,122,25078,Eastern Narrow-mouthed Toad,Gastrophryne carolinensis,1,not_ranked,,,inaturalist-regional-frequency-v1,compare then edit workbook
caribbean,no,no,amphibians,123,65982,Green Frog,Lithobates clamitans,1,not_ranked,,,inaturalist-regional-frequency-v1,compare then edit workbook
caribbean,no,no,amphibians,124,60341,Southern Leopard Frog,Lithobates sphenocephalus,1,not_ranked,,,inaturalist-regional-frequency-v1,compare then edit workbook
caribbean,no,no,amphibians,125,24377,Yellow Bromeliad Frog,Osteopilus marianae,1,not_ranked,,,inaturalist-regional-frequency-v1,compare then edit workbook
caribbean,no,no,amphibians,126,66339,Cuban Pine Toad,Peltophryne cataulaciceps,1,not_ranked,,,inaturalist-regional-frequency-v1,compare then edit workbook
caribbean,no,no,birds,331,201067,Cuban Nightjar,Antrostomus cubanensis,21,not_ranked,,,inaturalist-regional-frequency-v1,compare then edit workbook
caribbean,no,no,birds,332,16100,Eastern Wood-Pewee,Contopus virens,21,not_ranked,,,inaturalist-regional-frequency-v1,compare then edit workbook
caribbean,no,no,birds,333,4893,American Golden-Plover,Pluvialis dominica,21,not_ranked,,,inaturalist-regional-frequency-v1,compare then edit workbook
caribbean,no,no,birds,334,10729,Prothonotary Warbler,Protonotaria citrea,21,not_ranked,,,inaturalist-regional-frequency-v1,compare then edit workbook
caribbean,no,no,birds,335,18978,Turquoise-fronted Amazon,Amazona aestiva,20,not_ranked,,,inaturalist-regional-frequency-v1,compare then edit workbook
caribbean,no,no,birds,336,199833,Chuck-will's-widow,Antrostomus carolinensis,20,not_ranked,,,inaturalist-regional-frequency-v1,compare then edit workbook
caribbean,no,no,birds,337,9738,Bahama Yellowthroat,Geothlypis rostrata,20,not_ranked,,,inaturalist-regional-frequency-v1,compare then edit workbook
caribbean,no,no,birds,338,10271,Rose-breasted Grosbeak,Pheucticus ludovicianus,20,not_ranked,,,inaturalist-regional-frequency-v1,compare then edit workbook
caribbean,no,no,birds,339,19656,Least Pauraque,Siphonorhis brewsteri,20,not_ranked,,,inaturalist-regional-frequency-v1,compare then edit workbook
caribbean,no,no,birds,340,6667,Black Swift,Cypseloides niger,19,not_ranked,,,inaturalist-regional-frequency-v1,compare then edit workbook
caribbean,no,no,birds,341,6996,Red-breasted Merganser,Mergus serrator,19,not_ranked,,,inaturalist-regional-frequency-v1,compare then edit workbook
caribbean,no,no,birds,342,11927,Bahama Swallow,Tachycineta cyaneoviridis,19,not_ranked,,,inaturalist-regional-frequency-v1,compare then edit workbook
caribbean,no,no,birds,343,9346,Baltimore Oriole,Icterus galbula,18,not_ranked,,,inaturalist-regional-frequency-v1,compare then edit workbook
caribbean,no,no,birds,344,3788,Masked Booby,Sula dactylatra,18,not_ranked,,,inaturalist-regional-frequency-v1,compare then edit workbook
caribbean,no,no,birds,345,73544,Forest Thrush,Turdus lherminieri,18,not_ranked,,,inaturalist-regional-frequency-v1,compare then edit workbook
caribbean,no,no,birds,346,1429248,Hispaniolan Nightjar,Antrostomus ekmani,17,not_ranked,,,inaturalist-regional-frequency-v1,compare then edit workbook
caribbean,no,no,birds,347,3845,Red Knot,Calidris canutus,17,not_ranked,,,inaturalist-regional-frequency-v1,compare then edit workbook
caribbean,no,no,birds,348,73155,Blue Grosbeak,Passerina caerulea,17,not_ranked,,,inaturalist-regional-frequency-v1,compare then edit workbook
caribbean,no,no,birds,349,145247,Bahama Warbler,Setophaga flavescens,17,not_ranked,,,inaturalist-regional-frequency-v1,compare then edit workbook
caribbean,no,no,birds,350,6893,Black-bellied Whistling-Duck,Dendrocygna autumnalis,16,not_ranked,,,inaturalist-regional-frequency-v1,compare then edit workbook
caribbean,no,no,birds,351,14850,European Starling,Sturnus vulgaris,16,not_ranked,,,inaturalist-regional-frequency-v1,compare then edit workbook
caribbean,no,no,birds,352,12899,Bicknell's Thrush,Catharus bicknelli,15,not_ranked,,,inaturalist-regional-frequency-v1,compare then edit workbook
caribbean,no,no,birds,353,14981,Gray Trembler,Cinclocerthia gutturalis,15,not_ranked,,,inaturalist-regional-frequency-v1,compare then edit workbook
caribbean,no,no,birds,354,6899,Fulvous Whistling-Duck,Dendrocygna bicolor,15,not_ranked,,,inaturalist-regional-frequency-v1,compare then edit workbook
caribbean,no,no,birds,355,10487,Bobolink,Dolichonyx oryzivorus,15,not_ranked,,,inaturalist-regional-frequency-v1,compare then edit workbook
caribbean,no,no,birds,356,367572,Red-masked Parakeet,Psittacara erythrogenys,15,not_ranked,,,inaturalist-regional-frequency-v1,compare then edit workbook
caribbean,no,no,birds,357,18982,Orange-winged Amazon,Amazona amazonica,14,not_ranked,,,inaturalist-regional-frequency-v1,compare then edit workbook
caribbean,no,no,birds,358,18984,Yellow-naped Amazon,Amazona auropalliata,14,not_ranked,,,inaturalist-regional-frequency-v1,compare then edit workbook
caribbean,no,no,birds,359,558446,Northern Harrier,Circus hudsonius,14,not_ranked,,,inaturalist-regional-frequency-v1,compare then edit workbook
caribbean,no,no,birds,360,3017,Rock Pigeon,Columba livia,14,not_ranked,,,inaturalist-regional-frequency-v1,compare then edit workbook
caribbean,no,no,birds,361,11935,Tree Swallow,Tachycineta bicolor,14,not_ranked,,,inaturalist-regional-frequency-v1,compare then edit workbook
caribbean,no,no,birds,362,18976,Red-crowned Amazon,Amazona viridigenalis,13,not_ranked,,,inaturalist-regional-frequency-v1,compare then edit workbook
caribbean,no,no,birds,363,10442,Swainson's Warbler,Limnothlypis swainsonii,13,not_ranked,,,inaturalist-regional-frequency-v1,compare then edit workbook
caribbean,no,no,birds,364,13892,White-headed Munia,Lonchura maja,13,not_ranked,,,inaturalist-regional-frequency-v1,compare then edit workbook
caribbean,no,no,birds,365,4885,American Avocet,Recurvirostra americana,13,not_ranked,,,inaturalist-regional-frequency-v1,compare then edit workbook
caribbean,no,no,birds,366,6930,Mallard,Anas platyrhynchos,12,not_ranked,,,inaturalist-regional-frequency-v1,compare then edit workbook
caribbean,no,no,birds,367,11867,Purple Martin,Progne subis,12,not_ranked,,,inaturalist-regional-frequency-v1,compare then edit workbook
caribbean,no,no,birds,368,10139,Grasshopper Sparrow,Ammodramus savannarum,11,not_ranked,,,inaturalist-regional-frequency-v1,compare then edit workbook
caribbean,no,no,birds,369,6565,Lesser Antillean Swift,Chaetura martinica,11,not_ranked,,,inaturalist-regional-frequency-v1,compare then edit workbook
caribbean,no,no,birds,370,1506246,Lesser Antillean Euphonia,Chlorophonia flavifrons,11,not_ranked,,,inaturalist-regional-frequency-v1,compare then edit workbook
caribbean,no,no,birds,371,16680,Blue Mountain Elaenia,Elaenia fallax,11,not_ranked,,,inaturalist-regional-frequency-v1,compare then edit workbook
caribbean,no,no,birds,372,5301,Swallow-tailed Kite,Elanoides forficatus,11,not_ranked,,,inaturalist-regional-frequency-v1,compare then edit workbook
caribbean,no,no,birds,373,1583491,Yellow-breasted Crake,Laterallus flaviventer,11,not_ranked,,,inaturalist-regional-frequency-v1,compare then edit workbook
caribbean,no,no,birds,374,145230,Kirtland's Warbler,Setophaga kirtlandii,11,not_ranked,,,inaturalist-regional-frequency-v1,compare then edit workbook
caribbean,no,no,birds,375,19079,Rosy-faced Lovebird,Agapornis roseicollis,10,not_ranked,,,inaturalist-regional-frequency-v1,compare then edit workbook
caribbean,no,no,birds,376,204474,Eastern Chat-Tanager,Calyptophilus frugivorus,10,not_ranked,,,inaturalist-regional-frequency-v1,compare then edit workbook
caribbean,no,no,birds,377,337418,White-tailed Nightjar,Hydropsalis cayennensis,10,not_ranked,,,inaturalist-regional-frequency-v1,compare then edit workbook
caribbean,no,no,birds,378,145239,Chestnut-sided Warbler,Setophaga pensylvanica,10,not_ranked,,,inaturalist-regional-frequency-v1,compare then edit workbook
caribbean,no,no,birds,379,16783,Scissor-tailed Flycatcher,Tyrannus forficatus,10,not_ranked,,,inaturalist-regional-frequency-v1,compare then edit workbook
caribbean,no,no,birds,380,891704,Red-eyed Vireo,Vireo olivaceus,10,not_ranked,,,inaturalist-regional-frequency-v1,compare then edit workbook
caribbean,no,no,birds,381,12878,Swainson's Thrush,Catharus ustulatus,9,not_ranked,,,inaturalist-regional-frequency-v1,compare then edit workbook
caribbean,no,no,birds,382,144502,Bonaparte's Gull,Chroicocephalus philadelphia,9,not_ranked,,,inaturalist-regional-frequency-v1,compare then edit workbook
caribbean,no,no,birds,383,9921,Scarlet Tanager,Piranga olivacea,9,not_ranked,,,inaturalist-regional-frequency-v1,compare then edit workbook
caribbean,no,no,birds,384,9869,Grassland Yellow-Finch,Sicalis luteola,9,not_ranked,,,inaturalist-regional-frequency-v1,compare then edit workbook
caribbean,no,no,birds,385,20315,Short-eared Owl,Asio flammeus,8,not_ranked,,,inaturalist-regional-frequency-v1,compare then edit workbook
caribbean,no,no,birds,386,62528,Striated Heron,Butorides striata,8,not_ranked,,,inaturalist-regional-frequency-v1,compare then edit workbook
caribbean,no,no,birds,387,339593,Ruff,Calidris pugnax,8,not_ranked,,,inaturalist-regional-frequency-v1,compare then edit workbook
caribbean,no,no,birds,388,4512,Black Tern,Chlidonias niger,8,not_ranked,,,inaturalist-regional-frequency-v1,compare then edit workbook
caribbean,no,no,birds,389,7109,Hooded Merganser,Lophodytes cucullatus,8,not_ranked,,,inaturalist-regional-frequency-v1,compare then edit workbook
caribbean,no,no,birds,390,202471,Sun Parakeet,Aratinga solstitialis,7,not_ranked,,,inaturalist-regional-frequency-v1,compare then edit workbook
caribbean,no,no,birds,391,979756,Tennessee Warbler,Leiothlypis peregrina,7,not_ranked,,,inaturalist-regional-frequency-v1,compare then edit workbook
caribbean,no,no,birds,392,72989,Chestnut Munia,Lonchura atricapilla,7,not_ranked,,,inaturalist-regional-frequency-v1,compare then edit workbook
caribbean,no,no,birds,393,4457,Forster's Tern,Sterna forsteri,7,not_ranked,,,inaturalist-regional-frequency-v1,compare then edit workbook
caribbean,no,no,birds,394,12761,La Selle Thrush,Turdus swalesi,7,not_ranked,,,inaturalist-regional-frequency-v1,compare then edit workbook
caribbean,no,no,birds,395,6933,Northern Pintail,Anas acuta,6,not_ranked,,,inaturalist-regional-frequency-v1,compare then edit workbook
caribbean,no,no,birds,396,117191,White Cockatoo,Cacatua alba,6,not_ranked,,,inaturalist-regional-frequency-v1,compare then edit workbook
caribbean,no,no,birds,397,144510,Black-headed Gull,Chroicocephalus ridibundus,6,not_ranked,,,inaturalist-regional-frequency-v1,compare then edit workbook
caribbean,no,no,birds,398,144497,Wilson's Phalarope,Phalaropus tricolor,6,not_ranked,,,inaturalist-regional-frequency-v1,compare then edit workbook
caribbean,no,no,birds,399,17008,Eastern Phoebe,Sayornis phoebe,6,not_ranked,,,inaturalist-regional-frequency-v1,compare then edit workbook
caribbean,no,no,birds,400,3793,Red-footed Booby,Sula sula,6,not_ranked,,,inaturalist-regional-frequency-v1,compare then edit workbook
caribbean,no,no,fish,181,196857,Bridled Burrfish,Chilomycterus antennatus,43,not_ranked,,,inaturalist-regional-frequency-v1,compare then edit workbook
caribbean,no,no,fish,182,226272,Shortnose Batfish,Ogcocephalus nasutus,43,not_ranked,,,inaturalist-regional-frequency-v1,compare then edit workbook
caribbean,no,no,fish,183,112148,Rainbow Parrotfish,Scarus guacamaia,43,not_ranked,,,inaturalist-regional-frequency-v1,compare then edit workbook
caribbean,no,no,fish,184,47252,Northern Sennet,Sphyraena borealis,43,not_ranked,,,inaturalist-regional-frequency-v1,compare then edit workbook
caribbean,no,no,fish,185,129563,Jolthead Porgy,Calamus bajonado,42,not_ranked,,,inaturalist-regional-frequency-v1,compare then edit workbook
caribbean,no,no,fish,186,62592,Bridled Goby,Coryphopterus glaucofraenum,41,not_ranked,,,inaturalist-regional-frequency-v1,compare then edit workbook
caribbean,no,no,fish,187,127142,Purplemouth Moray,Gymnothorax vicinus,40,not_ranked,,,inaturalist-regional-frequency-v1,compare then edit workbook
caribbean,no,no,fish,188,179598,Silver Jenny,Eucinostomus gula,39,not_ranked,,,inaturalist-regional-frequency-v1,compare then edit workbook
caribbean,no,no,fish,189,47230,Atlantic Crevalle Jack,Caranx hippos,38,not_ranked,,,inaturalist-regional-frequency-v1,compare then edit workbook
caribbean,no,no,fish,190,98531,Common Dolphinfish,Coryphaena hippurus,38,not_ranked,,,inaturalist-regional-frequency-v1,compare then edit workbook
caribbean,no,no,fish,191,121324,Nile Tilapia,Oreochromis niloticus,38,not_ranked,,,inaturalist-regional-frequency-v1,compare then edit workbook
caribbean,no,no,fish,192,112544,Sirajo,Sicydium plumieri,38,not_ranked,,,inaturalist-regional-frequency-v1,compare then edit workbook
caribbean,no,no,fish,193,115194,Green Razorfish,Xyrichtys splendens,38,not_ranked,,,inaturalist-regional-frequency-v1,compare then edit workbook
caribbean,no,no,fish,194,49437,Common Snook,Centropomus undecimalis,37,not_ranked,,,inaturalist-regional-frequency-v1,compare then edit workbook
caribbean,no,no,fish,195,49933,Seaweed Blenny,Parablennius marmoreus,37,not_ranked,,,inaturalist-regional-frequency-v1,compare then edit workbook
caribbean,no,no,fish,196,93713,Atlantic Mutton Hamlet,Alphestes afer,36,not_ranked,,,inaturalist-regional-frequency-v1,compare then edit workbook
caribbean,no,no,fish,197,147139,Orangespotted Goby,Nes longus,36,not_ranked,,,inaturalist-regional-frequency-v1,compare then edit workbook
caribbean,no,no,fish,198,98945,Sheepshead Minnow,Cyprinodon variegatus,35,not_ranked,,,inaturalist-regional-frequency-v1,compare then edit workbook
caribbean,no,no,fish,199,131483,Chalk Bass,Serranus tortugarum,35,not_ranked,,,inaturalist-regional-frequency-v1,compare then edit workbook
caribbean,no,no,fish,200,57377,Green Puffer,Sphoeroides greeleyi,35,not_ranked,,,inaturalist-regional-frequency-v1,compare then edit workbook
caribbean,no,no,fish,201,357665,Red Devil Cichlid,Amphilophus labiatus,34,not_ranked,,,inaturalist-regional-frequency-v1,compare then edit workbook
caribbean,no,no,fish,202,52295,Spanish Grunt,Haemulon macrostoma,34,not_ranked,,,inaturalist-regional-frequency-v1,compare then edit workbook
caribbean,no,no,fish,203,47229,Bigeye Scad,Selar crumenophthalmus,34,not_ranked,,,inaturalist-regional-frequency-v1,compare then edit workbook
caribbean,no,no,fish,204,131521,Eyed Flounder,Bothus ocellatus,33,not_ranked,,,inaturalist-regional-frequency-v1,compare then edit workbook
caribbean,no,no,fish,205,147106,Sunshinefish,Chromis insolata,33,not_ranked,,,inaturalist-regional-frequency-v1,compare then edit workbook
caribbean,no,no,fish,206,128171,Yellownose Goby,Elacatinus randalli,33,not_ranked,,,inaturalist-regional-frequency-v1,compare then edit workbook
caribbean,no,no,fish,207,317115,Nineline Goby,Ginsburgellus novemlineatus,33,not_ranked,,,inaturalist-regional-frequency-v1,compare then edit workbook
caribbean,no,no,fish,208,317161,Yellowbelly Hamlet,Hypoplectrus aberrans,33,not_ranked,,,inaturalist-regional-frequency-v1,compare then edit workbook
caribbean,no,no,fish,209,208891,Jaguar Guapote,Parachromis managuensis,33,not_ranked,,,inaturalist-regional-frequency-v1,compare then edit workbook
caribbean,no,no,fish,210,63411,Reef Butterflyfish,Chaetodon sedentarius,32,not_ranked,,,inaturalist-regional-frequency-v1,compare then edit workbook
caribbean,no,no,fish,211,120694,Atlantic Tripletail,Lobotes surinamensis,32,not_ranked,,,inaturalist-regional-frequency-v1,compare then edit workbook
caribbean,no,no,fish,212,131466,Diamond Blenny,Malacoctenus boehlkei,32,not_ranked,,,inaturalist-regional-frequency-v1,compare then edit workbook
caribbean,no,no,fish,213,131506,Pallid Goby,Coryphopterus eidolon,31,not_ranked,,,inaturalist-regional-frequency-v1,compare then edit workbook
caribbean,no,no,fish,214,98553,Shortfin Pipefish,Cosmocampus elucens,31,not_ranked,,,inaturalist-regional-frequency-v1,compare then edit workbook
caribbean,no,no,fish,215,122033,Rainbow Runner,Elagatis bipinnulata,31,not_ranked,,,inaturalist-regional-frequency-v1,compare then edit workbook
caribbean,no,no,fish,216,131428,Red Lizardfish,Synodus synodus,31,not_ranked,,,inaturalist-regional-frequency-v1,compare then edit workbook
caribbean,no,no,fish,217,128199,Belted Cardinalfish,Apogon townsendi,30,not_ranked,,,inaturalist-regional-frequency-v1,compare then edit workbook
caribbean,no,no,fish,218,131502,Cleaner Goby,Elacatinus genie,30,not_ranked,,,inaturalist-regional-frequency-v1,compare then edit workbook
caribbean,no,no,fish,219,131492,Dusky Cardinalfish,Phaeoptyx pigmentaria,30,not_ranked,,,inaturalist-regional-frequency-v1,compare then edit workbook
caribbean,no,no,fish,220,131496,Rusty Goby,Priolepis hipoliti,30,not_ranked,,,inaturalist-regional-frequency-v1,compare then edit workbook
caribbean,no,no,fish,221,187316,Amur Carp,Cyprinus rubrofuscus,29,not_ranked,,,inaturalist-regional-frequency-v1,compare then edit workbook
caribbean,no,no,fish,222,133990,Whitefin Sharksucker,Echeneis neucratoides,29,not_ranked,,,inaturalist-regional-frequency-v1,compare then edit workbook
caribbean,no,no,fish,223,446050,Mimic Blenny,Gobioclinus guppyi,29,not_ranked,,,inaturalist-regional-frequency-v1,compare then edit workbook
caribbean,no,no,fish,224,132522,Crested Goby,Lophogobius cyprinoides,29,not_ranked,,,inaturalist-regional-frequency-v1,compare then edit workbook
caribbean,no,no,fish,225,51553,Almaco Jack,Seriola rivoliana,29,not_ranked,,,inaturalist-regional-frequency-v1,compare then edit workbook
caribbean,no,no,fish,226,49219,American Eel,Anguilla rostrata,28,not_ranked,,,inaturalist-regional-frequency-v1,compare then edit workbook
caribbean,no,no,fish,227,1360073,Bluelip Hamlet,Hypoplectrus affinis,28,not_ranked,,,inaturalist-regional-frequency-v1,compare then edit workbook
caribbean,no,no,fish,228,131476,Yellowtail Hamlet,Hypoplectrus chlorurus,28,not_ranked,,,inaturalist-regional-frequency-v1,compare then edit workbook
caribbean,no,no,fish,229,64476,Yellowfin Grouper,Mycteroperca venenosa,28,not_ranked,,,inaturalist-regional-frequency-v1,compare then edit workbook
caribbean,no,no,fish,230,1316038,Jackknife Fish,Eques lanceolatus,27,not_ranked,,,inaturalist-regional-frequency-v1,compare then edit workbook
caribbean,no,no,fish,231,147120,Stippled Clingfish,Gobiesox punctulatus,27,not_ranked,,,inaturalist-regional-frequency-v1,compare then edit workbook
caribbean,no,no,fish,232,131531,Blackfin Snapper,Lutjanus buccanella,27,not_ranked,,,inaturalist-regional-frequency-v1,compare then edit workbook
caribbean,no,no,fish,233,112857,Greenblotch Parrotfish,Sparisoma atomarium,27,not_ranked,,,inaturalist-regional-frequency-v1,compare then edit workbook
caribbean,no,no,fish,234,131505,Masked Goby,Coryphopterus personatus,26,not_ranked,,,inaturalist-regional-frequency-v1,compare then edit workbook
caribbean,no,no,fish,235,495478,Boga,Haemulon vittatum,26,not_ranked,,,inaturalist-regional-frequency-v1,compare then edit workbook
caribbean,no,no,fish,236,341957,Haitian Cichlid,Nandopsis haitiensis,26,not_ranked,,,inaturalist-regional-frequency-v1,compare then edit workbook
caribbean,no,no,fish,237,120708,Molly Miller,Scartella cristata,26,not_ranked,,,inaturalist-regional-frequency-v1,compare then edit workbook
caribbean,no,no,fish,238,69775,Black Trevally,Caranx lugubris,25,not_ranked,,,inaturalist-regional-frequency-v1,compare then edit workbook
caribbean,no,no,fish,239,446141,Mock Blenny,Labrisomus cricota,25,not_ranked,,,inaturalist-regional-frequency-v1,compare then edit workbook
caribbean,no,no,fish,240,619544,Guaru,Poecilia vivipara,25,not_ranked,,,inaturalist-regional-frequency-v1,compare then edit workbook
caribbean,no,no,fish,241,131389,Lantern Bass,Serranus baldwini,25,not_ranked,,,inaturalist-regional-frequency-v1,compare then edit workbook
caribbean,no,no,fish,242,179437,Green Swordtail,Xiphophorus hellerii,25,not_ranked,,,inaturalist-regional-frequency-v1,compare then edit workbook
caribbean,no,no,fish,243,317016,Sheepshead Porgy,Calamus penna,24,not_ranked,,,inaturalist-regional-frequency-v1,compare then edit workbook
caribbean,no,no,fish,244,56937,Leather Jack,Oligoplites saurus,24,not_ranked,,,inaturalist-regional-frequency-v1,compare then edit workbook
caribbean,no,no,fish,245,115188,Pearly Razorfish,Xyrichtys novacula,24,not_ranked,,,inaturalist-regional-frequency-v1,compare then edit workbook
caribbean,no,no,fish,246,95000,River Goby,Awaous banana,23,not_ranked,,,inaturalist-regional-frequency-v1,compare then edit workbook
caribbean,no,no,fish,247,131458,Dwarf Sand Perch,Diplectrum bivittatum,23,not_ranked,,,inaturalist-regional-frequency-v1,compare then edit workbook
caribbean,no,no,fish,248,128893,Yellowline Goby,Elacatinus horsti,23,not_ranked,,,inaturalist-regional-frequency-v1,compare then edit workbook
caribbean,no,no,fish,249,51356,Highfin Chub,Kyphosus cinerascens,23,not_ranked,,,inaturalist-regional-frequency-v1,compare then edit workbook
caribbean,no,no,fish,250,131518,Sargassum Triggerfish,Xanthichthys ringens,23,not_ranked,,,inaturalist-regional-frequency-v1,compare then edit workbook
caribbean,no,no,fish,251,131488,Barred Cardinalfish,Apogon binotatus,22,not_ranked,,,inaturalist-regional-frequency-v1,compare then edit workbook
caribbean,no,no,fish,252,528869,Redbreast Tilapia,Coptodon rendalli,22,not_ranked,,,inaturalist-regional-frequency-v1,compare then edit workbook
caribbean,no,no,fish,253,100110,Atlantic Goliath Grouper,Epinephelus itajara,22,not_ranked,,,inaturalist-regional-frequency-v1,compare then edit workbook
caribbean,no,no,fish,254,102072,Rainbow Wrasse,Halichoeres pictus,22,not_ranked,,,inaturalist-regional-frequency-v1,compare then edit workbook
caribbean,no,no,fish,255,317207,Imitator Blenny,Malacoctenus erdmani,22,not_ranked,,,inaturalist-regional-frequency-v1,compare then edit workbook
caribbean,no,no,fish,256,614976,Greenband Goby,Tigrigobius multifasciatus,22,not_ranked,,,inaturalist-regional-frequency-v1,compare then edit workbook
caribbean,no,no,fish,257,96936,Cherubfish,Centropyge argi,21,not_ranked,,,inaturalist-regional-frequency-v1,compare then edit workbook
caribbean,no,no,fish,258,99537,Fat Sleeper,Dormitator maculatus,21,not_ranked,,,inaturalist-regional-frequency-v1,compare then edit workbook
caribbean,no,no,fish,259,131503,Shortstripe Goby,Elacatinus chancei,21,not_ranked,,,inaturalist-regional-frequency-v1,compare then edit workbook
caribbean,no,no,fish,260,1315425,Pearly Molly,Poecilia perugiae,21,not_ranked,,,inaturalist-regional-frequency-v1,compare then edit workbook
caribbean,no,no,fish,261,445753,Yellowface Pikeblenny,Chaenopsis limbaughi,20,not_ranked,,,inaturalist-regional-frequency-v1,compare then edit workbook
caribbean,no,no,fish,262,47242,Atlantic Bluespotted Cornetfish,Fistularia tabacaria,20,not_ranked,,,inaturalist-regional-frequency-v1,compare then edit workbook
caribbean,no,no,fish,263,179571,Scaled Sardine,Harengula jaguana,20,not_ranked,,,inaturalist-regional-frequency-v1,compare then edit workbook
caribbean,no,no,fish,264,317159,Atlantic Oyster Blenny,Hypleurochilus pseudoaequipinnis,20,not_ranked,,,inaturalist-regional-frequency-v1,compare then edit workbook
caribbean,no,no,fish,265,317275,Blackfin Blenny,Paraclinus nigripinnis,20,not_ranked,,,inaturalist-regional-frequency-v1,compare then edit workbook
caribbean,no,no,fish,266,47257,Wahoo,Acanthocybium solandri,19,not_ranked,,,inaturalist-regional-frequency-v1,compare then edit workbook
caribbean,no,no,fish,267,316926,Red Clingfish,Acyrtus rubiginosus,19,not_ranked,,,inaturalist-regional-frequency-v1,compare then edit workbook
caribbean,no,no,fish,268,316953,Whitestar Cardinalfish,Apogon lachneri,19,not_ranked,,,inaturalist-regional-frequency-v1,compare then edit workbook
caribbean,no,no,fish,269,131395,Viper Moray,Enchelycore nigricans,19,not_ranked,,,inaturalist-regional-frequency-v1,compare then edit workbook
caribbean,no,no,fish,270,341914,Cuban mosquitofish,Gambusia punctata,19,not_ranked,,,inaturalist-regional-frequency-v1,compare then edit workbook
caribbean,no,no,fish,271,1316822,Harlequin Pipefish,Halicampus crinitus,19,not_ranked,,,inaturalist-regional-frequency-v1,compare then edit workbook
caribbean,no,no,fish,272,107717,Mottled Jawfish,Opistognathus maxillosus,19,not_ranked,,,inaturalist-regional-frequency-v1,compare then edit workbook
caribbean,no,no,fish,273,179448,Sand Drum,Umbrina coroides,19,not_ranked,,,inaturalist-regional-frequency-v1,compare then edit workbook
caribbean,no,no,fish,274,82779,Sharptooth Catfish,Clarias gariepinus,18,not_ranked,,,inaturalist-regional-frequency-v1,compare then edit workbook
caribbean,no,no,fish,275,1316787,Mottled Mojarra,Eucinostomus lefroyi,18,not_ranked,,,inaturalist-regional-frequency-v1,compare then edit workbook
caribbean,no,no,fish,276,317130,Black Grunt,Haemulon bonariense,18,not_ranked,,,inaturalist-regional-frequency-v1,compare then edit workbook
caribbean,no,no,fish,277,131446,Reef Scorpionfish,Scorpaenodes caribbaeus,18,not_ranked,,,inaturalist-regional-frequency-v1,compare then edit workbook
caribbean,no,no,fish,278,619433,Bahama gambusia,Gambusia manni,17,not_ranked,,,inaturalist-regional-frequency-v1,compare then edit workbook
caribbean,no,no,fish,279,180710,Shy Hamlet,Hypoplectrus guttavarius,17,not_ranked,,,inaturalist-regional-frequency-v1,compare then edit workbook
caribbean,no,no,fish,280,131477,Peppermint Basslet,Liopropoma rubre,17,not_ranked,,,inaturalist-regional-frequency-v1,compare then edit workbook
caribbean,no,no,fish,281,131515,Fringed Filefish,Monacanthus ciliatus,17,not_ranked,,,inaturalist-regional-frequency-v1,compare then edit workbook
caribbean,no,no,fish,282,317261,Banded Jawfish,Opistognathus macrognathus,17,not_ranked,,,inaturalist-regional-frequency-v1,compare then edit workbook
caribbean,no,no,fish,283,108614,Atlantic Creolefish,Paranthias furcifer,17,not_ranked,,,inaturalist-regional-frequency-v1,compare then edit workbook
caribbean,no,no,fish,284,131460,Tusked Goby,Risor ruber,17,not_ranked,,,inaturalist-regional-frequency-v1,compare then edit workbook
caribbean,no,no,fish,285,445830,Twinhorn Blenny,Coralliozetus cardonae,16,not_ranked,,,inaturalist-regional-frequency-v1,compare then edit workbook
caribbean,no,no,fish,286,317088,Broadstripe Goby,Elacatinus prochilos,16,not_ranked,,,inaturalist-regional-frequency-v1,compare then edit workbook
caribbean,no,no,fish,287,147135,Arrow Blenny,Lucayablennius zingaro,16,not_ranked,,,inaturalist-regional-frequency-v1,compare then edit workbook
caribbean,no,no,fish,288,1316105,Reef Silverside,Atherina harringtonensis,15,not_ranked,,,inaturalist-regional-frequency-v1,compare then edit workbook
caribbean,no,no,fish,289,126567,Butterfly Peacock Bass,Cichla ocellaris,15,not_ranked,,,inaturalist-regional-frequency-v1,compare then edit workbook
caribbean,no,no,fish,290,317063,Dash Goby,Ctenogobius saepepallens,15,not_ranked,,,inaturalist-regional-frequency-v1,compare then edit workbook
caribbean,no,no,fish,291,341397,Northern Caribbean Pupfish,Cyprinodon riverendi,15,not_ranked,,,inaturalist-regional-frequency-v1,compare then edit workbook
caribbean,no,no,fish,292,341925,Cuban Cichlid,Nandopsis tetracanthus,15,not_ranked,,,inaturalist-regional-frequency-v1,compare then edit workbook
caribbean,no,no,fish,293,121302,Blue Tilapia,Oreochromis aureus,15,not_ranked,,,inaturalist-regional-frequency-v1,compare then edit workbook
caribbean,no,no,fish,294,179610,Irish Pompano,Diapterus auratus,14,not_ranked,,,inaturalist-regional-frequency-v1,compare then edit workbook
caribbean,no,no,fish,295,218976,Smallscaled Spinycheek Sleeper,Eleotris perniger,14,not_ranked,,,inaturalist-regional-frequency-v1,compare then edit workbook
caribbean,no,no,fish,296,131388,Cottonwick,Haemulon melanurum,14,not_ranked,,,inaturalist-regional-frequency-v1,compare then edit workbook
caribbean,no,no,fish,297,470918,Cuban Gar,Atractosteus tristoechus,13,not_ranked,,,inaturalist-regional-frequency-v1,compare then edit workbook
caribbean,no,no,fish,298,96458,Lancer Dragonet,Callionymus bairdi,13,not_ranked,,,inaturalist-regional-frequency-v1,compare then edit workbook
caribbean,no,no,fish,299,121225,Mackerel Scad,Decapterus macarellus,13,not_ranked,,,inaturalist-regional-frequency-v1,compare then edit workbook
caribbean,no,no,fish,300,229304,Hovering Goby,Ptereleotris helenae,13,not_ranked,,,inaturalist-regional-frequency-v1,compare then edit workbook
caribbean,no,no,fish,301,112135,Midnight Parrotfish,Scarus coelestinus,13,not_ranked,,,inaturalist-regional-frequency-v1,compare then edit workbook
caribbean,no,no,fish,302,614971,Orangesided Goby,Tigrigobius dilepis,13,not_ranked,,,inaturalist-regional-frequency-v1,compare then edit workbook
caribbean,no,no,fish,303,179633,Atlantic Bumper,Chloroscombrus chrysurus,12,not_ranked,,,inaturalist-regional-frequency-v1,compare then edit workbook
caribbean,no,no,fish,304,179661,Striped Mojarra,Eugerres plumieri,12,not_ranked,,,inaturalist-regional-frequency-v1,compare then edit workbook
caribbean,no,no,fish,305,179896,Blackcap Basslet,Gramma melacara,12,not_ranked,,,inaturalist-regional-frequency-v1,compare then edit workbook
caribbean,no,no,fish,306,54540,Northern Seahorse,Hippocampus erectus,12,not_ranked,,,inaturalist-regional-frequency-v1,compare then edit workbook
caribbean,no,no,fish,307,127711,Sargassumfish,Histrio histrio,12,not_ranked,,,inaturalist-regional-frequency-v1,compare then edit workbook
caribbean,no,no,fish,308,617587,Redeye Mullet,Mugil rubrioculus,12,not_ranked,,,inaturalist-regional-frequency-v1,compare then edit workbook
caribbean,no,no,fish,309,179519,Atlantic Thread Herring,Opisthonema oglinum,12,not_ranked,,,inaturalist-regional-frequency-v1,compare then edit workbook
caribbean,no,no,fish,310,317308,Sevenfingered Threadfin,Polydactylus virginicus,12,not_ranked,,,inaturalist-regional-frequency-v1,compare then edit workbook
caribbean,no,no,fish,311,154499,King Mackerel,Scomberomorus cavalla,12,not_ranked,,,inaturalist-regional-frequency-v1,compare then edit workbook
caribbean,no,no,fish,312,53569,Plumed Scorpionfish,Scorpaena grandicornis,12,not_ranked,,,inaturalist-regional-frequency-v1,compare then edit workbook
caribbean,no,no,fish,313,85249,Mushroom Scorpionfish,Scorpaena inermis,12,not_ranked,,,inaturalist-regional-frequency-v1,compare then edit workbook
caribbean,no,no,fish,314,131430,Snakefish,Trachinocephalus myops,12,not_ranked,,,inaturalist-regional-frequency-v1,compare then edit workbook
caribbean,no,no,fish,315,131494,Blackfin Cardinalfish,Astrapogon puncticulatus,11,not_ranked,,,inaturalist-regional-frequency-v1,compare then edit workbook
caribbean,no,no,fish,316,98731,Bluelip Parrotfish,Cryptotomus roseus,11,not_ranked,,,inaturalist-regional-frequency-v1,compare then edit workbook
caribbean,no,no,fish,317,445935,Twobar triplefin,Enneanectes deloachorum,11,not_ranked,,,inaturalist-regional-frequency-v1,compare then edit workbook
caribbean,no,no,fish,318,49637,Red Grouper,Epinephelus morio,11,not_ranked,,,inaturalist-regional-frequency-v1,compare then edit workbook
caribbean,no,no,fish,319,317096,Bigeye Mojarra,Eucinostomus havana,11,not_ranked,,,inaturalist-regional-frequency-v1,compare then edit workbook
caribbean,no,no,fish,320,619431,Hispaniolan gambusia,Gambusia hispaniolae,11,not_ranked,,,inaturalist-regional-frequency-v1,compare then edit workbook
caribbean,no,no,fish,321,615099,Golden Basslet,Gramma dejongi,11,not_ranked,,,inaturalist-regional-frequency-v1,compare then edit workbook
caribbean,no,no,fish,322,102481,Banded Jewelfish,Hemichromis fasciatus,11,not_ranked,,,inaturalist-regional-frequency-v1,compare then edit workbook
caribbean,no,no,fish,323,81554,Channel Catfish,Ictalurus punctatus,11,not_ranked,,,inaturalist-regional-frequency-v1,compare then edit workbook
caribbean,no,no,fish,324,107025,Emerald Parrotfish,Nicholsina usta,11,not_ranked,,,inaturalist-regional-frequency-v1,compare then edit workbook
caribbean,no,no,fish,325,131493,Freckled Cardinalfish,Phaeoptyx conklini,11,not_ranked,,,inaturalist-regional-frequency-v1,compare then edit workbook
caribbean,no,no,fish,326,1316633,Burro Grunt,Rhonciscus crocro,11,not_ranked,,,inaturalist-regional-frequency-v1,compare then edit workbook
caribbean,no,no,fish,327,54440,Inshore Lizardfish,Synodus foetens,11,not_ranked,,,inaturalist-regional-frequency-v1,compare then edit workbook
caribbean,no,no,fish,328,114123,Blackfin Tuna,Thunnus atlanticus,11,not_ranked,,,inaturalist-regional-frequency-v1,compare then edit workbook
caribbean,no,no,fish,329,1315622,Splitlure Frogfish,Antennarius scaber,10,not_ranked,,,inaturalist-regional-frequency-v1,compare then edit workbook
caribbean,no,no,fish,330,217635,Patch-reef Goby,Coryphopterus tortugae,10,not_ranked,,,inaturalist-regional-frequency-v1,compare then edit workbook
caribbean,no,no,fish,331,179605,Stippled Spoon-nose Eel,Echiophis punctifer,10,not_ranked,,,inaturalist-regional-frequency-v1,compare then edit workbook
caribbean,no,no,fish,332,317087,Spotlight Goby,Elacatinus louisae,10,not_ranked,,,inaturalist-regional-frequency-v1,compare then edit workbook
caribbean,no,no,fish,333,445936,Matador Triplefin,Enneanectes matador,10,not_ranked,,,inaturalist-regional-frequency-v1,compare then edit workbook
caribbean,no,no,fish,334,446049,Palehead Blenny,Gobioclinus gobio,10,not_ranked,,,inaturalist-regional-frequency-v1,compare then edit workbook
caribbean,no,no,fish,335,131528,Silk Snapper,Lutjanus vivanus,10,not_ranked,,,inaturalist-regional-frequency-v1,compare then edit workbook
caribbean,no,no,fish,336,317269,Spotfin Goby,Oxyurichthys stigmalophius,10,not_ranked,,,inaturalist-regional-frequency-v1,compare then edit workbook
caribbean,no,no,fish,337,109887,Common Molly,Poecilia sphenops,10,not_ranked,,,inaturalist-regional-frequency-v1,compare then edit workbook
caribbean,no,no,fish,338,131479,Spotted Soapfish,Rypticus subbifrenatus,10,not_ranked,,,inaturalist-regional-frequency-v1,compare then edit workbook
caribbean,no,no,fish,339,51549,Greater Amberjack,Seriola dumerili,10,not_ranked,,,inaturalist-regional-frequency-v1,compare then edit workbook
caribbean,no,no,fish,340,47250,Guachanche Barracuda,Sphyraena guachancho,10,not_ranked,,,inaturalist-regional-frequency-v1,compare then edit workbook
caribbean,no,no,fish,341,317399,Channel Flounder,Syacium micrurum,10,not_ranked,,,inaturalist-regional-frequency-v1,compare then edit workbook
caribbean,no,no,fish,342,135196,Flat Needlefish,Ablennes hians,9,not_ranked,,,inaturalist-regional-frequency-v1,compare then edit workbook
caribbean,no,no,fish,343,93641,African Pompano,Alectis ciliaris,9,not_ranked,,,inaturalist-regional-frequency-v1,compare then edit workbook
caribbean,no,no,fish,344,216366,Swordspine Snook,Centropomus ensiferus,9,not_ranked,,,inaturalist-regional-frequency-v1,compare then edit workbook
caribbean,no,no,fish,345,179625,Darter Goby,Ctenogobius boleosoma,9,not_ranked,,,inaturalist-regional-frequency-v1,compare then edit workbook
caribbean,no,no,fish,346,123659,Cigar Minnow,Decapterus punctatus,9,not_ranked,,,inaturalist-regional-frequency-v1,compare then edit workbook
caribbean,no,no,fish,347,131474,Lofty Triplefin,Enneanectes altivelis,9,not_ranked,,,inaturalist-regional-frequency-v1,compare then edit workbook
caribbean,no,no,fish,348,131473,Redeye Triplefin,Enneanectes atrorus,9,not_ranked,,,inaturalist-regional-frequency-v1,compare then edit workbook
caribbean,no,no,fish,349,179600,Spotfin Mojarra,Eucinostomus argenteus,9,not_ranked,,,inaturalist-regional-frequency-v1,compare then edit workbook
caribbean,no,no,fish,350,120614,Little Tunny,Euthynnus alletteratus,9,not_ranked,,,inaturalist-regional-frequency-v1,compare then edit workbook
caribbean,no,no,fish,351,102041,Yellowcheek Wrasse,Halichoeres cyanocephalus,9,not_ranked,,,inaturalist-regional-frequency-v1,compare then edit workbook
caribbean,no,no,fish,352,119719,Sailfish,Istiophorus platypterus,9,not_ranked,,,inaturalist-regional-frequency-v1,compare then edit workbook
caribbean,no,no,fish,353,56943,Skipjack Tuna,Katsuwonus pelamis,9,not_ranked,,,inaturalist-regional-frequency-v1,compare then edit workbook
caribbean,no,no,fish,354,179515,Frillfin Goby,Bathygobius soporator,8,not_ranked,,,inaturalist-regional-frequency-v1,compare then edit workbook
caribbean,no,no,fish,355,147136,Barfin Blenny,Malacoctenus versicolor,8,not_ranked,,,inaturalist-regional-frequency-v1,compare then edit workbook
caribbean,no,no,fish,356,106222,Sea Mullet,Mugil cephalus,8,not_ranked,,,inaturalist-regional-frequency-v1,compare then edit workbook
caribbean,no,no,fish,357,341955,elegant molly,Poecilia elegans,8,not_ranked,,,inaturalist-regional-frequency-v1,compare then edit workbook
caribbean,no,no,fish,358,317315,Bluewing Searobin,Prionotus punctatus,8,not_ranked,,,inaturalist-regional-frequency-v1,compare then edit workbook
caribbean,no,no,fish,359,619696,Freshwater gregory,Stegastes otophorus,8,not_ranked,,,inaturalist-regional-frequency-v1,compare then edit workbook
caribbean,no,no,fish,360,316954,Mimic Cardinalfish,Apogon phenax,7,not_ranked,,,inaturalist-regional-frequency-v1,compare then edit workbook
caribbean,no,no,fish,361,614344,Checkerboard Frillfin,Bathygobius lacertus,7,not_ranked,,,inaturalist-regional-frequency-v1,compare then edit workbook
caribbean,no,no,fish,362,98541,Glass Goby,Coryphopterus hyalinus,7,not_ranked,,,inaturalist-regional-frequency-v1,compare then edit workbook
caribbean,no,no,fish,363,341529,Jaragua Pupfish,Cyprinodon nichollsi,7,not_ranked,,,inaturalist-regional-frequency-v1,compare then edit workbook
caribbean,no,no,fish,364,53911,European Carp,Cyprinus carpio,7,not_ranked,,,inaturalist-regional-frequency-v1,compare then edit workbook
caribbean,no,no,fish,365,450423,Spinycheek Sleeper,Eleotris pisonis,7,not_ranked,,,inaturalist-regional-frequency-v1,compare then edit workbook
caribbean,no,no,fish,366,317090,Smoothhead Glass Blenny,Emblemariopsis bahamensis,7,not_ranked,,,inaturalist-regional-frequency-v1,compare then edit workbook
caribbean,no,no,fish,367,131393,Chestnut Moray,Enchelycore carychroa,7,not_ranked,,,inaturalist-regional-frequency-v1,compare then edit workbook
caribbean,no,no,fish,368,135195,Slender Mojarra,Eucinostomus jonesii,7,not_ranked,,,inaturalist-regional-frequency-v1,compare then edit workbook
caribbean,no,no,fish,369,49949,Striped Grunt,Haemulon striatum,7,not_ranked,,,inaturalist-regional-frequency-v1,compare then edit workbook
caribbean,no,no,fish,370,615149,Roughneck Grunt,Haemulopsis corvinaeformis,7,not_ranked,,,inaturalist-regional-frequency-v1,compare then edit workbook
caribbean,no,no,fish,371,147455,Blue Marlin,Makaira nigricans,7,not_ranked,,,inaturalist-regional-frequency-v1,compare then edit workbook
caribbean,no,no,fish,372,317533,Brazilian Batfish,Ogcocephalus vespertilio,7,not_ranked,,,inaturalist-regional-frequency-v1,compare then edit workbook
caribbean,no,no,fish,373,1316858,Cuban Lima,Poecilia vittata,7,not_ranked,,,inaturalist-regional-frequency-v1,compare then edit workbook
caribbean,no,no,fish,374,132526,Planehead Filefish,Stephanolepis hispida,7,not_ranked,,,inaturalist-regional-frequency-v1,compare then edit workbook
caribbean,no,no,fish,375,69675,Yellowfin Tuna,Thunnus albacares,7,not_ranked,,,inaturalist-regional-frequency-v1,compare then edit workbook
caribbean,no,no,fish,376,614979,Leopard Goby,Tigrigobius saucrus,7,not_ranked,,,inaturalist-regional-frequency-v1,compare then edit workbook
caribbean,no,no,fish,377,445579,Speckled Blenny,Acanthemblemaria betinensis,6,not_ranked,,,inaturalist-regional-frequency-v1,compare then edit workbook
caribbean,no,no,fish,378,147101,Medusa Blenny,Acanthemblemaria medusa,6,not_ranked,,,inaturalist-regional-frequency-v1,compare then edit workbook
caribbean,no,no,fish,379,194921,Unicorn Leatherjacket,Aluterus monoceros,6,not_ranked,,,inaturalist-regional-frequency-v1,compare then edit workbook
caribbean,no,no,fish,380,120641,Bandtooth Conger,Ariosoma balearicum,6,not_ranked,,,inaturalist-regional-frequency-v1,compare then edit workbook
caribbean,no,no,fish,381,208885,Oscar,Astronotus ocellatus,6,not_ranked,,,inaturalist-regional-frequency-v1,compare then edit workbook
caribbean,no,no,fish,382,317038,Bluethroat Pikeblenny,Chaenopsis ocellata,6,not_ranked,,,inaturalist-regional-frequency-v1,compare then edit workbook
caribbean,no,no,fish,383,131406,Manytooth Conger,Conger triporiceps,6,not_ranked,,,inaturalist-regional-frequency-v1,compare then edit workbook
caribbean,no,no,fish,384,194215,Whitenose Pipefish,Cosmocampus albirostris,6,not_ranked,,,inaturalist-regional-frequency-v1,compare then edit workbook
caribbean,no,no,fish,385,51405,Ladyfish,Elops saurus,6,not_ranked,,,inaturalist-regional-frequency-v1,compare then edit workbook
caribbean,no,no,fish,386,445925,Blackfin Glass Blenny,Emblemariopsis leptocirris,6,not_ranked,,,inaturalist-regional-frequency-v1,compare then edit workbook
caribbean,no,no,fish,387,103606,Dwarf Round Herring,Jenkinsia lamprotaenia,6,not_ranked,,,inaturalist-regional-frequency-v1,compare then edit workbook
caribbean,no,no,fish,388,85365,Redbreast Sunfish,Lepomis auritus,6,not_ranked,,,inaturalist-regional-frequency-v1,compare then edit workbook
caribbean,no,no,fish,389,614698,Diphasic Goby,Lythrypnus heterochroma,6,not_ranked,,,inaturalist-regional-frequency-v1,compare then edit workbook
caribbean,no,no,fish,390,614706,Signal Goby,Microgobius signatus,6,not_ranked,,,inaturalist-regional-frequency-v1,compare then edit workbook
caribbean,no,no,fish,391,64466,Yellowmouth Grouper,Mycteroperca interstitialis,6,not_ranked,,,inaturalist-regional-frequency-v1,compare then edit workbook
caribbean,no,no,fish,392,179526,Polka-dot Batfish,Ogcocephalus cubifrons,6,not_ranked,,,inaturalist-regional-frequency-v1,compare then edit workbook
caribbean,no,no,fish,393,209211,Rosy Barb,Pethia conchonius,6,not_ranked,,,inaturalist-regional-frequency-v1,compare then edit workbook
caribbean,no,no,fish,394,131456,Cardinal Soldierfish,Plectrypops retrospinis,6,not_ranked,,,inaturalist-regional-frequency-v1,compare then edit workbook
caribbean,no,no,fish,395,131482,School Bass,Schultzea beta,6,not_ranked,,,inaturalist-regional-frequency-v1,compare then edit workbook
caribbean,no,no,fish,396,179469,Lookdown,Selene vomer,6,not_ranked,,,inaturalist-regional-frequency-v1,compare then edit workbook
caribbean,no,no,fish,397,231831,Timucu Needlefish,Strongylura timucu,6,not_ranked,,,inaturalist-regional-frequency-v1,compare then edit workbook
caribbean,no,no,fish,398,317427,Reitz's Clingfish,Tomicodon reitzae,6,not_ranked,,,inaturalist-regional-frequency-v1,compare then edit workbook
caribbean,no,no,fish,399,114750,Striped drum,Umbrina broussonnetii,6,not_ranked,,,inaturalist-regional-frequency-v1,compare then edit workbook
caribbean,no,no,fish,400,179439,Southern Platyfish,Xiphophorus maculatus,6,not_ranked,,,inaturalist-regional-frequency-v1,compare then edit workbook
caribbean,no,no,mammals,101,41496,Spinner Dolphin,Stenella longirostris,1,not_ranked,,,inaturalist-regional-frequency-v1,compare then edit workbook
caribbean,no,no,reptiles,131,39665,Loggerhead Sea Turtle,Caretta caretta,34,not_ranked,,,inaturalist-regional-frequency-v1,compare then edit workbook
caribbean,no,no,reptiles,132,36662,Olsson's Anole,Anolis olssoni,33,not_ranked,,,inaturalist-regional-frequency-v1,compare then edit workbook
caribbean,no,no,reptiles,133,36556,Black-throated Stout Anole,Anolis armouri,31,not_ranked,,,inaturalist-regional-frequency-v1,compare then edit workbook
caribbean,no,no,reptiles,134,34580,Yellow-headed Gecko,Gonatodes albogularis,31,not_ranked,,,inaturalist-regional-frequency-v1,compare then edit workbook
caribbean,no,no,reptiles,135,33695,Black-spotted Least Gecko,Sphaerodactylus nigropunctatus,31,not_ranked,,,inaturalist-regional-frequency-v1,compare then edit workbook
caribbean,no,no,reptiles,136,116456,Blue Mountains Anole,Anolis reconditus,30,not_ranked,,,inaturalist-regional-frequency-v1,compare then edit workbook
caribbean,no,no,reptiles,137,539873,Hispaniolan Dune Curlytail Lizard,Leiocephalus sixtoi,30,not_ranked,,,inaturalist-regional-frequency-v1,compare then edit workbook
caribbean,no,no,reptiles,138,33665,Roosevelt's beige sphaero,Sphaerodactylus roosevelti,30,not_ranked,,,inaturalist-regional-frequency-v1,compare then edit workbook
caribbean,no,no,reptiles,139,36552,Bahoruco Long-snouted Anole,Anolis bahorucoensis,29,not_ranked,,,inaturalist-regional-frequency-v1,compare then edit workbook
caribbean,no,no,reptiles,140,1148895,Saona Stout Anole,Anolis ravifaux,29,not_ranked,,,inaturalist-regional-frequency-v1,compare then edit workbook
caribbean,no,no,reptiles,141,33758,Cope's Least Gecko,Sphaerodactylus copei,29,not_ranked,,,inaturalist-regional-frequency-v1,compare then edit workbook
caribbean,no,no,reptiles,142,540260,Northern Bahamas Trope,Tropidophis curtus,29,not_ranked,,,inaturalist-regional-frequency-v1,compare then edit workbook
caribbean,no,no,reptiles,143,318626,La Desirade Anole,Anolis desiradei,28,not_ranked,,,inaturalist-regional-frequency-v1,compare then edit workbook
caribbean,no,no,reptiles,144,474361,Bahamian Boa,Chilabothrus strigilatus,28,not_ranked,,,inaturalist-regional-frequency-v1,compare then edit workbook
caribbean,no,no,reptiles,145,1119888,Isla Vieques Dwarf Gecko,Sphaerodactylus inigoi,28,not_ranked,,,inaturalist-regional-frequency-v1,compare then edit workbook
caribbean,no,no,reptiles,146,31877,Blind Worm Lizard,Amphisbaena caeca,27,not_ranked,,,inaturalist-regional-frequency-v1,compare then edit workbook
caribbean,no,no,reptiles,147,36541,Dominican giant anole,Anolis baleatus,27,not_ranked,,,inaturalist-regional-frequency-v1,compare then edit workbook
caribbean,no,no,reptiles,148,112906,Altagracia Speckled Sphaero,Sphaerodactylus savagei,27,not_ranked,,,inaturalist-regional-frequency-v1,compare then edit workbook
caribbean,no,no,reptiles,149,30146,Terre-de-Haut Racer,Alsophis sanctonum,26,not_ranked,,,inaturalist-regional-frequency-v1,compare then edit workbook
caribbean,no,no,reptiles,150,32653,Jamaica Worm Snake,Typhlops jamaicensis,26,not_ranked,,,inaturalist-regional-frequency-v1,compare then edit workbook
caribbean,no,no,reptiles,151,30120,Anguilla Bank Racer,Alsophis rijgersmaei,25,not_ranked,,,inaturalist-regional-frequency-v1,compare then edit workbook
caribbean,no,no,reptiles,152,539312,Pedernales Green Anole,Anolis chlorodius,25,not_ranked,,,inaturalist-regional-frequency-v1,compare then edit workbook
caribbean,no,no,reptiles,153,28199,Magliophis stahli,Magliophis stahli,25,not_ranked,,,inaturalist-regional-frequency-v1,compare then edit workbook
caribbean,no,no,reptiles,154,539463,Jamaican Boa,Chilabothrus subflavus,24,not_ranked,,,inaturalist-regional-frequency-v1,compare then edit workbook
caribbean,no,no,reptiles,155,31890,Puerto Rican Galliwasp,Diploglossus pleii,24,not_ranked,,,inaturalist-regional-frequency-v1,compare then edit workbook
caribbean,no,no,reptiles,156,28226,Jamaican Red Groundsnake,Hypsirhynchus callilaemus,24,not_ranked,,,inaturalist-regional-frequency-v1,compare then edit workbook
caribbean,no,no,reptiles,157,36679,Holguin Anole,Anolis noblei,23,not_ranked,,,inaturalist-regional-frequency-v1,compare then edit workbook
caribbean,no,no,reptiles,158,35285,Anegada Ground Iguana,Cyclura pinguis,23,not_ranked,,,inaturalist-regional-frequency-v1,compare then edit workbook
caribbean,no,no,reptiles,159,73887,Red Cornsnake,Pantherophis guttatus,23,not_ranked,,,inaturalist-regional-frequency-v1,compare then edit workbook
caribbean,no,no,reptiles,160,33689,Reef Gecko,Sphaerodactylus notatus,23,not_ranked,,,inaturalist-regional-frequency-v1,compare then edit workbook
caribbean,no,no,reptiles,161,28049,Striped Keelback,Xenochrophis vittatus,23,not_ranked,,,inaturalist-regional-frequency-v1,compare then edit workbook
caribbean,no,no,reptiles,162,30788,Martinique Lancehead,Bothrops lanceolatus,22,not_ranked,,,inaturalist-regional-frequency-v1,compare then edit workbook
caribbean,no,no,reptiles,163,146135,Rough-scaled Worm Lizard,Gymnophthalmus pleii,22,not_ranked,,,inaturalist-regional-frequency-v1,compare then edit workbook
caribbean,no,no,reptiles,164,36540,Baracoa Anole,Anolis baracoae,21,not_ranked,,,inaturalist-regional-frequency-v1,compare then edit workbook
caribbean,no,no,reptiles,165,36533,Hispaniolan hopping anole,Anolis barbouri,21,not_ranked,,,inaturalist-regional-frequency-v1,compare then edit workbook
caribbean,no,no,reptiles,166,540079,Saint Croix Ground Lizard,Pholidoscelis polops,21,not_ranked,,,inaturalist-regional-frequency-v1,compare then edit workbook
caribbean,no,no,reptiles,167,33821,Townsend's dwarf sphaero,Sphaerodactylus townsendi,21,not_ranked,,,inaturalist-regional-frequency-v1,compare then edit workbook
caribbean,no,no,reptiles,168,36535,Barahona Anole,Anolis barahonae,20,not_ranked,,,inaturalist-regional-frequency-v1,compare then edit workbook
caribbean,no,no,reptiles,169,1649945,Hispaniolan Chevronate Forest Lizard,Panolopus melanchrous,20,not_ranked,,,inaturalist-regional-frequency-v1,compare then edit workbook
caribbean,no,no,reptiles,170,33950,Puerto Rican Leaf-toed Gecko,Phyllodactylus wirshingi,20,not_ranked,,,inaturalist-regional-frequency-v1,compare then edit workbook
caribbean,no,no,reptiles,171,30148,Terre-de-Bas Racer,Alsophis danforthi,19,not_ranked,,,inaturalist-regional-frequency-v1,compare then edit workbook
caribbean,no,no,reptiles,172,36571,La Vega Anole,Anolis aliniger,19,not_ranked,,,inaturalist-regional-frequency-v1,compare then edit workbook
caribbean,no,no,reptiles,173,116455,Peninsula Anole,Anolis quadriocellifer,19,not_ranked,,,inaturalist-regional-frequency-v1,compare then edit workbook
caribbean,no,no,reptiles,174,39804,Haitian Slider,Trachemys decorata,19,not_ranked,,,inaturalist-regional-frequency-v1,compare then edit workbook
caribbean,no,no,reptiles,175,318625,Petite Terre Anole,Anolis chrysops,18,not_ranked,,,inaturalist-regional-frequency-v1,compare then edit workbook
caribbean,no,no,reptiles,176,539353,Puerto Rican Coastal Blindsnake,Antillotyphlops hypomethes,18,not_ranked,,,inaturalist-regional-frequency-v1,compare then edit workbook
caribbean,no,no,reptiles,177,33566,Hispaniolan Desert Gecko,Aristelliger expectatus,18,not_ranked,,,inaturalist-regional-frequency-v1,compare then edit workbook
caribbean,no,no,reptiles,178,1659759,Samana Keeled Forest Lizard,Comptus alloeides,18,not_ranked,,,inaturalist-regional-frequency-v1,compare then edit workbook
caribbean,no,no,reptiles,179,35295,Mona Rhinoceros Iguana,Cyclura stejnegeri,18,not_ranked,,,inaturalist-regional-frequency-v1,compare then edit workbook
caribbean,no,no,reptiles,180,33823,Cuban Broad-banded Sphaero,Sphaerodactylus torrei,18,not_ranked,,,inaturalist-regional-frequency-v1,compare then edit workbook
caribbean,no,no,reptiles,181,36671,West Indies Anole,Anolis oligaspis,17,not_ranked,,,inaturalist-regional-frequency-v1,compare then edit workbook
caribbean,no,no,reptiles,182,539459,Hispaniolan Gracile Boa,Chilabothrus gracilis,17,not_ranked,,,inaturalist-regional-frequency-v1,compare then edit workbook
caribbean,no,no,reptiles,183,39344,Sierra Curlytail Lizard,Leiocephalus onaneyi,17,not_ranked,,,inaturalist-regional-frequency-v1,compare then edit workbook
caribbean,no,no,reptiles,184,32537,Two-lined Blind Snake,Tetracheilostoma bilineatum,17,not_ranked,,,inaturalist-regional-frequency-v1,compare then edit workbook
caribbean,no,no,reptiles,185,539357,Puerto Rican White-tailed Blindsnake,Antillotyphlops platycephalus,16,not_ranked,,,inaturalist-regional-frequency-v1,compare then edit workbook
caribbean,no,no,reptiles,186,39384,Inagua Curlytail Lizard,Leiocephalus inaguae,16,not_ranked,,,inaturalist-regional-frequency-v1,compare then edit workbook
caribbean,no,no,reptiles,187,33795,Alto Velo Least Gecko,Sphaerodactylus altavelensis,16,not_ranked,,,inaturalist-regional-frequency-v1,compare then edit workbook
caribbean,no,no,reptiles,188,33735,Jamaican Forest Sphaero,Sphaerodactylus goniorhynchus,16,not_ranked,,,inaturalist-regional-frequency-v1,compare then edit workbook
caribbean,no,no,reptiles,189,146442,Culebra Skink,Spondylurus culebrae,16,not_ranked,,,inaturalist-regional-frequency-v1,compare then edit workbook
caribbean,no,no,reptiles,190,28160,Island Pointed Snake,Uromacer frenatus,16,not_ranked,,,inaturalist-regional-frequency-v1,compare then edit workbook
caribbean,no,no,reptiles,191,31829,Mann's Worm Lizard,Amphisbaena manni,15,not_ranked,,,inaturalist-regional-frequency-v1,compare then edit workbook
caribbean,no,no,reptiles,192,539313,Santo Domingo Green Anole,Anolis cyanostictus,15,not_ranked,,,inaturalist-regional-frequency-v1,compare then edit workbook
caribbean,no,no,reptiles,193,36478,Hispaniolan Stout Anole,Anolis cybotes,15,not_ranked,,,inaturalist-regional-frequency-v1,compare then edit workbook
caribbean,no,no,reptiles,194,539457,Abaco Island Boa,Chilabothrus exsul,15,not_ranked,,,inaturalist-regional-frequency-v1,compare then edit workbook
caribbean,no,no,reptiles,195,31849,Cope's Worm Lizard,Amphisbaena fenestrata,14,not_ranked,,,inaturalist-regional-frequency-v1,compare then edit workbook
caribbean,no,no,reptiles,196,36723,Isla Beata Anole,Anolis longitibialis,14,not_ranked,,,inaturalist-regional-frequency-v1,compare then edit workbook
caribbean,no,no,reptiles,197,1403157,Puerta Plata Giant Galliwasp,Caribicus warreni,14,not_ranked,,,inaturalist-regional-frequency-v1,compare then edit workbook
caribbean,no,no,reptiles,198,539309,La Selle Twig Anole,Anolis apletolepis,13,not_ranked,,,inaturalist-regional-frequency-v1,compare then edit workbook
caribbean,no,no,reptiles,199,36534,Western Bearded Anole,Anolis barbatus,13,not_ranked,,,inaturalist-regional-frequency-v1,compare then edit workbook
caribbean,no,no,reptiles,200,36706,Red-fanned Stout Anole,Anolis marcanoi,13,not_ranked,,,inaturalist-regional-frequency-v1,compare then edit workbook
caribbean,no,no,reptiles,201,116445,Five-striped grass anole,Anolis ophiolepis,13,not_ranked,,,inaturalist-regional-frequency-v1,compare then edit workbook
caribbean,no,no,reptiles,202,539333,Haitian Green Anole,Anolis ricordii,13,not_ranked,,,inaturalist-regional-frequency-v1,compare then edit workbook
caribbean,no,no,reptiles,203,28211,Oriente brown-capped racerlet,Arrhyton redimitum,13,not_ranked,,,inaturalist-regional-frequency-v1,compare then edit workbook
caribbean,no,no,reptiles,204,1649949,Dark Spotted Forest Lizard,Panolopus oreistes,13,not_ranked,,,inaturalist-regional-frequency-v1,compare then edit workbook
caribbean,no,no,reptiles,205,36423,Henderson's Anole,Anolis hendersoni,12,not_ranked,,,inaturalist-regional-frequency-v1,compare then edit workbook
caribbean,no,no,reptiles,206,31939,Jamaican Galliwasp,Celestus crusculus,12,not_ranked,,,inaturalist-regional-frequency-v1,compare then edit workbook
caribbean,no,no,reptiles,207,33806,Central Bahamas Sphaero,Sphaerodactylus corticola,12,not_ranked,,,inaturalist-regional-frequency-v1,compare then edit workbook
caribbean,no,no,reptiles,208,33664,Ruibal's Least Gecko,Sphaerodactylus ruibali,12,not_ranked,,,inaturalist-regional-frequency-v1,compare then edit workbook
caribbean,no,no,reptiles,209,32308,Spotted Brown Trope,Tropidophis pardalis,12,not_ranked,,,inaturalist-regional-frequency-v1,compare then edit workbook
caribbean,no,no,reptiles,210,32609,Hispaniola Worm Snake,Typhlops pusillus,12,not_ranked,,,inaturalist-regional-frequency-v1,compare then edit workbook
caribbean,no,no,reptiles,211,32603,Puerto Rican Worm Snake,Typhlops rostellatus,12,not_ranked,,,inaturalist-regional-frequency-v1,compare then edit workbook
caribbean,no,no,reptiles,212,36557,Bay Anole,Anolis argillaceus,11,not_ranked,,,inaturalist-regional-frequency-v1,compare then edit workbook
caribbean,no,no,reptiles,213,539316,Pedernales Twig Anole,Anolis eladioi,11,not_ranked,,,inaturalist-regional-frequency-v1,compare then edit workbook
caribbean,no,no,reptiles,214,539460,Virgin Islands boa,Chilabothrus granti,11,not_ranked,,,inaturalist-regional-frequency-v1,compare then edit workbook
caribbean,no,no,reptiles,215,32524,San Salvador Blind Snake,Epictia columbi,11,not_ranked,,,inaturalist-regional-frequency-v1,compare then edit workbook
caribbean,no,no,reptiles,216,39358,Tiburon Curlytail,Leiocephalus melanochlorus,11,not_ranked,,,inaturalist-regional-frequency-v1,compare then edit workbook
caribbean,no,no,reptiles,217,33681,Parker's Least Gecko,Sphaerodactylus parkeri,11,not_ranked,,,inaturalist-regional-frequency-v1,compare then edit workbook
caribbean,no,no,reptiles,218,36508,Short-bearded Anole,Anolis chamaeleonides,10,not_ranked,,,inaturalist-regional-frequency-v1,compare then edit workbook
caribbean,no,no,reptiles,219,539526,Guantanamo Bay Blindsnake,Cubatyphlops perimychus,10,not_ranked,,,inaturalist-regional-frequency-v1,compare then edit workbook
caribbean,no,no,reptiles,220,606389,Sombrero Ameiva,Pholidoscelis corvinus,10,not_ranked,,,inaturalist-regional-frequency-v1,compare then edit workbook
caribbean,no,no,reptiles,221,33831,Island Least Gecko,Sphaerodactylus sputator,10,not_ranked,,,inaturalist-regional-frequency-v1,compare then edit workbook
caribbean,no,no,reptiles,222,114720,Earthworm Blind Snake,Typhlops lumbricalis,10,not_ranked,,,inaturalist-regional-frequency-v1,compare then edit workbook
caribbean,no,no,reptiles,223,539315,Blue Pine Anole,Anolis divius,9,not_ranked,,,inaturalist-regional-frequency-v1,compare then edit workbook
caribbean,no,no,reptiles,224,36419,Pineland Bush Anole,Anolis inexpectatus,9,not_ranked,,,inaturalist-regional-frequency-v1,compare then edit workbook
caribbean,no,no,reptiles,225,36689,Mona Anole,Anolis monensis,9,not_ranked,,,inaturalist-regional-frequency-v1,compare then edit workbook
caribbean,no,no,reptiles,226,33662,Samana Least Gecko,Sphaerodactylus samanensis,9,not_ranked,,,inaturalist-regional-frequency-v1,compare then edit workbook
caribbean,no,no,reptiles,227,32326,Feick's Dwarf Boa,Tropidophis feicki,9,not_ranked,,,inaturalist-regional-frequency-v1,compare then edit workbook
caribbean,no,no,reptiles,228,540263,Jamaican Brown Dwarf Boa,Tropidophis jamaicensis,9,not_ranked,,,inaturalist-regional-frequency-v1,compare then edit workbook
caribbean,no,no,reptiles,229,1642156,Striped Earless Forest Lizard,Wetmorena surda,9,not_ranked,,,inaturalist-regional-frequency-v1,compare then edit workbook
caribbean,no,no,reptiles,230,797597,Peters's Rock Agama,Agama picticauda,8,not_ranked,,,inaturalist-regional-frequency-v1,compare then edit workbook
caribbean,no,no,reptiles,231,36569,Noble's Anole,Anolis altavelensis,8,not_ranked,,,inaturalist-regional-frequency-v1,compare then edit workbook
caribbean,no,no,reptiles,232,36565,Anfiloquio's Anole,Anolis anfiloquioi,8,not_ranked,,,inaturalist-regional-frequency-v1,compare then edit workbook
caribbean,no,no,reptiles,233,36502,Hill Anole,Anolis clivicola,8,not_ranked,,,inaturalist-regional-frequency-v1,compare then edit workbook
caribbean,no,no,reptiles,234,31859,Isla de Pinos Worm Lizard,Cadea blanoides,8,not_ranked,,,inaturalist-regional-frequency-v1,compare then edit workbook
caribbean,no,no,reptiles,235,33780,Beatty's Least Gecko,Sphaerodactylus beattyi,8,not_ranked,,,inaturalist-regional-frequency-v1,compare then edit workbook
caribbean,no,no,reptiles,236,31860,Cuban Many-ringed Amphisbaena,Amphisbaena barbouri,7,not_ranked,,,inaturalist-regional-frequency-v1,compare then edit workbook
caribbean,no,no,reptiles,237,36650,Oriente Bearded Anole,Anolis porcus,7,not_ranked,,,inaturalist-regional-frequency-v1,compare then edit workbook
caribbean,no,no,reptiles,238,28207,Günther's Island Racer,Arrhyton taeniatum,7,not_ranked,,,inaturalist-regional-frequency-v1,compare then edit workbook
caribbean,no,no,reptiles,239,539458,Ford's Boa,Chilabothrus fordii,7,not_ranked,,,inaturalist-regional-frequency-v1,compare then edit workbook
caribbean,no,no,reptiles,240,539519,Bahaman Slender Blindsnake,Cubatyphlops biminiensis,7,not_ranked,,,inaturalist-regional-frequency-v1,compare then edit workbook
caribbean,no,no,reptiles,241,1649940,Southeastern Smooth-scaled Forest Lizard,Panolopus hylonomus,7,not_ranked,,,inaturalist-regional-frequency-v1,compare then edit workbook
caribbean,no,no,reptiles,242,33772,Baracoan Eyespot Sphaero,Sphaerodactylus celicara,7,not_ranked,,,inaturalist-regional-frequency-v1,compare then edit workbook
caribbean,no,no,reptiles,243,1439400,Puerto Rican Karst Gecko,Sphaerodactylus verdeluzicola,7,not_ranked,,,inaturalist-regional-frequency-v1,compare then edit workbook
caribbean,no,no,reptiles,244,116388,Escambray Blue-eyed Anole,Anolis ahli,6,not_ranked,,,inaturalist-regional-frequency-v1,compare then edit workbook
caribbean,no,no,reptiles,245,36722,Peach Anole,Anolis loysiana,6,not_ranked,,,inaturalist-regional-frequency-v1,compare then edit workbook
caribbean,no,no,reptiles,246,36631,Castillon Anole,Anolis rupinae,6,not_ranked,,,inaturalist-regional-frequency-v1,compare then edit workbook
caribbean,no,no,reptiles,247,28202,Common Island Racer,Arrhyton vittatum,6,not_ranked,,,inaturalist-regional-frequency-v1,compare then edit workbook
caribbean,no,no,reptiles,248,28216,Jamaican Long-tailed Groundsnake,Hypsirhynchus polylepis,6,not_ranked,,,inaturalist-regional-frequency-v1,compare then edit workbook
caribbean,no,no,reptiles,249,491869,Reticulated Python,Malayopython reticulatus,6,not_ranked,,,inaturalist-regional-frequency-v1,compare then edit workbook
caribbean,no,no,reptiles,250,28287,Caribbean Water Snake,Tretanorhinus variabilis,6,not_ranked,,,inaturalist-regional-frequency-v1,compare then edit workbook
caribbean,no,no,reptiles,251,32304,Banded Dwarf Boa,Tropidophis semicinctus,6,not_ranked,,,inaturalist-regional-frequency-v1,compare then edit workbook
caribbean,no,no,reptiles,252,36568,Barahona Grass Anole,Anolis alumina,5,not_ranked,,,inaturalist-regional-frequency-v1,compare then edit workbook
caribbean,no,no,reptiles,253,36438,Fowler's Anole,Anolis fowleri,5,not_ranked,,,inaturalist-regional-frequency-v1,compare then edit workbook
caribbean,no,no,reptiles,254,36586,Santiago Grass Anole,Anolis rejectus,5,not_ranked,,,inaturalist-regional-frequency-v1,compare then edit workbook
caribbean,no,no,reptiles,255,39566,Florida Softshell Turtle,Apalone ferox,5,not_ranked,,,inaturalist-regional-frequency-v1,compare then edit workbook
caribbean,no,no,reptiles,256,112902,Darlington's Least Gecko,Sphaerodactylus darlingtoni,5,not_ranked,,,inaturalist-regional-frequency-v1,compare then edit workbook
caribbean,no,no,reptiles,257,33707,Mona Least Gecko,Sphaerodactylus monensis,5,not_ranked,,,inaturalist-regional-frequency-v1,compare then edit workbook
caribbean,no,no,reptiles,258,31851,Cuban Worm Lizard,Amphisbaena cubana,4,not_ranked,,,inaturalist-regional-frequency-v1,compare then edit workbook
caribbean,no,no,reptiles,259,36451,Place Negre Anole,Anolis dolichocephalus,4,not_ranked,,,inaturalist-regional-frequency-v1,compare then edit workbook
caribbean,no,no,reptiles,260,36524,La Palma Anole,Anolis insolitus,4,not_ranked,,,inaturalist-regional-frequency-v1,compare then edit workbook
caribbean,no,no,reptiles,261,36415,Jatibonico Anole,Anolis isolepis,4,not_ranked,,,inaturalist-regional-frequency-v1,compare then edit workbook
caribbean,no,no,reptiles,262,539332,Green Twig Anole,Anolis prasinorius,4,not_ranked,,,inaturalist-regional-frequency-v1,compare then edit workbook
caribbean,no,no,reptiles,263,40089,African Spurred Tortoise,Centrochelys sulcata,4,not_ranked,,,inaturalist-regional-frequency-v1,compare then edit workbook
caribbean,no,no,reptiles,265,31904,Cuban Galliwasp,Diploglossus delasagra,4,not_ranked,,,inaturalist-regional-frequency-v1,compare then edit workbook
caribbean,no,no,reptiles,266,26740,Haitian Groundsnake,Ialtris haetianus,4,not_ranked,,,inaturalist-regional-frequency-v1,compare then edit workbook
caribbean,no,no,reptiles,267,1633691,Alto Velo curlytail lizard,Leiocephalus altavelensis,4,not_ranked,,,inaturalist-regional-frequency-v1,compare then edit workbook
caribbean,no,no,reptiles,268,146251,Désirade Skink,Mabuya desiradae,4,not_ranked,,,inaturalist-regional-frequency-v1,compare then edit workbook
caribbean,no,no,reptiles,269,32158,Ball Python,Python regius,4,not_ranked,,,inaturalist-regional-frequency-v1,compare then edit workbook
caribbean,no,no,reptiles,270,33787,Guantanamo Coastal Gecko,Sphaerodactylus armasi,4,not_ranked,,,inaturalist-regional-frequency-v1,compare then edit workbook
caribbean,no,no,reptiles,271,33739,Chevronated sphaero,Sphaerodactylus gaigeae,4,not_ranked,,,inaturalist-regional-frequency-v1,compare then edit workbook
caribbean,no,no,reptiles,272,33648,Anguilla Bank Sphaero,Sphaerodactylus parvus,4,not_ranked,,,inaturalist-regional-frequency-v1,compare then edit workbook
caribbean,no,no,reptiles,273,33669,Zapata Big-scaled Sphaero,Sphaerodactylus richardi,4,not_ranked,,,inaturalist-regional-frequency-v1,compare then edit workbook
caribbean,no,no,reptiles,274,146443,Jamaican Skink,Spondylurus fulgidus,4,not_ranked,,,inaturalist-regional-frequency-v1,compare then edit workbook
caribbean,no,no,reptiles,275,113779,Crombie's Wall Gecko,Tarentola crombiei,4,not_ranked,,,inaturalist-regional-frequency-v1,compare then edit workbook
caribbean,no,no,reptiles,276,32313,Spotted Dwarf Boa,Tropidophis maculatus,4,not_ranked,,,inaturalist-regional-frequency-v1,compare then edit workbook
caribbean,no,no,reptiles,277,32302,Ghost Dwarf Boa,Tropidophis spiritus,4,not_ranked,,,inaturalist-regional-frequency-v1,compare then edit workbook
caribbean,no,no,reptiles,278,32301,Wright's Dwarf Boa,Tropidophis wrighti,4,not_ranked,,,inaturalist-regional-frequency-v1,compare then edit workbook
caribbean,no,no,reptiles,279,1642162,Barahona Earless Forest Lizard,Wetmorena mylica,4,not_ranked,,,inaturalist-regional-frequency-v1,compare then edit workbook
caribbean,no,no,reptiles,280,36574,Guantanamo Twig Anole,Anolis alayoni,3,not_ranked,,,inaturalist-regional-frequency-v1,compare then edit workbook
caribbean,no,no,reptiles,281,145896,Turquino Green-mottled Anole,Anolis altitudinalis,3,not_ranked,,,inaturalist-regional-frequency-v1,compare then edit workbook
caribbean,no,no,reptiles,282,36514,Green Anole,Anolis carolinensis,3,not_ranked,,,inaturalist-regional-frequency-v1,compare then edit workbook
caribbean,no,no,reptiles,283,36686,Mountain Anole,Anolis monticola,3,not_ranked,,,inaturalist-regional-frequency-v1,compare then edit workbook
caribbean,no,no,reptiles,284,36655,Placid Anole,Anolis placidus,3,not_ranked,,,inaturalist-regional-frequency-v1,compare then edit workbook
caribbean,no,no,reptiles,285,94177,Cuban Spiny-Plant Anole,Anolis pumilus,3,not_ranked,,,inaturalist-regional-frequency-v1,compare then edit workbook
caribbean,no,no,reptiles,286,36622,Cabral Anole,Anolis sheplani,3,not_ranked,,,inaturalist-regional-frequency-v1,compare then edit workbook
caribbean,no,no,reptiles,287,36593,Webster's Anole,Anolis websteri,3,not_ranked,,,inaturalist-regional-frequency-v1,compare then edit workbook
caribbean,no,no,reptiles,288,94641,Reyes’ Caribbean Gecko,Aristelliger reyesi,3,not_ranked,,,inaturalist-regional-frequency-v1,compare then edit workbook
caribbean,no,no,reptiles,289,28204,San Vincente Island Racer,Arrhyton tanyplectum,3,not_ranked,,,inaturalist-regional-frequency-v1,compare then edit workbook
caribbean,no,no,reptiles,290,1403158,Darlington's Galliwasp,Caribicus darlingtoni,3,not_ranked,,,inaturalist-regional-frequency-v1,compare then edit workbook
caribbean,no,no,reptiles,291,539462,Mona Island Boa,Chilabothrus monensis,3,not_ranked,,,inaturalist-regional-frequency-v1,compare then edit workbook
caribbean,no,no,reptiles,292,1403142,Cope's Galliwasp,Comptus stenurus,3,not_ranked,,,inaturalist-regional-frequency-v1,compare then edit workbook
caribbean,no,no,reptiles,293,30145,Hispaniola Racer,Haitiophis anomalus,3,not_ranked,,,inaturalist-regional-frequency-v1,compare then edit workbook
caribbean,no,no,reptiles,294,34435,Mediterranean House Gecko,Hemidactylus turcicus,3,not_ranked,,,inaturalist-regional-frequency-v1,compare then edit workbook
caribbean,no,no,reptiles,295,30063,Brown Fanged Snake,Ialtris dorsalis,3,not_ranked,,,inaturalist-regional-frequency-v1,compare then edit workbook
caribbean,no,no,reptiles,296,39380,Rum Cay Curlytail Lizard,Leiocephalus loxogrammus,3,not_ranked,,,inaturalist-regional-frequency-v1,compare then edit workbook
caribbean,no,no,reptiles,297,539947,Petite Terre Skink,Mabuya parviterrae,3,not_ranked,,,inaturalist-regional-frequency-v1,compare then edit workbook
caribbean,no,no,reptiles,298,1403103,Marcano's Galliwasp,Panolopus marcanoi,3,not_ranked,,,inaturalist-regional-frequency-v1,compare then edit workbook
caribbean,no,no,reptiles,299,540076,Inagua Ameiva,Pholidoscelis maynardii,3,not_ranked,,,inaturalist-regional-frequency-v1,compare then edit workbook
caribbean,no,no,reptiles,300,73790,Southeastern Five-lined Skink,Plestiodon inexpectatus,3,not_ranked,,,inaturalist-regional-frequency-v1,compare then edit workbook
caribbean,no,no,reptiles,301,1403091,Eastern Four-toed Forest Lizard,Sauresia sepsoides,3,not_ranked,,,inaturalist-regional-frequency-v1,compare then edit workbook
caribbean,no,no,reptiles,302,33777,Rough-banded Sphaero,Sphaerodactylus callocricus,3,not_ranked,,,inaturalist-regional-frequency-v1,compare then edit workbook
caribbean,no,no,reptiles,303,112905,Les Saintes Geckolet,Sphaerodactylus phyzacinus,3,not_ranked,,,inaturalist-regional-frequency-v1,compare then edit workbook
caribbean,no,no,reptiles,304,112907,Gray-headed Geckolet,Sphaerodactylus siboney,3,not_ranked,,,inaturalist-regional-frequency-v1,compare then edit workbook
caribbean,no,no,reptiles,305,33826,Barahona Limestone Sphaero,Sphaerodactylus thompsoni,3,not_ranked,,,inaturalist-regional-frequency-v1,compare then edit workbook
caribbean,no,no,reptiles,306,146449,Mona Skink,Spondylurus monae,3,not_ranked,,,inaturalist-regional-frequency-v1,compare then edit workbook
caribbean,no,no,reptiles,307,146453,Lesser Virgin Islands Skink,Spondylurus semitaeniatus,3,not_ranked,,,inaturalist-regional-frequency-v1,compare then edit workbook
caribbean,no,no,reptiles,308,146454,Virgin Islands Bronze Skink,Spondylurus sloanii,3,not_ranked,,,inaturalist-regional-frequency-v1,compare then edit workbook
caribbean,no,no,reptiles,309,540266,Jamaican Eyespot Dwarf Boa,Tropidophis stejnegeri,3,not_ranked,,,inaturalist-regional-frequency-v1,compare then edit workbook
caribbean,no,no,reptiles,310,114574,Guanahacabibes dwarf boa,Tropidophis xanthogaster,3,not_ranked,,,inaturalist-regional-frequency-v1,compare then edit workbook
caribbean,no,no,reptiles,311,31837,Barahona Amphisbaena,Amphisbaena hyporissor,2,not_ranked,,,inaturalist-regional-frequency-v1,compare then edit workbook
caribbean,no,no,reptiles,312,36509,Central Anole,Anolis centralis,2,not_ranked,,,inaturalist-regional-frequency-v1,compare then edit workbook
caribbean,no,no,reptiles,313,539314,Île Grande Cayemite Green Anole,Anolis demissus,2,not_ranked,,,inaturalist-regional-frequency-v1,compare then edit workbook
caribbean,no,no,reptiles,314,36474,Desecheo Anole,Anolis desechensis,2,not_ranked,,,inaturalist-regional-frequency-v1,compare then edit workbook
caribbean,no,no,reptiles,315,36435,Moa Anole,Anolis fugitivus,2,not_ranked,,,inaturalist-regional-frequency-v1,compare then edit workbook
caribbean,no,no,reptiles,316,116416,Cabo Cruz Banded Anole,Anolis guafe,2,not_ranked,,,inaturalist-regional-frequency-v1,compare then edit workbook
caribbean,no,no,reptiles,317,318630,Kahouanne Anole,Anolis kahouannensis,2,not_ranked,,,inaturalist-regional-frequency-v1,compare then edit workbook
caribbean,no,no,reptiles,318,36694,Jacmel Gracile Anole,Anolis marron,2,not_ranked,,,inaturalist-regional-frequency-v1,compare then edit workbook
caribbean,no,no,reptiles,319,36624,Silver Key Anole,Anolis scriptus,2,not_ranked,,,inaturalist-regional-frequency-v1,compare then edit workbook
caribbean,no,no,reptiles,320,36620,Porcupine Anole,Anolis singularis,2,not_ranked,,,inaturalist-regional-frequency-v1,compare then edit workbook
caribbean,no,no,reptiles,321,1439525,Western Dwarf Green Anole,Anolis viridulus,2,not_ranked,,,inaturalist-regional-frequency-v1,compare then edit workbook
caribbean,no,no,reptiles,322,31928,Thomas' Galliwasp,Celestus macrotus,2,not_ranked,,,inaturalist-regional-frequency-v1,compare then edit workbook
caribbean,no,no,reptiles,323,1403155,Celestus molesworthi,Celestus molesworthi,2,not_ranked,,,inaturalist-regional-frequency-v1,compare then edit workbook
caribbean,no,no,reptiles,324,27137,North American Racer,Coluber constrictor,2,not_ranked,,,inaturalist-regional-frequency-v1,compare then edit workbook
caribbean,no,no,reptiles,325,539523,Goliath Blindsnake,Cubatyphlops golyathi,2,not_ranked,,,inaturalist-regional-frequency-v1,compare then edit workbook
caribbean,no,no,reptiles,326,28221,Jamaican Black Groundsnake,Hypsirhynchus funereus,2,not_ranked,,,inaturalist-regional-frequency-v1,compare then edit workbook
caribbean,no,no,reptiles,327,558906,Cayman Curly-tailed Lizard,Leiocephalus varius,2,not_ranked,,,inaturalist-regional-frequency-v1,compare then edit workbook
caribbean,no,no,reptiles,328,73844,Kemp's Ridley Sea Turtle,Lepidochelys kempii,2,not_ranked,,,inaturalist-regional-frequency-v1,compare then edit workbook
caribbean,no,no,reptiles,329,32526,Samana Threadsnake,Mitophis calypso,2,not_ranked,,,inaturalist-regional-frequency-v1,compare then edit workbook
caribbean,no,no,reptiles,330,1649936,Big-nosed Smooth-scaled Forest Lizard,Panolopus chalcorhabdus,2,not_ranked,,,inaturalist-regional-frequency-v1,compare then edit workbook
caribbean,no,no,reptiles,331,39824,Florida Red-bellied Cooter,Pseudemys nelsoni,2,not_ranked,,,inaturalist-regional-frequency-v1,compare then edit workbook
caribbean,no,no,reptiles,332,33771,Cochran's Least Gecko,Sphaerodactylus cochranae,2,not_ranked,,,inaturalist-regional-frequency-v1,compare then edit workbook
caribbean,no,no,reptiles,333,540215,Jamaican Tailspot Sphaero,Sphaerodactylus dacnicolor,2,not_ranked,,,inaturalist-regional-frequency-v1,compare then edit workbook
caribbean,no,no,reptiles,334,112903,Yellow-tailed Dwarf Gecko,Sphaerodactylus dimorphicus,2,not_ranked,,,inaturalist-regional-frequency-v1,compare then edit workbook
caribbean,no,no,reptiles,335,33733,Inagua Least Gecko,Sphaerodactylus inaguae,2,not_ranked,,,inaturalist-regional-frequency-v1,compare then edit workbook
caribbean,no,no,reptiles,336,33670,Two-striped sphaero,Sphaerodactylus rhabdotus,2,not_ranked,,,inaturalist-regional-frequency-v1,compare then edit workbook
caribbean,no,no,reptiles,337,33666,Richardson's Least Gecko,Sphaerodactylus richardsoni,2,not_ranked,,,inaturalist-regional-frequency-v1,compare then edit workbook
caribbean,no,no,reptiles,338,146452,Anguilla Bank Skink,Spondylurus powelli,2,not_ranked,,,inaturalist-regional-frequency-v1,compare then edit workbook
caribbean,no,no,reptiles,339,32336,Bahama Wood Snake,Tropidophis canus,2,not_ranked,,,inaturalist-regional-frequency-v1,compare then edit workbook
caribbean,no,no,reptiles,340,540261,Escambray White-necked Trope,Tropidophis galacelidus,2,not_ranked,,,inaturalist-regional-frequency-v1,compare then edit workbook
caribbean,no,no,reptiles,341,1129097,Tropidophis steinleini,Tropidophis steinleini,2,not_ranked,,,inaturalist-regional-frequency-v1,compare then edit workbook
caribbean,no,no,reptiles,342,32597,Schwartz' Worm Snake,Typhlops schwartzi,2,not_ranked,,,inaturalist-regional-frequency-v1,compare then edit workbook
caribbean,no,no,reptiles,343,31833,Innocent Worm Lizard,Amphisbaena innocens,1,not_ranked,,,inaturalist-regional-frequency-v1,compare then edit workbook
caribbean,no,no,reptiles,344,31805,Puerto Rican Dusky Amphisbaena,Amphisbaena schmidti,1,not_ranked,,,inaturalist-regional-frequency-v1,compare then edit workbook
caribbean,no,no,reptiles,345,31795,Dry Worm Lizard,Amphisbaena xera,1,not_ranked,,,inaturalist-regional-frequency-v1,compare then edit workbook
caribbean,no,no,reptiles,346,36575,Cabo Cruz Bearded Anole,Anolis agueroi,1,not_ranked,,,inaturalist-regional-frequency-v1,compare then edit workbook
caribbean,no,no,reptiles,347,606437,Golden Gracile Anole,Anolis aurifer,1,not_ranked,,,inaturalist-regional-frequency-v1,compare then edit workbook
caribbean,no,no,reptiles,348,36410,Herradura Anole,Anolis bremeri,1,not_ranked,,,inaturalist-regional-frequency-v1,compare then edit workbook
caribbean,no,no,reptiles,349,36512,Cochran's Gianthead Anole,Anolis caudalis,1,not_ranked,,,inaturalist-regional-frequency-v1,compare then edit workbook
caribbean,no,no,reptiles,350,36482,Yateras Anole,Anolis cyanopleurus,1,not_ranked,,,inaturalist-regional-frequency-v1,compare then edit workbook
caribbean,no,no,reptiles,351,1148896,Gonave Stout Anole,Anolis doris,1,not_ranked,,,inaturalist-regional-frequency-v1,compare then edit workbook
caribbean,no,no,reptiles,352,36447,Eugene's Anole,Anolis eugenegrahami,1,not_ranked,,,inaturalist-regional-frequency-v1,compare then edit workbook
caribbean,no,no,reptiles,353,36434,Escambray Twig Anole,Anolis garridoi,1,not_ranked,,,inaturalist-regional-frequency-v1,compare then edit workbook
caribbean,no,no,reptiles,354,36428,Escambray Bearded Anole,Anolis guamuhaya,1,not_ranked,,,inaturalist-regional-frequency-v1,compare then edit workbook
caribbean,no,no,reptiles,355,116417,Sierra Anole,Anolis guazuma,1,not_ranked,,,inaturalist-regional-frequency-v1,compare then edit workbook
caribbean,no,no,reptiles,356,539320,Dominican Giant Anole,Anolis landestoyi,1,not_ranked,,,inaturalist-regional-frequency-v1,compare then edit workbook
caribbean,no,no,reptiles,357,36708,Black-cheeked Bush Anole,Anolis macilentus,1,not_ranked,,,inaturalist-regional-frequency-v1,compare then edit workbook
caribbean,no,no,reptiles,358,36656,Cayo Francés anole,Anolis pigmaequestris,1,not_ranked,,,inaturalist-regional-frequency-v1,compare then edit workbook
caribbean,no,no,reptiles,359,36634,Marmelade Anole,Anolis rimarum,1,not_ranked,,,inaturalist-regional-frequency-v1,compare then edit workbook
caribbean,no,no,reptiles,360,94181,Cabo Cruz Pallid Anole,Anolis ruibali,1,not_ranked,,,inaturalist-regional-frequency-v1,compare then edit workbook
caribbean,no,no,reptiles,361,36587,Gray-banded Green Anole,Anolis toldo,1,not_ranked,,,inaturalist-regional-frequency-v1,compare then edit workbook
caribbean,no,no,reptiles,362,36602,Vanidicus Anole,Anolis vanidicus,1,not_ranked,,,inaturalist-regional-frequency-v1,compare then edit workbook
caribbean,no,no,reptiles,363,539348,Brown-backed Blind Snake,Antillotyphlops catapontus,1,not_ranked,,,inaturalist-regional-frequency-v1,compare then edit workbook
caribbean,no,no,reptiles,364,539355,Mona Blind Snake,Antillotyphlops monensis,1,not_ranked,,,inaturalist-regional-frequency-v1,compare then edit workbook
caribbean,no,no,reptiles,365,539356,Antillotyphlops naugus,Antillotyphlops naugus,1,not_ranked,,,inaturalist-regional-frequency-v1,compare then edit workbook
caribbean,no,no,reptiles,366,1630823,Richard's Worm Snake,Antillotyphlops richardii,1,not_ranked,,,inaturalist-regional-frequency-v1,compare then edit workbook
caribbean,no,no,reptiles,367,33568,Striped Caribbean Gecko,Aristelliger barbouri,1,not_ranked,,,inaturalist-regional-frequency-v1,compare then edit workbook
caribbean,no,no,reptiles,368,28225,Habana Island Racer,Arrhyton dolichura,1,not_ranked,,,inaturalist-regional-frequency-v1,compare then edit workbook
caribbean,no,no,reptiles,369,1223324,Caja de Muertos Racer,Borikenophis prymnus,1,not_ranked,,,inaturalist-regional-frequency-v1,compare then edit workbook
caribbean,no,no,reptiles,370,30122,Mona Island Racer,Borikenophis variegatus,1,not_ranked,,,inaturalist-regional-frequency-v1,compare then edit workbook
caribbean,no,no,reptiles,371,31957,Limestone Forest Galliwasp,Celestus barbouri,1,not_ranked,,,inaturalist-regional-frequency-v1,compare then edit workbook
caribbean,no,no,reptiles,372,31926,Heward's Galliwasp,Celestus hewardii,1,not_ranked,,,inaturalist-regional-frequency-v1,compare then edit workbook
caribbean,no,no,reptiles,373,1403154,Fowler's Galliwasp,Celestus striatus,1,not_ranked,,,inaturalist-regional-frequency-v1,compare then edit workbook
caribbean,no,no,reptiles,374,34161,Turner's Thick-toed Gecko,Chondrodactylus turneri,1,not_ranked,,,inaturalist-regional-frequency-v1,compare then edit workbook
caribbean,no,no,reptiles,375,39477,Cuban Night Lizard,Cricosaura typica,1,not_ranked,,,inaturalist-regional-frequency-v1,compare then edit workbook
caribbean,no,no,reptiles,376,34630,Common Four-clawed Gecko,Gehyra mutilata,1,not_ranked,,,inaturalist-regional-frequency-v1,compare then edit workbook
caribbean,no,no,reptiles,377,1439431,Guarocuyus jaraguanus,Guarocuyus jaraguanus,1,not_ranked,,,inaturalist-regional-frequency-v1,compare then edit workbook
caribbean,no,no,reptiles,378,30065,Hispaniola Cat-eyed Snake,Hypsirhynchus ferox,1,not_ranked,,,inaturalist-regional-frequency-v1,compare then edit workbook
caribbean,no,no,reptiles,379,39386,East Plana Curlytail,Leiocephalus greenwayi,1,not_ranked,,,inaturalist-regional-frequency-v1,compare then edit workbook
caribbean,no,no,reptiles,380,39325,Spotted Curlytail Lizard,Leiocephalus punctatus,1,not_ranked,,,inaturalist-regional-frequency-v1,compare then edit workbook
caribbean,no,no,reptiles,381,39670,Olive Ridley Sea Turtle,Lepidochelys olivacea,1,not_ranked,,,inaturalist-regional-frequency-v1,compare then edit workbook
caribbean,no,no,reptiles,382,29323,Saltmarsh Snake,Nerodia clarkii,1,not_ranked,,,inaturalist-regional-frequency-v1,compare then edit workbook
caribbean,no,no,reptiles,383,1403104,Hispaniolan Khaki Galliwasp,Panolopus curtissi,1,not_ranked,,,inaturalist-regional-frequency-v1,compare then edit workbook
caribbean,no,no,reptiles,384,109023,West African Mud Turtle,Pelusios castaneus,1,not_ranked,,,inaturalist-regional-frequency-v1,compare then edit workbook
caribbean,no,no,reptiles,385,34050,Gold Dust Day Gecko,Phelsuma laticauda,1,not_ranked,,,inaturalist-regional-frequency-v1,compare then edit workbook
caribbean,no,no,reptiles,386,1250123,Mona Ameiva,Pholidoscelis alboguttatus,1,not_ranked,,,inaturalist-regional-frequency-v1,compare then edit workbook
caribbean,no,no,reptiles,387,1250124,Desecheo Ameiva,Pholidoscelis desechensis,1,not_ranked,,,inaturalist-regional-frequency-v1,compare then edit workbook
caribbean,no,no,reptiles,388,738131,Dominican Leaf-Toed Gecko,Phyllodactylus hispaniolae,1,not_ranked,,,inaturalist-regional-frequency-v1,compare then edit workbook
caribbean,no,no,reptiles,389,39825,Peninsular Cooter,Pseudemys peninsularis,1,not_ranked,,,inaturalist-regional-frequency-v1,compare then edit workbook
caribbean,no,no,reptiles,390,39826,Northern Red-bellied Cooter,Pseudemys rubriventris,1,not_ranked,,,inaturalist-regional-frequency-v1,compare then edit workbook
caribbean,no,no,reptiles,391,33732,Mantanzas Least Gecko,Sphaerodactylus intermedius,1,not_ranked,,,inaturalist-regional-frequency-v1,compare then edit workbook
caribbean,no,no,reptiles,392,33727,Eastern Least Gecko,Sphaerodactylus leucaster,1,not_ranked,,,inaturalist-regional-frequency-v1,compare then edit workbook
caribbean,no,no,reptiles,393,33726,Desecheo Gecko,Sphaerodactylus levinsi,1,not_ranked,,,inaturalist-regional-frequency-v1,compare then edit workbook
caribbean,no,no,reptiles,394,33675,Ramsden's Least Gecko,Sphaerodactylus ramsdeni,1,not_ranked,,,inaturalist-regional-frequency-v1,compare then edit workbook
caribbean,no,no,reptiles,395,33671,Pedernales Least Gecko,Sphaerodactylus randi,1,not_ranked,,,inaturalist-regional-frequency-v1,compare then edit workbook
caribbean,no,no,reptiles,396,33654,Cockpit Least Gecko,Sphaerodactylus semasiops,1,not_ranked,,,inaturalist-regional-frequency-v1,compare then edit workbook
caribbean,no,no,reptiles,397,146440,Anegada Island Skink,Spondylurus anegadae,1,not_ranked,,,inaturalist-regional-frequency-v1,compare then edit workbook
caribbean,no,no,reptiles,398,33602,Moorish Gecko,Tarentola mauritanica,1,not_ranked,,,inaturalist-regional-frequency-v1,compare then edit workbook
caribbean,no,no,reptiles,399,32659,Tiburon Peninsula Blindsnake,Typhlops hectus,1,not_ranked,,,inaturalist-regional-frequency-v1,compare then edit workbook
caribbean,no,no,reptiles,400,32595,Island Worm Snake,Typhlops sulcatus,1,not_ranked,,,inaturalist-regional-frequency-v1,compare then edit workbook
