group,rank,recommended,taxon_id,common_name,scientific_name,countries_with_records,observation_count,review_note
mammals,1,yes,118552,Domestic Cat,Felis catus,1,1753,"iNaturalist regional candidate only; review habitat fit, introduced status and game value before inclusion."
mammals,2,yes,925979,Small Indian Mongoose,Urva auropunctata,1,609,"iNaturalist regional candidate only; review habitat fit, introduced status and game value before inclusion."
mammals,3,yes,41005,Jamaican Fruit-eating Bat,Artibeus jamaicensis,1,507,"iNaturalist regional candidate only; review habitat fit, introduced status and game value before inclusion."
mammals,4,yes,47144,Domestic Dog,Canis familiaris,1,451,"iNaturalist regional candidate only; review habitat fit, introduced status and game value before inclusion."
mammals,5,yes,42223,White-tailed Deer,Odocoileus virginianus,1,285,"iNaturalist regional candidate only; review habitat fit, introduced status and game value before inclusion."
mammals,6,yes,43769,Cuban Ground Hutia,Capromys pilorides,1,214,"iNaturalist regional candidate only; review habitat fit, introduced status and game value before inclusion."
mammals,7,yes,209233,Domestic Horse,Equus caballus,1,194,"iNaturalist regional candidate only; review habitat fit, introduced status and game value before inclusion."
mammals,8,yes,123070,Domestic Goat,Capra hircus,1,161,"iNaturalist regional candidate only; review habitat fit, introduced status and game value before inclusion."
mammals,9,yes,41482,Common Bottlenose Dolphin,Tursiops truncatus,1,157,"iNaturalist regional candidate only; review habitat fit, introduced status and game value before inclusion."
mammals,10,yes,44575,Black Rat,Rattus rattus,1,142,"iNaturalist regional candidate only; review habitat fit, introduced status and game value before inclusion."
mammals,11,yes,41254,Velvety Free-tailed Bat,Molossus molossus,1,137,"iNaturalist regional candidate only; review habitat fit, introduced status and game value before inclusion."
mammals,12,yes,148030,Donkey,Equus asinus,1,112,"iNaturalist regional candidate only; review habitat fit, introduced status and game value before inclusion."
mammals,13,yes,41566,Humpback Whale,Megaptera novaeangliae,1,94,"iNaturalist regional candidate only; review habitat fit, introduced status and game value before inclusion."
mammals,14,yes,41146,Waterhouse's Leaf-nosed Bat,Macrotus waterhousii,1,79,"iNaturalist regional candidate only; review habitat fit, introduced status and game value before inclusion."
mammals,15,yes,44576,Brown Rat,Rattus norvegicus,1,73,"iNaturalist regional candidate only; review habitat fit, introduced status and game value before inclusion."
mammals,16,yes,42134,Wild Boar,Sus scrofa,1,64,"iNaturalist regional candidate only; review habitat fit, introduced status and game value before inclusion."
mammals,17,yes,42649,Southern Opossum,Didelphis marsupialis,1,61,"iNaturalist regional candidate only; review habitat fit, introduced status and game value before inclusion."
mammals,18,yes,44705,House Mouse,Mus musculus,1,61,"iNaturalist regional candidate only; review habitat fit, introduced status and game value before inclusion."
mammals,19,yes,74113,Domestic Cattle,Bos taurus,1,60,"iNaturalist regional candidate only; review habitat fit, introduced status and game value before inclusion."
mammals,20,yes,46337,Hispaniolan Solenodon,Solenodon paradoxus,1,58,"iNaturalist regional candidate only; review habitat fit, introduced status and game value before inclusion."
mammals,21,yes,41178,Buffy Flower Bat,Erophylla sezekorni,1,57,"iNaturalist regional candidate only; review habitat fit, introduced status and game value before inclusion."
mammals,22,yes,41500,Pantropical Spotted Dolphin,Stenella attenuata,1,52,"iNaturalist regional candidate only; review habitat fit, introduced status and game value before inclusion."
mammals,23,yes,41175,Leach's Single Leaf Bat,Monophyllus redmani,1,51,"iNaturalist regional candidate only; review habitat fit, introduced status and game value before inclusion."
mammals,24,yes,41301,Mexican Free-tailed Bat,Tadarida brasiliensis,1,51,"iNaturalist regional candidate only; review habitat fit, introduced status and game value before inclusion."
mammals,25,yes,41171,Antillean Fruit-eating Bat,Brachyphylla cavernarum,1,46,"iNaturalist regional candidate only; review habitat fit, introduced status and game value before inclusion."
mammals,26,yes,74647,Antillean Ghost-faced Bat,Mormoops blainvillei,1,45,"iNaturalist regional candidate only; review habitat fit, introduced status and game value before inclusion."
mammals,27,yes,41663,Common Raccoon,Procyon lotor,1,43,"iNaturalist regional candidate only; review habitat fit, introduced status and game value before inclusion."
mammals,28,yes,46316,West Indian Manatee,Trichechus manatus,1,35,"iNaturalist regional candidate only; review habitat fit, introduced status and game value before inclusion."
mammals,29,yes,41200,Greater Bulldog Bat,Noctilio leporinus,1,34,"iNaturalist regional candidate only; review habitat fit, introduced status and game value before inclusion."
mammals,30,yes,74317,Brown Flower Bat,Erophylla bombifrons,1,28,"iNaturalist regional candidate only; review habitat fit, introduced status and game value before inclusion."
mammals,31,yes,41222,Sooty Moustached Bat,Pteronotus quadridens,1,28,"iNaturalist regional candidate only; review habitat fit, introduced status and game value before inclusion."
mammals,32,yes,41156,Tree Bat,Ardops nichollsi,1,26,"iNaturalist regional candidate only; review habitat fit, introduced status and game value before inclusion."
mammals,33,yes,43774,Hispaniolan Hutia,Plagiodontia aedium,1,26,"iNaturalist regional candidate only; review habitat fit, introduced status and game value before inclusion."
mammals,34,yes,121578,Domestic Sheep,Ovis aries,1,21,"iNaturalist regional candidate only; review habitat fit, introduced status and game value before inclusion."
mammals,35,yes,46010,Red-tailed Squirrel,Sciurus granatensis,1,17,"iNaturalist regional candidate only; review habitat fit, introduced status and game value before inclusion."
mammals,36,yes,74890,Sperm Whale,Physeter macrocephalus,1,16,"iNaturalist regional candidate only; review habitat fit, introduced status and game value before inclusion."
mammals,37,yes,41151,Cuban Fig-eating Bat,Phyllops falcatus,1,15,"iNaturalist regional candidate only; review habitat fit, introduced status and game value before inclusion."
mammals,38,yes,43460,Rhesus Macaque,Macaca mulatta,1,14,"iNaturalist regional candidate only; review habitat fit, introduced status and game value before inclusion."
mammals,39,yes,41503,Atlantic Spotted Dolphin,Stenella frontalis,1,13,"iNaturalist regional candidate only; review habitat fit, introduced status and game value before inclusion."
mammals,40,yes,74184,Bahaman Funnel-eared Bat,Chilonatalus tumidifrons,1,12,"iNaturalist regional candidate only; review habitat fit, introduced status and game value before inclusion."
mammals,41,yes,74183,Caribbean Lesser Funnel-eared Bat,Chilonatalus micropus,1,11,"iNaturalist regional candidate only; review habitat fit, introduced status and game value before inclusion."
mammals,42,yes,41170,Western Antillean Fruit-eating Bat,Brachyphylla nana,1,10,"iNaturalist regional candidate only; review habitat fit, introduced status and game value before inclusion."
mammals,43,yes,852338,Red-rumped Agouti,Dasyprocta leporina,1,9,"iNaturalist regional candidate only; review habitat fit, introduced status and game value before inclusion."
mammals,44,yes,40273,Schwartz's myotis,Myotis martiniquensis,1,9,"iNaturalist regional candidate only; review habitat fit, introduced status and game value before inclusion."
mammals,45,yes,41164,Jamaican fig-eating bat,Ariteus flavescens,1,8,"iNaturalist regional candidate only; review habitat fit, introduced status and game value before inclusion."
mammals,46,yes,41532,Short-finned Pilot Whale,Globicephala macrorhynchus,1,8,"iNaturalist regional candidate only; review habitat fit, introduced status and game value before inclusion."
mammals,47,yes,41523,Fraser's Dolphin,Lagenodelphis hosei,1,8,"iNaturalist regional candidate only; review habitat fit, introduced status and game value before inclusion."
mammals,48,yes,41176,Insular Long-tongued Bat,Monophyllus plethodon,1,8,"iNaturalist regional candidate only; review habitat fit, introduced status and game value before inclusion."
mammals,49,yes,41131,Cuban Flower Bat,Phyllonycteris poeyi,1,8,"iNaturalist regional candidate only; review habitat fit, introduced status and game value before inclusion."
mammals,50,yes,41219,Davy's naked-backed bat,Pteronotus davyi,1,8,"iNaturalist regional candidate only; review habitat fit, introduced status and game value before inclusion."
mammals,51,yes,1596125,Caribbean Brown Bat,Eptesicus dutertreus,1,6,"iNaturalist regional candidate only; review habitat fit, introduced status and game value before inclusion."
mammals,52,yes,43779,Bahamian Hutia,Geocapromys ingrahami,1,6,"iNaturalist regional candidate only; review habitat fit, introduced status and game value before inclusion."
mammals,53,yes,43778,Jamaican Hutia,Geocapromys brownii,1,5,"iNaturalist regional candidate only; review habitat fit, introduced status and game value before inclusion."
mammals,54,yes,43781,Prehensile-tailed Hutia,Mysateles prehensilis,1,5,"iNaturalist regional candidate only; review habitat fit, introduced status and game value before inclusion."
mammals,55,yes,43151,European Rabbit,Oryctolagus cuniculus,1,5,"iNaturalist regional candidate only; review habitat fit, introduced status and game value before inclusion."
mammals,56,yes,41221,Parnell's Common Mustached Bat,Pteronotus parnellii,1,5,"iNaturalist regional candidate only; review habitat fit, introduced status and game value before inclusion."
mammals,57,yes,41130,Jamaican flower bat,Phyllonycteris aphylla,1,4,"iNaturalist regional candidate only; review habitat fit, introduced status and game value before inclusion."
mammals,58,yes,40509,Big Brown Bat,Eptesicus fuscus,1,3,"iNaturalist regional candidate only; review habitat fit, introduced status and game value before inclusion."
mammals,59,yes,1430973,Black-tailed Hutia,Mesocapromys melanurus,1,3,"iNaturalist regional candidate only; review habitat fit, introduced status and game value before inclusion."
mammals,60,yes,74796,Gervais's Funnel-eared Bat,Nyctiellus lepidus,1,3,"iNaturalist regional candidate only; review habitat fit, introduced status and game value before inclusion."
mammals,61,yes,1453918,Hispaniolan Common Mustached Bat,Pteronotus pusillus,1,3,"iNaturalist regional candidate only; review habitat fit, introduced status and game value before inclusion."
mammals,62,yes,41173,red fig-eating bat,Stenoderma rufum,1,3,"iNaturalist regional candidate only; review habitat fit, introduced status and game value before inclusion."
mammals,63,yes,1067746,Thomas's Yellow-shouldered Bat,Sturnira angeli,1,3,"iNaturalist regional candidate only; review habitat fit, introduced status and game value before inclusion."
mammals,64,yes,43111,Eastern Cottontail,Sylvilagus floridanus,1,3,"iNaturalist regional candidate only; review habitat fit, introduced status and game value before inclusion."
mammals,65,yes,607152,Cuban Solenodon,Atopogale cubana,1,2,"iNaturalist regional candidate only; review habitat fit, introduced status and game value before inclusion."
mammals,66,yes,74190,Green Monkey,Chlorocebus sabaeus,1,2,"iNaturalist regional candidate only; review habitat fit, introduced status and game value before inclusion."
mammals,67,yes,1431096,Jamaican Long-tongued Bat,Glossophaga antillarum,1,2,"iNaturalist regional candidate only; review habitat fit, introduced status and game value before inclusion."
mammals,68,yes,41090,Pallas's Long-tongued Bat,Glossophaga soricina,1,2,"iNaturalist regional candidate only; review habitat fit, introduced status and game value before inclusion."
mammals,69,yes,41465,Dwarf Sperm Whale,Kogia sima,1,2,"iNaturalist regional candidate only; review habitat fit, introduced status and game value before inclusion."
mammals,70,yes,40522,Eastern Red Bat,Lasiurus borealis,1,2,"iNaturalist regional candidate only; review habitat fit, introduced status and game value before inclusion."
mammals,71,yes,40519,Minor Red Bat,Lasiurus minor,1,2,"iNaturalist regional candidate only; review habitat fit, introduced status and game value before inclusion."
mammals,72,yes,40321,Dominican myotis,Myotis dominicensis,1,2,"iNaturalist regional candidate only; review habitat fit, introduced status and game value before inclusion."
mammals,73,yes,41204,Mexican Funnel-eared Bat,Natalus stramineus,1,2,"iNaturalist regional candidate only; review habitat fit, introduced status and game value before inclusion."
mammals,74,yes,41539,False Killer Whale,Pseudorca crassidens,1,2,"iNaturalist regional candidate only; review habitat fit, introduced status and game value before inclusion."
mammals,75,yes,1453919,Puerto Rican Common Mustached Bat,Pteronotus portoricensis,1,2,"iNaturalist regional candidate only; review habitat fit, introduced status and game value before inclusion."
mammals,76,yes,41545,Rough-toothed Dolphin,Steno bredanensis,1,2,"iNaturalist regional candidate only; review habitat fit, introduced status and game value before inclusion."
mammals,77,yes,41428,Cuvier's Beaked Whale,Ziphius cavirostris,1,2,"iNaturalist regional candidate only; review habitat fit, introduced status and game value before inclusion."
mammals,78,yes,41562,Fin Whale,Balaenoptera physalus,1,1,"iNaturalist regional candidate only; review habitat fit, introduced status and game value before inclusion."
mammals,79,yes,81925,Domestic Water Buffalo,Bubalus bubalis,1,1,"iNaturalist regional candidate only; review habitat fit, introduced status and game value before inclusion."
mammals,80,yes,1369296,Central American White-faced Capuchin,Cebus imitator,1,1,"iNaturalist regional candidate only; review habitat fit, introduced status and game value before inclusion."
mammals,81,yes,41011,Guadeloupe big-eyed bat,Chiroderma improvisum,1,1,"iNaturalist regional candidate only; review habitat fit, introduced status and game value before inclusion."
mammals,82,yes,42161,European Fallow Deer,Dama dama,1,1,"iNaturalist regional candidate only; review habitat fit, introduced status and game value before inclusion."
mammals,83,yes,1275370,Seven-banded Long-nosed Armadillo,Dasypus septemcinctus,1,1,"iNaturalist regional candidate only; review habitat fit, introduced status and game value before inclusion."
mammals,84,yes,43462,Patas Monkey,Erythrocebus patas,1,1,"iNaturalist regional candidate only; review habitat fit, introduced status and game value before inclusion."
mammals,85,yes,41274,Black Bonneted Bat,Eumops auripendulus,1,1,"iNaturalist regional candidate only; review habitat fit, introduced status and game value before inclusion."
mammals,86,yes,1102769,Fierce Bonneted Bat,Eumops ferox,1,1,"iNaturalist regional candidate only; review habitat fit, introduced status and game value before inclusion."
mammals,87,yes,43789,Puerto Rican Hutia,Isolobodon portoricensis,1,1,"iNaturalist regional candidate only; review habitat fit, introduced status and game value before inclusion."
mammals,88,yes,41464,Pygmy Sperm Whale,Kogia breviceps,1,1,"iNaturalist regional candidate only; review habitat fit, introduced status and game value before inclusion."
mammals,89,yes,41407,Gulf Stream Beaked Whale,Mesoplodon europaeus,1,1,"iNaturalist regional candidate only; review habitat fit, introduced status and game value before inclusion."
mammals,90,yes,1431065,Hispaniolan Mastiff Bat,Molossus verrilli,1,1,"iNaturalist regional candidate only; review habitat fit, introduced status and game value before inclusion."
mammals,91,yes,74715,Arizona Myotis,Myotis occultus,1,1,"iNaturalist regional candidate only; review habitat fit, introduced status and game value before inclusion."
mammals,92,yes,40344,Long-legged Myotis,Myotis volans,1,1,"iNaturalist regional candidate only; review habitat fit, introduced status and game value before inclusion."
mammals,93,yes,1596124,Brazilian Serotine,Neoeptesicus brasiliensis,1,1,"iNaturalist regional candidate only; review habitat fit, introduced status and game value before inclusion."
mammals,94,yes,74795,Cuban Evening Bat,Nycticeius cubanus,1,1,"iNaturalist regional candidate only; review habitat fit, introduced status and game value before inclusion."
mammals,95,yes,41315,Big Free-tailed Bat,Nyctinomops macrotis,1,1,"iNaturalist regional candidate only; review habitat fit, introduced status and game value before inclusion."
mammals,96,yes,41521,Orca,Orcinus orca,1,1,"iNaturalist regional candidate only; review habitat fit, introduced status and game value before inclusion."
mammals,97,yes,41543,Melon-headed Whale,Peponocephala electra,1,1,"iNaturalist regional candidate only; review habitat fit, introduced status and game value before inclusion."
mammals,98,yes,41348,Lesser Dog-like Bat,Peropteryx macrotis,1,1,"iNaturalist regional candidate only; review habitat fit, introduced status and game value before inclusion."
mammals,99,yes,41218,MacLeay's moustached bat,Pteronotus macleayii,1,1,"iNaturalist regional candidate only; review habitat fit, introduced status and game value before inclusion."
mammals,100,yes,43428,Common Squirrel Monkey,Saimiri sciureus,1,1,"iNaturalist regional candidate only; review habitat fit, introduced status and game value before inclusion."
mammals,101,no,41496,Spinner Dolphin,Stenella longirostris,1,1,"iNaturalist regional candidate only; review habitat fit, introduced status and game value before inclusion."
birds,1,yes,9609,Greater Antillean Grackle,Quiscalus niger,1,5451,"iNaturalist regional candidate only; review habitat fit, introduced status and game value before inclusion."
birds,2,yes,16798,Gray Kingbird,Tyrannus dominicensis,1,4236,"iNaturalist regional candidate only; review habitat fit, introduced status and game value before inclusion."
birds,3,yes,3465,Zenaida Dove,Zenaida aurita,1,3764,"iNaturalist regional candidate only; review habitat fit, introduced status and game value before inclusion."
birds,4,yes,4328,Brown Pelican,Pelecanus occidentalis,1,3465,"iNaturalist regional candidate only; review habitat fit, introduced status and game value before inclusion."
birds,5,yes,10199,Bananaquit,Coereba flaveola,1,3140,"iNaturalist regional candidate only; review habitat fit, introduced status and game value before inclusion."
birds,6,yes,14984,Pearly-eyed Thrasher,Margarops fuscatus,1,2755,"iNaturalist regional candidate only; review habitat fit, introduced status and game value before inclusion."
birds,7,yes,14886,Northern Mockingbird,Mimus polyglottos,1,2721,"iNaturalist regional candidate only; review habitat fit, introduced status and game value before inclusion."
birds,8,yes,144455,Great Egret,Ardea alba,1,2498,"iNaturalist regional candidate only; review habitat fit, introduced status and game value before inclusion."
birds,9,yes,5020,Green Heron,Butorides virescens,1,2444,"iNaturalist regional candidate only; review habitat fit, introduced status and game value before inclusion."
birds,10,yes,4631,Magnificent Frigatebird,Fregata magnificens,1,2364,"iNaturalist regional candidate only; review habitat fit, introduced status and game value before inclusion."
birds,11,yes,144514,Laughing Gull,Leucophaeus atricilla,1,2300,"iNaturalist regional candidate only; review habitat fit, introduced status and game value before inclusion."
birds,12,yes,411086,Western Cattle-Egret,Ardea ibis,1,2212,"iNaturalist regional candidate only; review habitat fit, introduced status and game value before inclusion."
birds,13,yes,4999,Yellow-crowned Night Heron,Nyctanassa violacea,1,2076,"iNaturalist regional candidate only; review habitat fit, introduced status and game value before inclusion."
birds,14,yes,4665,American Kestrel,Falco sparverius,1,1871,"iNaturalist regional candidate only; review habitat fit, introduced status and game value before inclusion."
birds,15,yes,144539,Royal Tern,Thalasseus maximus,1,1784,"iNaturalist regional candidate only; review habitat fit, introduced status and game value before inclusion."
birds,16,yes,2969,Eurasian Collared-Dove,Streptopelia decaocto,1,1712,"iNaturalist regional candidate only; review habitat fit, introduced status and game value before inclusion."
birds,17,yes,979800,Black-faced Grassquit,Melanospiza bicolor,1,1699,"iNaturalist regional candidate only; review habitat fit, introduced status and game value before inclusion."
birds,18,yes,144479,Common Gallinule,Gallinula galeata,1,1679,"iNaturalist regional candidate only; review habitat fit, introduced status and game value before inclusion."
birds,19,yes,3545,Common Ground Dove,Columbina passerina,1,1633,"iNaturalist regional candidate only; review habitat fit, introduced status and game value before inclusion."
birds,20,yes,1971,Smooth-billed Ani,Crotophaga ani,1,1615,"iNaturalist regional candidate only; review habitat fit, introduced status and game value before inclusion."
birds,21,yes,3460,White-winged Dove,Zenaida asiatica,1,1594,"iNaturalist regional candidate only; review habitat fit, introduced status and game value before inclusion."
birds,22,yes,4756,Turkey Vulture,Cathartes aura,1,1529,"iNaturalist regional candidate only; review habitat fit, introduced status and game value before inclusion."
birds,23,yes,3938,Ruddy Turnstone,Arenaria interpres,1,1369,"iNaturalist regional candidate only; review habitat fit, introduced status and game value before inclusion."
birds,24,yes,13858,House Sparrow,Passer domesticus,1,1350,"iNaturalist regional candidate only; review habitat fit, introduced status and game value before inclusion."
birds,25,yes,4937,Little Blue Heron,Egretta caerulea,1,1338,"iNaturalist regional candidate only; review habitat fit, introduced status and game value before inclusion."
birds,26,yes,18180,Hispaniolan Woodpecker,Melanerpes striatus,1,1241,"iNaturalist regional candidate only; review habitat fit, introduced status and game value before inclusion."
birds,27,yes,16771,Loggerhead Kingbird,Tyrannus caudifasciatus,1,1213,"iNaturalist regional candidate only; review habitat fit, introduced status and game value before inclusion."
birds,28,yes,7434,Palmchat,Dulus dominicus,1,1209,"iNaturalist regional candidate only; review habitat fit, introduced status and game value before inclusion."
birds,29,yes,3080,Scaly-naped Pigeon,Patagioenas squamosa,1,1200,"iNaturalist regional candidate only; review habitat fit, introduced status and game value before inclusion."
birds,30,yes,145242,Palm Warbler,Setophaga palmarum,1,1200,"iNaturalist regional candidate only; review habitat fit, introduced status and game value before inclusion."
birds,31,yes,4836,Black-necked Stilt,Himantopus mexicanus,1,1133,"iNaturalist regional candidate only; review habitat fit, introduced status and game value before inclusion."
birds,32,yes,9600,Carib Grackle,Quiscalus lugubris,1,1072,"iNaturalist regional candidate only; review habitat fit, introduced status and game value before inclusion."
birds,33,yes,10019,Lesser Antillean Bullfinch,Loxigilla noctis,1,1053,"iNaturalist regional candidate only; review habitat fit, introduced status and game value before inclusion."
birds,34,yes,3093,White-crowned Pigeon,Patagioenas leucocephala,1,1040,"iNaturalist regional candidate only; review habitat fit, introduced status and game value before inclusion."
birds,35,yes,1650089,Eastern Red-legged Thrush,Turdus ardosiaceus,1,1024,"iNaturalist regional candidate only; review habitat fit, introduced status and game value before inclusion."
birds,36,yes,72458,Spotted Sandpiper,Actitis macularius,1,1006,"iNaturalist regional candidate only; review habitat fit, introduced status and game value before inclusion."
birds,37,yes,18182,Puerto Rican Woodpecker,Melanerpes portoricensis,1,985,"iNaturalist regional candidate only; review habitat fit, introduced status and game value before inclusion."
birds,38,yes,4940,Snowy Egret,Egretta thula,1,918,"iNaturalist regional candidate only; review habitat fit, introduced status and game value before inclusion."
birds,39,yes,2121,Puerto Rican Tody,Todus mexicanus,1,904,"iNaturalist regional candidate only; review habitat fit, introduced status and game value before inclusion."
birds,40,yes,1289681,Cuban Emerald,Riccordia ricordii,1,902,"iNaturalist regional candidate only; review habitat fit, introduced status and game value before inclusion."
birds,41,yes,6951,White-cheeked Pintail,Anas bahamensis,1,883,"iNaturalist regional candidate only; review habitat fit, introduced status and game value before inclusion."
birds,42,yes,145231,Cape May Warbler,Setophaga tigrina,1,856,"iNaturalist regional candidate only; review habitat fit, introduced status and game value before inclusion."
birds,43,yes,10247,American Redstart,Setophaga ruticilla,1,846,"iNaturalist regional candidate only; review habitat fit, introduced status and game value before inclusion."
birds,44,yes,12718,Western Red-legged Thrush,Turdus plumbeus,1,846,"iNaturalist regional candidate only; review habitat fit, introduced status and game value before inclusion."
birds,45,yes,1964,Mangrove Cuckoo,Coccyzus minor,1,838,"iNaturalist regional candidate only; review habitat fit, introduced status and game value before inclusion."
birds,46,yes,9345,Venezuelan Troupial,Icterus icterus,1,797,"iNaturalist regional candidate only; review habitat fit, introduced status and game value before inclusion."
birds,47,yes,4793,Killdeer,Charadrius vociferus,1,787,"iNaturalist regional candidate only; review habitat fit, introduced status and game value before inclusion."
birds,48,yes,6377,Antillean Crested Hummingbird,Orthorhyncus cristatus,1,781,"iNaturalist regional candidate only; review habitat fit, introduced status and game value before inclusion."
birds,49,yes,145233,Northern Parula,Setophaga americana,1,737,"iNaturalist regional candidate only; review habitat fit, introduced status and game value before inclusion."
birds,50,yes,73504,Yellow-faced Grassquit,Tiaris olivaceus,1,728,"iNaturalist regional candidate only; review habitat fit, introduced status and game value before inclusion."
birds,51,yes,4938,Tricolored Heron,Egretta tricolor,1,721,"iNaturalist regional candidate only; review habitat fit, introduced status and game value before inclusion."
birds,52,yes,145249,Prairie Warbler,Setophaga discolor,1,705,"iNaturalist regional candidate only; review habitat fit, introduced status and game value before inclusion."
birds,53,yes,5212,Red-tailed Hawk,Buteo jamaicensis,1,692,"iNaturalist regional candidate only; review habitat fit, introduced status and game value before inclusion."
birds,54,yes,6427,Green-throated Carib,Eulampis holosericeus,1,665,"iNaturalist regional candidate only; review habitat fit, introduced status and game value before inclusion."
birds,55,yes,5795,Hispaniolan Mango,Anthracothorax dominicus,1,653,"iNaturalist regional candidate only; review habitat fit, introduced status and game value before inclusion."
birds,56,yes,6892,West Indian Whistling-Duck,Dendrocygna arborea,1,651,"iNaturalist regional candidate only; review habitat fit, introduced status and game value before inclusion."
birds,57,yes,3797,Brown Booby,Sula leucogaster,1,649,"iNaturalist regional candidate only; review habitat fit, introduced status and game value before inclusion."
birds,58,yes,73412,Puerto Rican Spindalis,Spindalis portoricensis,1,621,"iNaturalist regional candidate only; review habitat fit, introduced status and game value before inclusion."
birds,59,yes,199916,Black-throated Blue Warbler,Setophaga caerulescens,1,609,"iNaturalist regional candidate only; review habitat fit, introduced status and game value before inclusion."
birds,60,yes,116999,Osprey,Pandion haliaetus,1,587,"iNaturalist regional candidate only; review habitat fit, introduced status and game value before inclusion."
birds,61,yes,19349,Monk Parakeet,Myiopsitta monachus,1,585,"iNaturalist regional candidate only; review habitat fit, introduced status and game value before inclusion."
birds,62,yes,4817,Semipalmated Plover,Charadrius semipalmatus,1,578,"iNaturalist regional candidate only; review habitat fit, introduced status and game value before inclusion."
birds,63,yes,4956,Great Blue Heron,Ardea herodias,1,565,"iNaturalist regional candidate only; review habitat fit, introduced status and game value before inclusion."
birds,64,yes,882,Red Junglefowl,Gallus gallus,1,562,"iNaturalist regional candidate only; review habitat fit, introduced status and game value before inclusion."
birds,65,yes,17399,Black-whiskered Vireo,Vireo altiloquus,1,557,"iNaturalist regional candidate only; review habitat fit, introduced status and game value before inclusion."
birds,66,yes,3454,Mourning Dove,Zenaida macroura,1,544,"iNaturalist regional candidate only; review habitat fit, introduced status and game value before inclusion."
birds,67,yes,4840,American Oystercatcher,Haematopus palliatus,1,535,"iNaturalist regional candidate only; review habitat fit, introduced status and game value before inclusion."
birds,68,yes,3893,Lesser Yellowlegs,Tringa flavipes,1,531,"iNaturalist regional candidate only; review habitat fit, introduced status and game value before inclusion."
birds,69,yes,10371,Shiny Cowbird,Molothrus bonariensis,1,529,"iNaturalist regional candidate only; review habitat fit, introduced status and game value before inclusion."
birds,70,yes,4257,American Flamingo,Phoenicopterus ruber,1,525,"iNaturalist regional candidate only; review habitat fit, introduced status and game value before inclusion."
birds,71,yes,16085,Cuban Pewee,Contopus caribaeus,1,524,"iNaturalist regional candidate only; review habitat fit, introduced status and game value before inclusion."
birds,72,yes,509678,Red-billed Streamertail,Trochilus polytmus,1,517,"iNaturalist regional candidate only; review habitat fit, introduced status and game value before inclusion."
birds,73,yes,2117,Cuban Tody,Todus multicolor,1,514,"iNaturalist regional candidate only; review habitat fit, introduced status and game value before inclusion."
birds,74,yes,18193,West Indian Woodpecker,Melanerpes superciliaris,1,513,"iNaturalist regional candidate only; review habitat fit, introduced status and game value before inclusion."
birds,75,yes,16024,Puerto Rican Flycatcher,Myiarchus antillarum,1,511,"iNaturalist regional candidate only; review habitat fit, introduced status and game value before inclusion."
birds,76,yes,6430,Purple-throated Carib,Eulampis jugularis,1,508,"iNaturalist regional candidate only; review habitat fit, introduced status and game value before inclusion."
birds,77,yes,2118,Broad-billed Tody,Todus subulatus,1,504,"iNaturalist regional candidate only; review habitat fit, introduced status and game value before inclusion."
birds,78,yes,1505633,Wilson's Plover,Anarhynchus wilsonia,1,493,"iNaturalist regional candidate only; review habitat fit, introduced status and game value before inclusion."
birds,79,yes,558593,Cuban Blackbird,Ptiloxena atroviolacea,1,463,"iNaturalist regional candidate only; review habitat fit, introduced status and game value before inclusion."
birds,80,yes,20844,Cuban Trogon,Priotelus temnurus,1,460,"iNaturalist regional candidate only; review habitat fit, introduced status and game value before inclusion."
birds,81,yes,145238,Mangrove Yellow Warbler,Setophaga petechia,1,452,"iNaturalist regional candidate only; review habitat fit, introduced status and game value before inclusion."
birds,82,yes,3849,Sanderling,Calidris alba,1,445,"iNaturalist regional candidate only; review habitat fit, introduced status and game value before inclusion."
birds,83,yes,13893,Scaly-breasted Munia,Lonchura punctulata,1,434,"iNaturalist regional candidate only; review habitat fit, introduced status and game value before inclusion."
birds,84,yes,13796,Village Weaver,Ploceus cucullatus,1,431,"iNaturalist regional candidate only; review habitat fit, introduced status and game value before inclusion."
birds,85,yes,145246,Yellow-throated Warbler,Setophaga dominica,1,425,"iNaturalist regional candidate only; review habitat fit, introduced status and game value before inclusion."
birds,86,yes,10286,Black-and-white Warbler,Mniotilta varia,1,413,"iNaturalist regional candidate only; review habitat fit, introduced status and game value before inclusion."
birds,87,yes,4892,Black-bellied Plover,Pluvialis squatarola,1,406,"iNaturalist regional candidate only; review habitat fit, introduced status and game value before inclusion."
birds,88,yes,19602,Antillean Nighthawk,Chordeiles gundlachii,1,405,"iNaturalist regional candidate only; review habitat fit, introduced status and game value before inclusion."
birds,89,yes,11874,Caribbean Martin,Progne dominicensis,1,404,"iNaturalist regional candidate only; review habitat fit, introduced status and game value before inclusion."
birds,90,yes,3751,White Ibis,Eudocimus albus,1,400,"iNaturalist regional candidate only; review habitat fit, introduced status and game value before inclusion."
birds,91,yes,72743,Great Lizard-Cuckoo,Coccyzus merlini,1,398,"iNaturalist regional candidate only; review habitat fit, introduced status and game value before inclusion."
birds,92,yes,14884,Tropical Mockingbird,Mimus gilvus,1,395,"iNaturalist regional candidate only; review habitat fit, introduced status and game value before inclusion."
birds,93,yes,144541,Sandwich Tern,Thalasseus sandvicensis,1,388,"iNaturalist regional candidate only; review habitat fit, introduced status and game value before inclusion."
birds,94,yes,16025,La Sagra's Flycatcher,Myiarchus sagrae,1,387,"iNaturalist regional candidate only; review habitat fit, introduced status and game value before inclusion."
birds,95,yes,3756,Glossy Ibis,Plegadis falcinellus,1,374,"iNaturalist regional candidate only; review habitat fit, introduced status and game value before inclusion."
birds,96,yes,72952,Puerto Rican Oriole,Icterus portoricensis,1,373,"iNaturalist regional candidate only; review habitat fit, introduced status and game value before inclusion."
birds,97,yes,3864,Least Sandpiper,Calidris minutilla,1,368,"iNaturalist regional candidate only; review habitat fit, introduced status and game value before inclusion."
birds,98,yes,6425,Bee Hummingbird,Mellisuga helenae,1,361,"iNaturalist regional candidate only; review habitat fit, introduced status and game value before inclusion."
birds,99,yes,10290,Black-crowned Palm-Tanager,Phaenicophilus palmarum,1,360,"iNaturalist regional candidate only; review habitat fit, introduced status and game value before inclusion."
birds,100,yes,1428819,Puerto Rican Mango,Anthracothorax aurulentus,1,355,"iNaturalist regional candidate only; review habitat fit, introduced status and game value before inclusion."
birds,101,yes,72747,Puerto Rican Lizard-Cuckoo,Coccyzus vieilloti,1,355,"iNaturalist regional candidate only; review habitat fit, introduced status and game value before inclusion."
birds,102,yes,16702,Caribbean Elaenia,Elaenia martinica,1,351,"iNaturalist regional candidate only; review habitat fit, introduced status and game value before inclusion."
birds,103,yes,18475,Cuban Green Woodpecker,Xiphidiopicus percussus,1,343,"iNaturalist regional candidate only; review habitat fit, introduced status and game value before inclusion."
birds,104,yes,10731,Western Spindalis,Spindalis zena,1,341,"iNaturalist regional candidate only; review habitat fit, introduced status and game value before inclusion."
birds,105,yes,145250,Adelaide's Warbler,Setophaga adelaidae,1,335,"iNaturalist regional candidate only; review habitat fit, introduced status and game value before inclusion."
birds,106,yes,1289679,Puerto Rican Emerald,Riccordia maugaeus,1,321,"iNaturalist regional candidate only; review habitat fit, introduced status and game value before inclusion."
birds,107,yes,6864,Antillean Palm Swift,Tachornis phoenicobia,1,321,"iNaturalist regional candidate only; review habitat fit, introduced status and game value before inclusion."
birds,108,yes,4981,Black-crowned Night Heron,Nycticorax nycticorax,1,314,"iNaturalist regional candidate only; review habitat fit, introduced status and game value before inclusion."
birds,109,yes,4948,Reddish Egret,Egretta rufescens,1,310,"iNaturalist regional candidate only; review habitat fit, introduced status and game value before inclusion."
birds,110,yes,72950,Cuban Oriole,Icterus melanopsis,1,299,"iNaturalist regional candidate only; review habitat fit, introduced status and game value before inclusion."
birds,111,yes,793273,Puerto Rican Bullfinch,Melopyrrha portoricensis,1,297,"iNaturalist regional candidate only; review habitat fit, introduced status and game value before inclusion."
birds,112,yes,6422,Vervain Hummingbird,Mellisuga minima,1,296,"iNaturalist regional candidate only; review habitat fit, introduced status and game value before inclusion."
birds,113,yes,11855,Cave Swallow,Petrochelidon fulva,1,296,"iNaturalist regional candidate only; review habitat fit, introduced status and game value before inclusion."
birds,114,yes,473,American Coot,Fulica americana,1,295,"iNaturalist regional candidate only; review habitat fit, introduced status and game value before inclusion."
birds,115,yes,3892,Greater Yellowlegs,Tringa melanoleuca,1,295,"iNaturalist regional candidate only; review habitat fit, introduced status and game value before inclusion."
birds,116,yes,367575,Hispaniolan Parakeet,Psittacara chloropterus,1,289,"iNaturalist regional candidate only; review habitat fit, introduced status and game value before inclusion."
birds,117,yes,62550,Ovenbird,Seiurus aurocapilla,1,287,"iNaturalist regional candidate only; review habitat fit, introduced status and game value before inclusion."
birds,118,yes,558433,Blue-winged Teal,Spatula discors,1,285,"iNaturalist regional candidate only; review habitat fit, introduced status and game value before inclusion."
birds,119,yes,19809,Cuban Pygmy-Owl,Glaucidium siju,1,284,"iNaturalist regional candidate only; review habitat fit, introduced status and game value before inclusion."
birds,120,yes,18159,Jamaican Woodpecker,Melanerpes radiolatus,1,276,"iNaturalist regional candidate only; review habitat fit, introduced status and game value before inclusion."
birds,121,yes,979880,Bahama Woodstar,Nesophlox evelynae,1,276,"iNaturalist regional candidate only; review habitat fit, introduced status and game value before inclusion."
birds,122,yes,72578,Cuban Black Hawk,Buteogallus gundlachii,1,275,"iNaturalist regional candidate only; review habitat fit, introduced status and game value before inclusion."
birds,123,yes,13780,Orange-cheeked Waxbill,Estrilda melpoda,1,257,"iNaturalist regional candidate only; review habitat fit, introduced status and game value before inclusion."
birds,124,yes,72742,Hispaniolan Lizard-Cuckoo,Coccyzus longirostris,1,253,"iNaturalist regional candidate only; review habitat fit, introduced status and game value before inclusion."
birds,125,yes,9929,Puerto Rican Tanager,Nesospingus speculiferus,1,252,"iNaturalist regional candidate only; review habitat fit, introduced status and game value before inclusion."
birds,126,yes,4239,Least Grebe,Tachybaptus dominicus,1,247,"iNaturalist regional candidate only; review habitat fit, introduced status and game value before inclusion."
birds,127,yes,9864,Saffron Finch,Sicalis flaveola,1,242,"iNaturalist regional candidate only; review habitat fit, introduced status and game value before inclusion."
birds,128,yes,3862,Semipalmated Sandpiper,Calidris pusilla,1,237,"iNaturalist regional candidate only; review habitat fit, introduced status and game value before inclusion."
birds,129,yes,18983,Hispaniolan Amazon,Amazona ventralis,1,236,"iNaturalist regional candidate only; review habitat fit, introduced status and game value before inclusion."
birds,130,yes,144530,Least Tern,Sternula antillarum,1,236,"iNaturalist regional candidate only; review habitat fit, introduced status and game value before inclusion."
birds,131,yes,8033,White-necked Crow,Corvus leucognaphalus,1,232,"iNaturalist regional candidate only; review habitat fit, introduced status and game value before inclusion."
birds,132,yes,144491,Willet,Tringa semipalmata,1,230,"iNaturalist regional candidate only; review habitat fit, introduced status and game value before inclusion."
birds,133,yes,9721,Common Yellowthroat,Geothlypis trichas,1,227,"iNaturalist regional candidate only; review habitat fit, introduced status and game value before inclusion."
birds,134,yes,979799,Cuban Grassquit,Phonipara canora,1,225,"iNaturalist regional candidate only; review habitat fit, introduced status and game value before inclusion."
birds,135,yes,9849,Lesser Antillean Saltator,Saltator albicollis,1,225,"iNaturalist regional candidate only; review habitat fit, introduced status and game value before inclusion."
birds,136,yes,2548,Belted Kingfisher,Megaceryle alcyon,1,224,"iNaturalist regional candidate only; review habitat fit, introduced status and game value before inclusion."
birds,137,yes,73149,Northern Waterthrush,Parkesia noveboracensis,1,223,"iNaturalist regional candidate only; review habitat fit, introduced status and game value before inclusion."
birds,138,yes,367700,Bronze Mannikin,Spermestes cucullata,1,219,"iNaturalist regional candidate only; review habitat fit, introduced status and game value before inclusion."
birds,139,yes,10266,Cuban Bullfinch,Melopyrrha nigra,1,217,"iNaturalist regional candidate only; review habitat fit, introduced status and game value before inclusion."
birds,140,yes,12777,White-chinned Thrush,Turdus aurantius,1,215,"iNaturalist regional candidate only; review habitat fit, introduced status and game value before inclusion."
birds,141,yes,3850,Stilt Sandpiper,Calidris himantopus,1,208,"iNaturalist regional candidate only; review habitat fit, introduced status and game value before inclusion."
birds,142,yes,793274,Greater Antillean Bullfinch,Melopyrrha violacea,1,205,"iNaturalist regional candidate only; review habitat fit, introduced status and game value before inclusion."
birds,143,yes,4314,White-tailed Tropicbird,Phaethon lepturus,1,205,"iNaturalist regional candidate only; review habitat fit, introduced status and game value before inclusion."
birds,144,yes,19210,White-winged Parakeet,Brotogeris versicolurus,1,204,"iNaturalist regional candidate only; review habitat fit, introduced status and game value before inclusion."
birds,145,yes,18463,Yellow-bellied Sapsucker,Sphyrapicus varius,1,199,"iNaturalist regional candidate only; review habitat fit, introduced status and game value before inclusion."
birds,146,yes,145090,Scaly-breasted Thrasher,Allenia fusca,1,198,"iNaturalist regional candidate only; review habitat fit, introduced status and game value before inclusion."
birds,147,yes,519,Purple Gallinule,Porphyrio martinica,1,198,"iNaturalist regional candidate only; review habitat fit, introduced status and game value before inclusion."
birds,148,yes,17384,Puerto Rican Vireo,Vireo latimeri,1,197,"iNaturalist regional candidate only; review habitat fit, introduced status and game value before inclusion."
birds,149,yes,1204,Indian Peafowl,Pavo cristatus,1,194,"iNaturalist regional candidate only; review habitat fit, introduced status and game value before inclusion."
birds,150,yes,19018,Blue-and-yellow Macaw,Ara ararauna,1,193,"iNaturalist regional candidate only; review habitat fit, introduced status and game value before inclusion."
birds,151,yes,4672,Merlin,Falco columbarius,1,190,"iNaturalist regional candidate only; review habitat fit, introduced status and game value before inclusion."
birds,152,yes,4246,Pied-billed Grebe,Podilymbus podiceps,1,187,"iNaturalist regional candidate only; review habitat fit, introduced status and game value before inclusion."
birds,153,yes,9335,Jamaican Oriole,Icterus leucopteryx,1,179,"iNaturalist regional candidate only; review habitat fit, introduced status and game value before inclusion."
birds,154,yes,4381,Lesser Black-backed Gull,Larus fuscus,1,179,"iNaturalist regional candidate only; review habitat fit, introduced status and game value before inclusion."
birds,155,yes,1289601,Neotropic Cormorant,Nannopterum brasilianum,1,178,"iNaturalist regional candidate only; review habitat fit, introduced status and game value before inclusion."
birds,156,yes,14880,Bahama Mockingbird,Mimus gundlachii,1,174,"iNaturalist regional candidate only; review habitat fit, introduced status and game value before inclusion."
birds,157,yes,2966,African Collared-Dove,Streptopelia roseogrisea,1,174,"iNaturalist regional candidate only; review habitat fit, introduced status and game value before inclusion."
birds,158,yes,17390,Cuban Vireo,Vireo gundlachii,1,174,"iNaturalist regional candidate only; review habitat fit, introduced status and game value before inclusion."
birds,159,yes,5806,Green Mango,Anthracothorax viridis,1,171,"iNaturalist regional candidate only; review habitat fit, introduced status and game value before inclusion."
birds,160,yes,9765,Tawny-shouldered Blackbird,Agelaius humeralis,1,168,"iNaturalist regional candidate only; review habitat fit, introduced status and game value before inclusion."
birds,161,yes,10268,Orangequit,Euneornis campestris,1,166,"iNaturalist regional candidate only; review habitat fit, introduced status and game value before inclusion."
birds,162,yes,1289585,Puerto Rican Owl,Gymnasio nudipes,1,164,"iNaturalist regional candidate only; review habitat fit, introduced status and game value before inclusion."
birds,163,yes,19006,Puerto Rican Amazon,Amazona vittata,1,161,"iNaturalist regional candidate only; review habitat fit, introduced status and game value before inclusion."
birds,164,yes,18988,Cuban Amazon,Amazona leucocephala,1,159,"iNaturalist regional candidate only; review habitat fit, introduced status and game value before inclusion."
birds,165,yes,980033,Thick-billed Vireo,Vireo crassirostris,1,158,"iNaturalist regional candidate only; review habitat fit, introduced status and game value before inclusion."
birds,166,yes,9764,Yellow-shouldered Blackbird,Agelaius xanthomus,1,149,"iNaturalist regional candidate only; review habitat fit, introduced status and game value before inclusion."
birds,167,yes,5227,Broad-winged Hawk,Buteo platypterus,1,149,"iNaturalist regional candidate only; review habitat fit, introduced status and game value before inclusion."
birds,168,yes,13966,Northern Red Bishop,Euplectes franciscanus,1,149,"iNaturalist regional candidate only; review habitat fit, introduced status and game value before inclusion."
birds,169,yes,5794,Jamaican Mango,Anthracothorax mango,1,148,"iNaturalist regional candidate only; review habitat fit, introduced status and game value before inclusion."
birds,170,yes,367556,Olive-throated Parakeet,Eupsittula nana,1,148,"iNaturalist regional candidate only; review habitat fit, introduced status and game value before inclusion."
birds,171,yes,3523,Bridled Quail-Dove,Geotrygon mystacea,1,148,"iNaturalist regional candidate only; review habitat fit, introduced status and game value before inclusion."
birds,172,yes,1454382,Double-crested Cormorant,Nannopterum auritum,1,148,"iNaturalist regional candidate only; review habitat fit, introduced status and game value before inclusion."
birds,173,yes,2119,Jamaican Tody,Todus todus,1,146,"iNaturalist regional candidate only; review habitat fit, introduced status and game value before inclusion."
birds,174,yes,850859,Ruddy Duck,Oxyura jamaicensis,1,145,"iNaturalist regional candidate only; review habitat fit, introduced status and game value before inclusion."
birds,175,yes,14980,Brown Trembler,Cinclocerthia ruficauda,1,144,"iNaturalist regional candidate only; review habitat fit, introduced status and game value before inclusion."
birds,176,yes,13770,Common Waxbill,Estrilda astrild,1,144,"iNaturalist regional candidate only; review habitat fit, introduced status and game value before inclusion."
birds,177,yes,4647,Peregrine Falcon,Falco peregrinus,1,142,"iNaturalist regional candidate only; review habitat fit, introduced status and game value before inclusion."
birds,178,yes,3875,Solitary Sandpiper,Tringa solitaria,1,142,"iNaturalist regional candidate only; review habitat fit, introduced status and game value before inclusion."
birds,179,yes,14011,Pin-tailed Whydah,Vidua macroura,1,142,"iNaturalist regional candidate only; review habitat fit, introduced status and game value before inclusion."
birds,180,yes,18979,Yellow-billed Amazon,Amazona collaria,1,140,"iNaturalist regional candidate only; review habitat fit, introduced status and game value before inclusion."
birds,181,yes,14995,Gray Catbird,Dumetella carolinensis,1,140,"iNaturalist regional candidate only; review habitat fit, introduced status and game value before inclusion."
birds,182,yes,10516,Oriente Warbler,Teretistris fornsi,1,140,"iNaturalist regional candidate only; review habitat fit, introduced status and game value before inclusion."
birds,183,yes,339607,Bare-legged Owl,Margarobyas lawrencii,1,139,"iNaturalist regional candidate only; review habitat fit, introduced status and game value before inclusion."
birds,184,yes,62529,Roseate Spoonbill,Platalea ajaja,1,139,"iNaturalist regional candidate only; review habitat fit, introduced status and game value before inclusion."
birds,185,yes,3869,Short-billed Dowitcher,Limnodromus griseus,1,136,"iNaturalist regional candidate only; review habitat fit, introduced status and game value before inclusion."
birds,186,yes,16057,Sad Flycatcher,Myiarchus barbirostris,1,135,"iNaturalist regional candidate only; review habitat fit, introduced status and game value before inclusion."
birds,187,yes,367477,Clapper Rail,Rallus crepitans,1,135,"iNaturalist regional candidate only; review habitat fit, introduced status and game value before inclusion."
birds,188,yes,145245,Yellow-rumped Warbler,Setophaga coronata,1,133,"iNaturalist regional candidate only; review habitat fit, introduced status and game value before inclusion."
birds,189,yes,7,Limpkin,Aramus guarauna,1,132,"iNaturalist regional candidate only; review habitat fit, introduced status and game value before inclusion."
birds,190,yes,16102,Lesser Antillean Pewee,Contopus latirostris,1,130,"iNaturalist regional candidate only; review habitat fit, introduced status and game value before inclusion."
birds,191,yes,1289680,Hispaniolan Emerald,Riccordia swainsonii,1,127,"iNaturalist regional candidate only; review habitat fit, introduced status and game value before inclusion."
birds,192,yes,10515,Yellow-headed Warbler,Teretistris fernandinae,1,126,"iNaturalist regional candidate only; review habitat fit, introduced status and game value before inclusion."
birds,193,yes,20847,Hispaniolan Trogon,Priotelus roseigaster,1,125,"iNaturalist regional candidate only; review habitat fit, introduced status and game value before inclusion."
birds,194,yes,3499,Key West Quail-Dove,Geotrygon chrysia,1,124,"iNaturalist regional candidate only; review habitat fit, introduced status and game value before inclusion."
birds,195,yes,144527,Bridled Tern,Onychoprion anaethetus,1,124,"iNaturalist regional candidate only; review habitat fit, introduced status and game value before inclusion."
birds,196,yes,7504,Cuban Gnatcatcher,Polioptila lembeyei,1,124,"iNaturalist regional candidate only; review habitat fit, introduced status and game value before inclusion."
birds,197,yes,8053,Jamaican Crow,Corvus jamaicensis,1,123,"iNaturalist regional candidate only; review habitat fit, introduced status and game value before inclusion."
birds,198,yes,2120,Narrow-billed Tody,Todus angustirostris,1,123,"iNaturalist regional candidate only; review habitat fit, introduced status and game value before inclusion."
birds,199,yes,12767,Spectacled Thrush,Turdus nudigenis,1,120,"iNaturalist regional candidate only; review habitat fit, introduced status and game value before inclusion."
birds,200,yes,73148,Louisiana Waterthrush,Parkesia motacilla,1,119,"iNaturalist regional candidate only; review habitat fit, introduced status and game value before inclusion."
birds,201,yes,5197,Ridgway's Hawk,Buteo ridgwayi,1,117,"iNaturalist regional candidate only; review habitat fit, introduced status and game value before inclusion."
birds,202,yes,3656,Blue-headed Quail-Dove,Starnoenas cyanocephala,1,117,"iNaturalist regional candidate only; review habitat fit, introduced status and game value before inclusion."
birds,203,yes,4715,Crested Caracara,Caracara plancus,1,116,"iNaturalist regional candidate only; review habitat fit, introduced status and game value before inclusion."
birds,204,yes,18235,Fernandina's Flicker,Colaptes fernandinae,1,114,"iNaturalist regional candidate only; review habitat fit, introduced status and game value before inclusion."
birds,205,yes,16013,Stolid Flycatcher,Myiarchus stolidus,1,114,"iNaturalist regional candidate only; review habitat fit, introduced status and game value before inclusion."
birds,206,yes,10645,Zapata Sparrow,Torreornis inexpectata,1,114,"iNaturalist regional candidate only; review habitat fit, introduced status and game value before inclusion."
birds,207,yes,73410,Hispaniolan Spindalis,Spindalis dominicensis,1,113,"iNaturalist regional candidate only; review habitat fit, introduced status and game value before inclusion."
birds,208,yes,73411,Jamaican Spindalis,Spindalis nigricephala,1,109,"iNaturalist regional candidate only; review habitat fit, introduced status and game value before inclusion."
birds,209,yes,4798,Piping Plover,Charadrius melodus,1,108,"iNaturalist regional candidate only; review habitat fit, introduced status and game value before inclusion."
birds,210,yes,5063,Anhinga,Anhinga anhinga,1,107,"iNaturalist regional candidate only; review habitat fit, introduced status and game value before inclusion."
birds,211,yes,1428,Helmeted Guineafowl,Numida meleagris,1,103,"iNaturalist regional candidate only; review habitat fit, introduced status and game value before inclusion."
birds,212,yes,18184,Guadeloupe Woodpecker,Melanerpes herminieri,1,100,"iNaturalist regional candidate only; review habitat fit, introduced status and game value before inclusion."
birds,213,yes,4436,Roseate Tern,Sterna dougallii,1,99,"iNaturalist regional candidate only; review habitat fit, introduced status and game value before inclusion."
birds,214,yes,9288,Jamaican Euphonia,Euphonia jamaica,1,98,"iNaturalist regional candidate only; review habitat fit, introduced status and game value before inclusion."
birds,215,yes,4364,Ring-billed Gull,Larus delawarensis,1,97,"iNaturalist regional candidate only; review habitat fit, introduced status and game value before inclusion."
birds,216,yes,11864,Cuban Martin,Progne cryptoleuca,1,96,"iNaturalist regional candidate only; review habitat fit, introduced status and game value before inclusion."
birds,217,yes,145227,Elfin-woods Warbler,Setophaga angelae,1,96,"iNaturalist regional candidate only; review habitat fit, introduced status and game value before inclusion."
birds,218,yes,3272,Caribbean Dove,Leptotila jamaicensis,1,95,"iNaturalist regional candidate only; review habitat fit, introduced status and game value before inclusion."
birds,219,yes,8051,Palm Crow,Corvus palmarum,1,94,"iNaturalist regional candidate only; review habitat fit, introduced status and game value before inclusion."
birds,220,yes,4578,Northern Jacana,Jacana spinosa,1,91,"iNaturalist regional candidate only; review habitat fit, introduced status and game value before inclusion."
birds,221,yes,8019,Cuban Crow,Corvus nasicus,1,90,"iNaturalist regional candidate only; review habitat fit, introduced status and game value before inclusion."
birds,222,yes,16097,Hispaniolan Pewee,Contopus hispaniolensis,1,87,"iNaturalist regional candidate only; review habitat fit, introduced status and game value before inclusion."
birds,223,yes,9326,Hispaniolan Oriole,Icterus dominicensis,1,87,"iNaturalist regional candidate only; review habitat fit, introduced status and game value before inclusion."
birds,224,yes,4317,Red-billed Tropicbird,Phaethon aethereus,1,87,"iNaturalist regional candidate only; review habitat fit, introduced status and game value before inclusion."
birds,225,yes,4535,Brown Noddy,Anous stolidus,1,84,"iNaturalist regional candidate only; review habitat fit, introduced status and game value before inclusion."
birds,226,yes,1506249,Puerto Rican Euphonia,Chlorophonia sclateri,1,84,"iNaturalist regional candidate only; review habitat fit, introduced status and game value before inclusion."
birds,227,yes,3092,Ring-tailed Pigeon,Patagioenas caribaea,1,84,"iNaturalist regional candidate only; review habitat fit, introduced status and game value before inclusion."
birds,228,yes,16005,Rufous-tailed Flycatcher,Myiarchus validus,1,83,"iNaturalist regional candidate only; review habitat fit, introduced status and game value before inclusion."
birds,229,yes,10262,Red-legged Honeycreeper,Cyanerpes cyaneus,1,82,"iNaturalist regional candidate only; review habitat fit, introduced status and game value before inclusion."
birds,230,yes,145243,Olive-capped Warbler,Setophaga pityophila,1,81,"iNaturalist regional candidate only; review habitat fit, introduced status and game value before inclusion."
birds,231,yes,1289369,Hispaniolan Euphonia,Chlorophonia musica,1,80,"iNaturalist regional candidate only; review habitat fit, introduced status and game value before inclusion."
birds,232,yes,11901,Barn Swallow,Hirundo rustica,1,80,"iNaturalist regional candidate only; review habitat fit, introduced status and game value before inclusion."
birds,233,yes,1578960,Least Bittern,Botaurus exilis,1,79,"iNaturalist regional candidate only; review habitat fit, introduced status and game value before inclusion."
birds,234,yes,367558,Orange-fronted Parakeet,Eupsittula canicularis,1,76,"iNaturalist regional candidate only; review habitat fit, introduced status and game value before inclusion."
birds,235,yes,1188213,Hudsonian Whimbrel,Numenius hudsonicus,1,76,"iNaturalist regional candidate only; review habitat fit, introduced status and game value before inclusion."
birds,236,yes,10422,Hispaniolan Crossbill,Loxia megaplaga,1,75,"iNaturalist regional candidate only; review habitat fit, introduced status and game value before inclusion."
birds,237,yes,12955,Cuban Solitaire,Myadestes elisabeth,1,73,"iNaturalist regional candidate only; review habitat fit, introduced status and game value before inclusion."
birds,238,yes,367574,Cuban Parakeet,Psittacara euops,1,73,"iNaturalist regional candidate only; review habitat fit, introduced status and game value before inclusion."
birds,239,yes,9607,Great-tailed Grackle,Quiscalus mexicanus,1,72,"iNaturalist regional candidate only; review habitat fit, introduced status and game value before inclusion."
birds,240,yes,9601,Boat-tailed Grackle,Quiscalus major,1,71,"iNaturalist regional candidate only; review habitat fit, introduced status and game value before inclusion."
birds,241,yes,204515,Gray-fronted Quail-Dove,Geotrygon caniceps,1,70,"iNaturalist regional candidate only; review habitat fit, introduced status and game value before inclusion."
birds,242,yes,8687,Jamaican Becard,Pachyramphus niger,1,69,"iNaturalist regional candidate only; review habitat fit, introduced status and game value before inclusion."
birds,243,yes,19670,Northern Potoo,Nyctibius jamaicensis,1,68,"iNaturalist regional candidate only; review habitat fit, introduced status and game value before inclusion."
birds,244,yes,145258,Black-throated Green Warbler,Setophaga virens,1,67,"iNaturalist regional candidate only; review habitat fit, introduced status and game value before inclusion."
birds,245,yes,558438,Northern Shoveler,Spatula clypeata,1,67,"iNaturalist regional candidate only; review habitat fit, introduced status and game value before inclusion."
birds,246,yes,7054,Lesser Scaup,Aythya affinis,1,66,"iNaturalist regional candidate only; review habitat fit, introduced status and game value before inclusion."
birds,247,yes,1650088,Hispaniolan Elaenia,Elaenia cherriei,1,66,"iNaturalist regional candidate only; review habitat fit, introduced status and game value before inclusion."
birds,248,yes,201070,Puerto Rican Nightjar,Antrostomus noctitherus,1,65,"iNaturalist regional candidate only; review habitat fit, introduced status and game value before inclusion."
birds,249,yes,145307,Antillean Siskin,Spinus dominicensis,1,65,"iNaturalist regional candidate only; review habitat fit, introduced status and game value before inclusion."
birds,250,yes,3503,Ruddy Quail-Dove,Geotrygon montana,1,64,"iNaturalist regional candidate only; review habitat fit, introduced status and game value before inclusion."
birds,251,yes,18911,Rose-ringed Parakeet,Psittacula krameri,1,64,"iNaturalist regional candidate only; review habitat fit, introduced status and game value before inclusion."
birds,252,yes,20331,Stygian Owl,Asio stygius,1,62,"iNaturalist regional candidate only; review habitat fit, introduced status and game value before inclusion."
birds,253,yes,7044,Ring-necked Duck,Aythya collaris,1,62,"iNaturalist regional candidate only; review habitat fit, introduced status and game value before inclusion."
birds,254,yes,1965,Yellow-billed Cuckoo,Coccyzus americanus,1,62,"iNaturalist regional candidate only; review habitat fit, introduced status and game value before inclusion."
birds,255,yes,7172,Masked Duck,Nomonyx dominicus,1,62,"iNaturalist regional candidate only; review habitat fit, introduced status and game value before inclusion."
birds,256,yes,7493,Blue-gray Gnatcatcher,Polioptila caerulea,1,62,"iNaturalist regional candidate only; review habitat fit, introduced status and game value before inclusion."
birds,257,yes,10597,Green-tailed Warbler,Microligea palustris,1,61,"iNaturalist regional candidate only; review habitat fit, introduced status and game value before inclusion."
birds,258,yes,1578502,American Barn Owl,Tyto furcata,1,61,"iNaturalist regional candidate only; review habitat fit, introduced status and game value before inclusion."
birds,259,yes,1578489,American Herring Gull,Larus smithsonianus,1,58,"iNaturalist regional candidate only; review habitat fit, introduced status and game value before inclusion."
birds,260,yes,1289584,Jamaican Owl,Asio grammicus,1,57,"iNaturalist regional candidate only; review habitat fit, introduced status and game value before inclusion."
birds,261,yes,16101,Jamaican Pewee,Contopus pallidus,1,57,"iNaturalist regional candidate only; review habitat fit, introduced status and game value before inclusion."
birds,262,yes,145240,Blackpoll Warbler,Setophaga striata,1,57,"iNaturalist regional candidate only; review habitat fit, introduced status and game value before inclusion."
birds,263,yes,9744,Red-winged Blackbird,Agelaius phoeniceus,1,56,"iNaturalist regional candidate only; review habitat fit, introduced status and game value before inclusion."
birds,264,yes,4334,American White Pelican,Pelecanus erythrorhynchos,1,56,"iNaturalist regional candidate only; review habitat fit, introduced status and game value before inclusion."
birds,265,yes,5349,Snail Kite,Rostrhamus sociabilis,1,54,"iNaturalist regional candidate only; review habitat fit, introduced status and game value before inclusion."
birds,266,yes,1435192,Black-billed Streamertail,Trochilus scitulus,1,54,"iNaturalist regional candidate only; review habitat fit, introduced status and game value before inclusion."
birds,267,yes,4450,Common Tern,Sterna hirundo,1,53,"iNaturalist regional candidate only; review habitat fit, introduced status and game value before inclusion."
birds,268,yes,20436,Ashy-faced Owl,Tyto glaucops,1,53,"iNaturalist regional candidate only; review habitat fit, introduced status and game value before inclusion."
birds,269,yes,17370,Jamaican Vireo,Vireo modestus,1,53,"iNaturalist regional candidate only; review habitat fit, introduced status and game value before inclusion."
birds,270,yes,3515,Crested Quail-Dove,Geotrygon versicolor,1,52,"iNaturalist regional candidate only; review habitat fit, introduced status and game value before inclusion."
birds,271,yes,7610,Zapata Wren,Ferminia cerverai,1,51,"iNaturalist regional candidate only; review habitat fit, introduced status and game value before inclusion."
birds,272,yes,18989,Black-billed Amazon,Amazona agilis,1,50,"iNaturalist regional candidate only; review habitat fit, introduced status and game value before inclusion."
birds,273,yes,10227,Indigo Bunting,Passerina cyanea,1,50,"iNaturalist regional candidate only; review habitat fit, introduced status and game value before inclusion."
birds,274,yes,15047,Martinique thrasher,Ramphocinclus brachyurus,1,50,"iNaturalist regional candidate only; review habitat fit, introduced status and game value before inclusion."
birds,275,yes,145226,Plumbeous Warbler,Setophaga plumbea,1,50,"iNaturalist regional candidate only; review habitat fit, introduced status and game value before inclusion."
birds,276,yes,72746,Jamaican Lizard-Cuckoo,Coccyzus vetula,1,49,"iNaturalist regional candidate only; review habitat fit, introduced status and game value before inclusion."
birds,277,yes,10205,Yellow-shouldered Grassquit,Loxipasser anoxanthus,1,49,"iNaturalist regional candidate only; review habitat fit, introduced status and game value before inclusion."
birds,278,yes,162,Sora,Porzana carolina,1,49,"iNaturalist regional candidate only; review habitat fit, introduced status and game value before inclusion."
birds,279,yes,16801,Giant Kingbird,Tyrannus cubensis,1,49,"iNaturalist regional candidate only; review habitat fit, introduced status and game value before inclusion."
birds,280,yes,1505663,Snowy Plover,Anarhynchus nivosus,1,48,"iNaturalist regional candidate only; review habitat fit, introduced status and game value before inclusion."
birds,281,yes,144536,Gull-billed Tern,Gelochelidon nilotica,1,48,"iNaturalist regional candidate only; review habitat fit, introduced status and game value before inclusion."
birds,282,yes,144537,Caspian Tern,Hydroprogne caspia,1,47,"iNaturalist regional candidate only; review habitat fit, introduced status and game value before inclusion."
birds,283,yes,144525,Sooty Tern,Onychoprion fuscatus,1,47,"iNaturalist regional candidate only; review habitat fit, introduced status and game value before inclusion."
birds,284,yes,72912,Worm-eating Warbler,Helmitheros vermivorum,1,46,"iNaturalist regional candidate only; review habitat fit, introduced status and game value before inclusion."
birds,285,yes,145229,Hooded Warbler,Setophaga citrina,1,46,"iNaturalist regional candidate only; review habitat fit, introduced status and game value before inclusion."
birds,286,yes,145228,Arrowhead Warbler,Setophaga pharetra,1,45,"iNaturalist regional candidate only; review habitat fit, introduced status and game value before inclusion."
birds,287,yes,9762,Red-shouldered Blackbird,Agelaius assimilis,1,44,"iNaturalist regional candidate only; review habitat fit, introduced status and game value before inclusion."
birds,288,yes,1579014,Gundlach's Hawk,Astur gundlachi,1,44,"iNaturalist regional candidate only; review habitat fit, introduced status and game value before inclusion."
birds,289,yes,17365,Yellow-throated Vireo,Vireo flavifrons,1,44,"iNaturalist regional candidate only; review habitat fit, introduced status and game value before inclusion."
birds,290,yes,10619,Jamaican Blackbird,Nesopsar nigerrimus,1,43,"iNaturalist regional candidate only; review habitat fit, introduced status and game value before inclusion."
birds,291,yes,3866,White-rumped Sandpiper,Calidris fuscicollis,1,42,"iNaturalist regional candidate only; review habitat fit, introduced status and game value before inclusion."
birds,292,yes,72744,Chestnut-bellied Cuckoo,Coccyzus pluvialis,1,42,"iNaturalist regional candidate only; review habitat fit, introduced status and game value before inclusion."
birds,293,yes,72745,Bay-breasted Cuckoo,Coccyzus rufigularis,1,42,"iNaturalist regional candidate only; review habitat fit, introduced status and game value before inclusion."
birds,294,yes,12950,Rufous-throated Solitaire,Myadestes genibarbis,1,42,"iNaturalist regional candidate only; review habitat fit, introduced status and game value before inclusion."
birds,295,yes,145350,Indian Silverbill,Euodice malabarica,1,41,"iNaturalist regional candidate only; review habitat fit, introduced status and game value before inclusion."
birds,296,yes,3750,Scarlet Ibis,Eudocimus ruber,1,40,"iNaturalist regional candidate only; review habitat fit, introduced status and game value before inclusion."
birds,297,yes,979790,Tricolored Munia,Lonchura malacca,1,40,"iNaturalist regional candidate only; review habitat fit, introduced status and game value before inclusion."
birds,298,yes,13974,Yellow-crowned Bishop,Euplectes afer,1,39,"iNaturalist regional candidate only; review habitat fit, introduced status and game value before inclusion."
birds,299,yes,16049,Lesser Antillean Flycatcher,Myiarchus oberi,1,38,"iNaturalist regional candidate only; review habitat fit, introduced status and game value before inclusion."
birds,300,yes,17361,Flat-billed Vireo,Vireo nanus,1,38,"iNaturalist regional candidate only; review habitat fit, introduced status and game value before inclusion."
birds,301,yes,3855,Western Sandpiper,Calidris mauri,1,37,"iNaturalist regional candidate only; review habitat fit, introduced status and game value before inclusion."
birds,302,yes,3865,Pectoral Sandpiper,Calidris melanotos,1,37,"iNaturalist regional candidate only; review habitat fit, introduced status and game value before inclusion."
birds,303,yes,9528,Eastern Meadowlark,Sturnella magna,1,36,"iNaturalist regional candidate only; review habitat fit, introduced status and game value before inclusion."
birds,304,yes,12778,White-eyed Thrush,Turdus jamaicensis,1,36,"iNaturalist regional candidate only; review habitat fit, introduced status and game value before inclusion."
birds,305,yes,145235,Magnolia Warbler,Setophaga magnolia,1,35,"iNaturalist regional candidate only; review habitat fit, introduced status and game value before inclusion."
birds,306,yes,3128,Plain Pigeon,Patagioenas inornata,1,34,"iNaturalist regional candidate only; review habitat fit, introduced status and game value before inclusion."
birds,307,yes,7120,Muscovy Duck,Cairina moschata,1,33,"iNaturalist regional candidate only; review habitat fit, introduced status and game value before inclusion."
birds,308,yes,17387,Blue Mountain Vireo,Vireo osburni,1,33,"iNaturalist regional candidate only; review habitat fit, introduced status and game value before inclusion."
birds,309,yes,18236,Northern Flicker,Colaptes auratus,1,32,"iNaturalist regional candidate only; review habitat fit, introduced status and game value before inclusion."
birds,310,yes,19065,Green-rumped Parrotlet,Forpus passerinus,1,32,"iNaturalist regional candidate only; review habitat fit, introduced status and game value before inclusion."
birds,311,yes,17408,White-eyed Vireo,Vireo griseus,1,32,"iNaturalist regional candidate only; review habitat fit, introduced status and game value before inclusion."
birds,312,yes,485176,American Wigeon,Mareca americana,1,30,"iNaturalist regional candidate only; review habitat fit, introduced status and game value before inclusion."
birds,313,yes,144554,White-fronted Quail-Dove,Geotrygon leucometopia,1,29,"iNaturalist regional candidate only; review habitat fit, introduced status and game value before inclusion."
birds,314,yes,145244,Pine Warbler,Setophaga pinus,1,29,"iNaturalist regional candidate only; review habitat fit, introduced status and game value before inclusion."
birds,315,yes,72951,Bahama Oriole,Icterus northropi,1,28,"iNaturalist regional candidate only; review habitat fit, introduced status and game value before inclusion."
birds,316,yes,1289678,Blue-headed Hummingbird,Riccordia bicolor,1,28,"iNaturalist regional candidate only; review habitat fit, introduced status and game value before inclusion."
birds,317,yes,4496,Black Skimmer,Rynchops niger,1,28,"iNaturalist regional candidate only; review habitat fit, introduced status and game value before inclusion."
birds,318,yes,9327,Martinique Oriole,Icterus bonana,1,27,"iNaturalist regional candidate only; review habitat fit, introduced status and game value before inclusion."
birds,319,yes,4742,Wood Stork,Mycteria americana,1,27,"iNaturalist regional candidate only; review habitat fit, introduced status and game value before inclusion."
birds,320,yes,10224,Painted Bunting,Passerina ciris,1,26,"iNaturalist regional candidate only; review habitat fit, introduced status and game value before inclusion."
birds,321,yes,9915,Summer Tanager,Piranga rubra,1,26,"iNaturalist regional candidate only; review habitat fit, introduced status and game value before inclusion."
birds,322,yes,10576,White-winged Warbler,Xenoligea montana,1,25,"iNaturalist regional candidate only; review habitat fit, introduced status and game value before inclusion."
birds,323,yes,1506094,Cuban Palm-Crow,Corvus minutus,1,24,"iNaturalist regional candidate only; review habitat fit, introduced status and game value before inclusion."
birds,324,yes,367560,Brown-throated Parakeet,Eupsittula pertinax,1,24,"iNaturalist regional candidate only; review habitat fit, introduced status and game value before inclusion."
birds,325,yes,16891,Jamaican Elaenia,Myiopagis cotta,1,24,"iNaturalist regional candidate only; review habitat fit, introduced status and game value before inclusion."
birds,326,yes,6597,White-collared Swift,Streptoprocne zonaris,1,24,"iNaturalist regional candidate only; review habitat fit, introduced status and game value before inclusion."
birds,327,yes,19975,Burrowing Owl,Athene cunicularia,1,23,"iNaturalist regional candidate only; review habitat fit, introduced status and game value before inclusion."
birds,328,yes,145279,Western Chat-Tanager,Calyptophilus tertius,1,23,"iNaturalist regional candidate only; review habitat fit, introduced status and game value before inclusion."
birds,329,yes,144496,Wilson's Snipe,Gallinago delicata,1,23,"iNaturalist regional candidate only; review habitat fit, introduced status and game value before inclusion."
birds,330,yes,3255,Pied Imperial Pigeon,Ducula bicolor,1,22,"iNaturalist regional candidate only; review habitat fit, introduced status and game value before inclusion."
birds,331,no,201067,Cuban Nightjar,Antrostomus cubanensis,1,21,"iNaturalist regional candidate only; review habitat fit, introduced status and game value before inclusion."
birds,332,no,16100,Eastern Wood-Pewee,Contopus virens,1,21,"iNaturalist regional candidate only; review habitat fit, introduced status and game value before inclusion."
birds,333,no,4893,American Golden-Plover,Pluvialis dominica,1,21,"iNaturalist regional candidate only; review habitat fit, introduced status and game value before inclusion."
birds,334,no,10729,Prothonotary Warbler,Protonotaria citrea,1,21,"iNaturalist regional candidate only; review habitat fit, introduced status and game value before inclusion."
birds,335,no,18978,Turquoise-fronted Amazon,Amazona aestiva,1,20,"iNaturalist regional candidate only; review habitat fit, introduced status and game value before inclusion."
birds,336,no,199833,Chuck-will's-widow,Antrostomus carolinensis,1,20,"iNaturalist regional candidate only; review habitat fit, introduced status and game value before inclusion."
birds,337,no,9738,Bahama Yellowthroat,Geothlypis rostrata,1,20,"iNaturalist regional candidate only; review habitat fit, introduced status and game value before inclusion."
birds,338,no,10271,Rose-breasted Grosbeak,Pheucticus ludovicianus,1,20,"iNaturalist regional candidate only; review habitat fit, introduced status and game value before inclusion."
birds,339,no,19656,Least Pauraque,Siphonorhis brewsteri,1,20,"iNaturalist regional candidate only; review habitat fit, introduced status and game value before inclusion."
birds,340,no,6667,Black Swift,Cypseloides niger,1,19,"iNaturalist regional candidate only; review habitat fit, introduced status and game value before inclusion."
birds,341,no,6996,Red-breasted Merganser,Mergus serrator,1,19,"iNaturalist regional candidate only; review habitat fit, introduced status and game value before inclusion."
birds,342,no,11927,Bahama Swallow,Tachycineta cyaneoviridis,1,19,"iNaturalist regional candidate only; review habitat fit, introduced status and game value before inclusion."
birds,343,no,9346,Baltimore Oriole,Icterus galbula,1,18,"iNaturalist regional candidate only; review habitat fit, introduced status and game value before inclusion."
birds,344,no,3788,Masked Booby,Sula dactylatra,1,18,"iNaturalist regional candidate only; review habitat fit, introduced status and game value before inclusion."
birds,345,no,73544,Forest Thrush,Turdus lherminieri,1,18,"iNaturalist regional candidate only; review habitat fit, introduced status and game value before inclusion."
birds,346,no,1429248,Hispaniolan Nightjar,Antrostomus ekmani,1,17,"iNaturalist regional candidate only; review habitat fit, introduced status and game value before inclusion."
birds,347,no,3845,Red Knot,Calidris canutus,1,17,"iNaturalist regional candidate only; review habitat fit, introduced status and game value before inclusion."
birds,348,no,73155,Blue Grosbeak,Passerina caerulea,1,17,"iNaturalist regional candidate only; review habitat fit, introduced status and game value before inclusion."
birds,349,no,145247,Bahama Warbler,Setophaga flavescens,1,17,"iNaturalist regional candidate only; review habitat fit, introduced status and game value before inclusion."
birds,350,no,6893,Black-bellied Whistling-Duck,Dendrocygna autumnalis,1,16,"iNaturalist regional candidate only; review habitat fit, introduced status and game value before inclusion."
birds,351,no,14850,European Starling,Sturnus vulgaris,1,16,"iNaturalist regional candidate only; review habitat fit, introduced status and game value before inclusion."
birds,352,no,12899,Bicknell's Thrush,Catharus bicknelli,1,15,"iNaturalist regional candidate only; review habitat fit, introduced status and game value before inclusion."
birds,353,no,14981,Gray Trembler,Cinclocerthia gutturalis,1,15,"iNaturalist regional candidate only; review habitat fit, introduced status and game value before inclusion."
birds,354,no,6899,Fulvous Whistling-Duck,Dendrocygna bicolor,1,15,"iNaturalist regional candidate only; review habitat fit, introduced status and game value before inclusion."
birds,355,no,10487,Bobolink,Dolichonyx oryzivorus,1,15,"iNaturalist regional candidate only; review habitat fit, introduced status and game value before inclusion."
birds,356,no,367572,Red-masked Parakeet,Psittacara erythrogenys,1,15,"iNaturalist regional candidate only; review habitat fit, introduced status and game value before inclusion."
birds,357,no,18982,Orange-winged Amazon,Amazona amazonica,1,14,"iNaturalist regional candidate only; review habitat fit, introduced status and game value before inclusion."
birds,358,no,18984,Yellow-naped Amazon,Amazona auropalliata,1,14,"iNaturalist regional candidate only; review habitat fit, introduced status and game value before inclusion."
birds,359,no,558446,Northern Harrier,Circus hudsonius,1,14,"iNaturalist regional candidate only; review habitat fit, introduced status and game value before inclusion."
birds,360,no,3017,Rock Pigeon,Columba livia,1,14,"iNaturalist regional candidate only; review habitat fit, introduced status and game value before inclusion."
birds,361,no,11935,Tree Swallow,Tachycineta bicolor,1,14,"iNaturalist regional candidate only; review habitat fit, introduced status and game value before inclusion."
birds,362,no,18976,Red-crowned Amazon,Amazona viridigenalis,1,13,"iNaturalist regional candidate only; review habitat fit, introduced status and game value before inclusion."
birds,363,no,10442,Swainson's Warbler,Limnothlypis swainsonii,1,13,"iNaturalist regional candidate only; review habitat fit, introduced status and game value before inclusion."
birds,364,no,13892,White-headed Munia,Lonchura maja,1,13,"iNaturalist regional candidate only; review habitat fit, introduced status and game value before inclusion."
birds,365,no,4885,American Avocet,Recurvirostra americana,1,13,"iNaturalist regional candidate only; review habitat fit, introduced status and game value before inclusion."
birds,366,no,6930,Mallard,Anas platyrhynchos,1,12,"iNaturalist regional candidate only; review habitat fit, introduced status and game value before inclusion."
birds,367,no,11867,Purple Martin,Progne subis,1,12,"iNaturalist regional candidate only; review habitat fit, introduced status and game value before inclusion."
birds,368,no,10139,Grasshopper Sparrow,Ammodramus savannarum,1,11,"iNaturalist regional candidate only; review habitat fit, introduced status and game value before inclusion."
birds,369,no,6565,Lesser Antillean Swift,Chaetura martinica,1,11,"iNaturalist regional candidate only; review habitat fit, introduced status and game value before inclusion."
birds,370,no,1506246,Lesser Antillean Euphonia,Chlorophonia flavifrons,1,11,"iNaturalist regional candidate only; review habitat fit, introduced status and game value before inclusion."
birds,371,no,16680,Blue Mountain Elaenia,Elaenia fallax,1,11,"iNaturalist regional candidate only; review habitat fit, introduced status and game value before inclusion."
birds,372,no,5301,Swallow-tailed Kite,Elanoides forficatus,1,11,"iNaturalist regional candidate only; review habitat fit, introduced status and game value before inclusion."
birds,373,no,1583491,Yellow-breasted Crake,Laterallus flaviventer,1,11,"iNaturalist regional candidate only; review habitat fit, introduced status and game value before inclusion."
birds,374,no,145230,Kirtland's Warbler,Setophaga kirtlandii,1,11,"iNaturalist regional candidate only; review habitat fit, introduced status and game value before inclusion."
birds,375,no,19079,Rosy-faced Lovebird,Agapornis roseicollis,1,10,"iNaturalist regional candidate only; review habitat fit, introduced status and game value before inclusion."
birds,376,no,204474,Eastern Chat-Tanager,Calyptophilus frugivorus,1,10,"iNaturalist regional candidate only; review habitat fit, introduced status and game value before inclusion."
birds,377,no,337418,White-tailed Nightjar,Hydropsalis cayennensis,1,10,"iNaturalist regional candidate only; review habitat fit, introduced status and game value before inclusion."
birds,378,no,145239,Chestnut-sided Warbler,Setophaga pensylvanica,1,10,"iNaturalist regional candidate only; review habitat fit, introduced status and game value before inclusion."
birds,379,no,16783,Scissor-tailed Flycatcher,Tyrannus forficatus,1,10,"iNaturalist regional candidate only; review habitat fit, introduced status and game value before inclusion."
birds,380,no,891704,Red-eyed Vireo,Vireo olivaceus,1,10,"iNaturalist regional candidate only; review habitat fit, introduced status and game value before inclusion."
birds,381,no,12878,Swainson's Thrush,Catharus ustulatus,1,9,"iNaturalist regional candidate only; review habitat fit, introduced status and game value before inclusion."
birds,382,no,144502,Bonaparte's Gull,Chroicocephalus philadelphia,1,9,"iNaturalist regional candidate only; review habitat fit, introduced status and game value before inclusion."
birds,383,no,9921,Scarlet Tanager,Piranga olivacea,1,9,"iNaturalist regional candidate only; review habitat fit, introduced status and game value before inclusion."
birds,384,no,9869,Grassland Yellow-Finch,Sicalis luteola,1,9,"iNaturalist regional candidate only; review habitat fit, introduced status and game value before inclusion."
birds,385,no,20315,Short-eared Owl,Asio flammeus,1,8,"iNaturalist regional candidate only; review habitat fit, introduced status and game value before inclusion."
birds,386,no,62528,Striated Heron,Butorides striata,1,8,"iNaturalist regional candidate only; review habitat fit, introduced status and game value before inclusion."
birds,387,no,339593,Ruff,Calidris pugnax,1,8,"iNaturalist regional candidate only; review habitat fit, introduced status and game value before inclusion."
birds,388,no,4512,Black Tern,Chlidonias niger,1,8,"iNaturalist regional candidate only; review habitat fit, introduced status and game value before inclusion."
birds,389,no,7109,Hooded Merganser,Lophodytes cucullatus,1,8,"iNaturalist regional candidate only; review habitat fit, introduced status and game value before inclusion."
birds,390,no,202471,Sun Parakeet,Aratinga solstitialis,1,7,"iNaturalist regional candidate only; review habitat fit, introduced status and game value before inclusion."
birds,391,no,979756,Tennessee Warbler,Leiothlypis peregrina,1,7,"iNaturalist regional candidate only; review habitat fit, introduced status and game value before inclusion."
birds,392,no,72989,Chestnut Munia,Lonchura atricapilla,1,7,"iNaturalist regional candidate only; review habitat fit, introduced status and game value before inclusion."
birds,393,no,4457,Forster's Tern,Sterna forsteri,1,7,"iNaturalist regional candidate only; review habitat fit, introduced status and game value before inclusion."
birds,394,no,12761,La Selle Thrush,Turdus swalesi,1,7,"iNaturalist regional candidate only; review habitat fit, introduced status and game value before inclusion."
birds,395,no,6933,Northern Pintail,Anas acuta,1,6,"iNaturalist regional candidate only; review habitat fit, introduced status and game value before inclusion."
birds,396,no,117191,White Cockatoo,Cacatua alba,1,6,"iNaturalist regional candidate only; review habitat fit, introduced status and game value before inclusion."
birds,397,no,144510,Black-headed Gull,Chroicocephalus ridibundus,1,6,"iNaturalist regional candidate only; review habitat fit, introduced status and game value before inclusion."
birds,398,no,144497,Wilson's Phalarope,Phalaropus tricolor,1,6,"iNaturalist regional candidate only; review habitat fit, introduced status and game value before inclusion."
birds,399,no,17008,Eastern Phoebe,Sayornis phoebe,1,6,"iNaturalist regional candidate only; review habitat fit, introduced status and game value before inclusion."
birds,400,no,3793,Red-footed Booby,Sula sula,1,6,"iNaturalist regional candidate only; review habitat fit, introduced status and game value before inclusion."
reptiles,1,yes,36488,Crested Anole,Anolis cristatellus,1,11403,"iNaturalist regional candidate only; review habitat fit, introduced status and game value before inclusion."
reptiles,2,yes,35342,Green Iguana,Iguana iguana,1,6709,"iNaturalist regional candidate only; review habitat fit, introduced status and game value before inclusion."
reptiles,3,yes,540071,Common Puerto Rican Ameiva,Pholidoscelis exsul,1,3548,"iNaturalist regional candidate only; review habitat fit, introduced status and game value before inclusion."
reptiles,4,yes,36455,Bark Anole,Anolis distichus,1,2743,"iNaturalist regional candidate only; review habitat fit, introduced status and game value before inclusion."
reptiles,5,yes,116461,Brown Anole,Anolis sagrei,1,2599,"iNaturalist regional candidate only; review habitat fit, introduced status and game value before inclusion."
reptiles,6,yes,68492,Tropical House Gecko,Hemidactylus mabouia,1,2474,"iNaturalist regional candidate only; review habitat fit, introduced status and game value before inclusion."
reptiles,7,yes,39280,Northern Curly-tailed Lizard,Leiocephalus carinatus,1,2183,"iNaturalist regional candidate only; review habitat fit, introduced status and game value before inclusion."
reptiles,8,yes,39659,Green Sea Turtle,Chelonia mydas,1,1786,"iNaturalist regional candidate only; review habitat fit, introduced status and game value before inclusion."
reptiles,9,yes,36445,Emerald anole,Anolis evermanni,1,1414,"iNaturalist regional candidate only; review habitat fit, introduced status and game value before inclusion."
reptiles,10,yes,36732,Krug's Anole,Anolis krugi,1,1356,"iNaturalist regional candidate only; review habitat fit, introduced status and game value before inclusion."
reptiles,11,yes,36606,Banded Anole,Anolis stratulus,1,1304,"iNaturalist regional candidate only; review habitat fit, introduced status and game value before inclusion."
reptiles,12,yes,36363,Martinique's anole,Anolis roquet,1,1298,"iNaturalist regional candidate only; review habitat fit, introduced status and game value before inclusion."
reptiles,13,yes,36380,Graham's Anole,Anolis grahami,1,1082,"iNaturalist regional candidate only; review habitat fit, introduced status and game value before inclusion."
reptiles,14,yes,1148911,Common Stout Anole,Anolis hispaniolae,1,1027,"iNaturalist regional candidate only; review habitat fit, introduced status and game value before inclusion."
reptiles,15,yes,36375,Stripefoot Anole,Anolis lineatopus,1,1002,"iNaturalist regional candidate only; review habitat fit, introduced status and game value before inclusion."
reptiles,16,yes,30121,Puerto Rican Racer,Borikenophis portoricensis,1,986,"iNaturalist regional candidate only; review habitat fit, introduced status and game value before inclusion."
reptiles,17,yes,36695,Guadeloupean anole,Anolis marmoratus,1,924,"iNaturalist regional candidate only; review habitat fit, introduced status and game value before inclusion."
reptiles,18,yes,36651,Cuban Green Anole,Anolis porcatus,1,902,"iNaturalist regional candidate only; review habitat fit, introduced status and game value before inclusion."
reptiles,19,yes,36645,Puerto Rican Bush Anole,Anolis pulchellus,1,800,"iNaturalist regional candidate only; review habitat fit, introduced status and game value before inclusion."
reptiles,20,yes,36427,Gundlach’s Anole,Anolis gundlachi,1,726,"iNaturalist regional candidate only; review habitat fit, introduced status and game value before inclusion."
reptiles,21,yes,39778,Central Antillean slider,Trachemys stejnegeri,1,645,"iNaturalist regional candidate only; review habitat fit, introduced status and game value before inclusion."
reptiles,22,yes,1129179,East Dominican Green Anole,Anolis callainus,1,592,"iNaturalist regional candidate only; review habitat fit, introduced status and game value before inclusion."
reptiles,23,yes,540064,Auber's Ameiva,Pholidoscelis auberi,1,567,"iNaturalist regional candidate only; review habitat fit, introduced status and game value before inclusion."
reptiles,24,yes,146565,Rhinoceros Iguana,Cyclura cornuta,1,540,"iNaturalist regional candidate only; review habitat fit, introduced status and game value before inclusion."
reptiles,25,yes,36570,Allison's Anole,Anolis allisoni,1,516,"iNaturalist regional candidate only; review habitat fit, introduced status and game value before inclusion."
reptiles,26,yes,36372,Habana Anole,Anolis homolechis,1,465,"iNaturalist regional candidate only; review habitat fit, introduced status and game value before inclusion."
reptiles,27,yes,39672,Hawksbill Sea Turtle,Eretmochelys imbricata,1,417,"iNaturalist regional candidate only; review habitat fit, introduced status and game value before inclusion."
reptiles,28,yes,35345,Lesser Antillean Iguana,Iguana delicatissima,1,411,"iNaturalist regional candidate only; review habitat fit, introduced status and game value before inclusion."
reptiles,29,yes,539461,Puerto Rican Boa,Chilabothrus inornatus,1,386,"iNaturalist regional candidate only; review habitat fit, introduced status and game value before inclusion."
reptiles,30,yes,81525,Cuban Ground Iguana,Cyclura nubila,1,326,"iNaturalist regional candidate only; review habitat fit, introduced status and game value before inclusion."
reptiles,31,yes,94158,Jamaican Giant Anole,Anolis garmani,1,315,"iNaturalist regional candidate only; review habitat fit, introduced status and game value before inclusion."
reptiles,32,yes,1119889,Big-scaled least gecko,Sphaerodactylus grandisquamis,1,296,"iNaturalist regional candidate only; review habitat fit, introduced status and game value before inclusion."
reptiles,33,yes,36580,Saint Croix Anole,Anolis acutus,1,281,"iNaturalist regional candidate only; review habitat fit, introduced status and game value before inclusion."
reptiles,34,yes,39345,Haitian Curlytail Lizard,Leiocephalus personatus,1,274,"iNaturalist regional candidate only; review habitat fit, introduced status and game value before inclusion."
reptiles,35,yes,39782,Pond Slider,Trachemys scripta,1,273,"iNaturalist regional candidate only; review habitat fit, introduced status and game value before inclusion."
reptiles,36,yes,36558,Guantanamo Anole,Anolis argenteolus,1,266,"iNaturalist regional candidate only; review habitat fit, introduced status and game value before inclusion."
reptiles,37,yes,36696,Les Saintes Anole,Anolis terraealtae,1,264,"iNaturalist regional candidate only; review habitat fit, introduced status and game value before inclusion."
reptiles,38,yes,36485,Cuvier's Anole,Anolis cuvieri,1,263,"iNaturalist regional candidate only; review habitat fit, introduced status and game value before inclusion."
reptiles,39,yes,94169,Bluefields Anole,Anolis opalinus,1,257,"iNaturalist regional candidate only; review habitat fit, introduced status and game value before inclusion."
reptiles,40,yes,39292,Cuban Curlytail Lizard,Leiocephalus cubensis,1,251,"iNaturalist regional candidate only; review habitat fit, introduced status and game value before inclusion."
reptiles,41,yes,1148910,Cordillera Oriental Stout Anole,Anolis higuey,1,248,"iNaturalist regional candidate only; review habitat fit, introduced status and game value before inclusion."
reptiles,42,yes,104226,Mourning Gecko,Lepidodactylus lugubris,1,226,"iNaturalist regional candidate only; review habitat fit, introduced status and game value before inclusion."
reptiles,43,yes,26085,American Crocodile,Crocodylus acutus,1,225,"iNaturalist regional candidate only; review habitat fit, introduced status and game value before inclusion."
reptiles,44,yes,39361,Monte Verde Curlytail Lizard,Leiocephalus macropus,1,216,"iNaturalist regional candidate only; review habitat fit, introduced status and game value before inclusion."
reptiles,45,yes,30131,Cuban Racer,Cubophis cantherigerus,1,215,"iNaturalist regional candidate only; review habitat fit, introduced status and game value before inclusion."
reptiles,46,yes,51940,Asian House Gecko,Hemidactylus frenatus,1,214,"iNaturalist regional candidate only; review habitat fit, introduced status and game value before inclusion."
reptiles,47,yes,1148908,Desert Stout Anole,Anolis aridius,1,183,"iNaturalist regional candidate only; review habitat fit, introduced status and game value before inclusion."
reptiles,48,yes,32093,Boa Constrictor,Boa constrictor,1,180,"iNaturalist regional candidate only; review habitat fit, introduced status and game value before inclusion."
reptiles,49,yes,539039,Red-footed Tortoise,Chelonoidis carbonarius,1,175,"iNaturalist regional candidate only; review habitat fit, introduced status and game value before inclusion."
reptiles,50,yes,33560,Croaking Lizard,Aristelliger praesignis,1,173,"iNaturalist regional candidate only; review habitat fit, introduced status and game value before inclusion."
reptiles,51,yes,36432,Anguilla Anole,Anolis gingivinus,1,162,"iNaturalist regional candidate only; review habitat fit, introduced status and game value before inclusion."
reptiles,52,yes,567060,Hispaniolan Giant Ameiva,Pholidoscelis chrysolaemus,1,155,"iNaturalist regional candidate only; review habitat fit, introduced status and game value before inclusion."
reptiles,53,yes,146059,Hispaniolan Ground Iguana,Cyclura ricordii,1,153,"iNaturalist regional candidate only; review habitat fit, introduced status and game value before inclusion."
reptiles,54,yes,114268,Cuban Slider,Trachemys decussata,1,149,"iNaturalist regional candidate only; review habitat fit, introduced status and game value before inclusion."
reptiles,55,yes,539340,Barahona Green Anole,Anolis viridius,1,147,"iNaturalist regional candidate only; review habitat fit, introduced status and game value before inclusion."
reptiles,56,yes,32314,Cuban Dwarf Boa,Tropidophis melanurus,1,143,"iNaturalist regional candidate only; review habitat fit, introduced status and game value before inclusion."
reptiles,57,yes,36613,Bahamian Green Anole,Anolis smaragdinus,1,140,"iNaturalist regional candidate only; review habitat fit, introduced status and game value before inclusion."
reptiles,58,yes,35290,Allen's Island Iguana,Cyclura cychlura,1,139,"iNaturalist regional candidate only; review habitat fit, introduced status and game value before inclusion."
reptiles,59,yes,39322,Hispaniolan Khaki Curlytail,Leiocephalus schreibersii,1,139,"iNaturalist regional candidate only; review habitat fit, introduced status and game value before inclusion."
reptiles,60,yes,30112,Bahamian Racer,Cubophis vudii,1,138,"iNaturalist regional candidate only; review habitat fit, introduced status and game value before inclusion."
reptiles,61,yes,474355,Hispaniolan Boa,Chilabothrus striatus,1,131,"iNaturalist regional candidate only; review habitat fit, introduced status and game value before inclusion."
reptiles,62,yes,28605,Cope's Antilles Snake,Hypsirhynchus parvifrons,1,131,"iNaturalist regional candidate only; review habitat fit, introduced status and game value before inclusion."
reptiles,63,yes,36391,Knight Anole,Anolis equestris,1,124,"iNaturalist regional candidate only; review habitat fit, introduced status and game value before inclusion."
reptiles,64,yes,36720,Cave Anole,Anolis lucius,1,122,"iNaturalist regional candidate only; review habitat fit, introduced status and game value before inclusion."
reptiles,65,yes,116389,Bueycito Anole,Anolis allogus,1,118,"iNaturalist regional candidate only; review habitat fit, introduced status and game value before inclusion."
reptiles,66,yes,36441,Morne Constant Anole,Anolis ferreus,1,118,"iNaturalist regional candidate only; review habitat fit, introduced status and game value before inclusion."
reptiles,67,yes,28169,Catesby's Pointed Snake,Uromacer catesbyi,1,112,"iNaturalist regional candidate only; review habitat fit, introduced status and game value before inclusion."
reptiles,68,yes,36623,Half-lined Hispaniolan Grass Anole,Anolis semilineatus,1,110,"iNaturalist regional candidate only; review habitat fit, introduced status and game value before inclusion."
reptiles,69,yes,36491,Cook's Anole,Anolis cooki,1,109,"iNaturalist regional candidate only; review habitat fit, introduced status and game value before inclusion."
reptiles,70,yes,39298,Mountain Curlytail Lizard,Leiocephalus raviceps,1,106,"iNaturalist regional candidate only; review habitat fit, introduced status and game value before inclusion."
reptiles,71,yes,33640,Difficult Least Gecko,Sphaerodactylus difficilis,1,105,"iNaturalist regional candidate only; review habitat fit, introduced status and game value before inclusion."
reptiles,72,yes,33752,Ashy Gecko,Sphaerodactylus elegans,1,104,"iNaturalist regional candidate only; review habitat fit, introduced status and game value before inclusion."
reptiles,73,yes,39777,Cat Island Slider,Trachemys terrapen,1,99,"iNaturalist regional candidate only; review habitat fit, introduced status and game value before inclusion."
reptiles,74,yes,36567,Blue-eyed Grass-bush Anole,Anolis alutaceus,1,98,"iNaturalist regional candidate only; review habitat fit, introduced status and game value before inclusion."
reptiles,75,yes,539454,Cuban Tree Boa,Chilabothrus angulifer,1,98,"iNaturalist regional candidate only; review habitat fit, introduced status and game value before inclusion."
reptiles,76,yes,104129,Cabo Corrientes Curlytail lizard,Leiocephalus stictigaster,1,98,"iNaturalist regional candidate only; review habitat fit, introduced status and game value before inclusion."
reptiles,77,yes,34615,Tokay Gecko,Gekko gecko,1,96,"iNaturalist regional candidate only; review habitat fit, introduced status and game value before inclusion."
reptiles,78,yes,1120226,Big-scaled Dwarf Gecko,Sphaerodactylus macrolepis,1,95,"iNaturalist regional candidate only; review habitat fit, introduced status and game value before inclusion."
reptiles,79,yes,539844,Brahminy Blindsnake,Indotyphlops braminus,1,93,"iNaturalist regional candidate only; review habitat fit, introduced status and game value before inclusion."
reptiles,80,yes,67967,Northern Turniptail Gecko,Thecadactylus rapicauda,1,93,"iNaturalist regional candidate only; review habitat fit, introduced status and game value before inclusion."
reptiles,81,yes,39373,Santo Domingo Curlytail Lizard,Leiocephalus lunatus,1,92,"iNaturalist regional candidate only; review habitat fit, introduced status and game value before inclusion."
reptiles,82,yes,539331,Northern Hispaniolan Green Anole,Anolis peynadoi,1,91,"iNaturalist regional candidate only; review habitat fit, introduced status and game value before inclusion."
reptiles,83,yes,540077,Anguilla Bank Ameiva,Pholidoscelis plei,1,90,"iNaturalist regional candidate only; review habitat fit, introduced status and game value before inclusion."
reptiles,84,yes,33740,Fantastic Least Gecko,Sphaerodactylus fantasticus,1,90,"iNaturalist regional candidate only; review habitat fit, introduced status and game value before inclusion."
reptiles,85,yes,145902,Oriente Pallid Anole,Anolis litoralis,1,89,"iNaturalist regional candidate only; review habitat fit, introduced status and game value before inclusion."
reptiles,86,yes,35303,Black Spiny-tailed Iguana,Ctenosaura similis,1,86,"iNaturalist regional candidate only; review habitat fit, introduced status and game value before inclusion."
reptiles,87,yes,33788,Ocellated Gecko,Sphaerodactylus argus,1,84,"iNaturalist regional candidate only; review habitat fit, introduced status and game value before inclusion."
reptiles,88,yes,28157,Pointed Snake,Uromacer oxyrhynchus,1,83,"iNaturalist regional candidate only; review habitat fit, introduced status and game value before inclusion."
reptiles,89,yes,33563,Hispaniolan Giant Gecko,Aristelliger lar,1,81,"iNaturalist regional candidate only; review habitat fit, introduced status and game value before inclusion."
reptiles,90,yes,39677,Leatherback Sea Turtle,Dermochelys coriacea,1,73,"iNaturalist regional candidate only; review habitat fit, introduced status and game value before inclusion."
reptiles,91,yes,28598,Cuban Lesser Racer,Caraiba andreae,1,69,"iNaturalist regional candidate only; review habitat fit, introduced status and game value before inclusion."
reptiles,92,yes,116517,Spectacled Caiman,Caiman crocodilus,1,68,"iNaturalist regional candidate only; review habitat fit, introduced status and game value before inclusion."
reptiles,93,yes,32319,Haitian Dwarf Boa,Tropidophis haetianus,1,67,"iNaturalist regional candidate only; review habitat fit, introduced status and game value before inclusion."
reptiles,94,yes,36520,Desert Gracile Anole,Anolis brevirostris,1,64,"iNaturalist regional candidate only; review habitat fit, introduced status and game value before inclusion."
reptiles,95,yes,1659760,Hispaniolan Keeled Forest Lizard,Comptus weinlandi,1,64,"iNaturalist regional candidate only; review habitat fit, introduced status and game value before inclusion."
reptiles,96,yes,33623,American Wall Gecko,Tarentola americana,1,63,"iNaturalist regional candidate only; review habitat fit, introduced status and game value before inclusion."
reptiles,97,yes,39336,Barahona Curlytail Lizard,Leiocephalus barahonensis,1,62,"iNaturalist regional candidate only; review habitat fit, introduced status and game value before inclusion."
reptiles,98,yes,116426,Cubitas Anole,Anolis jubar,1,61,"iNaturalist regional candidate only; review habitat fit, introduced status and game value before inclusion."
reptiles,99,yes,34964,Underwood's Spectacled Tegu,Gymnophthalmus underwoodi,1,61,"iNaturalist regional candidate only; review habitat fit, introduced status and game value before inclusion."
reptiles,100,yes,33708,Puerto Rican Crescent Sphaero,Sphaerodactylus nicholsi,1,61,"iNaturalist regional candidate only; review habitat fit, introduced status and game value before inclusion."
reptiles,101,yes,116475,Jamaican Twig Anole,Anolis valencienni,1,60,"iNaturalist regional candidate only; review habitat fit, introduced status and game value before inclusion."
reptiles,102,yes,540082,Blue-tailed Ground Lizard,Pholidoscelis wetmorei,1,60,"iNaturalist regional candidate only; review habitat fit, introduced status and game value before inclusion."
reptiles,103,yes,33730,Puerto Rican Upland Sphaero,Sphaerodactylus klauberi,1,59,"iNaturalist regional candidate only; review habitat fit, introduced status and game value before inclusion."
reptiles,104,yes,146451,Puerto Rican Skink,Spondylurus nitidus,1,59,"iNaturalist regional candidate only; review habitat fit, introduced status and game value before inclusion."
reptiles,105,yes,36532,West Cuban Anole,Anolis bartschi,1,58,"iNaturalist regional candidate only; review habitat fit, introduced status and game value before inclusion."
reptiles,106,yes,36448,Etheridge's Anole,Anolis etheridgei,1,57,"iNaturalist regional candidate only; review habitat fit, introduced status and game value before inclusion."
reptiles,107,yes,36503,big-fanned trunk anole,Anolis christophei,1,53,"iNaturalist regional candidate only; review habitat fit, introduced status and game value before inclusion."
reptiles,108,yes,36654,Ponce Anole,Anolis poncensis,1,53,"iNaturalist regional candidate only; review habitat fit, introduced status and game value before inclusion."
reptiles,109,yes,568929,Pygmy Blue-tailed Ameiva,Pholidoscelis lineolatus,1,52,"iNaturalist regional candidate only; review habitat fit, introduced status and game value before inclusion."
reptiles,110,yes,116440,Pinar del Rio Anole,Anolis mestrei,1,51,"iNaturalist regional candidate only; review habitat fit, introduced status and game value before inclusion."
reptiles,111,yes,64004,Ground Snake,Magliophis exiguus,1,51,"iNaturalist regional candidate only; review habitat fit, introduced status and game value before inclusion."
reptiles,112,yes,34496,West African House Gecko,Hemidactylus angulatus,1,50,"iNaturalist regional candidate only; review habitat fit, introduced status and game value before inclusion."
reptiles,113,yes,26061,Cuban Crocodile,Crocodylus rhombifer,1,49,"iNaturalist regional candidate only; review habitat fit, introduced status and game value before inclusion."
reptiles,114,yes,94152,Hispaniolan Green Anole,Anolis chlorocyanus,1,46,"iNaturalist regional candidate only; review habitat fit, introduced status and game value before inclusion."
reptiles,115,yes,36710,Western giant anole,Anolis luteogularis,1,43,"iNaturalist regional candidate only; review habitat fit, introduced status and game value before inclusion."
reptiles,116,yes,36616,Smallwood's Anole,Anolis smallwoodi,1,42,"iNaturalist regional candidate only; review habitat fit, introduced status and game value before inclusion."
reptiles,117,yes,39320,Pale-bellied Hispaniolan Curlytail,Leiocephalus semilineatus,1,41,"iNaturalist regional candidate only; review habitat fit, introduced status and game value before inclusion."
reptiles,118,yes,540069,Jamaica Ameiva,Pholidoscelis dorsalis,1,41,"iNaturalist regional candidate only; review habitat fit, introduced status and game value before inclusion."
reptiles,119,yes,36561,Cuban Twig Anole,Anolis angusticeps,1,40,"iNaturalist regional candidate only; review habitat fit, introduced status and game value before inclusion."
reptiles,120,yes,1673680,Martinique Geckolet,Sphaerodactylus festus,1,40,"iNaturalist regional candidate only; review habitat fit, introduced status and game value before inclusion."
reptiles,121,yes,94180,Sagua de Tanamo Anole,Anolis rubribarbus,1,37,"iNaturalist regional candidate only; review habitat fit, introduced status and game value before inclusion."
reptiles,122,yes,36607,Strahm's Anole,Anolis strahmi,1,37,"iNaturalist regional candidate only; review habitat fit, introduced status and game value before inclusion."
reptiles,123,yes,33768,Peninsula Least Gecko,Sphaerodactylus clenchi,1,37,"iNaturalist regional candidate only; review habitat fit, introduced status and game value before inclusion."
reptiles,124,yes,36677,Dwarf Anole,Anolis occultus,1,36,"iNaturalist regional candidate only; review habitat fit, introduced status and game value before inclusion."
reptiles,125,yes,36621,Shreve's Anole,Anolis shrevei,1,36,"iNaturalist regional candidate only; review habitat fit, introduced status and game value before inclusion."
reptiles,126,yes,568930,Hispaniolan Blue-tailed Ameiva,Pholidoscelis taeniurus,1,36,"iNaturalist regional candidate only; review habitat fit, introduced status and game value before inclusion."
reptiles,127,yes,33811,Windward Sphaero,Sphaerodactylus vincenti,1,36,"iNaturalist regional candidate only; review habitat fit, introduced status and game value before inclusion."
reptiles,128,yes,1148909,Southern Stout Anole,Anolis australis,1,35,"iNaturalist regional candidate only; review habitat fit, introduced status and game value before inclusion."
reptiles,129,yes,1223358,pallid stout anole,Anolis saxatilis,1,35,"iNaturalist regional candidate only; review habitat fit, introduced status and game value before inclusion."
reptiles,130,yes,36599,Vinales Anole,Anolis vermiculatus,1,34,"iNaturalist regional candidate only; review habitat fit, introduced status and game value before inclusion."
reptiles,131,no,39665,Loggerhead Sea Turtle,Caretta caretta,1,34,"iNaturalist regional candidate only; review habitat fit, introduced status and game value before inclusion."
reptiles,132,no,36662,Olsson's Anole,Anolis olssoni,1,33,"iNaturalist regional candidate only; review habitat fit, introduced status and game value before inclusion."
reptiles,133,no,36556,Black-throated Stout Anole,Anolis armouri,1,31,"iNaturalist regional candidate only; review habitat fit, introduced status and game value before inclusion."
reptiles,134,no,34580,Yellow-headed Gecko,Gonatodes albogularis,1,31,"iNaturalist regional candidate only; review habitat fit, introduced status and game value before inclusion."
reptiles,135,no,33695,Black-spotted Least Gecko,Sphaerodactylus nigropunctatus,1,31,"iNaturalist regional candidate only; review habitat fit, introduced status and game value before inclusion."
reptiles,136,no,116456,Blue Mountains Anole,Anolis reconditus,1,30,"iNaturalist regional candidate only; review habitat fit, introduced status and game value before inclusion."
reptiles,137,no,539873,Hispaniolan Dune Curlytail Lizard,Leiocephalus sixtoi,1,30,"iNaturalist regional candidate only; review habitat fit, introduced status and game value before inclusion."
reptiles,138,no,33665,Roosevelt's beige sphaero,Sphaerodactylus roosevelti,1,30,"iNaturalist regional candidate only; review habitat fit, introduced status and game value before inclusion."
reptiles,139,no,36552,Bahoruco Long-snouted Anole,Anolis bahorucoensis,1,29,"iNaturalist regional candidate only; review habitat fit, introduced status and game value before inclusion."
reptiles,140,no,1148895,Saona Stout Anole,Anolis ravifaux,1,29,"iNaturalist regional candidate only; review habitat fit, introduced status and game value before inclusion."
reptiles,141,no,33758,Cope's Least Gecko,Sphaerodactylus copei,1,29,"iNaturalist regional candidate only; review habitat fit, introduced status and game value before inclusion."
reptiles,142,no,540260,Northern Bahamas Trope,Tropidophis curtus,1,29,"iNaturalist regional candidate only; review habitat fit, introduced status and game value before inclusion."
reptiles,143,no,318626,La Desirade Anole,Anolis desiradei,1,28,"iNaturalist regional candidate only; review habitat fit, introduced status and game value before inclusion."
reptiles,144,no,474361,Bahamian Boa,Chilabothrus strigilatus,1,28,"iNaturalist regional candidate only; review habitat fit, introduced status and game value before inclusion."
reptiles,145,no,1119888,Isla Vieques Dwarf Gecko,Sphaerodactylus inigoi,1,28,"iNaturalist regional candidate only; review habitat fit, introduced status and game value before inclusion."
reptiles,146,no,31877,Blind Worm Lizard,Amphisbaena caeca,1,27,"iNaturalist regional candidate only; review habitat fit, introduced status and game value before inclusion."
reptiles,147,no,36541,Dominican giant anole,Anolis baleatus,1,27,"iNaturalist regional candidate only; review habitat fit, introduced status and game value before inclusion."
reptiles,148,no,112906,Altagracia Speckled Sphaero,Sphaerodactylus savagei,1,27,"iNaturalist regional candidate only; review habitat fit, introduced status and game value before inclusion."
reptiles,149,no,30146,Terre-de-Haut Racer,Alsophis sanctonum,1,26,"iNaturalist regional candidate only; review habitat fit, introduced status and game value before inclusion."
reptiles,150,no,32653,Jamaica Worm Snake,Typhlops jamaicensis,1,26,"iNaturalist regional candidate only; review habitat fit, introduced status and game value before inclusion."
reptiles,151,no,30120,Anguilla Bank Racer,Alsophis rijgersmaei,1,25,"iNaturalist regional candidate only; review habitat fit, introduced status and game value before inclusion."
reptiles,152,no,539312,Pedernales Green Anole,Anolis chlorodius,1,25,"iNaturalist regional candidate only; review habitat fit, introduced status and game value before inclusion."
reptiles,153,no,28199,Magliophis stahli,Magliophis stahli,1,25,"iNaturalist regional candidate only; review habitat fit, introduced status and game value before inclusion."
reptiles,154,no,539463,Jamaican Boa,Chilabothrus subflavus,1,24,"iNaturalist regional candidate only; review habitat fit, introduced status and game value before inclusion."
reptiles,155,no,31890,Puerto Rican Galliwasp,Diploglossus pleii,1,24,"iNaturalist regional candidate only; review habitat fit, introduced status and game value before inclusion."
reptiles,156,no,28226,Jamaican Red Groundsnake,Hypsirhynchus callilaemus,1,24,"iNaturalist regional candidate only; review habitat fit, introduced status and game value before inclusion."
reptiles,157,no,36679,Holguin Anole,Anolis noblei,1,23,"iNaturalist regional candidate only; review habitat fit, introduced status and game value before inclusion."
reptiles,158,no,35285,Anegada Ground Iguana,Cyclura pinguis,1,23,"iNaturalist regional candidate only; review habitat fit, introduced status and game value before inclusion."
reptiles,159,no,73887,Red Cornsnake,Pantherophis guttatus,1,23,"iNaturalist regional candidate only; review habitat fit, introduced status and game value before inclusion."
reptiles,160,no,33689,Reef Gecko,Sphaerodactylus notatus,1,23,"iNaturalist regional candidate only; review habitat fit, introduced status and game value before inclusion."
reptiles,161,no,28049,Striped Keelback,Xenochrophis vittatus,1,23,"iNaturalist regional candidate only; review habitat fit, introduced status and game value before inclusion."
reptiles,162,no,30788,Martinique Lancehead,Bothrops lanceolatus,1,22,"iNaturalist regional candidate only; review habitat fit, introduced status and game value before inclusion."
reptiles,163,no,146135,Rough-scaled Worm Lizard,Gymnophthalmus pleii,1,22,"iNaturalist regional candidate only; review habitat fit, introduced status and game value before inclusion."
reptiles,164,no,36540,Baracoa Anole,Anolis baracoae,1,21,"iNaturalist regional candidate only; review habitat fit, introduced status and game value before inclusion."
reptiles,165,no,36533,Hispaniolan hopping anole,Anolis barbouri,1,21,"iNaturalist regional candidate only; review habitat fit, introduced status and game value before inclusion."
reptiles,166,no,540079,Saint Croix Ground Lizard,Pholidoscelis polops,1,21,"iNaturalist regional candidate only; review habitat fit, introduced status and game value before inclusion."
reptiles,167,no,33821,Townsend's dwarf sphaero,Sphaerodactylus townsendi,1,21,"iNaturalist regional candidate only; review habitat fit, introduced status and game value before inclusion."
reptiles,168,no,36535,Barahona Anole,Anolis barahonae,1,20,"iNaturalist regional candidate only; review habitat fit, introduced status and game value before inclusion."
reptiles,169,no,1649945,Hispaniolan Chevronate Forest Lizard,Panolopus melanchrous,1,20,"iNaturalist regional candidate only; review habitat fit, introduced status and game value before inclusion."
reptiles,170,no,33950,Puerto Rican Leaf-toed Gecko,Phyllodactylus wirshingi,1,20,"iNaturalist regional candidate only; review habitat fit, introduced status and game value before inclusion."
reptiles,171,no,30148,Terre-de-Bas Racer,Alsophis danforthi,1,19,"iNaturalist regional candidate only; review habitat fit, introduced status and game value before inclusion."
reptiles,172,no,36571,La Vega Anole,Anolis aliniger,1,19,"iNaturalist regional candidate only; review habitat fit, introduced status and game value before inclusion."
reptiles,173,no,116455,Peninsula Anole,Anolis quadriocellifer,1,19,"iNaturalist regional candidate only; review habitat fit, introduced status and game value before inclusion."
reptiles,174,no,39804,Haitian Slider,Trachemys decorata,1,19,"iNaturalist regional candidate only; review habitat fit, introduced status and game value before inclusion."
reptiles,175,no,318625,Petite Terre Anole,Anolis chrysops,1,18,"iNaturalist regional candidate only; review habitat fit, introduced status and game value before inclusion."
reptiles,176,no,539353,Puerto Rican Coastal Blindsnake,Antillotyphlops hypomethes,1,18,"iNaturalist regional candidate only; review habitat fit, introduced status and game value before inclusion."
reptiles,177,no,33566,Hispaniolan Desert Gecko,Aristelliger expectatus,1,18,"iNaturalist regional candidate only; review habitat fit, introduced status and game value before inclusion."
reptiles,178,no,1659759,Samana Keeled Forest Lizard,Comptus alloeides,1,18,"iNaturalist regional candidate only; review habitat fit, introduced status and game value before inclusion."
reptiles,179,no,35295,Mona Rhinoceros Iguana,Cyclura stejnegeri,1,18,"iNaturalist regional candidate only; review habitat fit, introduced status and game value before inclusion."
reptiles,180,no,33823,Cuban Broad-banded Sphaero,Sphaerodactylus torrei,1,18,"iNaturalist regional candidate only; review habitat fit, introduced status and game value before inclusion."
reptiles,181,no,36671,West Indies Anole,Anolis oligaspis,1,17,"iNaturalist regional candidate only; review habitat fit, introduced status and game value before inclusion."
reptiles,182,no,539459,Hispaniolan Gracile Boa,Chilabothrus gracilis,1,17,"iNaturalist regional candidate only; review habitat fit, introduced status and game value before inclusion."
reptiles,183,no,39344,Sierra Curlytail Lizard,Leiocephalus onaneyi,1,17,"iNaturalist regional candidate only; review habitat fit, introduced status and game value before inclusion."
reptiles,184,no,32537,Two-lined Blind Snake,Tetracheilostoma bilineatum,1,17,"iNaturalist regional candidate only; review habitat fit, introduced status and game value before inclusion."
reptiles,185,no,539357,Puerto Rican White-tailed Blindsnake,Antillotyphlops platycephalus,1,16,"iNaturalist regional candidate only; review habitat fit, introduced status and game value before inclusion."
reptiles,186,no,39384,Inagua Curlytail Lizard,Leiocephalus inaguae,1,16,"iNaturalist regional candidate only; review habitat fit, introduced status and game value before inclusion."
reptiles,187,no,33795,Alto Velo Least Gecko,Sphaerodactylus altavelensis,1,16,"iNaturalist regional candidate only; review habitat fit, introduced status and game value before inclusion."
reptiles,188,no,33735,Jamaican Forest Sphaero,Sphaerodactylus goniorhynchus,1,16,"iNaturalist regional candidate only; review habitat fit, introduced status and game value before inclusion."
reptiles,189,no,146442,Culebra Skink,Spondylurus culebrae,1,16,"iNaturalist regional candidate only; review habitat fit, introduced status and game value before inclusion."
reptiles,190,no,28160,Island Pointed Snake,Uromacer frenatus,1,16,"iNaturalist regional candidate only; review habitat fit, introduced status and game value before inclusion."
reptiles,191,no,31829,Mann's Worm Lizard,Amphisbaena manni,1,15,"iNaturalist regional candidate only; review habitat fit, introduced status and game value before inclusion."
reptiles,192,no,539313,Santo Domingo Green Anole,Anolis cyanostictus,1,15,"iNaturalist regional candidate only; review habitat fit, introduced status and game value before inclusion."
reptiles,193,no,36478,Hispaniolan Stout Anole,Anolis cybotes,1,15,"iNaturalist regional candidate only; review habitat fit, introduced status and game value before inclusion."
reptiles,194,no,539457,Abaco Island Boa,Chilabothrus exsul,1,15,"iNaturalist regional candidate only; review habitat fit, introduced status and game value before inclusion."
reptiles,195,no,31849,Cope's Worm Lizard,Amphisbaena fenestrata,1,14,"iNaturalist regional candidate only; review habitat fit, introduced status and game value before inclusion."
reptiles,196,no,36723,Isla Beata Anole,Anolis longitibialis,1,14,"iNaturalist regional candidate only; review habitat fit, introduced status and game value before inclusion."
reptiles,197,no,1403157,Puerta Plata Giant Galliwasp,Caribicus warreni,1,14,"iNaturalist regional candidate only; review habitat fit, introduced status and game value before inclusion."
reptiles,198,no,539309,La Selle Twig Anole,Anolis apletolepis,1,13,"iNaturalist regional candidate only; review habitat fit, introduced status and game value before inclusion."
reptiles,199,no,36534,Western Bearded Anole,Anolis barbatus,1,13,"iNaturalist regional candidate only; review habitat fit, introduced status and game value before inclusion."
reptiles,200,no,36706,Red-fanned Stout Anole,Anolis marcanoi,1,13,"iNaturalist regional candidate only; review habitat fit, introduced status and game value before inclusion."
reptiles,201,no,116445,Five-striped grass anole,Anolis ophiolepis,1,13,"iNaturalist regional candidate only; review habitat fit, introduced status and game value before inclusion."
reptiles,202,no,539333,Haitian Green Anole,Anolis ricordii,1,13,"iNaturalist regional candidate only; review habitat fit, introduced status and game value before inclusion."
reptiles,203,no,28211,Oriente brown-capped racerlet,Arrhyton redimitum,1,13,"iNaturalist regional candidate only; review habitat fit, introduced status and game value before inclusion."
reptiles,204,no,1649949,Dark Spotted Forest Lizard,Panolopus oreistes,1,13,"iNaturalist regional candidate only; review habitat fit, introduced status and game value before inclusion."
reptiles,205,no,36423,Henderson's Anole,Anolis hendersoni,1,12,"iNaturalist regional candidate only; review habitat fit, introduced status and game value before inclusion."
reptiles,206,no,31939,Jamaican Galliwasp,Celestus crusculus,1,12,"iNaturalist regional candidate only; review habitat fit, introduced status and game value before inclusion."
reptiles,207,no,33806,Central Bahamas Sphaero,Sphaerodactylus corticola,1,12,"iNaturalist regional candidate only; review habitat fit, introduced status and game value before inclusion."
reptiles,208,no,33664,Ruibal's Least Gecko,Sphaerodactylus ruibali,1,12,"iNaturalist regional candidate only; review habitat fit, introduced status and game value before inclusion."
reptiles,209,no,32308,Spotted Brown Trope,Tropidophis pardalis,1,12,"iNaturalist regional candidate only; review habitat fit, introduced status and game value before inclusion."
reptiles,210,no,32609,Hispaniola Worm Snake,Typhlops pusillus,1,12,"iNaturalist regional candidate only; review habitat fit, introduced status and game value before inclusion."
reptiles,211,no,32603,Puerto Rican Worm Snake,Typhlops rostellatus,1,12,"iNaturalist regional candidate only; review habitat fit, introduced status and game value before inclusion."
reptiles,212,no,36557,Bay Anole,Anolis argillaceus,1,11,"iNaturalist regional candidate only; review habitat fit, introduced status and game value before inclusion."
reptiles,213,no,539316,Pedernales Twig Anole,Anolis eladioi,1,11,"iNaturalist regional candidate only; review habitat fit, introduced status and game value before inclusion."
reptiles,214,no,539460,Virgin Islands boa,Chilabothrus granti,1,11,"iNaturalist regional candidate only; review habitat fit, introduced status and game value before inclusion."
reptiles,215,no,32524,San Salvador Blind Snake,Epictia columbi,1,11,"iNaturalist regional candidate only; review habitat fit, introduced status and game value before inclusion."
reptiles,216,no,39358,Tiburon Curlytail,Leiocephalus melanochlorus,1,11,"iNaturalist regional candidate only; review habitat fit, introduced status and game value before inclusion."
reptiles,217,no,33681,Parker's Least Gecko,Sphaerodactylus parkeri,1,11,"iNaturalist regional candidate only; review habitat fit, introduced status and game value before inclusion."
reptiles,218,no,36508,Short-bearded Anole,Anolis chamaeleonides,1,10,"iNaturalist regional candidate only; review habitat fit, introduced status and game value before inclusion."
reptiles,219,no,539526,Guantanamo Bay Blindsnake,Cubatyphlops perimychus,1,10,"iNaturalist regional candidate only; review habitat fit, introduced status and game value before inclusion."
reptiles,220,no,606389,Sombrero Ameiva,Pholidoscelis corvinus,1,10,"iNaturalist regional candidate only; review habitat fit, introduced status and game value before inclusion."
reptiles,221,no,33831,Island Least Gecko,Sphaerodactylus sputator,1,10,"iNaturalist regional candidate only; review habitat fit, introduced status and game value before inclusion."
reptiles,222,no,114720,Earthworm Blind Snake,Typhlops lumbricalis,1,10,"iNaturalist regional candidate only; review habitat fit, introduced status and game value before inclusion."
reptiles,223,no,539315,Blue Pine Anole,Anolis divius,1,9,"iNaturalist regional candidate only; review habitat fit, introduced status and game value before inclusion."
reptiles,224,no,36419,Pineland Bush Anole,Anolis inexpectatus,1,9,"iNaturalist regional candidate only; review habitat fit, introduced status and game value before inclusion."
reptiles,225,no,36689,Mona Anole,Anolis monensis,1,9,"iNaturalist regional candidate only; review habitat fit, introduced status and game value before inclusion."
reptiles,226,no,33662,Samana Least Gecko,Sphaerodactylus samanensis,1,9,"iNaturalist regional candidate only; review habitat fit, introduced status and game value before inclusion."
reptiles,227,no,32326,Feick's Dwarf Boa,Tropidophis feicki,1,9,"iNaturalist regional candidate only; review habitat fit, introduced status and game value before inclusion."
reptiles,228,no,540263,Jamaican Brown Dwarf Boa,Tropidophis jamaicensis,1,9,"iNaturalist regional candidate only; review habitat fit, introduced status and game value before inclusion."
reptiles,229,no,1642156,Striped Earless Forest Lizard,Wetmorena surda,1,9,"iNaturalist regional candidate only; review habitat fit, introduced status and game value before inclusion."
reptiles,230,no,797597,Peters's Rock Agama,Agama picticauda,1,8,"iNaturalist regional candidate only; review habitat fit, introduced status and game value before inclusion."
reptiles,231,no,36569,Noble's Anole,Anolis altavelensis,1,8,"iNaturalist regional candidate only; review habitat fit, introduced status and game value before inclusion."
reptiles,232,no,36565,Anfiloquio's Anole,Anolis anfiloquioi,1,8,"iNaturalist regional candidate only; review habitat fit, introduced status and game value before inclusion."
reptiles,233,no,36502,Hill Anole,Anolis clivicola,1,8,"iNaturalist regional candidate only; review habitat fit, introduced status and game value before inclusion."
reptiles,234,no,31859,Isla de Pinos Worm Lizard,Cadea blanoides,1,8,"iNaturalist regional candidate only; review habitat fit, introduced status and game value before inclusion."
reptiles,235,no,33780,Beatty's Least Gecko,Sphaerodactylus beattyi,1,8,"iNaturalist regional candidate only; review habitat fit, introduced status and game value before inclusion."
reptiles,236,no,31860,Cuban Many-ringed Amphisbaena,Amphisbaena barbouri,1,7,"iNaturalist regional candidate only; review habitat fit, introduced status and game value before inclusion."
reptiles,237,no,36650,Oriente Bearded Anole,Anolis porcus,1,7,"iNaturalist regional candidate only; review habitat fit, introduced status and game value before inclusion."
reptiles,238,no,28207,Günther's Island Racer,Arrhyton taeniatum,1,7,"iNaturalist regional candidate only; review habitat fit, introduced status and game value before inclusion."
reptiles,239,no,539458,Ford's Boa,Chilabothrus fordii,1,7,"iNaturalist regional candidate only; review habitat fit, introduced status and game value before inclusion."
reptiles,240,no,539519,Bahaman Slender Blindsnake,Cubatyphlops biminiensis,1,7,"iNaturalist regional candidate only; review habitat fit, introduced status and game value before inclusion."
reptiles,241,no,1649940,Southeastern Smooth-scaled Forest Lizard,Panolopus hylonomus,1,7,"iNaturalist regional candidate only; review habitat fit, introduced status and game value before inclusion."
reptiles,242,no,33772,Baracoan Eyespot Sphaero,Sphaerodactylus celicara,1,7,"iNaturalist regional candidate only; review habitat fit, introduced status and game value before inclusion."
reptiles,243,no,1439400,Puerto Rican Karst Gecko,Sphaerodactylus verdeluzicola,1,7,"iNaturalist regional candidate only; review habitat fit, introduced status and game value before inclusion."
reptiles,244,no,116388,Escambray Blue-eyed Anole,Anolis ahli,1,6,"iNaturalist regional candidate only; review habitat fit, introduced status and game value before inclusion."
reptiles,245,no,36722,Peach Anole,Anolis loysiana,1,6,"iNaturalist regional candidate only; review habitat fit, introduced status and game value before inclusion."
reptiles,246,no,36631,Castillon Anole,Anolis rupinae,1,6,"iNaturalist regional candidate only; review habitat fit, introduced status and game value before inclusion."
reptiles,247,no,28202,Common Island Racer,Arrhyton vittatum,1,6,"iNaturalist regional candidate only; review habitat fit, introduced status and game value before inclusion."
reptiles,248,no,28216,Jamaican Long-tailed Groundsnake,Hypsirhynchus polylepis,1,6,"iNaturalist regional candidate only; review habitat fit, introduced status and game value before inclusion."
reptiles,249,no,491869,Reticulated Python,Malayopython reticulatus,1,6,"iNaturalist regional candidate only; review habitat fit, introduced status and game value before inclusion."
reptiles,250,no,28287,Caribbean Water Snake,Tretanorhinus variabilis,1,6,"iNaturalist regional candidate only; review habitat fit, introduced status and game value before inclusion."
reptiles,251,no,32304,Banded Dwarf Boa,Tropidophis semicinctus,1,6,"iNaturalist regional candidate only; review habitat fit, introduced status and game value before inclusion."
reptiles,252,no,36568,Barahona Grass Anole,Anolis alumina,1,5,"iNaturalist regional candidate only; review habitat fit, introduced status and game value before inclusion."
reptiles,253,no,36438,Fowler's Anole,Anolis fowleri,1,5,"iNaturalist regional candidate only; review habitat fit, introduced status and game value before inclusion."
reptiles,254,no,36586,Santiago Grass Anole,Anolis rejectus,1,5,"iNaturalist regional candidate only; review habitat fit, introduced status and game value before inclusion."
reptiles,255,no,39566,Florida Softshell Turtle,Apalone ferox,1,5,"iNaturalist regional candidate only; review habitat fit, introduced status and game value before inclusion."
reptiles,256,no,112902,Darlington's Least Gecko,Sphaerodactylus darlingtoni,1,5,"iNaturalist regional candidate only; review habitat fit, introduced status and game value before inclusion."
reptiles,257,no,33707,Mona Least Gecko,Sphaerodactylus monensis,1,5,"iNaturalist regional candidate only; review habitat fit, introduced status and game value before inclusion."
reptiles,258,no,31851,Cuban Worm Lizard,Amphisbaena cubana,1,4,"iNaturalist regional candidate only; review habitat fit, introduced status and game value before inclusion."
reptiles,259,no,36451,Place Negre Anole,Anolis dolichocephalus,1,4,"iNaturalist regional candidate only; review habitat fit, introduced status and game value before inclusion."
reptiles,260,no,36524,La Palma Anole,Anolis insolitus,1,4,"iNaturalist regional candidate only; review habitat fit, introduced status and game value before inclusion."
reptiles,261,no,36415,Jatibonico Anole,Anolis isolepis,1,4,"iNaturalist regional candidate only; review habitat fit, introduced status and game value before inclusion."
reptiles,262,no,539332,Green Twig Anole,Anolis prasinorius,1,4,"iNaturalist regional candidate only; review habitat fit, introduced status and game value before inclusion."
reptiles,263,no,40089,African Spurred Tortoise,Centrochelys sulcata,1,4,"iNaturalist regional candidate only; review habitat fit, introduced status and game value before inclusion."
reptiles,264,no,35298,Jamaica Ground Iguana,Cyclura collei,1,4,"iNaturalist regional candidate only; review habitat fit, introduced status and game value before inclusion."
reptiles,265,no,31904,Cuban Galliwasp,Diploglossus delasagra,1,4,"iNaturalist regional candidate only; review habitat fit, introduced status and game value before inclusion."
reptiles,266,no,26740,Haitian Groundsnake,Ialtris haetianus,1,4,"iNaturalist regional candidate only; review habitat fit, introduced status and game value before inclusion."
reptiles,267,no,1633691,Alto Velo curlytail lizard,Leiocephalus altavelensis,1,4,"iNaturalist regional candidate only; review habitat fit, introduced status and game value before inclusion."
reptiles,268,no,146251,Désirade Skink,Mabuya desiradae,1,4,"iNaturalist regional candidate only; review habitat fit, introduced status and game value before inclusion."
reptiles,269,no,32158,Ball Python,Python regius,1,4,"iNaturalist regional candidate only; review habitat fit, introduced status and game value before inclusion."
reptiles,270,no,33787,Guantanamo Coastal Gecko,Sphaerodactylus armasi,1,4,"iNaturalist regional candidate only; review habitat fit, introduced status and game value before inclusion."
reptiles,271,no,33739,Chevronated sphaero,Sphaerodactylus gaigeae,1,4,"iNaturalist regional candidate only; review habitat fit, introduced status and game value before inclusion."
reptiles,272,no,33648,Anguilla Bank Sphaero,Sphaerodactylus parvus,1,4,"iNaturalist regional candidate only; review habitat fit, introduced status and game value before inclusion."
reptiles,273,no,33669,Zapata Big-scaled Sphaero,Sphaerodactylus richardi,1,4,"iNaturalist regional candidate only; review habitat fit, introduced status and game value before inclusion."
reptiles,274,no,146443,Jamaican Skink,Spondylurus fulgidus,1,4,"iNaturalist regional candidate only; review habitat fit, introduced status and game value before inclusion."
reptiles,275,no,113779,Crombie's Wall Gecko,Tarentola crombiei,1,4,"iNaturalist regional candidate only; review habitat fit, introduced status and game value before inclusion."
reptiles,276,no,32313,Spotted Dwarf Boa,Tropidophis maculatus,1,4,"iNaturalist regional candidate only; review habitat fit, introduced status and game value before inclusion."
reptiles,277,no,32302,Ghost Dwarf Boa,Tropidophis spiritus,1,4,"iNaturalist regional candidate only; review habitat fit, introduced status and game value before inclusion."
reptiles,278,no,32301,Wright's Dwarf Boa,Tropidophis wrighti,1,4,"iNaturalist regional candidate only; review habitat fit, introduced status and game value before inclusion."
reptiles,279,no,1642162,Barahona Earless Forest Lizard,Wetmorena mylica,1,4,"iNaturalist regional candidate only; review habitat fit, introduced status and game value before inclusion."
reptiles,280,no,36574,Guantanamo Twig Anole,Anolis alayoni,1,3,"iNaturalist regional candidate only; review habitat fit, introduced status and game value before inclusion."
reptiles,281,no,145896,Turquino Green-mottled Anole,Anolis altitudinalis,1,3,"iNaturalist regional candidate only; review habitat fit, introduced status and game value before inclusion."
reptiles,282,no,36514,Green Anole,Anolis carolinensis,1,3,"iNaturalist regional candidate only; review habitat fit, introduced status and game value before inclusion."
reptiles,283,no,36686,Mountain Anole,Anolis monticola,1,3,"iNaturalist regional candidate only; review habitat fit, introduced status and game value before inclusion."
reptiles,284,no,36655,Placid Anole,Anolis placidus,1,3,"iNaturalist regional candidate only; review habitat fit, introduced status and game value before inclusion."
reptiles,285,no,94177,Cuban Spiny-Plant Anole,Anolis pumilus,1,3,"iNaturalist regional candidate only; review habitat fit, introduced status and game value before inclusion."
reptiles,286,no,36622,Cabral Anole,Anolis sheplani,1,3,"iNaturalist regional candidate only; review habitat fit, introduced status and game value before inclusion."
reptiles,287,no,36593,Webster's Anole,Anolis websteri,1,3,"iNaturalist regional candidate only; review habitat fit, introduced status and game value before inclusion."
reptiles,288,no,94641,Reyes’ Caribbean Gecko,Aristelliger reyesi,1,3,"iNaturalist regional candidate only; review habitat fit, introduced status and game value before inclusion."
reptiles,289,no,28204,San Vincente Island Racer,Arrhyton tanyplectum,1,3,"iNaturalist regional candidate only; review habitat fit, introduced status and game value before inclusion."
reptiles,290,no,1403158,Darlington's Galliwasp,Caribicus darlingtoni,1,3,"iNaturalist regional candidate only; review habitat fit, introduced status and game value before inclusion."
reptiles,291,no,539462,Mona Island Boa,Chilabothrus monensis,1,3,"iNaturalist regional candidate only; review habitat fit, introduced status and game value before inclusion."
reptiles,292,no,1403142,Cope's Galliwasp,Comptus stenurus,1,3,"iNaturalist regional candidate only; review habitat fit, introduced status and game value before inclusion."
reptiles,293,no,30145,Hispaniola Racer,Haitiophis anomalus,1,3,"iNaturalist regional candidate only; review habitat fit, introduced status and game value before inclusion."
reptiles,294,no,34435,Mediterranean House Gecko,Hemidactylus turcicus,1,3,"iNaturalist regional candidate only; review habitat fit, introduced status and game value before inclusion."
reptiles,295,no,30063,Brown Fanged Snake,Ialtris dorsalis,1,3,"iNaturalist regional candidate only; review habitat fit, introduced status and game value before inclusion."
reptiles,296,no,39380,Rum Cay Curlytail Lizard,Leiocephalus loxogrammus,1,3,"iNaturalist regional candidate only; review habitat fit, introduced status and game value before inclusion."
reptiles,297,no,539947,Petite Terre Skink,Mabuya parviterrae,1,3,"iNaturalist regional candidate only; review habitat fit, introduced status and game value before inclusion."
reptiles,298,no,1403103,Marcano's Galliwasp,Panolopus marcanoi,1,3,"iNaturalist regional candidate only; review habitat fit, introduced status and game value before inclusion."
reptiles,299,no,540076,Inagua Ameiva,Pholidoscelis maynardii,1,3,"iNaturalist regional candidate only; review habitat fit, introduced status and game value before inclusion."
reptiles,300,no,73790,Southeastern Five-lined Skink,Plestiodon inexpectatus,1,3,"iNaturalist regional candidate only; review habitat fit, introduced status and game value before inclusion."
reptiles,301,no,1403091,Eastern Four-toed Forest Lizard,Sauresia sepsoides,1,3,"iNaturalist regional candidate only; review habitat fit, introduced status and game value before inclusion."
reptiles,302,no,33777,Rough-banded Sphaero,Sphaerodactylus callocricus,1,3,"iNaturalist regional candidate only; review habitat fit, introduced status and game value before inclusion."
reptiles,303,no,112905,Les Saintes Geckolet,Sphaerodactylus phyzacinus,1,3,"iNaturalist regional candidate only; review habitat fit, introduced status and game value before inclusion."
reptiles,304,no,112907,Gray-headed Geckolet,Sphaerodactylus siboney,1,3,"iNaturalist regional candidate only; review habitat fit, introduced status and game value before inclusion."
reptiles,305,no,33826,Barahona Limestone Sphaero,Sphaerodactylus thompsoni,1,3,"iNaturalist regional candidate only; review habitat fit, introduced status and game value before inclusion."
reptiles,306,no,146449,Mona Skink,Spondylurus monae,1,3,"iNaturalist regional candidate only; review habitat fit, introduced status and game value before inclusion."
reptiles,307,no,146453,Lesser Virgin Islands Skink,Spondylurus semitaeniatus,1,3,"iNaturalist regional candidate only; review habitat fit, introduced status and game value before inclusion."
reptiles,308,no,146454,Virgin Islands Bronze Skink,Spondylurus sloanii,1,3,"iNaturalist regional candidate only; review habitat fit, introduced status and game value before inclusion."
reptiles,309,no,540266,Jamaican Eyespot Dwarf Boa,Tropidophis stejnegeri,1,3,"iNaturalist regional candidate only; review habitat fit, introduced status and game value before inclusion."
reptiles,310,no,114574,Guanahacabibes dwarf boa,Tropidophis xanthogaster,1,3,"iNaturalist regional candidate only; review habitat fit, introduced status and game value before inclusion."
reptiles,311,no,31837,Barahona Amphisbaena,Amphisbaena hyporissor,1,2,"iNaturalist regional candidate only; review habitat fit, introduced status and game value before inclusion."
reptiles,312,no,36509,Central Anole,Anolis centralis,1,2,"iNaturalist regional candidate only; review habitat fit, introduced status and game value before inclusion."
reptiles,313,no,539314,Île Grande Cayemite Green Anole,Anolis demissus,1,2,"iNaturalist regional candidate only; review habitat fit, introduced status and game value before inclusion."
reptiles,314,no,36474,Desecheo Anole,Anolis desechensis,1,2,"iNaturalist regional candidate only; review habitat fit, introduced status and game value before inclusion."
reptiles,315,no,36435,Moa Anole,Anolis fugitivus,1,2,"iNaturalist regional candidate only; review habitat fit, introduced status and game value before inclusion."
reptiles,316,no,116416,Cabo Cruz Banded Anole,Anolis guafe,1,2,"iNaturalist regional candidate only; review habitat fit, introduced status and game value before inclusion."
reptiles,317,no,318630,Kahouanne Anole,Anolis kahouannensis,1,2,"iNaturalist regional candidate only; review habitat fit, introduced status and game value before inclusion."
reptiles,318,no,36694,Jacmel Gracile Anole,Anolis marron,1,2,"iNaturalist regional candidate only; review habitat fit, introduced status and game value before inclusion."
reptiles,319,no,36624,Silver Key Anole,Anolis scriptus,1,2,"iNaturalist regional candidate only; review habitat fit, introduced status and game value before inclusion."
reptiles,320,no,36620,Porcupine Anole,Anolis singularis,1,2,"iNaturalist regional candidate only; review habitat fit, introduced status and game value before inclusion."
reptiles,321,no,1439525,Western Dwarf Green Anole,Anolis viridulus,1,2,"iNaturalist regional candidate only; review habitat fit, introduced status and game value before inclusion."
reptiles,322,no,31928,Thomas' Galliwasp,Celestus macrotus,1,2,"iNaturalist regional candidate only; review habitat fit, introduced status and game value before inclusion."
reptiles,323,no,1403155,Celestus molesworthi,Celestus molesworthi,1,2,"iNaturalist regional candidate only; review habitat fit, introduced status and game value before inclusion."
reptiles,324,no,27137,North American Racer,Coluber constrictor,1,2,"iNaturalist regional candidate only; review habitat fit, introduced status and game value before inclusion."
reptiles,325,no,539523,Goliath Blindsnake,Cubatyphlops golyathi,1,2,"iNaturalist regional candidate only; review habitat fit, introduced status and game value before inclusion."
reptiles,326,no,28221,Jamaican Black Groundsnake,Hypsirhynchus funereus,1,2,"iNaturalist regional candidate only; review habitat fit, introduced status and game value before inclusion."
reptiles,327,no,558906,Cayman Curly-tailed Lizard,Leiocephalus varius,1,2,"iNaturalist regional candidate only; review habitat fit, introduced status and game value before inclusion."
reptiles,328,no,73844,Kemp's Ridley Sea Turtle,Lepidochelys kempii,1,2,"iNaturalist regional candidate only; review habitat fit, introduced status and game value before inclusion."
reptiles,329,no,32526,Samana Threadsnake,Mitophis calypso,1,2,"iNaturalist regional candidate only; review habitat fit, introduced status and game value before inclusion."
reptiles,330,no,1649936,Big-nosed Smooth-scaled Forest Lizard,Panolopus chalcorhabdus,1,2,"iNaturalist regional candidate only; review habitat fit, introduced status and game value before inclusion."
reptiles,331,no,39824,Florida Red-bellied Cooter,Pseudemys nelsoni,1,2,"iNaturalist regional candidate only; review habitat fit, introduced status and game value before inclusion."
reptiles,332,no,33771,Cochran's Least Gecko,Sphaerodactylus cochranae,1,2,"iNaturalist regional candidate only; review habitat fit, introduced status and game value before inclusion."
reptiles,333,no,540215,Jamaican Tailspot Sphaero,Sphaerodactylus dacnicolor,1,2,"iNaturalist regional candidate only; review habitat fit, introduced status and game value before inclusion."
reptiles,334,no,112903,Yellow-tailed Dwarf Gecko,Sphaerodactylus dimorphicus,1,2,"iNaturalist regional candidate only; review habitat fit, introduced status and game value before inclusion."
reptiles,335,no,33733,Inagua Least Gecko,Sphaerodactylus inaguae,1,2,"iNaturalist regional candidate only; review habitat fit, introduced status and game value before inclusion."
reptiles,336,no,33670,Two-striped sphaero,Sphaerodactylus rhabdotus,1,2,"iNaturalist regional candidate only; review habitat fit, introduced status and game value before inclusion."
reptiles,337,no,33666,Richardson's Least Gecko,Sphaerodactylus richardsoni,1,2,"iNaturalist regional candidate only; review habitat fit, introduced status and game value before inclusion."
reptiles,338,no,146452,Anguilla Bank Skink,Spondylurus powelli,1,2,"iNaturalist regional candidate only; review habitat fit, introduced status and game value before inclusion."
reptiles,339,no,32336,Bahama Wood Snake,Tropidophis canus,1,2,"iNaturalist regional candidate only; review habitat fit, introduced status and game value before inclusion."
reptiles,340,no,540261,Escambray White-necked Trope,Tropidophis galacelidus,1,2,"iNaturalist regional candidate only; review habitat fit, introduced status and game value before inclusion."
reptiles,341,no,1129097,Tropidophis steinleini,Tropidophis steinleini,1,2,"iNaturalist regional candidate only; review habitat fit, introduced status and game value before inclusion."
reptiles,342,no,32597,Schwartz' Worm Snake,Typhlops schwartzi,1,2,"iNaturalist regional candidate only; review habitat fit, introduced status and game value before inclusion."
reptiles,343,no,31833,Innocent Worm Lizard,Amphisbaena innocens,1,1,"iNaturalist regional candidate only; review habitat fit, introduced status and game value before inclusion."
reptiles,344,no,31805,Puerto Rican Dusky Amphisbaena,Amphisbaena schmidti,1,1,"iNaturalist regional candidate only; review habitat fit, introduced status and game value before inclusion."
reptiles,345,no,31795,Dry Worm Lizard,Amphisbaena xera,1,1,"iNaturalist regional candidate only; review habitat fit, introduced status and game value before inclusion."
reptiles,346,no,36575,Cabo Cruz Bearded Anole,Anolis agueroi,1,1,"iNaturalist regional candidate only; review habitat fit, introduced status and game value before inclusion."
reptiles,347,no,606437,Golden Gracile Anole,Anolis aurifer,1,1,"iNaturalist regional candidate only; review habitat fit, introduced status and game value before inclusion."
reptiles,348,no,36410,Herradura Anole,Anolis bremeri,1,1,"iNaturalist regional candidate only; review habitat fit, introduced status and game value before inclusion."
reptiles,349,no,36512,Cochran's Gianthead Anole,Anolis caudalis,1,1,"iNaturalist regional candidate only; review habitat fit, introduced status and game value before inclusion."
reptiles,350,no,36482,Yateras Anole,Anolis cyanopleurus,1,1,"iNaturalist regional candidate only; review habitat fit, introduced status and game value before inclusion."
reptiles,351,no,1148896,Gonave Stout Anole,Anolis doris,1,1,"iNaturalist regional candidate only; review habitat fit, introduced status and game value before inclusion."
reptiles,352,no,36447,Eugene's Anole,Anolis eugenegrahami,1,1,"iNaturalist regional candidate only; review habitat fit, introduced status and game value before inclusion."
reptiles,353,no,36434,Escambray Twig Anole,Anolis garridoi,1,1,"iNaturalist regional candidate only; review habitat fit, introduced status and game value before inclusion."
reptiles,354,no,36428,Escambray Bearded Anole,Anolis guamuhaya,1,1,"iNaturalist regional candidate only; review habitat fit, introduced status and game value before inclusion."
reptiles,355,no,116417,Sierra Anole,Anolis guazuma,1,1,"iNaturalist regional candidate only; review habitat fit, introduced status and game value before inclusion."
reptiles,356,no,539320,Dominican Giant Anole,Anolis landestoyi,1,1,"iNaturalist regional candidate only; review habitat fit, introduced status and game value before inclusion."
reptiles,357,no,36708,Black-cheeked Bush Anole,Anolis macilentus,1,1,"iNaturalist regional candidate only; review habitat fit, introduced status and game value before inclusion."
reptiles,358,no,36656,Cayo Francés anole,Anolis pigmaequestris,1,1,"iNaturalist regional candidate only; review habitat fit, introduced status and game value before inclusion."
reptiles,359,no,36634,Marmelade Anole,Anolis rimarum,1,1,"iNaturalist regional candidate only; review habitat fit, introduced status and game value before inclusion."
reptiles,360,no,94181,Cabo Cruz Pallid Anole,Anolis ruibali,1,1,"iNaturalist regional candidate only; review habitat fit, introduced status and game value before inclusion."
reptiles,361,no,36587,Gray-banded Green Anole,Anolis toldo,1,1,"iNaturalist regional candidate only; review habitat fit, introduced status and game value before inclusion."
reptiles,362,no,36602,Vanidicus Anole,Anolis vanidicus,1,1,"iNaturalist regional candidate only; review habitat fit, introduced status and game value before inclusion."
reptiles,363,no,539348,Brown-backed Blind Snake,Antillotyphlops catapontus,1,1,"iNaturalist regional candidate only; review habitat fit, introduced status and game value before inclusion."
reptiles,364,no,539355,Mona Blind Snake,Antillotyphlops monensis,1,1,"iNaturalist regional candidate only; review habitat fit, introduced status and game value before inclusion."
reptiles,365,no,539356,Antillotyphlops naugus,Antillotyphlops naugus,1,1,"iNaturalist regional candidate only; review habitat fit, introduced status and game value before inclusion."
reptiles,366,no,1630823,Richard's Worm Snake,Antillotyphlops richardii,1,1,"iNaturalist regional candidate only; review habitat fit, introduced status and game value before inclusion."
reptiles,367,no,33568,Striped Caribbean Gecko,Aristelliger barbouri,1,1,"iNaturalist regional candidate only; review habitat fit, introduced status and game value before inclusion."
reptiles,368,no,28225,Habana Island Racer,Arrhyton dolichura,1,1,"iNaturalist regional candidate only; review habitat fit, introduced status and game value before inclusion."
reptiles,369,no,1223324,Caja de Muertos Racer,Borikenophis prymnus,1,1,"iNaturalist regional candidate only; review habitat fit, introduced status and game value before inclusion."
reptiles,370,no,30122,Mona Island Racer,Borikenophis variegatus,1,1,"iNaturalist regional candidate only; review habitat fit, introduced status and game value before inclusion."
reptiles,371,no,31957,Limestone Forest Galliwasp,Celestus barbouri,1,1,"iNaturalist regional candidate only; review habitat fit, introduced status and game value before inclusion."
reptiles,372,no,31926,Heward's Galliwasp,Celestus hewardii,1,1,"iNaturalist regional candidate only; review habitat fit, introduced status and game value before inclusion."
reptiles,373,no,1403154,Fowler's Galliwasp,Celestus striatus,1,1,"iNaturalist regional candidate only; review habitat fit, introduced status and game value before inclusion."
reptiles,374,no,34161,Turner's Thick-toed Gecko,Chondrodactylus turneri,1,1,"iNaturalist regional candidate only; review habitat fit, introduced status and game value before inclusion."
reptiles,375,no,39477,Cuban Night Lizard,Cricosaura typica,1,1,"iNaturalist regional candidate only; review habitat fit, introduced status and game value before inclusion."
reptiles,376,no,34630,Common Four-clawed Gecko,Gehyra mutilata,1,1,"iNaturalist regional candidate only; review habitat fit, introduced status and game value before inclusion."
reptiles,377,no,1439431,Guarocuyus jaraguanus,Guarocuyus jaraguanus,1,1,"iNaturalist regional candidate only; review habitat fit, introduced status and game value before inclusion."
reptiles,378,no,30065,Hispaniola Cat-eyed Snake,Hypsirhynchus ferox,1,1,"iNaturalist regional candidate only; review habitat fit, introduced status and game value before inclusion."
reptiles,379,no,39386,East Plana Curlytail,Leiocephalus greenwayi,1,1,"iNaturalist regional candidate only; review habitat fit, introduced status and game value before inclusion."
reptiles,380,no,39325,Spotted Curlytail Lizard,Leiocephalus punctatus,1,1,"iNaturalist regional candidate only; review habitat fit, introduced status and game value before inclusion."
reptiles,381,no,39670,Olive Ridley Sea Turtle,Lepidochelys olivacea,1,1,"iNaturalist regional candidate only; review habitat fit, introduced status and game value before inclusion."
reptiles,382,no,29323,Saltmarsh Snake,Nerodia clarkii,1,1,"iNaturalist regional candidate only; review habitat fit, introduced status and game value before inclusion."
reptiles,383,no,1403104,Hispaniolan Khaki Galliwasp,Panolopus curtissi,1,1,"iNaturalist regional candidate only; review habitat fit, introduced status and game value before inclusion."
reptiles,384,no,109023,West African Mud Turtle,Pelusios castaneus,1,1,"iNaturalist regional candidate only; review habitat fit, introduced status and game value before inclusion."
reptiles,385,no,34050,Gold Dust Day Gecko,Phelsuma laticauda,1,1,"iNaturalist regional candidate only; review habitat fit, introduced status and game value before inclusion."
reptiles,386,no,1250123,Mona Ameiva,Pholidoscelis alboguttatus,1,1,"iNaturalist regional candidate only; review habitat fit, introduced status and game value before inclusion."
reptiles,387,no,1250124,Desecheo Ameiva,Pholidoscelis desechensis,1,1,"iNaturalist regional candidate only; review habitat fit, introduced status and game value before inclusion."
reptiles,388,no,738131,Dominican Leaf-Toed Gecko,Phyllodactylus hispaniolae,1,1,"iNaturalist regional candidate only; review habitat fit, introduced status and game value before inclusion."
reptiles,389,no,39825,Peninsular Cooter,Pseudemys peninsularis,1,1,"iNaturalist regional candidate only; review habitat fit, introduced status and game value before inclusion."
reptiles,390,no,39826,Northern Red-bellied Cooter,Pseudemys rubriventris,1,1,"iNaturalist regional candidate only; review habitat fit, introduced status and game value before inclusion."
reptiles,391,no,33732,Mantanzas Least Gecko,Sphaerodactylus intermedius,1,1,"iNaturalist regional candidate only; review habitat fit, introduced status and game value before inclusion."
reptiles,392,no,33727,Eastern Least Gecko,Sphaerodactylus leucaster,1,1,"iNaturalist regional candidate only; review habitat fit, introduced status and game value before inclusion."
reptiles,393,no,33726,Desecheo Gecko,Sphaerodactylus levinsi,1,1,"iNaturalist regional candidate only; review habitat fit, introduced status and game value before inclusion."
reptiles,394,no,33675,Ramsden's Least Gecko,Sphaerodactylus ramsdeni,1,1,"iNaturalist regional candidate only; review habitat fit, introduced status and game value before inclusion."
reptiles,395,no,33671,Pedernales Least Gecko,Sphaerodactylus randi,1,1,"iNaturalist regional candidate only; review habitat fit, introduced status and game value before inclusion."
reptiles,396,no,33654,Cockpit Least Gecko,Sphaerodactylus semasiops,1,1,"iNaturalist regional candidate only; review habitat fit, introduced status and game value before inclusion."
reptiles,397,no,146440,Anegada Island Skink,Spondylurus anegadae,1,1,"iNaturalist regional candidate only; review habitat fit, introduced status and game value before inclusion."
reptiles,398,no,33602,Moorish Gecko,Tarentola mauritanica,1,1,"iNaturalist regional candidate only; review habitat fit, introduced status and game value before inclusion."
reptiles,399,no,32659,Tiburon Peninsula Blindsnake,Typhlops hectus,1,1,"iNaturalist regional candidate only; review habitat fit, introduced status and game value before inclusion."
reptiles,400,no,32595,Island Worm Snake,Typhlops sulcatus,1,1,"iNaturalist regional candidate only; review habitat fit, introduced status and game value before inclusion."
fish,1,yes,121196,Atlantic Blue Tang,Acanthurus coeruleus,1,2431,"iNaturalist regional candidate only; review habitat fit, introduced status and game value before inclusion."
fish,2,yes,49402,Atlantic Sergeant Major,Abudefduf saxatilis,1,2416,"iNaturalist regional candidate only; review habitat fit, introduced status and game value before inclusion."
fish,3,yes,49491,Caribbean Bluehead Wrasse,Thalassoma bifasciatum,1,2013,"iNaturalist regional candidate only; review habitat fit, introduced status and game value before inclusion."
fish,4,yes,81989,Schoolmaster Snapper,Lutjanus apodus,1,1544,"iNaturalist regional candidate only; review habitat fit, introduced status and game value before inclusion."
fish,5,yes,62600,French Grunt,Haemulon flavolineatum,1,1486,"iNaturalist regional candidate only; review habitat fit, introduced status and game value before inclusion."
fish,6,yes,49272,Slippery Dick,Halichoeres bivittatus,1,1395,"iNaturalist regional candidate only; review habitat fit, introduced status and game value before inclusion."
fish,7,yes,871060,Caribbean Ocean Surgeonfish,Acanthurus tractus,1,1389,"iNaturalist regional candidate only; review habitat fit, introduced status and game value before inclusion."
fish,8,yes,112867,Stoplight Parrotfish,Sparisoma viride,1,1305,"iNaturalist regional candidate only; review habitat fit, introduced status and game value before inclusion."
fish,9,yes,47292,Yellowtail Snapper,Ocyurus chrysurus,1,1134,"iNaturalist regional candidate only; review habitat fit, introduced status and game value before inclusion."
fish,10,yes,47251,Great Barracuda,Sphyraena barracuda,1,1044,"iNaturalist regional candidate only; review habitat fit, introduced status and game value before inclusion."
fish,11,yes,82330,Bar Jack,Caranx ruber,1,1028,"iNaturalist regional candidate only; review habitat fit, introduced status and game value before inclusion."
fish,12,yes,49690,Striped Parrotfish,Scarus iseri,1,939,"iNaturalist regional candidate only; review habitat fit, introduced status and game value before inclusion."
fish,13,yes,47238,Western Atlantic Trumpetfish,Aulostomus maculatus,1,935,"iNaturalist regional candidate only; review habitat fit, introduced status and game value before inclusion."
fish,14,yes,52956,Four-eyed Butterflyfish,Chaetodon capistratus,1,868,"iNaturalist regional candidate only; review habitat fit, introduced status and game value before inclusion."
fish,15,yes,47280,Common Lionfish,Pterois volitans,1,832,"iNaturalist regional candidate only; review habitat fit, introduced status and game value before inclusion."
fish,16,yes,180708,Beaugregory,Stegastes leucostictus,1,829,"iNaturalist regional candidate only; review habitat fit, introduced status and game value before inclusion."
fish,17,yes,49753,Yellowtail Damselfish,Microspathodon chrysurus,1,771,"iNaturalist regional candidate only; review habitat fit, introduced status and game value before inclusion."
fish,18,yes,49625,Longspine Squirrelfish,Holocentrus rufus,1,753,"iNaturalist regional candidate only; review habitat fit, introduced status and game value before inclusion."
fish,19,yes,49509,Gray Snapper,Lutjanus griseus,1,744,"iNaturalist regional candidate only; review habitat fit, introduced status and game value before inclusion."
fish,20,yes,49257,French Angelfish,Pomacanthus paru,1,739,"iNaturalist regional candidate only; review habitat fit, introduced status and game value before inclusion."
fish,21,yes,577603,Smooth Trunkfish,Lactophrys triqueter,1,716,"iNaturalist regional candidate only; review habitat fit, introduced status and game value before inclusion."
fish,22,yes,51402,Atlantic Tarpon,Megalops atlanticus,1,692,"iNaturalist regional candidate only; review habitat fit, introduced status and game value before inclusion."
fish,23,yes,112858,Redband Parrotfish,Sparisoma aurofrenatum,1,663,"iNaturalist regional candidate only; review habitat fit, introduced status and game value before inclusion."
fish,24,yes,112864,Yellowtail Parrotfish,Sparisoma rubripinne,1,655,"iNaturalist regional candidate only; review habitat fit, introduced status and game value before inclusion."
fish,25,yes,101420,Yellowfin Mojarra,Gerres cinereus,1,631,"iNaturalist regional candidate only; review habitat fit, introduced status and game value before inclusion."
fish,26,yes,49262,Bluestriped Grunt,Haemulon sciurus,1,625,"iNaturalist regional candidate only; review habitat fit, introduced status and game value before inclusion."
fish,27,yes,97202,Banded Butterflyfish,Chaetodon striatus,1,579,"iNaturalist regional candidate only; review habitat fit, introduced status and game value before inclusion."
fish,28,yes,49404,Sand Diver,Synodus intermedius,1,576,"iNaturalist regional candidate only; review habitat fit, introduced status and game value before inclusion."
fish,29,yes,128172,Yellow Goatfish,Mulloidichthys martinicus,1,575,"iNaturalist regional candidate only; review habitat fit, introduced status and game value before inclusion."
fish,30,yes,52313,Spotted Porcupinefish,Diodon hystrix,1,555,"iNaturalist regional candidate only; review habitat fit, introduced status and game value before inclusion."
fish,31,yes,52460,Houndfish,Tylosurus crocodilus,1,528,"iNaturalist regional candidate only; review habitat fit, introduced status and game value before inclusion."
fish,32,yes,49923,Dusky Damselfish,Stegastes adustus,1,503,"iNaturalist regional candidate only; review habitat fit, introduced status and game value before inclusion."
fish,33,yes,49942,Puddingwife Wrasse,Halichoeres radiatus,1,483,"iNaturalist regional candidate only; review habitat fit, introduced status and game value before inclusion."
fish,34,yes,49746,Nassau Grouper,Epinephelus striatus,1,478,"iNaturalist regional candidate only; review habitat fit, introduced status and game value before inclusion."
fish,35,yes,49626,Squirrelfish,Holocentrus adscensionis,1,477,"iNaturalist regional candidate only; review habitat fit, introduced status and game value before inclusion."
fish,36,yes,112169,Queen Parrotfish,Scarus vetula,1,467,"iNaturalist regional candidate only; review habitat fit, introduced status and game value before inclusion."
fish,37,yes,49946,Yellowhead Wrasse,Halichoeres garnoti,1,441,"iNaturalist regional candidate only; review habitat fit, introduced status and game value before inclusion."
fish,38,yes,128853,Atlantic Peacock Flounder,Bothus lunatus,1,436,"iNaturalist regional candidate only; review habitat fit, introduced status and game value before inclusion."
fish,39,yes,49428,Spanish Hogfish,Bodianus rufus,1,420,"iNaturalist regional candidate only; review habitat fit, introduced status and game value before inclusion."
fish,40,yes,128857,Caribbean Sharpnose Puffer,Canthigaster rostrata,1,419,"iNaturalist regional candidate only; review habitat fit, introduced status and game value before inclusion."
fish,41,yes,128105,Spotted Moray,Gymnothorax moringa,1,418,"iNaturalist regional candidate only; review habitat fit, introduced status and game value before inclusion."
fish,42,yes,49951,White Grunt,Haemulon plumierii,1,413,"iNaturalist regional candidate only; review habitat fit, introduced status and game value before inclusion."
fish,43,yes,1315935,Blue Chromis,Azurina cyanea,1,409,"iNaturalist regional candidate only; review habitat fit, introduced status and game value before inclusion."
fish,44,yes,96991,Graysby,Cephalopholis cruentata,1,399,"iNaturalist regional candidate only; review habitat fit, introduced status and game value before inclusion."
fish,45,yes,121195,Doctorfish,Acanthurus chirurgus,1,397,"iNaturalist regional candidate only; review habitat fit, introduced status and game value before inclusion."
fish,46,yes,131387,Mahogany Snapper,Lutjanus mahogoni,1,386,"iNaturalist regional candidate only; review habitat fit, introduced status and game value before inclusion."
fish,47,yes,47227,Horse-eye Jack,Caranx latus,1,382,"iNaturalist regional candidate only; review habitat fit, introduced status and game value before inclusion."
fish,48,yes,1316786,Smallmouth Grunt,Brachygenys chrysargyrea,1,380,"iNaturalist regional candidate only; review habitat fit, introduced status and game value before inclusion."
fish,49,yes,47235,Queen Angelfish,Holacanthus ciliaris,1,380,"iNaturalist regional candidate only; review habitat fit, introduced status and game value before inclusion."
fish,50,yes,1316746,Mountain Mullet,Dajaus monticola,1,364,"iNaturalist regional candidate only; review habitat fit, introduced status and game value before inclusion."
fish,51,yes,49427,Grey Angelfish,Pomacanthus arcuatus,1,361,"iNaturalist regional candidate only; review habitat fit, introduced status and game value before inclusion."
fish,52,yes,96993,Coney,Cephalopholis fulva,1,357,"iNaturalist regional candidate only; review habitat fit, introduced status and game value before inclusion."
fish,53,yes,1315932,Brown Chromis,Azurina multilineata,1,353,"iNaturalist regional candidate only; review habitat fit, introduced status and game value before inclusion."
fish,54,yes,131385,Spotted Goatfish,Pseudupeneus maculatus,1,351,"iNaturalist regional candidate only; review habitat fit, introduced status and game value before inclusion."
fish,55,yes,49624,Blackbar Soldierfish,Myripristis jacobus,1,339,"iNaturalist regional candidate only; review habitat fit, introduced status and game value before inclusion."
fish,56,yes,49304,Threespot Damselfish,Stegastes planifrons,1,336,"iNaturalist regional candidate only; review habitat fit, introduced status and game value before inclusion."
fish,57,yes,128185,Longfin Damselfish,Stegastes diencaeus,1,328,"iNaturalist regional candidate only; review habitat fit, introduced status and game value before inclusion."
fish,58,yes,128183,Bicolor Damselfish,Stegastes partitus,1,327,"iNaturalist regional candidate only; review habitat fit, introduced status and game value before inclusion."
fish,59,yes,49244,Spotted Scorpionfish,Scorpaena plumieri,1,326,"iNaturalist regional candidate only; review habitat fit, introduced status and game value before inclusion."
fish,60,yes,49269,Longspined Porcupinefish,Diodon holocanthus,1,323,"iNaturalist regional candidate only; review habitat fit, introduced status and game value before inclusion."
fish,61,yes,104853,Mutton Snapper,Lutjanus analis,1,313,"iNaturalist regional candidate only; review habitat fit, introduced status and game value before inclusion."
fish,62,yes,131530,Lane Snapper,Lutjanus synagris,1,286,"iNaturalist regional candidate only; review habitat fit, introduced status and game value before inclusion."
fish,63,yes,114269,Palometa,Trachinotus goodei,1,278,"iNaturalist regional candidate only; review habitat fit, introduced status and game value before inclusion."
fish,64,yes,192654,Spinyhead Blenny,Acanthemblemaria spinosa,1,273,"iNaturalist regional candidate only; review habitat fit, introduced status and game value before inclusion."
fish,65,yes,49950,Tomtate,Haemulon aurolineatum,1,272,"iNaturalist regional candidate only; review habitat fit, introduced status and game value before inclusion."
fish,66,yes,130053,Caribbean Redlip Blenny,Ophioblennius macclurei,1,269,"iNaturalist regional candidate only; review habitat fit, introduced status and game value before inclusion."
fish,67,yes,49275,Orangespotted Filefish,Cantherhines pullus,1,267,"iNaturalist regional candidate only; review habitat fit, introduced status and game value before inclusion."
fish,68,yes,317382,Checkered Puffer,Sphoeroides testudineus,1,266,"iNaturalist regional candidate only; review habitat fit, introduced status and game value before inclusion."
fish,69,yes,100104,Red Hind,Epinephelus guttatus,1,265,"iNaturalist regional candidate only; review habitat fit, introduced status and game value before inclusion."
fish,70,yes,62606,Saddled Blenny,Malacoctenus triangulatus,1,265,"iNaturalist regional candidate only; review habitat fit, introduced status and game value before inclusion."
fish,71,yes,49929,Redtail Parrotfish,Sparisoma chrysopterum,1,261,"iNaturalist regional candidate only; review habitat fit, introduced status and game value before inclusion."
fish,72,yes,49947,Porkfish,Anisotremus virginicus,1,257,"iNaturalist regional candidate only; review habitat fit, introduced status and game value before inclusion."
fish,73,yes,130054,Caesar Grunt,Haemulon carbonarium,1,252,"iNaturalist regional candidate only; review habitat fit, introduced status and game value before inclusion."
fish,74,yes,57338,Night Sergeant,Abudefduf taurus,1,250,"iNaturalist regional candidate only; review habitat fit, introduced status and game value before inclusion."
fish,75,yes,128186,Royal Gramma,Gramma loreto,1,241,"iNaturalist regional candidate only; review habitat fit, introduced status and game value before inclusion."
fish,76,yes,49747,Harlequin Bass,Serranus tigrinus,1,241,"iNaturalist regional candidate only; review habitat fit, introduced status and game value before inclusion."
fish,77,yes,1630712,Dusky Squirrelfish,Neoniphon vexillarius,1,238,"iNaturalist regional candidate only; review habitat fit, introduced status and game value before inclusion."
fish,78,yes,317131,Sailor's Choice,Haemulon parra,1,237,"iNaturalist regional candidate only; review habitat fit, introduced status and game value before inclusion."
fish,79,yes,102053,Clown Wrasse,Halichoeres maculipinna,1,233,"iNaturalist regional candidate only; review habitat fit, introduced status and game value before inclusion."
fish,80,yes,63415,Glasseye,Heteropriacanthus cruentatus,1,233,"iNaturalist regional candidate only; review habitat fit, introduced status and game value before inclusion."
fish,81,yes,95066,Queen Triggerfish,Balistes vetula,1,231,"iNaturalist regional candidate only; review habitat fit, introduced status and game value before inclusion."
fish,82,yes,49273,Spotfin Butterflyfish,Chaetodon ocellatus,1,231,"iNaturalist regional candidate only; review habitat fit, introduced status and game value before inclusion."
fish,83,yes,153471,Chain Moray,Echidna catenata,1,230,"iNaturalist regional candidate only; review habitat fit, introduced status and game value before inclusion."
fish,84,yes,96740,Blue Runner,Caranx crysos,1,222,"iNaturalist regional candidate only; review habitat fit, introduced status and game value before inclusion."
fish,85,yes,179445,Permit,Trachinotus falcatus,1,221,"iNaturalist regional candidate only; review habitat fit, introduced status and game value before inclusion."
fish,86,yes,48844,Sharksucker,Echeneis naucrates,1,220,"iNaturalist regional candidate only; review habitat fit, introduced status and game value before inclusion."
fish,87,yes,130051,Barred Hamlet,Hypoplectrus puella,1,220,"iNaturalist regional candidate only; review habitat fit, introduced status and game value before inclusion."
fish,88,yes,112166,Princess Parrotfish,Scarus taeniopterus,1,219,"iNaturalist regional candidate only; review habitat fit, introduced status and game value before inclusion."
fish,89,yes,1316037,Spotted Drum,Eques punctatus,1,207,"iNaturalist regional candidate only; review habitat fit, introduced status and game value before inclusion."
fish,90,yes,49495,Rock Beauty,Holacanthus tricolor,1,205,"iNaturalist regional candidate only; review habitat fit, introduced status and game value before inclusion."
fish,91,yes,619700,Caribbean Cocoa Damselfish,Stegastes xanthurus,1,201,"iNaturalist regional candidate only; review habitat fit, introduced status and game value before inclusion."
fish,92,yes,1316792,Yellow Jack,Caranx bartholomaei,1,194,"iNaturalist regional candidate only; review habitat fit, introduced status and game value before inclusion."
fish,93,yes,52464,Black Triggerfish,Melichthys niger,1,194,"iNaturalist regional candidate only; review habitat fit, introduced status and game value before inclusion."
fish,94,yes,131523,Bermuda Chub,Kyphosus sectatrix,1,192,"iNaturalist regional candidate only; review habitat fit, introduced status and game value before inclusion."
fish,95,yes,49498,Scrawled Filefish,Aluterus scriptus,1,191,"iNaturalist regional candidate only; review habitat fit, introduced status and game value before inclusion."
fish,96,yes,179572,Ballyhoo,Hemiramphus brasiliensis,1,188,"iNaturalist regional candidate only; review habitat fit, introduced status and game value before inclusion."
fish,97,yes,1439789,Creole Wrasse,Bodianus parrae,1,184,"iNaturalist regional candidate only; review habitat fit, introduced status and game value before inclusion."
fish,98,yes,129656,Whitespotted Filefish,Cantherhines macrocerus,1,183,"iNaturalist regional candidate only; review habitat fit, introduced status and game value before inclusion."
fish,99,yes,49256,Goldentail Moray,Gymnothorax miliaris,1,175,"iNaturalist regional candidate only; review habitat fit, introduced status and game value before inclusion."
fish,100,yes,128170,Sharknose Goby,Elacatinus evelynae,1,173,"iNaturalist regional candidate only; review habitat fit, introduced status and game value before inclusion."
fish,101,yes,102074,Blackear Wrasse,Halichoeres poeyi,1,172,"iNaturalist regional candidate only; review habitat fit, introduced status and game value before inclusion."
fish,102,yes,49248,Sharptail Eel,Myrichthys breviceps,1,161,"iNaturalist regional candidate only; review habitat fit, introduced status and game value before inclusion."
fish,103,yes,120129,Spotted Trunkfish,Lactophrys bicaudalis,1,160,"iNaturalist regional candidate only; review habitat fit, introduced status and game value before inclusion."
fish,104,yes,107889,Mozambique Tilapia,Oreochromis mossambicus,1,152,"iNaturalist regional candidate only; review habitat fit, introduced status and game value before inclusion."
fish,105,yes,52293,Highhat,Pareques acuminatus,1,147,"iNaturalist regional candidate only; review habitat fit, introduced status and game value before inclusion."
fish,106,yes,129567,Yellowhead Jawfish,Opistognathus aurifrons,1,146,"iNaturalist regional candidate only; review habitat fit, introduced status and game value before inclusion."
fish,107,yes,102831,Longsnout Seahorse,Hippocampus reidi,1,140,"iNaturalist regional candidate only; review habitat fit, introduced status and game value before inclusion."
fish,108,yes,180709,Indigo Hamlet,Hypoplectrus indigo,1,135,"iNaturalist regional candidate only; review habitat fit, introduced status and game value before inclusion."
fish,109,yes,317134,Redear Herring,Harengula humeralis,1,134,"iNaturalist regional candidate only; review habitat fit, introduced status and game value before inclusion."
fish,110,yes,179551,Hairy Blenny,Labrisomus nuchipinnis,1,134,"iNaturalist regional candidate only; review habitat fit, introduced status and game value before inclusion."
fish,111,yes,129665,Sand Tilefish,Malacanthus plumieri,1,133,"iNaturalist regional candidate only; review habitat fit, introduced status and game value before inclusion."
fish,112,yes,49432,Hogfish,Lachnolaimus maximus,1,131,"iNaturalist regional candidate only; review habitat fit, introduced status and game value before inclusion."
fish,113,yes,1315642,Honeycomb Cowfish,Acanthostracion polygonium,1,128,"iNaturalist regional candidate only; review habitat fit, introduced status and game value before inclusion."
fish,114,yes,131500,Goldspot Goby,Gnatholepis thompsoni,1,128,"iNaturalist regional candidate only; review habitat fit, introduced status and game value before inclusion."
fish,115,yes,182608,Dog Snapper,Lutjanus jocu,1,128,"iNaturalist regional candidate only; review habitat fit, introduced status and game value before inclusion."
fish,116,yes,120125,Green Moray,Gymnothorax funebris,1,127,"iNaturalist regional candidate only; review habitat fit, introduced status and game value before inclusion."
fish,117,yes,130052,Butter Hamlet,Hypoplectrus unicolor,1,126,"iNaturalist regional candidate only; review habitat fit, introduced status and game value before inclusion."
fish,118,yes,173412,Guppy,Poecilia reticulata,1,126,"iNaturalist regional candidate only; review habitat fit, introduced status and game value before inclusion."
fish,119,yes,105114,Rosy Blenny,Malacoctenus macropus,1,122,"iNaturalist regional candidate only; review habitat fit, introduced status and game value before inclusion."
fish,120,yes,49300,Glassy Sweeper,Pempheris schomburgkii,1,121,"iNaturalist regional candidate only; review habitat fit, introduced status and game value before inclusion."
fish,121,yes,49265,Bandtail Puffer,Sphoeroides spengleri,1,110,"iNaturalist regional candidate only; review habitat fit, introduced status and game value before inclusion."
fish,122,yes,49925,Scrawled Cowfish,Acanthostracion quadricornis,1,108,"iNaturalist regional candidate only; review habitat fit, introduced status and game value before inclusion."
fish,123,yes,317206,Goldline Blenny,Malacoctenus aurolineatus,1,106,"iNaturalist regional candidate only; review habitat fit, introduced status and game value before inclusion."
fish,124,yes,179537,White Mullet,Mugil curema,1,105,"iNaturalist regional candidate only; review habitat fit, introduced status and game value before inclusion."
fish,125,yes,49617,Cero,Scomberomorus regalis,1,105,"iNaturalist regional candidate only; review habitat fit, introduced status and game value before inclusion."
fish,126,yes,47761,Black Grouper,Mycteroperca bonaci,1,102,"iNaturalist regional candidate only; review habitat fit, introduced status and game value before inclusion."
fish,127,yes,131402,Goldspotted Eel,Myrichthys ocellatus,1,101,"iNaturalist regional candidate only; review habitat fit, introduced status and game value before inclusion."
fish,128,yes,52166,Greater Soapfish,Rypticus saponaceus,1,101,"iNaturalist regional candidate only; review habitat fit, introduced status and game value before inclusion."
fish,129,yes,132531,Western Atlantic Seabream,Archosargus rhomboidalis,1,98,"iNaturalist regional candidate only; review habitat fit, introduced status and game value before inclusion."
fish,130,yes,128156,Longlure Frogfish,Antennarius multiocellatus,1,97,"iNaturalist regional candidate only; review habitat fit, introduced status and game value before inclusion."
fish,131,yes,210173,Brassy Drummer,Kyphosus vaigiensis,1,97,"iNaturalist regional candidate only; review habitat fit, introduced status and game value before inclusion."
fish,132,yes,131513,Buffalo Trunkfish,Lactophrys trigonus,1,93,"iNaturalist regional candidate only; review habitat fit, introduced status and game value before inclusion."
fish,133,yes,131484,Tobaccofish,Serranus tabacarius,1,92,"iNaturalist regional candidate only; review habitat fit, introduced status and game value before inclusion."
fish,134,yes,147118,Flagfin Mojarra,Eucinostomus melanopterus,1,91,"iNaturalist regional candidate only; review habitat fit, introduced status and game value before inclusion."
fish,135,yes,63718,Common Bonefish,Albula vulpes,1,90,"iNaturalist regional candidate only; review habitat fit, introduced status and game value before inclusion."
fish,136,yes,317208,Dusky Blenny,Malacoctenus gilli,1,87,"iNaturalist regional candidate only; review habitat fit, introduced status and game value before inclusion."
fish,137,yes,113308,Atlantic Needlefish,Strongylura marina,1,87,"iNaturalist regional candidate only; review habitat fit, introduced status and game value before inclusion."
fish,138,yes,131522,Redspotted Hawkfish,Amblycirrhitus pinos,1,85,"iNaturalist regional candidate only; review habitat fit, introduced status and game value before inclusion."
fish,139,yes,55016,Flying Gurnard,Dactylopterus volitans,1,85,"iNaturalist regional candidate only; review habitat fit, introduced status and game value before inclusion."
fish,140,yes,94800,Hardhead Silverside,Atherinomorus stipes,1,84,"iNaturalist regional candidate only; review habitat fit, introduced status and game value before inclusion."
fish,141,yes,49316,Atlantic Spadefish,Chaetodipterus faber,1,84,"iNaturalist regional candidate only; review habitat fit, introduced status and game value before inclusion."
fish,142,yes,52296,Black Margate,Anisotremus surinamensis,1,83,"iNaturalist regional candidate only; review habitat fit, introduced status and game value before inclusion."
fish,143,yes,131526,Oceanic Triggerfish,Canthidermis sufflamen,1,83,"iNaturalist regional candidate only; review habitat fit, introduced status and game value before inclusion."
fish,144,yes,131514,Slender Filefish,Monacanthus tuckeri,1,83,"iNaturalist regional candidate only; review habitat fit, introduced status and game value before inclusion."
fish,145,yes,112863,Bucktooth Parrotfish,Sparisoma radians,1,79,"iNaturalist regional candidate only; review habitat fit, introduced status and game value before inclusion."
fish,146,yes,131487,Flamefish,Apogon maculatus,1,78,"iNaturalist regional candidate only; review habitat fit, introduced status and game value before inclusion."
fish,147,yes,132342,Convict Cichlid,Amatitlania nigrofasciata,1,75,"iNaturalist regional candidate only; review habitat fit, introduced status and game value before inclusion."
fish,148,yes,127706,Brown Garden Eel,Heteroconger longissimus,1,72,"iNaturalist regional candidate only; review habitat fit, introduced status and game value before inclusion."
fish,149,yes,49496,Rock Hind,Epinephelus adscensionis,1,71,"iNaturalist regional candidate only; review habitat fit, introduced status and game value before inclusion."
fish,150,yes,128191,Caribbean Longjaw Squirrelfish,Neoniphon marianus,1,69,"iNaturalist regional candidate only; review habitat fit, introduced status and game value before inclusion."
fish,151,yes,131525,Saucereye Porgy,Calamus calamus,1,67,"iNaturalist regional candidate only; review habitat fit, introduced status and game value before inclusion."
fish,152,yes,317092,Pearl Blenny,Entomacrodus nigricans,1,67,"iNaturalist regional candidate only; review habitat fit, introduced status and game value before inclusion."
fish,153,yes,131507,Colon Goby,Coryphopterus dicrus,1,64,"iNaturalist regional candidate only; review habitat fit, introduced status and game value before inclusion."
fish,154,yes,112136,Blue Parrotfish,Scarus coeruleus,1,64,"iNaturalist regional candidate only; review habitat fit, introduced status and game value before inclusion."
fish,155,yes,317005,Mottled Flounder,Bothus maculiferus,1,63,"iNaturalist regional candidate only; review habitat fit, introduced status and game value before inclusion."
fish,156,yes,317017,Pluma Porgy,Calamus pennatula,1,62,"iNaturalist regional candidate only; review habitat fit, introduced status and game value before inclusion."
fish,157,yes,101604,Bigmouth Sleeper,Gobiomorus dormitor,1,61,"iNaturalist regional candidate only; review habitat fit, introduced status and game value before inclusion."
fish,158,yes,317251,Reef Croaker,Odontoscion dentex,1,60,"iNaturalist regional candidate only; review habitat fit, introduced status and game value before inclusion."
fish,159,yes,341201,Caribbean Gambusia,Gambusia puncticulata,1,59,"iNaturalist regional candidate only; review habitat fit, introduced status and game value before inclusion."
fish,160,yes,446046,Puffcheek Blenny,Gobioclinus bucciferus,1,59,"iNaturalist regional candidate only; review habitat fit, introduced status and game value before inclusion."
fish,161,yes,131512,Web Burrfish,Chilomycterus antillarum,1,58,"iNaturalist regional candidate only; review habitat fit, introduced status and game value before inclusion."
fish,162,yes,110594,Longsnout Butterflyfish,Prognathodes aculeatus,1,58,"iNaturalist regional candidate only; review habitat fit, introduced status and game value before inclusion."
fish,163,yes,115185,Rosy Razorfish,Xyrichtys martinicensis,1,58,"iNaturalist regional candidate only; review habitat fit, introduced status and game value before inclusion."
fish,164,yes,179865,Secretary Blenny,Acanthemblemaria maria,1,57,"iNaturalist regional candidate only; review habitat fit, introduced status and game value before inclusion."
fish,165,yes,49606,Grey Triggerfish,Balistes capriscus,1,57,"iNaturalist regional candidate only; review habitat fit, introduced status and game value before inclusion."
fish,166,yes,131475,Black Hamlet,Hypoplectrus nigricans,1,57,"iNaturalist regional candidate only; review habitat fit, introduced status and game value before inclusion."
fish,167,yes,64470,Tiger Grouper,Mycteroperca tigris,1,57,"iNaturalist regional candidate only; review habitat fit, introduced status and game value before inclusion."
fish,168,yes,109633,Keeltail Needlefish,Platybelone argalus,1,56,"iNaturalist regional candidate only; review habitat fit, introduced status and game value before inclusion."
fish,169,yes,500328,Sand-canyon Goby,Coryphopterus venezuelae,1,55,"iNaturalist regional candidate only; review habitat fit, introduced status and game value before inclusion."
fish,170,yes,49953,White Margate,Haemulon album,1,54,"iNaturalist regional candidate only; review habitat fit, introduced status and game value before inclusion."
fish,171,yes,63418,Cubera Snapper,Lutjanus cyanopterus,1,52,"iNaturalist regional candidate only; review habitat fit, introduced status and game value before inclusion."
fish,172,yes,358211,spotted algae-eating goby,Sicydium punctatum,1,50,"iNaturalist regional candidate only; review habitat fit, introduced status and game value before inclusion."
fish,173,yes,131510,Roughhead Blenny,Acanthemblemaria aspera,1,47,"iNaturalist regional candidate only; review habitat fit, introduced status and game value before inclusion."
fish,174,yes,446140,Masquerader Hairy Blenny,Labrisomus conditus,1,46,"iNaturalist regional candidate only; review habitat fit, introduced status and game value before inclusion."
fish,175,yes,179467,Redfin Needlefish,Strongylura notata,1,46,"iNaturalist regional candidate only; review habitat fit, introduced status and game value before inclusion."
fish,176,yes,208884,Midas Cichlid,Amphilophus citrinellus,1,45,"iNaturalist regional candidate only; review habitat fit, introduced status and game value before inclusion."
fish,177,yes,192655,Peppermint Goby,Coryphopterus lipernes,1,45,"iNaturalist regional candidate only; review habitat fit, introduced status and game value before inclusion."
fish,178,yes,614339,Antilles Frillfin,Bathygobius antilliensis,1,44,"iNaturalist regional candidate only; review habitat fit, introduced status and game value before inclusion."
fish,179,yes,131509,Sailfin Blenny,Emblemaria pandionis,1,44,"iNaturalist regional candidate only; review habitat fit, introduced status and game value before inclusion."
fish,180,yes,1630713,Reef Squirrelfish,Neoniphon coruscus,1,44,"iNaturalist regional candidate only; review habitat fit, introduced status and game value before inclusion."
fish,181,no,196857,Bridled Burrfish,Chilomycterus antennatus,1,43,"iNaturalist regional candidate only; review habitat fit, introduced status and game value before inclusion."
fish,182,no,226272,Shortnose Batfish,Ogcocephalus nasutus,1,43,"iNaturalist regional candidate only; review habitat fit, introduced status and game value before inclusion."
fish,183,no,112148,Rainbow Parrotfish,Scarus guacamaia,1,43,"iNaturalist regional candidate only; review habitat fit, introduced status and game value before inclusion."
fish,184,no,47252,Northern Sennet,Sphyraena borealis,1,43,"iNaturalist regional candidate only; review habitat fit, introduced status and game value before inclusion."
fish,185,no,129563,Jolthead Porgy,Calamus bajonado,1,42,"iNaturalist regional candidate only; review habitat fit, introduced status and game value before inclusion."
fish,186,no,62592,Bridled Goby,Coryphopterus glaucofraenum,1,41,"iNaturalist regional candidate only; review habitat fit, introduced status and game value before inclusion."
fish,187,no,127142,Purplemouth Moray,Gymnothorax vicinus,1,40,"iNaturalist regional candidate only; review habitat fit, introduced status and game value before inclusion."
fish,188,no,179598,Silver Jenny,Eucinostomus gula,1,39,"iNaturalist regional candidate only; review habitat fit, introduced status and game value before inclusion."
fish,189,no,47230,Atlantic Crevalle Jack,Caranx hippos,1,38,"iNaturalist regional candidate only; review habitat fit, introduced status and game value before inclusion."
fish,190,no,98531,Common Dolphinfish,Coryphaena hippurus,1,38,"iNaturalist regional candidate only; review habitat fit, introduced status and game value before inclusion."
fish,191,no,121324,Nile Tilapia,Oreochromis niloticus,1,38,"iNaturalist regional candidate only; review habitat fit, introduced status and game value before inclusion."
fish,192,no,112544,Sirajo,Sicydium plumieri,1,38,"iNaturalist regional candidate only; review habitat fit, introduced status and game value before inclusion."
fish,193,no,115194,Green Razorfish,Xyrichtys splendens,1,38,"iNaturalist regional candidate only; review habitat fit, introduced status and game value before inclusion."
fish,194,no,49437,Common Snook,Centropomus undecimalis,1,37,"iNaturalist regional candidate only; review habitat fit, introduced status and game value before inclusion."
fish,195,no,49933,Seaweed Blenny,Parablennius marmoreus,1,37,"iNaturalist regional candidate only; review habitat fit, introduced status and game value before inclusion."
fish,196,no,93713,Atlantic Mutton Hamlet,Alphestes afer,1,36,"iNaturalist regional candidate only; review habitat fit, introduced status and game value before inclusion."
fish,197,no,147139,Orangespotted Goby,Nes longus,1,36,"iNaturalist regional candidate only; review habitat fit, introduced status and game value before inclusion."
fish,198,no,98945,Sheepshead Minnow,Cyprinodon variegatus,1,35,"iNaturalist regional candidate only; review habitat fit, introduced status and game value before inclusion."
fish,199,no,131483,Chalk Bass,Serranus tortugarum,1,35,"iNaturalist regional candidate only; review habitat fit, introduced status and game value before inclusion."
fish,200,no,57377,Green Puffer,Sphoeroides greeleyi,1,35,"iNaturalist regional candidate only; review habitat fit, introduced status and game value before inclusion."
fish,201,no,357665,Red Devil Cichlid,Amphilophus labiatus,1,34,"iNaturalist regional candidate only; review habitat fit, introduced status and game value before inclusion."
fish,202,no,52295,Spanish Grunt,Haemulon macrostoma,1,34,"iNaturalist regional candidate only; review habitat fit, introduced status and game value before inclusion."
fish,203,no,47229,Bigeye Scad,Selar crumenophthalmus,1,34,"iNaturalist regional candidate only; review habitat fit, introduced status and game value before inclusion."
fish,204,no,131521,Eyed Flounder,Bothus ocellatus,1,33,"iNaturalist regional candidate only; review habitat fit, introduced status and game value before inclusion."
fish,205,no,147106,Sunshinefish,Chromis insolata,1,33,"iNaturalist regional candidate only; review habitat fit, introduced status and game value before inclusion."
fish,206,no,128171,Yellownose Goby,Elacatinus randalli,1,33,"iNaturalist regional candidate only; review habitat fit, introduced status and game value before inclusion."
fish,207,no,317115,Nineline Goby,Ginsburgellus novemlineatus,1,33,"iNaturalist regional candidate only; review habitat fit, introduced status and game value before inclusion."
fish,208,no,317161,Yellowbelly Hamlet,Hypoplectrus aberrans,1,33,"iNaturalist regional candidate only; review habitat fit, introduced status and game value before inclusion."
fish,209,no,208891,Jaguar Guapote,Parachromis managuensis,1,33,"iNaturalist regional candidate only; review habitat fit, introduced status and game value before inclusion."
fish,210,no,63411,Reef Butterflyfish,Chaetodon sedentarius,1,32,"iNaturalist regional candidate only; review habitat fit, introduced status and game value before inclusion."
fish,211,no,120694,Atlantic Tripletail,Lobotes surinamensis,1,32,"iNaturalist regional candidate only; review habitat fit, introduced status and game value before inclusion."
fish,212,no,131466,Diamond Blenny,Malacoctenus boehlkei,1,32,"iNaturalist regional candidate only; review habitat fit, introduced status and game value before inclusion."
fish,213,no,131506,Pallid Goby,Coryphopterus eidolon,1,31,"iNaturalist regional candidate only; review habitat fit, introduced status and game value before inclusion."
fish,214,no,98553,Shortfin Pipefish,Cosmocampus elucens,1,31,"iNaturalist regional candidate only; review habitat fit, introduced status and game value before inclusion."
fish,215,no,122033,Rainbow Runner,Elagatis bipinnulata,1,31,"iNaturalist regional candidate only; review habitat fit, introduced status and game value before inclusion."
fish,216,no,131428,Red Lizardfish,Synodus synodus,1,31,"iNaturalist regional candidate only; review habitat fit, introduced status and game value before inclusion."
fish,217,no,128199,Belted Cardinalfish,Apogon townsendi,1,30,"iNaturalist regional candidate only; review habitat fit, introduced status and game value before inclusion."
fish,218,no,131502,Cleaner Goby,Elacatinus genie,1,30,"iNaturalist regional candidate only; review habitat fit, introduced status and game value before inclusion."
fish,219,no,131492,Dusky Cardinalfish,Phaeoptyx pigmentaria,1,30,"iNaturalist regional candidate only; review habitat fit, introduced status and game value before inclusion."
fish,220,no,131496,Rusty Goby,Priolepis hipoliti,1,30,"iNaturalist regional candidate only; review habitat fit, introduced status and game value before inclusion."
fish,221,no,187316,Amur Carp,Cyprinus rubrofuscus,1,29,"iNaturalist regional candidate only; review habitat fit, introduced status and game value before inclusion."
fish,222,no,133990,Whitefin Sharksucker,Echeneis neucratoides,1,29,"iNaturalist regional candidate only; review habitat fit, introduced status and game value before inclusion."
fish,223,no,446050,Mimic Blenny,Gobioclinus guppyi,1,29,"iNaturalist regional candidate only; review habitat fit, introduced status and game value before inclusion."
fish,224,no,132522,Crested Goby,Lophogobius cyprinoides,1,29,"iNaturalist regional candidate only; review habitat fit, introduced status and game value before inclusion."
fish,225,no,51553,Almaco Jack,Seriola rivoliana,1,29,"iNaturalist regional candidate only; review habitat fit, introduced status and game value before inclusion."
fish,226,no,49219,American Eel,Anguilla rostrata,1,28,"iNaturalist regional candidate only; review habitat fit, introduced status and game value before inclusion."
fish,227,no,1360073,Bluelip Hamlet,Hypoplectrus affinis,1,28,"iNaturalist regional candidate only; review habitat fit, introduced status and game value before inclusion."
fish,228,no,131476,Yellowtail Hamlet,Hypoplectrus chlorurus,1,28,"iNaturalist regional candidate only; review habitat fit, introduced status and game value before inclusion."
fish,229,no,64476,Yellowfin Grouper,Mycteroperca venenosa,1,28,"iNaturalist regional candidate only; review habitat fit, introduced status and game value before inclusion."
fish,230,no,1316038,Jackknife Fish,Eques lanceolatus,1,27,"iNaturalist regional candidate only; review habitat fit, introduced status and game value before inclusion."
fish,231,no,147120,Stippled Clingfish,Gobiesox punctulatus,1,27,"iNaturalist regional candidate only; review habitat fit, introduced status and game value before inclusion."
fish,232,no,131531,Blackfin Snapper,Lutjanus buccanella,1,27,"iNaturalist regional candidate only; review habitat fit, introduced status and game value before inclusion."
fish,233,no,112857,Greenblotch Parrotfish,Sparisoma atomarium,1,27,"iNaturalist regional candidate only; review habitat fit, introduced status and game value before inclusion."
fish,234,no,131505,Masked Goby,Coryphopterus personatus,1,26,"iNaturalist regional candidate only; review habitat fit, introduced status and game value before inclusion."
fish,235,no,495478,Boga,Haemulon vittatum,1,26,"iNaturalist regional candidate only; review habitat fit, introduced status and game value before inclusion."
fish,236,no,341957,Haitian Cichlid,Nandopsis haitiensis,1,26,"iNaturalist regional candidate only; review habitat fit, introduced status and game value before inclusion."
fish,237,no,120708,Molly Miller,Scartella cristata,1,26,"iNaturalist regional candidate only; review habitat fit, introduced status and game value before inclusion."
fish,238,no,69775,Black Trevally,Caranx lugubris,1,25,"iNaturalist regional candidate only; review habitat fit, introduced status and game value before inclusion."
fish,239,no,446141,Mock Blenny,Labrisomus cricota,1,25,"iNaturalist regional candidate only; review habitat fit, introduced status and game value before inclusion."
fish,240,no,619544,Guaru,Poecilia vivipara,1,25,"iNaturalist regional candidate only; review habitat fit, introduced status and game value before inclusion."
fish,241,no,131389,Lantern Bass,Serranus baldwini,1,25,"iNaturalist regional candidate only; review habitat fit, introduced status and game value before inclusion."
fish,242,no,179437,Green Swordtail,Xiphophorus hellerii,1,25,"iNaturalist regional candidate only; review habitat fit, introduced status and game value before inclusion."
fish,243,no,317016,Sheepshead Porgy,Calamus penna,1,24,"iNaturalist regional candidate only; review habitat fit, introduced status and game value before inclusion."
fish,244,no,56937,Leather Jack,Oligoplites saurus,1,24,"iNaturalist regional candidate only; review habitat fit, introduced status and game value before inclusion."
fish,245,no,115188,Pearly Razorfish,Xyrichtys novacula,1,24,"iNaturalist regional candidate only; review habitat fit, introduced status and game value before inclusion."
fish,246,no,95000,River Goby,Awaous banana,1,23,"iNaturalist regional candidate only; review habitat fit, introduced status and game value before inclusion."
fish,247,no,131458,Dwarf Sand Perch,Diplectrum bivittatum,1,23,"iNaturalist regional candidate only; review habitat fit, introduced status and game value before inclusion."
fish,248,no,128893,Yellowline Goby,Elacatinus horsti,1,23,"iNaturalist regional candidate only; review habitat fit, introduced status and game value before inclusion."
fish,249,no,51356,Highfin Chub,Kyphosus cinerascens,1,23,"iNaturalist regional candidate only; review habitat fit, introduced status and game value before inclusion."
fish,250,no,131518,Sargassum Triggerfish,Xanthichthys ringens,1,23,"iNaturalist regional candidate only; review habitat fit, introduced status and game value before inclusion."
fish,251,no,131488,Barred Cardinalfish,Apogon binotatus,1,22,"iNaturalist regional candidate only; review habitat fit, introduced status and game value before inclusion."
fish,252,no,528869,Redbreast Tilapia,Coptodon rendalli,1,22,"iNaturalist regional candidate only; review habitat fit, introduced status and game value before inclusion."
fish,253,no,100110,Atlantic Goliath Grouper,Epinephelus itajara,1,22,"iNaturalist regional candidate only; review habitat fit, introduced status and game value before inclusion."
fish,254,no,102072,Rainbow Wrasse,Halichoeres pictus,1,22,"iNaturalist regional candidate only; review habitat fit, introduced status and game value before inclusion."
fish,255,no,317207,Imitator Blenny,Malacoctenus erdmani,1,22,"iNaturalist regional candidate only; review habitat fit, introduced status and game value before inclusion."
fish,256,no,614976,Greenband Goby,Tigrigobius multifasciatus,1,22,"iNaturalist regional candidate only; review habitat fit, introduced status and game value before inclusion."
fish,257,no,96936,Cherubfish,Centropyge argi,1,21,"iNaturalist regional candidate only; review habitat fit, introduced status and game value before inclusion."
fish,258,no,99537,Fat Sleeper,Dormitator maculatus,1,21,"iNaturalist regional candidate only; review habitat fit, introduced status and game value before inclusion."
fish,259,no,131503,Shortstripe Goby,Elacatinus chancei,1,21,"iNaturalist regional candidate only; review habitat fit, introduced status and game value before inclusion."
fish,260,no,1315425,Pearly Molly,Poecilia perugiae,1,21,"iNaturalist regional candidate only; review habitat fit, introduced status and game value before inclusion."
fish,261,no,445753,Yellowface Pikeblenny,Chaenopsis limbaughi,1,20,"iNaturalist regional candidate only; review habitat fit, introduced status and game value before inclusion."
fish,262,no,47242,Atlantic Bluespotted Cornetfish,Fistularia tabacaria,1,20,"iNaturalist regional candidate only; review habitat fit, introduced status and game value before inclusion."
fish,263,no,179571,Scaled Sardine,Harengula jaguana,1,20,"iNaturalist regional candidate only; review habitat fit, introduced status and game value before inclusion."
fish,264,no,317159,Atlantic Oyster Blenny,Hypleurochilus pseudoaequipinnis,1,20,"iNaturalist regional candidate only; review habitat fit, introduced status and game value before inclusion."
fish,265,no,317275,Blackfin Blenny,Paraclinus nigripinnis,1,20,"iNaturalist regional candidate only; review habitat fit, introduced status and game value before inclusion."
fish,266,no,47257,Wahoo,Acanthocybium solandri,1,19,"iNaturalist regional candidate only; review habitat fit, introduced status and game value before inclusion."
fish,267,no,316926,Red Clingfish,Acyrtus rubiginosus,1,19,"iNaturalist regional candidate only; review habitat fit, introduced status and game value before inclusion."
fish,268,no,316953,Whitestar Cardinalfish,Apogon lachneri,1,19,"iNaturalist regional candidate only; review habitat fit, introduced status and game value before inclusion."
fish,269,no,131395,Viper Moray,Enchelycore nigricans,1,19,"iNaturalist regional candidate only; review habitat fit, introduced status and game value before inclusion."
fish,270,no,341914,Cuban mosquitofish,Gambusia punctata,1,19,"iNaturalist regional candidate only; review habitat fit, introduced status and game value before inclusion."
fish,271,no,1316822,Harlequin Pipefish,Halicampus crinitus,1,19,"iNaturalist regional candidate only; review habitat fit, introduced status and game value before inclusion."
fish,272,no,107717,Mottled Jawfish,Opistognathus maxillosus,1,19,"iNaturalist regional candidate only; review habitat fit, introduced status and game value before inclusion."
fish,273,no,179448,Sand Drum,Umbrina coroides,1,19,"iNaturalist regional candidate only; review habitat fit, introduced status and game value before inclusion."
fish,274,no,82779,Sharptooth Catfish,Clarias gariepinus,1,18,"iNaturalist regional candidate only; review habitat fit, introduced status and game value before inclusion."
fish,275,no,1316787,Mottled Mojarra,Eucinostomus lefroyi,1,18,"iNaturalist regional candidate only; review habitat fit, introduced status and game value before inclusion."
fish,276,no,317130,Black Grunt,Haemulon bonariense,1,18,"iNaturalist regional candidate only; review habitat fit, introduced status and game value before inclusion."
fish,277,no,131446,Reef Scorpionfish,Scorpaenodes caribbaeus,1,18,"iNaturalist regional candidate only; review habitat fit, introduced status and game value before inclusion."
fish,278,no,619433,Bahama gambusia,Gambusia manni,1,17,"iNaturalist regional candidate only; review habitat fit, introduced status and game value before inclusion."
fish,279,no,180710,Shy Hamlet,Hypoplectrus guttavarius,1,17,"iNaturalist regional candidate only; review habitat fit, introduced status and game value before inclusion."
fish,280,no,131477,Peppermint Basslet,Liopropoma rubre,1,17,"iNaturalist regional candidate only; review habitat fit, introduced status and game value before inclusion."
fish,281,no,131515,Fringed Filefish,Monacanthus ciliatus,1,17,"iNaturalist regional candidate only; review habitat fit, introduced status and game value before inclusion."
fish,282,no,317261,Banded Jawfish,Opistognathus macrognathus,1,17,"iNaturalist regional candidate only; review habitat fit, introduced status and game value before inclusion."
fish,283,no,108614,Atlantic Creolefish,Paranthias furcifer,1,17,"iNaturalist regional candidate only; review habitat fit, introduced status and game value before inclusion."
fish,284,no,131460,Tusked Goby,Risor ruber,1,17,"iNaturalist regional candidate only; review habitat fit, introduced status and game value before inclusion."
fish,285,no,445830,Twinhorn Blenny,Coralliozetus cardonae,1,16,"iNaturalist regional candidate only; review habitat fit, introduced status and game value before inclusion."
fish,286,no,317088,Broadstripe Goby,Elacatinus prochilos,1,16,"iNaturalist regional candidate only; review habitat fit, introduced status and game value before inclusion."
fish,287,no,147135,Arrow Blenny,Lucayablennius zingaro,1,16,"iNaturalist regional candidate only; review habitat fit, introduced status and game value before inclusion."
fish,288,no,1316105,Reef Silverside,Atherina harringtonensis,1,15,"iNaturalist regional candidate only; review habitat fit, introduced status and game value before inclusion."
fish,289,no,126567,Butterfly Peacock Bass,Cichla ocellaris,1,15,"iNaturalist regional candidate only; review habitat fit, introduced status and game value before inclusion."
fish,290,no,317063,Dash Goby,Ctenogobius saepepallens,1,15,"iNaturalist regional candidate only; review habitat fit, introduced status and game value before inclusion."
fish,291,no,341397,Northern Caribbean Pupfish,Cyprinodon riverendi,1,15,"iNaturalist regional candidate only; review habitat fit, introduced status and game value before inclusion."
fish,292,no,341925,Cuban Cichlid,Nandopsis tetracanthus,1,15,"iNaturalist regional candidate only; review habitat fit, introduced status and game value before inclusion."
fish,293,no,121302,Blue Tilapia,Oreochromis aureus,1,15,"iNaturalist regional candidate only; review habitat fit, introduced status and game value before inclusion."
fish,294,no,179610,Irish Pompano,Diapterus auratus,1,14,"iNaturalist regional candidate only; review habitat fit, introduced status and game value before inclusion."
fish,295,no,218976,Smallscaled Spinycheek Sleeper,Eleotris perniger,1,14,"iNaturalist regional candidate only; review habitat fit, introduced status and game value before inclusion."
fish,296,no,131388,Cottonwick,Haemulon melanurum,1,14,"iNaturalist regional candidate only; review habitat fit, introduced status and game value before inclusion."
fish,297,no,470918,Cuban Gar,Atractosteus tristoechus,1,13,"iNaturalist regional candidate only; review habitat fit, introduced status and game value before inclusion."
fish,298,no,96458,Lancer Dragonet,Callionymus bairdi,1,13,"iNaturalist regional candidate only; review habitat fit, introduced status and game value before inclusion."
fish,299,no,121225,Mackerel Scad,Decapterus macarellus,1,13,"iNaturalist regional candidate only; review habitat fit, introduced status and game value before inclusion."
fish,300,no,229304,Hovering Goby,Ptereleotris helenae,1,13,"iNaturalist regional candidate only; review habitat fit, introduced status and game value before inclusion."
fish,301,no,112135,Midnight Parrotfish,Scarus coelestinus,1,13,"iNaturalist regional candidate only; review habitat fit, introduced status and game value before inclusion."
fish,302,no,614971,Orangesided Goby,Tigrigobius dilepis,1,13,"iNaturalist regional candidate only; review habitat fit, introduced status and game value before inclusion."
fish,303,no,179633,Atlantic Bumper,Chloroscombrus chrysurus,1,12,"iNaturalist regional candidate only; review habitat fit, introduced status and game value before inclusion."
fish,304,no,179661,Striped Mojarra,Eugerres plumieri,1,12,"iNaturalist regional candidate only; review habitat fit, introduced status and game value before inclusion."
fish,305,no,179896,Blackcap Basslet,Gramma melacara,1,12,"iNaturalist regional candidate only; review habitat fit, introduced status and game value before inclusion."
fish,306,no,54540,Northern Seahorse,Hippocampus erectus,1,12,"iNaturalist regional candidate only; review habitat fit, introduced status and game value before inclusion."
fish,307,no,127711,Sargassumfish,Histrio histrio,1,12,"iNaturalist regional candidate only; review habitat fit, introduced status and game value before inclusion."
fish,308,no,617587,Redeye Mullet,Mugil rubrioculus,1,12,"iNaturalist regional candidate only; review habitat fit, introduced status and game value before inclusion."
fish,309,no,179519,Atlantic Thread Herring,Opisthonema oglinum,1,12,"iNaturalist regional candidate only; review habitat fit, introduced status and game value before inclusion."
fish,310,no,317308,Sevenfingered Threadfin,Polydactylus virginicus,1,12,"iNaturalist regional candidate only; review habitat fit, introduced status and game value before inclusion."
fish,311,no,154499,King Mackerel,Scomberomorus cavalla,1,12,"iNaturalist regional candidate only; review habitat fit, introduced status and game value before inclusion."
fish,312,no,53569,Plumed Scorpionfish,Scorpaena grandicornis,1,12,"iNaturalist regional candidate only; review habitat fit, introduced status and game value before inclusion."
fish,313,no,85249,Mushroom Scorpionfish,Scorpaena inermis,1,12,"iNaturalist regional candidate only; review habitat fit, introduced status and game value before inclusion."
fish,314,no,131430,Snakefish,Trachinocephalus myops,1,12,"iNaturalist regional candidate only; review habitat fit, introduced status and game value before inclusion."
fish,315,no,131494,Blackfin Cardinalfish,Astrapogon puncticulatus,1,11,"iNaturalist regional candidate only; review habitat fit, introduced status and game value before inclusion."
fish,316,no,98731,Bluelip Parrotfish,Cryptotomus roseus,1,11,"iNaturalist regional candidate only; review habitat fit, introduced status and game value before inclusion."
fish,317,no,445935,Twobar triplefin,Enneanectes deloachorum,1,11,"iNaturalist regional candidate only; review habitat fit, introduced status and game value before inclusion."
fish,318,no,49637,Red Grouper,Epinephelus morio,1,11,"iNaturalist regional candidate only; review habitat fit, introduced status and game value before inclusion."
fish,319,no,317096,Bigeye Mojarra,Eucinostomus havana,1,11,"iNaturalist regional candidate only; review habitat fit, introduced status and game value before inclusion."
fish,320,no,619431,Hispaniolan gambusia,Gambusia hispaniolae,1,11,"iNaturalist regional candidate only; review habitat fit, introduced status and game value before inclusion."
fish,321,no,615099,Golden Basslet,Gramma dejongi,1,11,"iNaturalist regional candidate only; review habitat fit, introduced status and game value before inclusion."
fish,322,no,102481,Banded Jewelfish,Hemichromis fasciatus,1,11,"iNaturalist regional candidate only; review habitat fit, introduced status and game value before inclusion."
fish,323,no,81554,Channel Catfish,Ictalurus punctatus,1,11,"iNaturalist regional candidate only; review habitat fit, introduced status and game value before inclusion."
fish,324,no,107025,Emerald Parrotfish,Nicholsina usta,1,11,"iNaturalist regional candidate only; review habitat fit, introduced status and game value before inclusion."
fish,325,no,131493,Freckled Cardinalfish,Phaeoptyx conklini,1,11,"iNaturalist regional candidate only; review habitat fit, introduced status and game value before inclusion."
fish,326,no,1316633,Burro Grunt,Rhonciscus crocro,1,11,"iNaturalist regional candidate only; review habitat fit, introduced status and game value before inclusion."
fish,327,no,54440,Inshore Lizardfish,Synodus foetens,1,11,"iNaturalist regional candidate only; review habitat fit, introduced status and game value before inclusion."
fish,328,no,114123,Blackfin Tuna,Thunnus atlanticus,1,11,"iNaturalist regional candidate only; review habitat fit, introduced status and game value before inclusion."
fish,329,no,1315622,Splitlure Frogfish,Antennarius scaber,1,10,"iNaturalist regional candidate only; review habitat fit, introduced status and game value before inclusion."
fish,330,no,217635,Patch-reef Goby,Coryphopterus tortugae,1,10,"iNaturalist regional candidate only; review habitat fit, introduced status and game value before inclusion."
fish,331,no,179605,Stippled Spoon-nose Eel,Echiophis punctifer,1,10,"iNaturalist regional candidate only; review habitat fit, introduced status and game value before inclusion."
fish,332,no,317087,Spotlight Goby,Elacatinus louisae,1,10,"iNaturalist regional candidate only; review habitat fit, introduced status and game value before inclusion."
fish,333,no,445936,Matador Triplefin,Enneanectes matador,1,10,"iNaturalist regional candidate only; review habitat fit, introduced status and game value before inclusion."
fish,334,no,446049,Palehead Blenny,Gobioclinus gobio,1,10,"iNaturalist regional candidate only; review habitat fit, introduced status and game value before inclusion."
fish,335,no,131528,Silk Snapper,Lutjanus vivanus,1,10,"iNaturalist regional candidate only; review habitat fit, introduced status and game value before inclusion."
fish,336,no,317269,Spotfin Goby,Oxyurichthys stigmalophius,1,10,"iNaturalist regional candidate only; review habitat fit, introduced status and game value before inclusion."
fish,337,no,109887,Common Molly,Poecilia sphenops,1,10,"iNaturalist regional candidate only; review habitat fit, introduced status and game value before inclusion."
fish,338,no,131479,Spotted Soapfish,Rypticus subbifrenatus,1,10,"iNaturalist regional candidate only; review habitat fit, introduced status and game value before inclusion."
fish,339,no,51549,Greater Amberjack,Seriola dumerili,1,10,"iNaturalist regional candidate only; review habitat fit, introduced status and game value before inclusion."
fish,340,no,47250,Guachanche Barracuda,Sphyraena guachancho,1,10,"iNaturalist regional candidate only; review habitat fit, introduced status and game value before inclusion."
fish,341,no,317399,Channel Flounder,Syacium micrurum,1,10,"iNaturalist regional candidate only; review habitat fit, introduced status and game value before inclusion."
fish,342,no,135196,Flat Needlefish,Ablennes hians,1,9,"iNaturalist regional candidate only; review habitat fit, introduced status and game value before inclusion."
fish,343,no,93641,African Pompano,Alectis ciliaris,1,9,"iNaturalist regional candidate only; review habitat fit, introduced status and game value before inclusion."
fish,344,no,216366,Swordspine Snook,Centropomus ensiferus,1,9,"iNaturalist regional candidate only; review habitat fit, introduced status and game value before inclusion."
fish,345,no,179625,Darter Goby,Ctenogobius boleosoma,1,9,"iNaturalist regional candidate only; review habitat fit, introduced status and game value before inclusion."
fish,346,no,123659,Cigar Minnow,Decapterus punctatus,1,9,"iNaturalist regional candidate only; review habitat fit, introduced status and game value before inclusion."
fish,347,no,131474,Lofty Triplefin,Enneanectes altivelis,1,9,"iNaturalist regional candidate only; review habitat fit, introduced status and game value before inclusion."
fish,348,no,131473,Redeye Triplefin,Enneanectes atrorus,1,9,"iNaturalist regional candidate only; review habitat fit, introduced status and game value before inclusion."
fish,349,no,179600,Spotfin Mojarra,Eucinostomus argenteus,1,9,"iNaturalist regional candidate only; review habitat fit, introduced status and game value before inclusion."
fish,350,no,120614,Little Tunny,Euthynnus alletteratus,1,9,"iNaturalist regional candidate only; review habitat fit, introduced status and game value before inclusion."
fish,351,no,102041,Yellowcheek Wrasse,Halichoeres cyanocephalus,1,9,"iNaturalist regional candidate only; review habitat fit, introduced status and game value before inclusion."
fish,352,no,119719,Sailfish,Istiophorus platypterus,1,9,"iNaturalist regional candidate only; review habitat fit, introduced status and game value before inclusion."
fish,353,no,56943,Skipjack Tuna,Katsuwonus pelamis,1,9,"iNaturalist regional candidate only; review habitat fit, introduced status and game value before inclusion."
fish,354,no,179515,Frillfin Goby,Bathygobius soporator,1,8,"iNaturalist regional candidate only; review habitat fit, introduced status and game value before inclusion."
fish,355,no,147136,Barfin Blenny,Malacoctenus versicolor,1,8,"iNaturalist regional candidate only; review habitat fit, introduced status and game value before inclusion."
fish,356,no,106222,Sea Mullet,Mugil cephalus,1,8,"iNaturalist regional candidate only; review habitat fit, introduced status and game value before inclusion."
fish,357,no,341955,elegant molly,Poecilia elegans,1,8,"iNaturalist regional candidate only; review habitat fit, introduced status and game value before inclusion."
fish,358,no,317315,Bluewing Searobin,Prionotus punctatus,1,8,"iNaturalist regional candidate only; review habitat fit, introduced status and game value before inclusion."
fish,359,no,619696,Freshwater gregory,Stegastes otophorus,1,8,"iNaturalist regional candidate only; review habitat fit, introduced status and game value before inclusion."
fish,360,no,316954,Mimic Cardinalfish,Apogon phenax,1,7,"iNaturalist regional candidate only; review habitat fit, introduced status and game value before inclusion."
fish,361,no,614344,Checkerboard Frillfin,Bathygobius lacertus,1,7,"iNaturalist regional candidate only; review habitat fit, introduced status and game value before inclusion."
fish,362,no,98541,Glass Goby,Coryphopterus hyalinus,1,7,"iNaturalist regional candidate only; review habitat fit, introduced status and game value before inclusion."
fish,363,no,341529,Jaragua Pupfish,Cyprinodon nichollsi,1,7,"iNaturalist regional candidate only; review habitat fit, introduced status and game value before inclusion."
fish,364,no,53911,European Carp,Cyprinus carpio,1,7,"iNaturalist regional candidate only; review habitat fit, introduced status and game value before inclusion."
fish,365,no,450423,Spinycheek Sleeper,Eleotris pisonis,1,7,"iNaturalist regional candidate only; review habitat fit, introduced status and game value before inclusion."
fish,366,no,317090,Smoothhead Glass Blenny,Emblemariopsis bahamensis,1,7,"iNaturalist regional candidate only; review habitat fit, introduced status and game value before inclusion."
fish,367,no,131393,Chestnut Moray,Enchelycore carychroa,1,7,"iNaturalist regional candidate only; review habitat fit, introduced status and game value before inclusion."
fish,368,no,135195,Slender Mojarra,Eucinostomus jonesii,1,7,"iNaturalist regional candidate only; review habitat fit, introduced status and game value before inclusion."
fish,369,no,49949,Striped Grunt,Haemulon striatum,1,7,"iNaturalist regional candidate only; review habitat fit, introduced status and game value before inclusion."
fish,370,no,615149,Roughneck Grunt,Haemulopsis corvinaeformis,1,7,"iNaturalist regional candidate only; review habitat fit, introduced status and game value before inclusion."
fish,371,no,147455,Blue Marlin,Makaira nigricans,1,7,"iNaturalist regional candidate only; review habitat fit, introduced status and game value before inclusion."
fish,372,no,317533,Brazilian Batfish,Ogcocephalus vespertilio,1,7,"iNaturalist regional candidate only; review habitat fit, introduced status and game value before inclusion."
fish,373,no,1316858,Cuban Lima,Poecilia vittata,1,7,"iNaturalist regional candidate only; review habitat fit, introduced status and game value before inclusion."
fish,374,no,132526,Planehead Filefish,Stephanolepis hispida,1,7,"iNaturalist regional candidate only; review habitat fit, introduced status and game value before inclusion."
fish,375,no,69675,Yellowfin Tuna,Thunnus albacares,1,7,"iNaturalist regional candidate only; review habitat fit, introduced status and game value before inclusion."
fish,376,no,614979,Leopard Goby,Tigrigobius saucrus,1,7,"iNaturalist regional candidate only; review habitat fit, introduced status and game value before inclusion."
fish,377,no,445579,Speckled Blenny,Acanthemblemaria betinensis,1,6,"iNaturalist regional candidate only; review habitat fit, introduced status and game value before inclusion."
fish,378,no,147101,Medusa Blenny,Acanthemblemaria medusa,1,6,"iNaturalist regional candidate only; review habitat fit, introduced status and game value before inclusion."
fish,379,no,194921,Unicorn Leatherjacket,Aluterus monoceros,1,6,"iNaturalist regional candidate only; review habitat fit, introduced status and game value before inclusion."
fish,380,no,120641,Bandtooth Conger,Ariosoma balearicum,1,6,"iNaturalist regional candidate only; review habitat fit, introduced status and game value before inclusion."
fish,381,no,208885,Oscar,Astronotus ocellatus,1,6,"iNaturalist regional candidate only; review habitat fit, introduced status and game value before inclusion."
fish,382,no,317038,Bluethroat Pikeblenny,Chaenopsis ocellata,1,6,"iNaturalist regional candidate only; review habitat fit, introduced status and game value before inclusion."
fish,383,no,131406,Manytooth Conger,Conger triporiceps,1,6,"iNaturalist regional candidate only; review habitat fit, introduced status and game value before inclusion."
fish,384,no,194215,Whitenose Pipefish,Cosmocampus albirostris,1,6,"iNaturalist regional candidate only; review habitat fit, introduced status and game value before inclusion."
fish,385,no,51405,Ladyfish,Elops saurus,1,6,"iNaturalist regional candidate only; review habitat fit, introduced status and game value before inclusion."
fish,386,no,445925,Blackfin Glass Blenny,Emblemariopsis leptocirris,1,6,"iNaturalist regional candidate only; review habitat fit, introduced status and game value before inclusion."
fish,387,no,103606,Dwarf Round Herring,Jenkinsia lamprotaenia,1,6,"iNaturalist regional candidate only; review habitat fit, introduced status and game value before inclusion."
fish,388,no,85365,Redbreast Sunfish,Lepomis auritus,1,6,"iNaturalist regional candidate only; review habitat fit, introduced status and game value before inclusion."
fish,389,no,614698,Diphasic Goby,Lythrypnus heterochroma,1,6,"iNaturalist regional candidate only; review habitat fit, introduced status and game value before inclusion."
fish,390,no,614706,Signal Goby,Microgobius signatus,1,6,"iNaturalist regional candidate only; review habitat fit, introduced status and game value before inclusion."
fish,391,no,64466,Yellowmouth Grouper,Mycteroperca interstitialis,1,6,"iNaturalist regional candidate only; review habitat fit, introduced status and game value before inclusion."
fish,392,no,179526,Polka-dot Batfish,Ogcocephalus cubifrons,1,6,"iNaturalist regional candidate only; review habitat fit, introduced status and game value before inclusion."
fish,393,no,209211,Rosy Barb,Pethia conchonius,1,6,"iNaturalist regional candidate only; review habitat fit, introduced status and game value before inclusion."
fish,394,no,131456,Cardinal Soldierfish,Plectrypops retrospinis,1,6,"iNaturalist regional candidate only; review habitat fit, introduced status and game value before inclusion."
fish,395,no,131482,School Bass,Schultzea beta,1,6,"iNaturalist regional candidate only; review habitat fit, introduced status and game value before inclusion."
fish,396,no,179469,Lookdown,Selene vomer,1,6,"iNaturalist regional candidate only; review habitat fit, introduced status and game value before inclusion."
fish,397,no,231831,Timucu Needlefish,Strongylura timucu,1,6,"iNaturalist regional candidate only; review habitat fit, introduced status and game value before inclusion."
fish,398,no,317427,Reitz's Clingfish,Tomicodon reitzae,1,6,"iNaturalist regional candidate only; review habitat fit, introduced status and game value before inclusion."
fish,399,no,114750,Striped drum,Umbrina broussonnetii,1,6,"iNaturalist regional candidate only; review habitat fit, introduced status and game value before inclusion."
fish,400,no,179439,Southern Platyfish,Xiphophorus maculatus,1,6,"iNaturalist regional candidate only; review habitat fit, introduced status and game value before inclusion."
amphibians,1,yes,22454,Common Coqui,Eleutherodactylus coqui,1,4078,"iNaturalist regional candidate only; review habitat fit, introduced status and game value before inclusion."
amphibians,2,yes,24382,Cuban Tree Frog,Osteopilus septentrionalis,1,2633,"iNaturalist regional candidate only; review habitat fit, introduced status and game value before inclusion."
amphibians,3,yes,553515,Cane Toad,Rhinella marina,1,2633,"iNaturalist regional candidate only; review habitat fit, introduced status and game value before inclusion."
amphibians,4,yes,22771,Antillean Coqui,Eleutherodactylus antillensis,1,1060,"iNaturalist regional candidate only; review habitat fit, introduced status and game value before inclusion."
amphibians,5,yes,22979,Caribbean White-lipped Frog,Leptodactylus albilabris,1,932,"iNaturalist regional candidate only; review habitat fit, introduced status and game value before inclusion."
amphibians,6,yes,22333,Lesser Antillean whistling frog,Eleutherodactylus johnstonei,1,659,"iNaturalist regional candidate only; review habitat fit, introduced status and game value before inclusion."
amphibians,7,yes,24379,Hispaniolan Common Tree Frog,Osteopilus dominicensis,1,599,"iNaturalist regional candidate only; review habitat fit, introduced status and game value before inclusion."
amphibians,8,yes,66349,Eastern Giant Toad,Peltophryne peltocephala,1,206,"iNaturalist regional candidate only; review habitat fit, introduced status and game value before inclusion."
amphibians,9,yes,22761,Whistling Coqui,Eleutherodactylus cochranae,1,196,"iNaturalist regional candidate only; review habitat fit, introduced status and game value before inclusion."
amphibians,10,yes,22631,Greenhouse Frog,Eleutherodactylus planirostris,1,196,"iNaturalist regional candidate only; review habitat fit, introduced status and game value before inclusion."
amphibians,11,yes,22739,Martinique Robber Frog,Eleutherodactylus martinicensis,1,163,"iNaturalist regional candidate only; review habitat fit, introduced status and game value before inclusion."
amphibians,12,yes,22302,Hispaniolan Giant Frog,Eleutherodactylus inoptatus,1,140,"iNaturalist regional candidate only; review habitat fit, introduced status and game value before inclusion."
amphibians,13,yes,22601,Abbott's Robber Frog,Eleutherodactylus abbotti,1,139,"iNaturalist regional candidate only; review habitat fit, introduced status and game value before inclusion."
amphibians,14,yes,65979,American Bullfrog,Lithobates catesbeianus,1,137,"iNaturalist regional candidate only; review habitat fit, introduced status and game value before inclusion."
amphibians,15,yes,22616,Grass Coqui,Eleutherodactylus brittoni,1,114,"iNaturalist regional candidate only; review habitat fit, introduced status and game value before inclusion."
amphibians,16,yes,22445,Yellow Split-Toed Frog,Eleutherodactylus flavescens,1,114,"iNaturalist regional candidate only; review habitat fit, introduced status and game value before inclusion."
amphibians,17,yes,65443,Bahamian Flat-headed Frog,Eleutherodactylus rogersi,1,101,"iNaturalist regional candidate only; review habitat fit, introduced status and game value before inclusion."
amphibians,18,yes,22334,Hispaniolan Red-Rumped Frog,Eleutherodactylus weinlandi,1,87,"iNaturalist regional candidate only; review habitat fit, introduced status and game value before inclusion."
amphibians,19,yes,22411,Forest Coqui,Eleutherodactylus portoricensis,1,66,"iNaturalist regional candidate only; review habitat fit, introduced status and game value before inclusion."
amphibians,20,yes,66347,Puerto Rican Crested Toad,Peltophryne lemur,1,66,"iNaturalist regional candidate only; review habitat fit, introduced status and game value before inclusion."
amphibians,21,yes,70617,Coastal Red-Rumped Frog,Eleutherodactylus paralius,1,65,"iNaturalist regional candidate only; review habitat fit, introduced status and game value before inclusion."
amphibians,22,yes,24378,Jamaican Laughing Frog,Osteopilus ocellatus,1,62,"iNaturalist regional candidate only; review habitat fit, introduced status and game value before inclusion."
amphibians,23,yes,24375,Hispaniolan Giant Tree Frog,Osteopilus vastus,1,50,"iNaturalist regional candidate only; review habitat fit, introduced status and game value before inclusion."
amphibians,24,yes,22375,Spaldings Robber Frog,Eleutherodactylus gossei,1,47,"iNaturalist regional candidate only; review habitat fit, introduced status and game value before inclusion."
amphibians,25,yes,555111,Hispaniolan Green Tree Frog,Boana heilprini,1,38,"iNaturalist regional candidate only; review habitat fit, introduced status and game value before inclusion."
amphibians,26,yes,22384,Mute Coqui,Eleutherodactylus lentus,1,37,"iNaturalist regional candidate only; review habitat fit, introduced status and game value before inclusion."
amphibians,27,yes,22636,Cuban Groin-spot Frog,Eleutherodactylus atkinsi,1,35,"iNaturalist regional candidate only; review habitat fit, introduced status and game value before inclusion."
amphibians,28,yes,24360,Venezuela Snouted Tree Frog,Scinax x-signatus,1,34,"iNaturalist regional candidate only; review habitat fit, introduced status and game value before inclusion."
amphibians,29,yes,22423,Ground Coqui,Eleutherodactylus richmondi,1,33,"iNaturalist regional candidate only; review habitat fit, introduced status and game value before inclusion."
amphibians,30,yes,22663,Monte Iberia Eleuth,Eleutherodactylus iberia,1,32,"iNaturalist regional candidate only; review habitat fit, introduced status and game value before inclusion."
amphibians,31,yes,22376,Jamaican Rockfrog,Eleutherodactylus cundalli,1,29,"iNaturalist regional candidate only; review habitat fit, introduced status and game value before inclusion."
amphibians,32,yes,22496,Pinchon's Piping Frog,Eleutherodactylus pinchoni,1,29,"iNaturalist regional candidate only; review habitat fit, introduced status and game value before inclusion."
amphibians,33,yes,22408,Wrinkled Coqui,Eleutherodactylus wightmanae,1,29,"iNaturalist regional candidate only; review habitat fit, introduced status and game value before inclusion."
amphibians,34,yes,22460,Hispaniolan yellow-mottled frog,Eleutherodactylus pictissimus,1,28,"iNaturalist regional candidate only; review habitat fit, introduced status and game value before inclusion."
amphibians,35,yes,22456,South Island Telegraph Frog,Eleutherodactylus audanti,1,25,"iNaturalist regional candidate only; review habitat fit, introduced status and game value before inclusion."
amphibians,36,yes,22369,Cook's Robber Frog,Eleutherodactylus cooki,1,25,"iNaturalist regional candidate only; review habitat fit, introduced status and game value before inclusion."
amphibians,37,yes,66345,Eastern Crested Toad,Peltophryne guentheri,1,25,"iNaturalist regional candidate only; review habitat fit, introduced status and game value before inclusion."
amphibians,38,yes,22612,Boca de Yuma Frog,Eleutherodactylus probolaeus,1,22,"iNaturalist regional candidate only; review habitat fit, introduced status and game value before inclusion."
amphibians,39,yes,22446,Baoruco Hammer Frog,Eleutherodactylus armstrongi,1,21,"iNaturalist regional candidate only; review habitat fit, introduced status and game value before inclusion."
amphibians,40,yes,66344,Western Giant Toad,Peltophryne fustiger,1,21,"iNaturalist regional candidate only; review habitat fit, introduced status and game value before inclusion."
amphibians,41,yes,22745,Burrowing Coqui,Eleutherodactylus unicolor,1,20,"iNaturalist regional candidate only; review habitat fit, introduced status and game value before inclusion."
amphibians,42,yes,22417,La Selle Red-Legged Frog,Eleutherodactylus furcyensis,1,16,"iNaturalist regional candidate only; review habitat fit, introduced status and game value before inclusion."
amphibians,43,yes,22440,Mona Coqui,Eleutherodactylus monensis,1,15,"iNaturalist regional candidate only; review habitat fit, introduced status and game value before inclusion."
amphibians,44,yes,22752,Jamaican Yellow-bellied Frog,Eleutherodactylus pantoni,1,13,"iNaturalist regional candidate only; review habitat fit, introduced status and game value before inclusion."
amphibians,45,yes,66350,Cuban Spotted Toad,Peltophryne taladai,1,13,"iNaturalist regional candidate only; review habitat fit, introduced status and game value before inclusion."
amphibians,46,yes,22236,Blue Mountain Rockfrog,Eleutherodactylus glaucoreius,1,12,"iNaturalist regional candidate only; review habitat fit, introduced status and game value before inclusion."
amphibians,47,yes,22120,Barahona Rock Frog,Eleutherodactylus alcoae,1,11,"iNaturalist regional candidate only; review habitat fit, introduced status and game value before inclusion."
amphibians,48,yes,22581,Miniature Robber Frog,Eleutherodactylus dimidiatus,1,11,"iNaturalist regional candidate only; review habitat fit, introduced status and game value before inclusion."
amphibians,49,yes,22617,Hispaniolan Montane Frog,Eleutherodactylus montanus,1,11,"iNaturalist regional candidate only; review habitat fit, introduced status and game value before inclusion."
amphibians,50,yes,22478,Zeus' Robber Frog,Eleutherodactylus zeus,1,11,"iNaturalist regional candidate only; review habitat fit, introduced status and game value before inclusion."
amphibians,51,yes,22632,Eastern Cuba Robber Frog,Eleutherodactylus auriculatus,1,10,"iNaturalist regional candidate only; review habitat fit, introduced status and game value before inclusion."
amphibians,52,yes,22614,Etheridge's Robber Frog,Eleutherodactylus etheridgei,1,10,"iNaturalist regional candidate only; review habitat fit, introduced status and game value before inclusion."
amphibians,53,yes,22619,Tree-hole Coqui,Eleutherodactylus hedricki,1,10,"iNaturalist regional candidate only; review habitat fit, introduced status and game value before inclusion."
amphibians,54,yes,22718,John Crow Yellow-bellied Frog,Eleutherodactylus pentasyringos,1,10,"iNaturalist regional candidate only; review habitat fit, introduced status and game value before inclusion."
amphibians,55,yes,22190,Spiny Giant Frog,Eleutherodactylus nortoni,1,9,"iNaturalist regional candidate only; review habitat fit, introduced status and game value before inclusion."
amphibians,56,yes,22453,Tiburon Whistling Frog,Eleutherodactylus wetmorei,1,9,"iNaturalist regional candidate only; review habitat fit, introduced status and game value before inclusion."
amphibians,57,yes,22374,Jamaican Red-eyed Frog,Eleutherodactylus nubicola,1,8,"iNaturalist regional candidate only; review habitat fit, introduced status and game value before inclusion."
amphibians,58,yes,24376,Hispaniolan Yellow Tree Frog,Osteopilus pulchrilineatus,1,8,"iNaturalist regional candidate only; review habitat fit, introduced status and game value before inclusion."
amphibians,59,yes,24322,Red Snouted Tree Frog,Scinax ruber,1,8,"iNaturalist regional candidate only; review habitat fit, introduced status and game value before inclusion."
amphibians,60,yes,1668858,Green Treefrog,Dryophytes cinereus,1,7,"iNaturalist regional candidate only; review habitat fit, introduced status and game value before inclusion."
amphibians,61,yes,22413,Hispaniola Cordillera Frog,Eleutherodactylus patriciae,1,7,"iNaturalist regional candidate only; review habitat fit, introduced status and game value before inclusion."
amphibians,62,yes,66340,Cuban Small-eared Toad,Peltophryne empusa,1,7,"iNaturalist regional candidate only; review habitat fit, introduced status and game value before inclusion."
amphibians,63,yes,66341,Zapata toad,Peltophryne florentinoi,1,7,"iNaturalist regional candidate only; review habitat fit, introduced status and game value before inclusion."
amphibians,64,yes,22488,Yellow Cave Frog,Eleutherodactylus counouspeus,1,6,"iNaturalist regional candidate only; review habitat fit, introduced status and game value before inclusion."
amphibians,65,yes,22232,Guanahacabibes Robber Frog,Eleutherodactylus guanahacabibes,1,6,"iNaturalist regional candidate only; review habitat fit, introduced status and game value before inclusion."
amphibians,66,yes,22337,Montane Cricket Frog,Eleutherodactylus haitianus,1,6,"iNaturalist regional candidate only; review habitat fit, introduced status and game value before inclusion."
amphibians,67,yes,24380,Jamaican Snoring Frog,Osteopilus crucialis,1,6,"iNaturalist regional candidate only; review habitat fit, introduced status and game value before inclusion."
amphibians,68,yes,22580,Juventud Robber Frog,Eleutherodactylus cuneatus,1,5,"iNaturalist regional candidate only; review habitat fit, introduced status and game value before inclusion."
amphibians,69,yes,22285,Ball Bearing Frog,Eleutherodactylus glaphycompus,1,5,"iNaturalist regional candidate only; review habitat fit, introduced status and game value before inclusion."
amphibians,70,yes,22635,Grey's Robber Frog,Eleutherodactylus greyi,1,5,"iNaturalist regional candidate only; review habitat fit, introduced status and game value before inclusion."
amphibians,71,no,22410,Cricket Coqui,Eleutherodactylus gryllus,1,5,"iNaturalist regional candidate only; review habitat fit, introduced status and game value before inclusion."
amphibians,72,no,22407,Gundlach's Robber Frog,Eleutherodactylus gundlachi,1,5,"iNaturalist regional candidate only; review habitat fit, introduced status and game value before inclusion."
amphibians,73,no,65440,plains coqui,Eleutherodactylus juanariveroi,1,5,"iNaturalist regional candidate only; review habitat fit, introduced status and game value before inclusion."
amphibians,74,no,22418,Southern Pastel Frog,Eleutherodactylus leoncei,1,5,"iNaturalist regional candidate only; review habitat fit, introduced status and game value before inclusion."
amphibians,75,no,24381,Green Bromeliad Frog,Osteopilus wilderi,1,5,"iNaturalist regional candidate only; review habitat fit, introduced status and game value before inclusion."
amphibians,76,no,22448,Northern Hammer Frog,Eleutherodactylus auriculatoides,1,4,"iNaturalist regional candidate only; review habitat fit, introduced status and game value before inclusion."
amphibians,77,no,787620,Dominican Southern Red Frog,Eleutherodactylus geitonos,1,4,"iNaturalist regional candidate only; review habitat fit, introduced status and game value before inclusion."
amphibians,78,no,22611,Guaniguanic Yellow-mottled Frog,Eleutherodactylus goini,1,4,"iNaturalist regional candidate only; review habitat fit, introduced status and game value before inclusion."
amphibians,79,no,22409,Warty Coqui,Eleutherodactylus locustus,1,4,"iNaturalist regional candidate only; review habitat fit, introduced status and game value before inclusion."
amphibians,80,no,22357,Cuban Streamside Frog,Eleutherodactylus riparius,1,4,"iNaturalist regional candidate only; review habitat fit, introduced status and game value before inclusion."
amphibians,81,no,22748,Ruth's Robber Frog,Eleutherodactylus ruthae,1,4,"iNaturalist regional candidate only; review habitat fit, introduced status and game value before inclusion."
amphibians,82,no,22653,Oriente Mottled Frog,Eleutherodactylus simulans,1,4,"iNaturalist regional candidate only; review habitat fit, introduced status and game value before inclusion."
amphibians,83,no,22494,Brown Robber Frog,Eleutherodactylus fuscus,1,3,"iNaturalist regional candidate only; review habitat fit, introduced status and game value before inclusion."
amphibians,84,no,22788,Ricord's Robber Frog,Eleutherodactylus ricordii,1,3,"iNaturalist regional candidate only; review habitat fit, introduced status and game value before inclusion."
amphibians,85,no,22746,Foothill Robber Frog,Eleutherodactylus semipalmatus,1,3,"iNaturalist regional candidate only; review habitat fit, introduced status and game value before inclusion."
amphibians,86,no,22482,Thomas' Robber Frog,Eleutherodactylus thomasi,1,3,"iNaturalist regional candidate only; review habitat fit, introduced status and game value before inclusion."
amphibians,87,no,65986,Pig Frog,Lithobates grylio,1,3,"iNaturalist regional candidate only; review habitat fit, introduced status and game value before inclusion."
amphibians,88,no,64843,Martinique Volcano Frog,Allobates chalcopis,1,2,"iNaturalist regional candidate only; review habitat fit, introduced status and game value before inclusion."
amphibians,89,no,22472,Jamaican Peak Frog,Eleutherodactylus alticola,1,2,"iNaturalist regional candidate only; review habitat fit, introduced status and game value before inclusion."
amphibians,90,no,22471,Jamaican Rump-spotted Frog,Eleutherodactylus andrewsi,1,2,"iNaturalist regional candidate only; review habitat fit, introduced status and game value before inclusion."
amphibians,91,no,22377,Sierra de Trinidad Robber Frog,Eleutherodactylus casparii,1,2,"iNaturalist regional candidate only; review habitat fit, introduced status and game value before inclusion."
amphibians,92,no,22473,Portland Ridge Frog,Eleutherodactylus cavernicola,1,2,"iNaturalist regional candidate only; review habitat fit, introduced status and game value before inclusion."
amphibians,93,no,22370,Eileen's Robber Frog,Eleutherodactylus eileenae,1,2,"iNaturalist regional candidate only; review habitat fit, introduced status and game value before inclusion."
amphibians,94,no,22751,Habana Robber Frog,Eleutherodactylus limbatus,1,2,"iNaturalist regional candidate only; review habitat fit, introduced status and game value before inclusion."
amphibians,95,no,22449,Hispaniolan Wheeping Frog,Eleutherodactylus minutus,1,2,"iNaturalist regional candidate only; review habitat fit, introduced status and game value before inclusion."
amphibians,96,no,70615,Neiba Telegraphic Frog,Eleutherodactylus notidodes,1,2,"iNaturalist regional candidate only; review habitat fit, introduced status and game value before inclusion."
amphibians,97,no,22772,Hispaniolan Sharp-nosed Frog,Eleutherodactylus oxyrhyncus,1,2,"iNaturalist regional candidate only; review habitat fit, introduced status and game value before inclusion."
amphibians,98,no,22373,Pinos Robber Frog,Eleutherodactylus pinarensis,1,2,"iNaturalist regional candidate only; review habitat fit, introduced status and game value before inclusion."
amphibians,99,no,22652,Yarey Robber Frog,Eleutherodactylus toa,1,2,"iNaturalist regional candidate only; review habitat fit, introduced status and game value before inclusion."
amphibians,100,no,22637,Varley's Robber Frog,Eleutherodactylus varleyi,1,2,"iNaturalist regional candidate only; review habitat fit, introduced status and game value before inclusion."
amphibians,101,no,22486,Cuban Red-rumped Frog,Eleutherodactylus acmonis,1,1,"iNaturalist regional candidate only; review habitat fit, introduced status and game value before inclusion."
amphibians,102,no,22759,Macaya Bushfrog,Eleutherodactylus amadeus,1,1,"iNaturalist regional candidate only; review habitat fit, introduced status and game value before inclusion."
amphibians,103,no,70609,Tiburon Burrowing Frog,Eleutherodactylus aporostegus,1,1,"iNaturalist regional candidate only; review habitat fit, introduced status and game value before inclusion."
amphibians,104,no,22457,La Hotte Bushfrog,Eleutherodactylus bakeri,1,1,"iNaturalist regional candidate only; review habitat fit, introduced status and game value before inclusion."
amphibians,105,no,22597,Guadeloupe Streamfrog,Eleutherodactylus barlagnei,1,1,"iNaturalist regional candidate only; review habitat fit, introduced status and game value before inclusion."
amphibians,106,no,22483,Rio Yumuri Robber Frog,Eleutherodactylus bresslerae,1,1,"iNaturalist regional candidate only; review habitat fit, introduced status and game value before inclusion."
amphibians,107,no,70611,Patternless Whistling Frog,Eleutherodactylus diplasius,1,1,"iNaturalist regional candidate only; review habitat fit, introduced status and game value before inclusion."
amphibians,108,no,134706,Eastern Cuba Grassfrog,Eleutherodactylus feichtingeri,1,1,"iNaturalist regional candidate only; review habitat fit, introduced status and game value before inclusion."
amphibians,109,no,22737,La Hotte glanded frog,Eleutherodactylus glandulifer,1,1,"iNaturalist regional candidate only; review habitat fit, introduced status and game value before inclusion."
amphibians,110,no,22372,Jamaican Pallid Frog,Eleutherodactylus grabhami,1,1,"iNaturalist regional candidate only; review habitat fit, introduced status and game value before inclusion."
amphibians,111,no,22717,Cockpit Frog,Eleutherodactylus griphus,1,1,"iNaturalist regional candidate only; review habitat fit, introduced status and game value before inclusion."
amphibians,112,no,22484,La Maya Robber Frog,Eleutherodactylus ionthus,1,1,"iNaturalist regional candidate only; review habitat fit, introduced status and game value before inclusion."
amphibians,113,no,22459,La Selle Dusky Frog,Eleutherodactylus jugans,1,1,"iNaturalist regional candidate only; review habitat fit, introduced status and game value before inclusion."
amphibians,114,no,22481,Klinikowski's Robber Frog,Eleutherodactylus klinikowskii,1,1,"iNaturalist regional candidate only; review habitat fit, introduced status and game value before inclusion."
amphibians,115,no,22450,Jamaican Masked Frog,Eleutherodactylus luteolus,1,1,"iNaturalist regional candidate only; review habitat fit, introduced status and game value before inclusion."
amphibians,116,no,70616,Pinar Del Rio Bromeliad Frog,Eleutherodactylus olibrus,1,1,"iNaturalist regional candidate only; review habitat fit, introduced status and game value before inclusion."
amphibians,117,no,22610,Haitian Pink-rumped Frog,Eleutherodactylus paulsoni,1,1,"iNaturalist regional candidate only; review habitat fit, introduced status and game value before inclusion."
amphibians,118,no,22664,Oriente Greenish-yellow Frog,Eleutherodactylus principalis,1,1,"iNaturalist regional candidate only; review habitat fit, introduced status and game value before inclusion."
amphibians,119,no,22485,Ronald's Robber Frog,Eleutherodactylus ronaldi,1,1,"iNaturalist regional candidate only; review habitat fit, introduced status and game value before inclusion."
amphibians,120,no,70621,Vallejuelo Burrowing Frog,Eleutherodactylus tychathrous,1,1,"iNaturalist regional candidate only; review habitat fit, introduced status and game value before inclusion."
amphibians,121,no,22480,Zug's Robber Frog,Eleutherodactylus zugi,1,1,"iNaturalist regional candidate only; review habitat fit, introduced status and game value before inclusion."
amphibians,122,no,25078,Eastern Narrow-mouthed Toad,Gastrophryne carolinensis,1,1,"iNaturalist regional candidate only; review habitat fit, introduced status and game value before inclusion."
amphibians,123,no,65982,Green Frog,Lithobates clamitans,1,1,"iNaturalist regional candidate only; review habitat fit, introduced status and game value before inclusion."
amphibians,124,no,60341,Southern Leopard Frog,Lithobates sphenocephalus,1,1,"iNaturalist regional candidate only; review habitat fit, introduced status and game value before inclusion."
amphibians,125,no,24377,Yellow Bromeliad Frog,Osteopilus marianae,1,1,"iNaturalist regional candidate only; review habitat fit, introduced status and game value before inclusion."
amphibians,126,no,66339,Cuban Pine Toad,Peltophryne cataulaciceps,1,1,"iNaturalist regional candidate only; review habitat fit, introduced status and game value before inclusion."
