region,in_current_catalogue,recommended_candidate,group,regional_rank,taxon_id,common_name,scientific_name,observation_count,proposed_frequency_rarity,current_editorial_rarity,current_prestige,model_version,review_action
east_africa,yes,not_sampled,Mammalia,,147661,Mountain Gorilla,Gorilla beringei beringei,,not_sampled,very_rare,legendary,inaturalist-regional-frequency-v1,retain or review manually
east_africa,yes,yes,amphibians,1,134942,Common Reed Frog,Hyperolius viridiflavus,640,common,common,standard,inaturalist-regional-frequency-v1,compare then edit workbook
east_africa,yes,yes,amphibians,2,517053,Guttural Toad,Sclerophrys gutturalis,583,common,common,standard,inaturalist-regional-frequency-v1,compare then edit workbook
east_africa,yes,yes,amphibians,3,25778,Anchieta's Ridged Frog,Ptychadena anchietae,468,common,common,standard,inaturalist-regional-frequency-v1,compare then edit workbook
east_africa,yes,yes,amphibians,4,476664,Nile Ridged Frog,Ptychadena nilotica,257,common,common,standard,inaturalist-regional-frequency-v1,compare then edit workbook
east_africa,yes,yes,amphibians,5,65731,Mainland Reed Frog,Hyperolius substriatus,243,common,common,standard,inaturalist-regional-frequency-v1,compare then edit workbook
east_africa,yes,yes,amphibians,6,25383,Natal Puddle Frog,Phrynobatrachus natalensis,211,common,common,standard,inaturalist-regional-frequency-v1,compare then edit workbook
east_africa,yes,yes,amphibians,7,23512,Senegal Running Frog,Kassina senegalensis,210,common,common,standard,inaturalist-regional-frequency-v1,compare then edit workbook
east_africa,yes,yes,amphibians,8,23413,Peacock Tree Frog,Leptopelis vermiculatus,186,common,common,standard,inaturalist-regional-frequency-v1,compare then edit workbook
east_africa,yes,yes,amphibians,9,65061,Dwarf Squeaker,Arthroleptis xenodactyloides,161,common,common,standard,inaturalist-regional-frequency-v1,compare then edit workbook
east_africa,yes,yes,amphibians,10,23440,Yellow-spotted Tree Frog,Leptopelis flavomaculatus,161,common,common,standard,inaturalist-regional-frequency-v1,compare then edit workbook
east_africa,yes,yes,amphibians,11,23327,argus reed frog,Hyperolius argus,159,common,common,standard,inaturalist-regional-frequency-v1,compare then edit workbook
east_africa,yes,yes,amphibians,12,26656,Grey Foam-nest Tree Frog,Chiromantis xerampelina,155,common,common,standard,inaturalist-regional-frequency-v1,compare then edit workbook
east_africa,yes,yes,amphibians,13,517209,Nutt's River Frog,Amietia nutti,153,common,common,standard,inaturalist-regional-frequency-v1,compare then edit workbook
east_africa,yes,yes,amphibians,14,23385,Peters' Reed Frog,Hyperolius glandicolor,153,common,common,standard,inaturalist-regional-frequency-v1,compare then edit workbook
east_africa,yes,yes,amphibians,15,134940,Kivu Reed Frog,Hyperolius kivuensis,143,common,common,standard,inaturalist-regional-frequency-v1,compare then edit workbook
east_africa,yes,yes,amphibians,16,23455,Fornasini's Spiny Reed Frog,Afrixalus fornasini,126,common,common,standard,inaturalist-regional-frequency-v1,compare then edit workbook
east_africa,yes,yes,amphibians,17,326305,Common Squeaker,Arthroleptis stenodactylus,126,common,common,standard,inaturalist-regional-frequency-v1,compare then edit workbook
east_africa,yes,yes,amphibians,18,25362,Eastern puddle frog,Phrynobatrachus acridoides,122,common,common,standard,inaturalist-regional-frequency-v1,compare then edit workbook
east_africa,yes,yes,amphibians,19,26261,Crowned bullfrog,Hoplobatrachus occipitalis,114,common,common,standard,inaturalist-regional-frequency-v1,compare then edit workbook
east_africa,yes,yes,amphibians,20,517052,Garman's Toad,Sclerophrys garmani,112,common,common,standard,inaturalist-regional-frequency-v1,compare then edit workbook
east_africa,yes,yes,amphibians,21,24899,Red-Banded Rubber Frog,Phrynomantis bifasciatus,104,common,common,standard,inaturalist-regional-frequency-v1,compare then edit workbook
east_africa,yes,yes,amphibians,22,23342,Tinker Reed Frog,Hyperolius tuberilinguis,100,common,common,standard,inaturalist-regional-frequency-v1,compare then edit workbook
east_africa,yes,yes,amphibians,23,25459,Müller's Clawed Frog,Xenopus muelleri,98,common,common,standard,inaturalist-regional-frequency-v1,compare then edit workbook
east_africa,yes,yes,amphibians,24,64917,Amani River Frog,Amietia tenuoplicata,97,common,common,standard,inaturalist-regional-frequency-v1,compare then edit workbook
east_africa,yes,yes,amphibians,25,517057,Eastern Flat-backed Toad,Sclerophrys pusilla,93,common,common,standard,inaturalist-regional-frequency-v1,compare then edit workbook
east_africa,yes,yes,amphibians,26,26655,Peters' Foam-nest Tree Frog,Chiromantis petersii,92,common,common,standard,inaturalist-regional-frequency-v1,compare then edit workbook
east_africa,yes,yes,amphibians,27,23450,Delicate Spiny Reed Frog,Afrixalus delicatus,86,common,common,standard,inaturalist-regional-frequency-v1,compare then edit workbook
east_africa,yes,yes,amphibians,28,24462,Mottled Shovel-nosed Frog,Hemisus marmoratus,84,common,common,standard,inaturalist-regional-frequency-v1,compare then edit workbook
east_africa,yes,yes,amphibians,29,517048,Egyptian Toad,Sclerophrys regularis,76,common,common,standard,inaturalist-regional-frequency-v1,compare then edit workbook
east_africa,yes,yes,amphibians,30,23343,Parker's Reed Frog,Hyperolius parkeri,74,common,common,standard,inaturalist-regional-frequency-v1,compare then edit workbook
east_africa,yes,yes,amphibians,31,25451,Marsabit Clawed Frog,Xenopus borealis,67,common,common,standard,inaturalist-regional-frequency-v1,compare then edit workbook
east_africa,yes,yes,amphibians,32,517208,Kisolo Toad,Sclerophrys kisoloensis,65,common,common,standard,inaturalist-regional-frequency-v1,compare then edit workbook
east_africa,yes,yes,amphibians,33,23411,Ruby-eyed Tree Frog,Leptopelis uluguruensis,62,common,common,standard,inaturalist-regional-frequency-v1,compare then edit workbook
east_africa,yes,yes,amphibians,34,23423,Bocage's Tree Frog,Leptopelis bocagii,60,common,common,standard,inaturalist-regional-frequency-v1,compare then edit workbook
east_africa,yes,yes,amphibians,35,24594,Ahl's Squeaker,Arthroleptis affinis,58,common,common,standard,inaturalist-regional-frequency-v1,compare then edit workbook
east_africa,yes,yes,amphibians,36,23323,Water Lily Reed Frog,Hyperolius pusillus,58,common,common,standard,inaturalist-regional-frequency-v1,compare then edit workbook
east_africa,yes,yes,amphibians,37,464519,Howell's Reed Frog,Hyperolius howelli,57,common,common,standard,inaturalist-regional-frequency-v1,compare then edit workbook
east_africa,yes,yes,amphibians,38,517049,Subdesert Toad,Sclerophrys xeros,57,common,common,standard,inaturalist-regional-frequency-v1,compare then edit workbook
east_africa,yes,yes,amphibians,39,23339,Mitchell's Reed Frog,Hyperolius mitchelli,55,common,common,standard,inaturalist-regional-frequency-v1,compare then edit workbook
east_africa,yes,yes,amphibians,40,21851,Loveridges Snouted Toad,Mertensophryne micranotis,54,common,common,standard,inaturalist-regional-frequency-v1,compare then edit workbook
east_africa,yes,yes,amphibians,41,64835,Four-lined Spiny Reed Frog,Afrixalus quadrivittatus,51,common,common,standard,inaturalist-regional-frequency-v1,compare then edit workbook
east_africa,yes,yes,amphibians,42,23405,Kisenyi Forest Tree Frog,Leptopelis kivuensis,47,common,common,standard,inaturalist-regional-frequency-v1,compare then edit workbook
east_africa,yes,yes,amphibians,43,25369,Mababe puddle frog,Phrynobatrachus mababiensis,47,common,common,standard,inaturalist-regional-frequency-v1,compare then edit workbook
east_africa,yes,yes,amphibians,44,1250330,Red-legged Wot-wot,Hylambates maculatus,46,common,common,standard,inaturalist-regional-frequency-v1,compare then edit workbook
east_africa,yes,yes,amphibians,45,25744,Sharp-nosed ridged frog,Ptychadena oxyrhynchus,46,common,common,standard,inaturalist-regional-frequency-v1,compare then edit workbook
east_africa,yes,yes,amphibians,46,23382,Variable Reed Frog,Hyperolius pictus,44,common,common,standard,inaturalist-regional-frequency-v1,compare then edit workbook
east_africa,yes,yes,amphibians,47,25164,Krefft's Warty Frog,Callulina kreffti,43,common,common,standard,inaturalist-regional-frequency-v1,compare then edit workbook
east_africa,yes,yes,amphibians,48,66425,Phrynobatrachus ungujae,Phrynobatrachus ungujae,41,common,common,standard,inaturalist-regional-frequency-v1,compare then edit workbook
east_africa,yes,yes,amphibians,49,23366,Angolan Reed Frog,Hyperolius parallelus,37,uncommon,uncommon,standard,inaturalist-regional-frequency-v1,compare then edit workbook
east_africa,yes,yes,amphibians,50,23288,Shimba Hills Reed Frog,Hyperolius rubrovermiculatus,37,uncommon,uncommon,standard,inaturalist-regional-frequency-v1,compare then edit workbook
east_africa,yes,yes,amphibians,51,25350,Phrynobatrachus stewartae,Phrynobatrachus stewartae,37,uncommon,uncommon,standard,inaturalist-regional-frequency-v1,compare then edit workbook
east_africa,yes,yes,amphibians,52,26197,Edible bullfrog,Pyxicephalus edulis,35,uncommon,uncommon,standard,inaturalist-regional-frequency-v1,compare then edit workbook
east_africa,yes,yes,amphibians,53,134831,Kachowski's Sand Frog,Tomopterna kachowskii,35,uncommon,uncommon,standard,inaturalist-regional-frequency-v1,compare then edit workbook
east_africa,yes,yes,amphibians,54,23371,Maria's Reed Frog,Hyperolius mariae,34,uncommon,uncommon,standard,inaturalist-regional-frequency-v1,compare then edit workbook
east_africa,yes,yes,amphibians,55,25457,African Clawed Frog,Xenopus laevis,34,uncommon,uncommon,standard,inaturalist-regional-frequency-v1,compare then edit workbook
east_africa,yes,yes,amphibians,56,64834,Spotted Spiny Reed Frog,Afrixalus dorsimaculatus,33,uncommon,uncommon,standard,inaturalist-regional-frequency-v1,compare then edit workbook
east_africa,yes,yes,amphibians,57,23412,Parker’s Forest Tree Frog,Leptopelis parkeri,32,uncommon,uncommon,standard,inaturalist-regional-frequency-v1,compare then edit workbook
east_africa,yes,yes,amphibians,58,23286,Bladder Reed Frog,Hyperolius cystocandicans,30,uncommon,uncommon,standard,inaturalist-regional-frequency-v1,compare then edit workbook
east_africa,yes,yes,amphibians,59,67273,Lake Victoria Clawed Frog,Xenopus victorianus,29,uncommon,uncommon,standard,inaturalist-regional-frequency-v1,compare then edit workbook
east_africa,yes,yes,amphibians,60,25743,Schilluk ridged frog,Ptychadena schillukorum,28,uncommon,uncommon,standard,inaturalist-regional-frequency-v1,compare then edit workbook
east_africa,yes,yes,amphibians,61,23406,Witu Forest Tree Frog,Leptopelis concolor,26,uncommon,uncommon,standard,inaturalist-regional-frequency-v1,compare then edit workbook
east_africa,yes,yes,amphibians,62,517454,Dead-leaf Toad,Sclerophrys brauni,26,uncommon,uncommon,standard,inaturalist-regional-frequency-v1,compare then edit workbook
east_africa,yes,yes,amphibians,63,21861,African Red Toad,Schismaderma carens,24,uncommon,uncommon,standard,inaturalist-regional-frequency-v1,compare then edit workbook
east_africa,yes,yes,amphibians,64,23369,Cinnamon-bellied Reed Frog,Hyperolius cinnamomeoventris,21,uncommon,uncommon,standard,inaturalist-regional-frequency-v1,compare then edit workbook
east_africa,yes,yes,amphibians,65,134941,Margined Reed Frog,Hyperolius marginatus,21,uncommon,uncommon,standard,inaturalist-regional-frequency-v1,compare then edit workbook
east_africa,yes,yes,amphibians,66,66424,Phrynobatrachus scheffleri,Phrynobatrachus scheffleri,20,uncommon,uncommon,standard,inaturalist-regional-frequency-v1,compare then edit workbook
east_africa,yes,yes,amphibians,67,26203,Mount Meru Stream Frog,Strongylopus merumontanus,20,uncommon,uncommon,standard,inaturalist-regional-frequency-v1,compare then edit workbook
east_africa,yes,yes,amphibians,68,65579,Galam white-lipped frog,Hylarana galamensis,19,rare,rare,standard,inaturalist-regional-frequency-v1,compare then edit workbook
east_africa,yes,yes,amphibians,69,23393,Brown Reed Frog,Hyperolius castaneus,19,uncommon,uncommon,standard,inaturalist-regional-frequency-v1,compare then edit workbook
east_africa,yes,yes,amphibians,70,23505,Somali Running Frog,Kassina somalica,19,rare,rare,standard,inaturalist-regional-frequency-v1,compare then edit workbook
east_africa,yes,yes,amphibians,71,326304,Silvery Tree Frog,Leptopelis argenteus,19,rare,rare,standard,inaturalist-regional-frequency-v1,compare then edit workbook
east_africa,yes,yes,amphibians,72,476938,Barbour's Tree Frog,Leptopelis grandiceps,19,rare,rare,standard,inaturalist-regional-frequency-v1,compare then edit workbook
east_africa,yes,yes,amphibians,73,25356,Phrynobatrachus keniensis,Phrynobatrachus keniensis,19,rare,rare,standard,inaturalist-regional-frequency-v1,compare then edit workbook
east_africa,yes,yes,amphibians,74,23301,Mountain Reed Frog,Hyperolius montanus,18,rare,rare,standard,inaturalist-regional-frequency-v1,compare then edit workbook
east_africa,yes,yes,amphibians,75,27904,Taita Hills Caecilian,Boulengerula taitana,16,rare,rare,standard,inaturalist-regional-frequency-v1,compare then edit workbook
east_africa,yes,yes,amphibians,76,25762,Erlanger's Grassland Frog,Ptychadena erlangeri,16,rare,rare,standard,inaturalist-regional-frequency-v1,compare then edit workbook
east_africa,yes,yes,amphibians,77,25782,Mascarene Ridged Frog,Ptychadena mascareniensis,16,rare,rare,standard,inaturalist-regional-frequency-v1,compare then edit workbook
east_africa,yes,yes,amphibians,78,142293,Tremelo Sand Frog,Tomopterna cryptotis,16,rare,rare,standard,inaturalist-regional-frequency-v1,compare then edit workbook
east_africa,yes,yes,amphibians,79,134926,Stuhlmann's Spiny Reed Frog,Afrixalus stuhlmanni,15,very_rare,very_rare,standard,inaturalist-regional-frequency-v1,compare then edit workbook
east_africa,yes,yes,amphibians,80,64833,Clarke's banana frog,Afrixalus clarkei,14,very_rare,very_rare,standard,inaturalist-regional-frequency-v1,compare then edit workbook
east_africa,yes,yes,birds,1,14939,Superb Starling,Lamprotornis superbus,4139,common,common,standard,inaturalist-regional-frequency-v1,compare then edit workbook
east_africa,yes,yes,birds,2,201031,Marabou Stork,Leptoptilos crumenifer,4010,common,common,standard,inaturalist-regional-frequency-v1,compare then edit workbook
east_africa,yes,yes,birds,3,72486,Egyptian Goose,Alopochen aegyptiaca,3211,common,common,standard,inaturalist-regional-frequency-v1,compare then edit workbook
east_africa,yes,yes,birds,4,1505670,African Fish-Eagle,Icthyophaga vocifer,3125,common,common,standard,inaturalist-regional-frequency-v1,compare then edit workbook
east_africa,yes,yes,birds,5,14588,Common Bulbul,Pycnonotus barbatus,3101,common,common,standard,inaturalist-regional-frequency-v1,compare then edit workbook
east_africa,yes,yes,birds,6,2269,Lilac-breasted Roller,Coracias caudatus,2924,common,common,standard,inaturalist-regional-frequency-v1,compare then edit workbook
east_africa,yes,yes,birds,7,3704,Speckled Mousebird,Colius striatus,2519,common,common,standard,inaturalist-regional-frequency-v1,compare then edit workbook
east_africa,yes,yes,birds,8,53,Gray Crowned-Crane,Balearica regulorum,2496,common,common,standard,inaturalist-regional-frequency-v1,compare then edit workbook
east_africa,yes,yes,birds,9,4972,Black-headed Heron,Ardea melanocephala,2489,common,common,standard,inaturalist-regional-frequency-v1,compare then edit workbook
east_africa,yes,yes,birds,10,4744,Yellow-billed Stork,Mycteria ibis,2415,common,common,standard,inaturalist-regional-frequency-v1,compare then edit workbook
east_africa,yes,yes,birds,11,3743,Hadada Ibis,Bostrychia hagedash,2398,common,common,standard,inaturalist-regional-frequency-v1,compare then edit workbook
east_africa,yes,yes,birds,12,3739,African Sacred Ibis,Threskiornis aethiopicus,2354,common,common,standard,inaturalist-regional-frequency-v1,compare then edit workbook
east_africa,yes,yes,birds,13,5079,Tawny Eagle,Aquila rapax,2346,common,common,standard,inaturalist-regional-frequency-v1,compare then edit workbook
east_africa,yes,yes,birds,14,5363,White-backed Vulture,Gyps africanus,2326,common,common,standard,inaturalist-regional-frequency-v1,compare then edit workbook
east_africa,yes,yes,birds,15,3834,Hamerkop,Scopus umbretta,2204,common,common,standard,inaturalist-regional-frequency-v1,compare then edit workbook
east_africa,yes,yes,birds,16,13805,Baglafecht Weaver,Ploceus baglafecht,2090,common,common,standard,inaturalist-regional-frequency-v1,compare then edit workbook
east_africa,yes,yes,birds,17,1428,Helmeted Guineafowl,Numida meleagris,2080,common,common,standard,inaturalist-regional-frequency-v1,compare then edit workbook
east_africa,yes,yes,birds,18,13701,African Pied Wagtail,Motacilla aguimp,2061,common,common,standard,inaturalist-regional-frequency-v1,compare then edit workbook
east_africa,yes,yes,birds,19,117214,Secretarybird,Sagittarius serpentarius,2023,common,common,standard,inaturalist-regional-frequency-v1,compare then edit workbook
east_africa,yes,yes,birds,20,204471,Augur Buzzard,Buteo augur,1953,common,common,standard,inaturalist-regional-frequency-v1,compare then edit workbook
east_africa,yes,yes,birds,21,2185,Little Bee-eater,Merops pusillus,1903,common,common,standard,inaturalist-regional-frequency-v1,compare then edit workbook
east_africa,yes,yes,birds,22,411086,Western Cattle-Egret,Ardea ibis,1849,common,common,standard,inaturalist-regional-frequency-v1,compare then edit workbook
east_africa,yes,yes,birds,23,2662,Pied Kingfisher,Ceryle rudis,1841,common,common,standard,inaturalist-regional-frequency-v1,compare then edit workbook
east_africa,yes,yes,birds,24,145188,Variable Sunbird,Cinnyris venustus,1823,common,common,standard,inaturalist-regional-frequency-v1,compare then edit workbook
east_africa,yes,yes,birds,25,4870,Blacksmith Lapwing,Vanellus armatus,1763,common,common,standard,inaturalist-regional-frequency-v1,compare then edit workbook
east_africa,yes,yes,birds,26,4954,Grey Heron,Ardea cinerea,1756,common,common,standard,inaturalist-regional-frequency-v1,compare then edit workbook
east_africa,yes,yes,birds,27,20526,Common Ostrich,Struthio camelus,1754,common,common,standard,inaturalist-regional-frequency-v1,compare then edit workbook
east_africa,yes,yes,birds,28,4327,Great White Pelican,Pelecanus onocrotalus,1731,common,common,standard,inaturalist-regional-frequency-v1,compare then edit workbook
east_africa,yes,yes,birds,29,72967,Rüppell's Starling,Lamprotornis purpuroptera,1707,common,common,standard,inaturalist-regional-frequency-v1,compare then edit workbook
east_africa,yes,yes,birds,30,13796,Village Weaver,Ploceus cucullatus,1682,common,common,standard,inaturalist-regional-frequency-v1,compare then edit workbook
east_africa,yes,yes,birds,31,14051,Red-billed Firefinch,Lagonosticta senegala,1644,common,common,standard,inaturalist-regional-frequency-v1,compare then edit workbook
east_africa,yes,yes,birds,32,4259,Lesser Flamingo,Phoeniconaias minor,1624,common,common,standard,inaturalist-regional-frequency-v1,compare then edit workbook
east_africa,yes,yes,birds,33,2328,Gray-headed Kingfisher,Halcyon leucocephala,1614,common,common,standard,inaturalist-regional-frequency-v1,compare then edit workbook
east_africa,yes,yes,birds,34,14115,White-browed Sparrow-Weaver,Plocepasser mahali,1607,common,common,standard,inaturalist-regional-frequency-v1,compare then edit workbook
east_africa,yes,yes,birds,35,4866,Spur-winged Lapwing,Vanellus spinosus,1602,common,common,standard,inaturalist-regional-frequency-v1,compare then edit workbook
east_africa,yes,yes,birds,36,1630,White-browed Coucal,Centropus superciliosus,1558,common,common,standard,inaturalist-regional-frequency-v1,compare then edit workbook
east_africa,yes,yes,birds,37,327608,Rüppell's Griffon,Gyps rueppelli,1542,common,common,standard,inaturalist-regional-frequency-v1,compare then edit workbook
east_africa,yes,yes,birds,38,5268,Black Kite,Milvus migrans,1500,common,common,standard,inaturalist-regional-frequency-v1,compare then edit workbook
east_africa,yes,yes,birds,39,4585,African Jacana,Actophilornis africanus,1488,common,common,standard,inaturalist-regional-frequency-v1,compare then edit workbook
east_africa,yes,yes,birds,40,8038,Pied Crow,Corvus albus,1472,common,common,standard,inaturalist-regional-frequency-v1,compare then edit workbook
east_africa,yes,yes,birds,41,558513,White-rumped Shrike,Eurocephalus ruppelli,1454,common,common,standard,inaturalist-regional-frequency-v1,compare then edit workbook
east_africa,yes,yes,birds,42,4877,Crowned Lapwing,Vanellus coronatus,1452,common,common,standard,inaturalist-regional-frequency-v1,compare then edit workbook
east_africa,yes,yes,birds,43,5401,Lappet-faced Vulture,Torgos tracheliotos,1433,common,common,standard,inaturalist-regional-frequency-v1,compare then edit workbook
east_africa,yes,yes,birds,44,14027,Red-cheeked Cordonbleu,Uraeginthus bengalus,1399,common,common,standard,inaturalist-regional-frequency-v1,compare then edit workbook
east_africa,yes,yes,birds,45,115,Kori Bustard,Ardeotis kori,1395,common,common,standard,inaturalist-regional-frequency-v1,compare then edit workbook
east_africa,yes,yes,birds,46,203820,Northern Red-billed Hornbill,Tockus erythrorhynchus,1387,common,common,standard,inaturalist-regional-frequency-v1,compare then edit workbook
east_africa,yes,yes,birds,47,8268,Fork-tailed Drongo,Dicrurus adsimilis,1383,common,common,standard,inaturalist-regional-frequency-v1,compare then edit workbook
east_africa,yes,yes,birds,48,5231,Bateleur,Terathopius ecaudatus,1373,common,common,standard,inaturalist-regional-frequency-v1,compare then edit workbook
east_africa,yes,yes,birds,49,508246,Reed Cormorant,Microcarbo africanus,1369,common,common,standard,inaturalist-regional-frequency-v1,compare then edit workbook
east_africa,yes,yes,birds,50,12050,Grey-backed Fiscal,Lanius excubitoroides,1365,common,common,standard,inaturalist-regional-frequency-v1,compare then edit workbook
east_africa,yes,yes,birds,51,4943,Little Egret,Egretta garzetta,1344,common,common,standard,inaturalist-regional-frequency-v1,compare then edit workbook
east_africa,yes,yes,birds,52,5483,Von der Decken's Hornbill,Tockus deckeni,1341,common,common,standard,inaturalist-regional-frequency-v1,compare then edit workbook
east_africa,yes,yes,birds,53,14087,White-headed Buffalo-Weaver,Dinemellia dinemelli,1329,common,common,standard,inaturalist-regional-frequency-v1,compare then edit workbook
east_africa,yes,yes,birds,54,2988,Red-eyed Dove,Streptopelia semitorquata,1328,common,common,standard,inaturalist-regional-frequency-v1,compare then edit workbook
east_africa,yes,yes,birds,55,4835,Black-winged Stilt,Himantopus himantopus,1313,common,common,standard,inaturalist-regional-frequency-v1,compare then edit workbook
east_africa,yes,yes,birds,56,2959,Cape Turtle Dove,Streptopelia capicola,1250,common,common,standard,inaturalist-regional-frequency-v1,compare then edit workbook
east_africa,yes,yes,birds,57,144651,Malachite Kingfisher,Corythornis cristatus,1246,common,common,standard,inaturalist-regional-frequency-v1,compare then edit workbook
east_africa,yes,yes,birds,58,201149,Northern Fiscal,Lanius humeralis,1241,common,common,standard,inaturalist-regional-frequency-v1,compare then edit workbook
east_africa,yes,yes,birds,59,5335,Long-crested Eagle,Lophaetus occipitalis,1239,common,common,standard,inaturalist-regional-frequency-v1,compare then edit workbook
east_africa,yes,yes,birds,60,5344,Martial Eagle,Polemaetus bellicosus,1226,common,common,standard,inaturalist-regional-frequency-v1,compare then edit workbook
east_africa,yes,yes,birds,61,3036,Speckled Pigeon,Columba guinea,1203,common,common,standard,inaturalist-regional-frequency-v1,compare then edit workbook
east_africa,yes,yes,birds,62,8354,African Paradise-Flycatcher,Terpsiphone viridis,1175,common,common,standard,inaturalist-regional-frequency-v1,compare then edit workbook
east_africa,yes,yes,birds,63,144281,Southern Ground Hornbill,Bucorvus leadbeateri,1126,common,common,standard,inaturalist-regional-frequency-v1,compare then edit workbook
east_africa,yes,yes,birds,64,13350,Bronze Sunbird,Nectarinia kilimensis,1110,common,common,standard,inaturalist-regional-frequency-v1,compare then edit workbook
east_africa,yes,yes,birds,65,12792,White-browed Robin-Chat,Cossypha heuglini,1104,common,common,standard,inaturalist-regional-frequency-v1,compare then edit workbook
east_africa,yes,yes,birds,66,145143,Scarlet-chested Sunbird,Chalcomitra senegalensis,1093,common,common,standard,inaturalist-regional-frequency-v1,compare then edit workbook
east_africa,yes,yes,birds,67,3734,African Spoonbill,Platalea alba,1085,common,common,standard,inaturalist-regional-frequency-v1,compare then edit workbook
east_africa,yes,yes,birds,68,1584479,Red-billed Oxpecker,Buphagus erythroryncha,1083,common,common,standard,inaturalist-regional-frequency-v1,compare then edit workbook
east_africa,yes,yes,birds,69,5426,Hooded Vulture,Necrosyrtes monachus,1061,common,common,standard,inaturalist-regional-frequency-v1,compare then edit workbook
east_africa,yes,yes,birds,70,73222,Greater Flamingo,Phoenicopterus roseus,1060,common,common,standard,inaturalist-regional-frequency-v1,compare then edit workbook
east_africa,yes,yes,birds,71,558619,Streaky Seedeater,Crithagra striolata,1057,common,common,standard,inaturalist-regional-frequency-v1,compare then edit workbook
east_africa,yes,yes,birds,72,145018,White-eyed Slaty-Flycatcher,Melaenornis fischeri,1050,common,common,standard,inaturalist-regional-frequency-v1,compare then edit workbook
east_africa,yes,yes,birds,73,495989,Yellow-necked Spurfowl,Pternistis leucoscepus,1048,common,common,standard,inaturalist-regional-frequency-v1,compare then edit workbook
east_africa,yes,yes,birds,74,1506031,White-bellied Go-away-bird,Crinifer leucogaster,1039,common,common,standard,inaturalist-regional-frequency-v1,compare then edit workbook
east_africa,yes,yes,birds,75,13870,Northern Grey-headed Sparrow,Passer griseus,1034,common,common,standard,inaturalist-regional-frequency-v1,compare then edit workbook
east_africa,yes,yes,birds,76,4754,Saddle-billed Stork,Ephippiorhynchus senegalensis,1031,common,common,standard,inaturalist-regional-frequency-v1,compare then edit workbook
east_africa,yes,yes,birds,77,367700,Bronze Mannikin,Spermestes cucullata,980,common,common,standard,inaturalist-regional-frequency-v1,compare then edit workbook
east_africa,yes,yes,birds,78,5339,Eastern Chanting-Goshawk,Melierax poliopterus,967,common,common,standard,inaturalist-regional-frequency-v1,compare then edit workbook
east_africa,yes,yes,birds,79,144455,Great Egret,Ardea alba,964,common,common,standard,inaturalist-regional-frequency-v1,compare then edit workbook
east_africa,yes,yes,birds,80,116831,Yellow-billed Oxpecker,Buphagus africanus,964,common,common,standard,inaturalist-regional-frequency-v1,compare then edit workbook
east_africa,yes,yes,birds,81,14011,Pin-tailed Whydah,Vidua macroura,939,common,common,standard,inaturalist-regional-frequency-v1,compare then edit workbook
east_africa,yes,yes,birds,82,145081,Abyssinian Thrush,Turdus abyssinicus,933,common,common,standard,inaturalist-regional-frequency-v1,compare then edit workbook
east_africa,yes,yes,birds,83,14923,Greater Blue-eared Starling,Lamprotornis chalybaeus,932,common,common,standard,inaturalist-regional-frequency-v1,compare then edit workbook
east_africa,yes,yes,birds,84,15032,Wattled Starling,Creatophora cinerea,931,common,common,standard,inaturalist-regional-frequency-v1,compare then edit workbook
east_africa,yes,yes,birds,85,13798,Speke's Weaver,Ploceus spekei,921,common,common,standard,inaturalist-regional-frequency-v1,compare then edit workbook
east_africa,yes,yes,birds,86,1455922,Laughing Dove,Spilopelia senegalensis,910,common,common,standard,inaturalist-regional-frequency-v1,compare then edit workbook
east_africa,yes,yes,birds,87,3888,Wood Sandpiper,Tringa glareola,910,common,common,standard,inaturalist-regional-frequency-v1,compare then edit workbook
east_africa,yes,yes,birds,88,4969,Goliath Heron,Ardea goliath,895,common,common,standard,inaturalist-regional-frequency-v1,compare then edit workbook
east_africa,yes,yes,birds,89,495994,Red-necked Spurfowl,Pternistis afer,890,common,common,standard,inaturalist-regional-frequency-v1,compare then edit workbook
east_africa,yes,yes,birds,90,95,White-bellied Korhaan,Eupodotis senegalensis,878,common,common,standard,inaturalist-regional-frequency-v1,compare then edit workbook
east_africa,yes,yes,birds,91,12799,African Gray Flycatcher,Bradornis microrhynchus,869,common,common,standard,inaturalist-regional-frequency-v1,compare then edit workbook
east_africa,yes,yes,birds,92,3978,Common Sandpiper,Actitis hypoleucos,868,common,common,standard,inaturalist-regional-frequency-v1,compare then edit workbook
east_africa,yes,yes,birds,93,2337,Woodland Kingfisher,Halcyon senegalensis,845,common,common,standard,inaturalist-regional-frequency-v1,compare then edit workbook
east_africa,yes,yes,birds,94,5418,Palm-nut Vulture,Gypohierax angolensis,840,common,common,standard,inaturalist-regional-frequency-v1,compare then edit workbook
east_africa,yes,yes,birds,95,4994,Squacco Heron,Ardeola ralloides,838,common,common,standard,inaturalist-regional-frequency-v1,compare then edit workbook
east_africa,yes,yes,birds,96,144795,Lesser Striped Swallow,Cecropis abyssinica,835,common,common,standard,inaturalist-regional-frequency-v1,compare then edit workbook
east_africa,yes,yes,birds,97,4270,Great Cormorant,Phalacrocorax carbo,834,common,common,standard,inaturalist-regional-frequency-v1,compare then edit workbook
east_africa,yes,yes,birds,98,8031,House Crow,Corvus splendens,828,common,common,standard,inaturalist-regional-frequency-v1,compare then edit workbook
east_africa,yes,yes,birds,99,6898,White-faced Whistling-Duck,Dendrocygna viduata,827,common,common,standard,inaturalist-regional-frequency-v1,compare then edit workbook
east_africa,yes,yes,birds,100,145337,Purple Grenadier,Granatina ianthinogaster,826,common,common,standard,inaturalist-regional-frequency-v1,compare then edit workbook
east_africa,yes,yes,birds,101,507912,Silvery-cheeked Hornbill,Bycanistes brevis,812,common,common,standard,inaturalist-regional-frequency-v1,compare then edit workbook
east_africa,yes,yes,birds,102,512166,African Gray Hornbill,Lophoceros nasutus,799,common,common,standard,inaturalist-regional-frequency-v1,compare then edit workbook
east_africa,yes,yes,birds,103,2239,Cinnamon-chested Bee-eater,Merops oreobates,798,common,common,standard,inaturalist-regional-frequency-v1,compare then edit workbook
east_africa,yes,yes,birds,104,1580335,Three-banded Plover,Thinornis tricollaris,794,common,common,standard,inaturalist-regional-frequency-v1,compare then edit workbook
east_africa,yes,yes,birds,105,5275,Black-winged Kite,Elanus caeruleus,792,common,common,standard,inaturalist-regional-frequency-v1,compare then edit workbook
east_africa,yes,yes,birds,106,12048,Long-tailed Fiscal,Lanius cabanisi,790,common,common,standard,inaturalist-regional-frequency-v1,compare then edit workbook
east_africa,yes,yes,birds,107,117130,D'Arnaud's Barbet,Trachyphonus darnaudii,785,common,common,standard,inaturalist-regional-frequency-v1,compare then edit workbook
east_africa,yes,yes,birds,108,72729,Rattling Cisticola,Cisticola chiniana,784,common,common,standard,inaturalist-regional-frequency-v1,compare then edit workbook
east_africa,yes,yes,birds,109,13865,Kenya Rufous Sparrow,Passer rufocinctus,776,common,common,standard,inaturalist-regional-frequency-v1,compare then edit workbook
east_africa,yes,yes,birds,110,1506033,Bare-faced Go-away-bird,Crinifer personatus,774,common,common,standard,inaturalist-regional-frequency-v1,compare then edit workbook
east_africa,yes,yes,birds,111,12978,African Dusky Flycatcher,Muscicapa adusta,774,common,common,standard,inaturalist-regional-frequency-v1,compare then edit workbook
east_africa,yes,yes,birds,112,13858,House Sparrow,Passer domesticus,772,common,common,standard,inaturalist-regional-frequency-v1,compare then edit workbook
east_africa,yes,yes,birds,113,14934,Hildebrandt's Starling,Lamprotornis hildebrandti,754,common,common,standard,inaturalist-regional-frequency-v1,compare then edit workbook
east_africa,yes,yes,birds,114,4926,Water Thick-knee,Burhinus vermiculatus,743,common,common,standard,inaturalist-regional-frequency-v1,compare then edit workbook
east_africa,yes,yes,birds,115,4868,Wattled Lapwing,Vanellus senegallus,739,common,common,standard,inaturalist-regional-frequency-v1,compare then edit workbook
east_africa,yes,yes,birds,116,14104,Yellow-throated Longclaw,Macronyx croceus,719,common,common,standard,inaturalist-regional-frequency-v1,compare then edit workbook
east_africa,yes,yes,birds,117,144472,Black-bellied Bustard,Lissotis melanogaster,708,common,common,standard,inaturalist-regional-frequency-v1,compare then edit workbook
east_africa,yes,yes,birds,118,5246,African Harrier-Hawk,Polyboroides typus,703,common,common,standard,inaturalist-regional-frequency-v1,compare then edit workbook
east_africa,yes,yes,birds,119,2951,Mourning Collared Dove,Streptopelia decipiens,699,common,common,standard,inaturalist-regional-frequency-v1,compare then edit workbook
east_africa,yes,yes,birds,120,4776,African Openbill,Anastomus lamelligerus,692,common,common,standard,inaturalist-regional-frequency-v1,compare then edit workbook
east_africa,yes,yes,birds,121,1572860,Rufous-naped Lark,Corypha africana,679,common,common,standard,inaturalist-regional-frequency-v1,compare then edit workbook
east_africa,yes,yes,birds,122,145122,Collared Sunbird,Hedydipna collaris,679,common,common,standard,inaturalist-regional-frequency-v1,compare then edit workbook
east_africa,yes,yes,birds,123,4335,Pink-backed Pelican,Pelecanus rufescens,677,common,common,standard,inaturalist-regional-frequency-v1,compare then edit workbook
east_africa,yes,yes,birds,124,339593,Ruff,Calidris pugnax,672,common,common,standard,inaturalist-regional-frequency-v1,compare then edit workbook
east_africa,yes,yes,birds,125,4862,Long-toed Lapwing,Vanellus crassirostris,666,common,common,standard,inaturalist-regional-frequency-v1,compare then edit workbook
east_africa,yes,yes,birds,126,145332,Rufous-tailed Weaver,Histurgops ruficauda,658,common,common,standard,inaturalist-regional-frequency-v1,compare then edit workbook
east_africa,yes,yes,birds,127,11896,Wire-tailed Swallow,Hirundo smithii,652,common,common,standard,inaturalist-regional-frequency-v1,compare then edit workbook
east_africa,yes,yes,birds,128,508918,Black Crake,Zapornia flavirostra,651,common,common,standard,inaturalist-regional-frequency-v1,compare then edit workbook
east_africa,yes,yes,birds,129,1449,Vulturine Guineafowl,Acryllium vulturinum,650,common,common,standard,inaturalist-regional-frequency-v1,compare then edit workbook
east_africa,yes,yes,birds,130,3838,Little Stint,Calidris minuta,642,common,common,standard,inaturalist-regional-frequency-v1,compare then edit workbook
east_africa,yes,yes,birds,131,1289692,Crested Francolin,Ortygornis sephaena,633,common,common,standard,inaturalist-regional-frequency-v1,compare then edit workbook
east_africa,yes,yes,birds,132,13872,Gray-capped Social-Weaver,Pseudonigrita arnaudi,625,common,common,standard,inaturalist-regional-frequency-v1,compare then edit workbook
east_africa,yes,yes,birds,133,5241,Brown Snake-Eagle,Circaetus cinereus,615,common,common,standard,inaturalist-regional-frequency-v1,compare then edit workbook
east_africa,yes,yes,birds,134,14005,Red-billed Quelea,Quelea quelea,612,common,common,standard,inaturalist-regional-frequency-v1,compare then edit workbook
east_africa,yes,yes,birds,135,5340,Dark Chanting-Goshawk,Melierax metabates,611,common,common,standard,inaturalist-regional-frequency-v1,compare then edit workbook
east_africa,yes,yes,birds,136,1441745,Verreaux's Eagle-Owl,Ketupa lactea,601,common,common,standard,inaturalist-regional-frequency-v1,compare then edit workbook
east_africa,yes,yes,birds,137,979641,Green-backed Camaroptera,Camaroptera brachyura,596,common,common,standard,inaturalist-regional-frequency-v1,compare then edit workbook
east_africa,yes,yes,birds,138,7372,Fischer's Sparrow-Lark,Eremopterix leucopareia,593,common,common,standard,inaturalist-regional-frequency-v1,compare then edit workbook
east_africa,yes,yes,birds,139,2240,White-throated Bee-eater,Merops albicollis,593,common,common,standard,inaturalist-regional-frequency-v1,compare then edit workbook
east_africa,yes,yes,birds,140,507916,Black-and-white-casqued Hornbill,Bycanistes subcylindricus,592,common,common,standard,inaturalist-regional-frequency-v1,compare then edit workbook
east_africa,yes,yes,birds,141,117131,Red-and-yellow Barbet,Trachyphonus erythrocephalus,592,common,common,standard,inaturalist-regional-frequency-v1,compare then edit workbook
east_africa,yes,yes,birds,142,144508,Gray-hooded Gull,Chroicocephalus cirrocephalus,587,common,common,standard,inaturalist-regional-frequency-v1,compare then edit workbook
east_africa,yes,yes,birds,143,512160,Crowned Hornbill,Lophoceros alboterminatus,583,common,common,standard,inaturalist-regional-frequency-v1,compare then edit workbook
east_africa,yes,yes,birds,144,1505668,Kittlitz's Plover,Anarhynchus pecuarius,579,common,common,standard,inaturalist-regional-frequency-v1,compare then edit workbook
east_africa,yes,yes,birds,145,8214,Slate-colored Boubou,Laniarius funebris,578,common,common,standard,inaturalist-regional-frequency-v1,compare then edit workbook
east_africa,yes,yes,birds,146,3878,Common Greenshank,Tringa nebularia,578,common,common,standard,inaturalist-regional-frequency-v1,compare then edit workbook
east_africa,yes,yes,birds,147,1636180,Little Heron,Butorides atricapilla,577,common,common,standard,inaturalist-regional-frequency-v1,compare then edit workbook
east_africa,yes,yes,birds,148,5240,Black-chested Snake-Eagle,Circaetus pectoralis,576,common,common,standard,inaturalist-regional-frequency-v1,compare then edit workbook
east_africa,yes,yes,birds,149,145208,African Pipit,Anthus cinnamomeus,575,common,common,standard,inaturalist-regional-frequency-v1,compare then edit workbook
east_africa,yes,yes,birds,150,11901,Barn Swallow,Hirundo rustica,572,common,common,standard,inaturalist-regional-frequency-v1,compare then edit workbook
east_africa,yes,yes,birds,151,17634,Nubian Woodpecker,Campethera nubica,568,common,common,standard,inaturalist-regional-frequency-v1,compare then edit workbook
east_africa,yes,yes,birds,152,2334,Striped Kingfisher,Halcyon chelicuti,562,common,common,standard,inaturalist-regional-frequency-v1,compare then edit workbook
east_africa,yes,yes,birds,153,5066,African Darter,Anhinga rufa,561,common,common,standard,inaturalist-regional-frequency-v1,compare then edit workbook
east_africa,yes,yes,birds,154,3327,Emerald-spotted Wood-Dove,Turtur chalcospilos,561,common,common,standard,inaturalist-regional-frequency-v1,compare then edit workbook
east_africa,yes,yes,birds,155,3652,Namaqua Dove,Oena capensis,549,common,common,standard,inaturalist-regional-frequency-v1,compare then edit workbook
east_africa,yes,yes,birds,156,55371,African Stonechat,Saxicola torquatus,545,common,common,standard,inaturalist-regional-frequency-v1,compare then edit workbook
east_africa,yes,yes,birds,157,13920,Speckle-fronted Weaver,Sporopipes frontalis,538,common,common,standard,inaturalist-regional-frequency-v1,compare then edit workbook
east_africa,yes,yes,birds,158,13084,Spotted Morning-Thrush,Cichladusa guttata,536,common,common,standard,inaturalist-regional-frequency-v1,compare then edit workbook
east_africa,yes,yes,birds,159,7146,Spur-winged Goose,Plectropterus gambensis,533,common,common,standard,inaturalist-regional-frequency-v1,compare then edit workbook
east_africa,yes,yes,birds,160,13842,Lesser Masked Weaver,Ploceus intermedius,531,common,common,standard,inaturalist-regional-frequency-v1,compare then edit workbook
east_africa,yes,yes,birds,161,7729,Tawny-flanked Prinia,Prinia subflava,531,common,common,standard,inaturalist-regional-frequency-v1,compare then edit workbook
east_africa,yes,yes,birds,162,117082,Black-faced Sandgrouse,Pterocles decoratus,529,common,common,standard,inaturalist-regional-frequency-v1,compare then edit workbook
east_africa,yes,yes,birds,163,13235,Silverbird,Empidornis semipartitus,525,common,common,standard,inaturalist-regional-frequency-v1,compare then edit workbook
east_africa,yes,yes,birds,164,3756,Glossy Ibis,Plegadis falcinellus,525,common,common,standard,inaturalist-regional-frequency-v1,compare then edit workbook
east_africa,yes,yes,birds,165,4732,Abdim's Stork,Ciconia abdimii,510,common,common,standard,inaturalist-regional-frequency-v1,compare then edit workbook
east_africa,yes,yes,birds,166,12709,African Thrush,Turdus pelios,508,common,common,standard,inaturalist-regional-frequency-v1,compare then edit workbook
east_africa,yes,yes,birds,167,204545,Western Yellow Wagtail,Motacilla flava,502,common,common,standard,inaturalist-regional-frequency-v1,compare then edit workbook
east_africa,yes,yes,birds,168,7250,Great Blue Turaco,Corythaeola cristata,501,common,common,standard,inaturalist-regional-frequency-v1,compare then edit workbook
east_africa,yes,yes,birds,169,472777,Somali Ostrich,Struthio molybdophanes,501,common,common,standard,inaturalist-regional-frequency-v1,compare then edit workbook
east_africa,yes,yes,birds,170,6965,Yellow-billed Duck,Anas undulata,499,common,common,standard,inaturalist-regional-frequency-v1,compare then edit workbook
east_africa,yes,yes,birds,171,13791,Vitelline Masked-Weaver,Ploceus vitellinus,489,common,common,standard,inaturalist-regional-frequency-v1,compare then edit workbook
east_africa,yes,yes,birds,172,516943,Ashy Starling,Lamprotornis unicolor,485,common,common,standard,inaturalist-regional-frequency-v1,compare then edit workbook
east_africa,yes,yes,birds,173,7247,Eastern Plantain-eater,Crinifer zonurus,483,common,common,standard,inaturalist-regional-frequency-v1,compare then edit workbook
east_africa,yes,yes,birds,174,12868,Northern Anteater-Chat,Myrmecocichla aethiops,483,common,common,standard,inaturalist-regional-frequency-v1,compare then edit workbook
east_africa,yes,yes,birds,175,4237,Little Grebe,Tachybaptus ruficollis,481,common,common,standard,inaturalist-regional-frequency-v1,compare then edit workbook
east_africa,yes,yes,birds,176,487,Red-knobbed Coot,Fulica cristata,478,common,common,standard,inaturalist-regional-frequency-v1,compare then edit workbook
east_africa,yes,yes,birds,177,6984,Red-billed Teal,Anas erythrorhyncha,474,common,common,standard,inaturalist-regional-frequency-v1,compare then edit workbook
east_africa,yes,yes,birds,178,597463,Tropical Boubou,Laniarius major,474,common,common,standard,inaturalist-regional-frequency-v1,compare then edit workbook
east_africa,yes,yes,birds,179,15030,Violet-backed Starling,Cinnyricinclus leucogaster,473,common,common,standard,inaturalist-regional-frequency-v1,compare then edit workbook
east_africa,yes,yes,birds,180,1429237,African Woolly-necked Stork,Ciconia microscelis,468,common,common,standard,inaturalist-regional-frequency-v1,compare then edit workbook
east_africa,yes,yes,birds,181,20969,Common Hoopoe,Upupa epops,468,common,common,standard,inaturalist-regional-frequency-v1,compare then edit workbook
east_africa,yes,yes,birds,182,13793,Black-headed Weaver,Ploceus melanocephalus,466,common,common,standard,inaturalist-regional-frequency-v1,compare then edit workbook
east_africa,yes,yes,birds,183,558613,White-bellied Canary,Crithagra dorsostriata,465,common,common,standard,inaturalist-regional-frequency-v1,compare then edit workbook
east_africa,yes,yes,birds,184,3695,Blue-naped Mousebird,Urocolius macrourus,464,common,common,standard,inaturalist-regional-frequency-v1,compare then edit workbook
east_africa,yes,yes,birds,185,73010,Giant Kingfisher,Megaceryle maxima,461,common,common,standard,inaturalist-regional-frequency-v1,compare then edit workbook
east_africa,yes,yes,birds,186,6986,Cape Teal,Anas capensis,458,common,common,standard,inaturalist-regional-frequency-v1,compare then edit workbook
east_africa,yes,yes,birds,187,2248,White-fronted Bee-eater,Merops bullockoides,457,common,common,standard,inaturalist-regional-frequency-v1,compare then edit workbook
east_africa,yes,yes,birds,188,2989,Dusky Turtle-Dove,Streptopelia lugens,455,common,common,standard,inaturalist-regional-frequency-v1,compare then edit workbook
east_africa,yes,yes,birds,189,145173,Red-chested Sunbird,Cinnyris erythrocercus,454,common,common,standard,inaturalist-regional-frequency-v1,compare then edit workbook
east_africa,yes,yes,birds,190,144655,African Pygmy Kingfisher,Ispidina picta,450,common,common,standard,inaturalist-regional-frequency-v1,compare then edit workbook
east_africa,yes,yes,birds,191,4688,Gray Kestrel,Falco ardosiaceus,449,common,common,standard,inaturalist-regional-frequency-v1,compare then edit workbook
east_africa,yes,yes,birds,192,2220,Northern Carmine Bee-eater,Merops nubicus,449,common,common,standard,inaturalist-regional-frequency-v1,compare then edit workbook
east_africa,yes,yes,birds,193,558601,Yellow-fronted Canary,Crithagra mozambica,448,common,common,standard,inaturalist-regional-frequency-v1,compare then edit workbook
east_africa,yes,yes,birds,194,19075,Fischer's Lovebird,Agapornis fischeri,443,common,common,standard,inaturalist-regional-frequency-v1,compare then edit workbook
east_africa,yes,yes,birds,195,13970,Fan-tailed Widowbird,Euplectes axillaris,442,common,common,standard,inaturalist-regional-frequency-v1,compare then edit workbook
east_africa,yes,yes,birds,196,145030,White-browed Scrub-Robin,Cercotrichas leucophrys,434,common,common,standard,inaturalist-regional-frequency-v1,compare then edit workbook
east_africa,yes,yes,birds,197,2266,European Roller,Coracias garrulus,433,common,common,standard,inaturalist-regional-frequency-v1,compare then edit workbook
east_africa,yes,yes,birds,198,204554,Red-winged Starling,Onychognathus morio,433,common,common,standard,inaturalist-regional-frequency-v1,compare then edit workbook
east_africa,yes,yes,birds,199,15063,Black-lored Babbler,Turdoides sharpei,432,common,common,standard,inaturalist-regional-frequency-v1,compare then edit workbook
east_africa,yes,yes,birds,200,5437,Abyssinian Ground-Hornbill,Bucorvus abyssinicus,430,common,common,standard,inaturalist-regional-frequency-v1,compare then edit workbook
east_africa,yes,yes,birds,201,8004,White-necked Raven,Corvus albicollis,423,common,common,standard,inaturalist-regional-frequency-v1,compare then edit workbook
east_africa,yes,yes,birds,202,14148,Red-headed Weaver,Anaplectes rubriceps,417,common,common,standard,inaturalist-regional-frequency-v1,compare then edit workbook
east_africa,yes,yes,birds,203,12874,Sooty Chat,Myrmecocichla nigra,416,common,common,standard,inaturalist-regional-frequency-v1,compare then edit workbook
east_africa,yes,yes,birds,204,14143,Red-billed Buffalo-Weaver,Bubalornis niger,415,common,common,standard,inaturalist-regional-frequency-v1,compare then edit workbook
east_africa,yes,yes,birds,205,8208,Black-headed Gonolek,Laniarius erythrogaster,413,common,common,standard,inaturalist-regional-frequency-v1,compare then edit workbook
east_africa,yes,yes,birds,206,12985,Swamp Flycatcher,Muscicapa aquatica,413,common,common,standard,inaturalist-regional-frequency-v1,compare then edit workbook
east_africa,yes,yes,birds,207,117083,Chestnut-bellied Sandgrouse,Pterocles exustus,413,common,common,standard,inaturalist-regional-frequency-v1,compare then edit workbook
east_africa,yes,yes,birds,208,1506260,Cardinal Woodpecker,Dendropicos fuscescens,411,common,common,standard,inaturalist-regional-frequency-v1,compare then edit workbook
east_africa,yes,yes,birds,209,72762,Magpie Shrike,Urolestes melanoleucus,411,common,common,standard,inaturalist-regional-frequency-v1,compare then edit workbook
east_africa,yes,yes,birds,210,2288,Broad-billed Roller,Eurystomus glaucurus,410,common,common,standard,inaturalist-regional-frequency-v1,compare then edit workbook
east_africa,yes,yes,birds,211,1585912,Cape Robin-Chat,Dessonornis caffer,409,common,common,standard,inaturalist-regional-frequency-v1,compare then edit workbook
east_africa,yes,yes,birds,212,1584771,African red-rumped swallow,Cecropis melanocrissus,405,common,common,standard,inaturalist-regional-frequency-v1,compare then edit workbook
east_africa,yes,yes,birds,213,12971,Spotted Flycatcher,Muscicapa striata,402,common,common,standard,inaturalist-regional-frequency-v1,compare then edit workbook
east_africa,yes,yes,birds,214,1506400,Eastern Grey Woodpecker,Dendropicos spodocephalus,401,common,common,standard,inaturalist-regional-frequency-v1,compare then edit workbook
east_africa,yes,yes,birds,215,144469,Wahlberg's Eagle,Hieraaetus wahlbergi,398,common,common,standard,inaturalist-regional-frequency-v1,compare then edit workbook
east_africa,yes,yes,birds,216,14030,Blue-capped Cordonbleu,Uraeginthus cyanocephalus,397,common,common,standard,inaturalist-regional-frequency-v1,compare then edit workbook
east_africa,yes,yes,birds,217,4338,Shoebill,Balaeniceps rex,393,common,common,standard,inaturalist-regional-frequency-v1,compare then edit workbook
east_africa,yes,yes,birds,218,569791,Winding Cisticola,Cisticola marginatus,384,common,common,standard,inaturalist-regional-frequency-v1,compare then edit workbook
east_africa,yes,yes,birds,219,4724,Pygmy Falcon,Polihierax semitorquatus,384,common,common,standard,inaturalist-regional-frequency-v1,compare then edit workbook
east_africa,yes,yes,birds,220,2245,Blue-cheeked Bee-eater,Merops persicus,378,common,common,standard,inaturalist-regional-frequency-v1,compare then edit workbook
east_africa,yes,yes,birds,221,13820,Holub's Golden-Weaver,Ploceus xanthops,377,common,common,standard,inaturalist-regional-frequency-v1,compare then edit workbook
east_africa,yes,yes,birds,222,7876,Black-headed Oriole,Oriolus larvatus,376,common,common,standard,inaturalist-regional-frequency-v1,compare then edit workbook
east_africa,yes,yes,birds,223,1505778,Yellow-billed Egret,Ardea brachyrhyncha,375,common,common,standard,inaturalist-regional-frequency-v1,compare then edit workbook
east_africa,yes,yes,birds,224,144536,Gull-billed Tern,Gelochelidon nilotica,365,common,common,standard,inaturalist-regional-frequency-v1,compare then edit workbook
east_africa,yes,yes,birds,225,13837,Spectacled Weaver,Ploceus ocularis,365,common,common,standard,inaturalist-regional-frequency-v1,compare then edit workbook
east_africa,yes,yes,birds,226,4922,Spotted Thick-knee,Burhinus capensis,361,common,common,standard,inaturalist-regional-frequency-v1,compare then edit workbook
east_africa,yes,yes,birds,227,13188,Northern Black-Flycatcher,Melaenornis edolioides,361,common,common,standard,inaturalist-regional-frequency-v1,compare then edit workbook
east_africa,yes,yes,birds,228,13708,Plain-backed Pipit,Anthus leucophrys,360,common,common,standard,inaturalist-regional-frequency-v1,compare then edit workbook
east_africa,yes,yes,birds,229,19076,Yellow-collared Lovebird,Agapornis personatus,359,common,common,standard,inaturalist-regional-frequency-v1,compare then edit workbook
east_africa,yes,yes,birds,230,19055,Meyer's Parrot,Poicephalus meyeri,358,common,common,standard,inaturalist-regional-frequency-v1,compare then edit workbook
east_africa,yes,yes,birds,231,14064,Grosbeak Weaver,Amblyospiza albifrons,356,common,common,standard,inaturalist-regional-frequency-v1,compare then edit workbook
east_africa,yes,yes,birds,232,13964,Yellow Bishop,Euplectes capensis,356,common,common,standard,inaturalist-regional-frequency-v1,compare then edit workbook
east_africa,yes,yes,birds,233,204473,Red-capped Lark,Calandrella cinerea,350,common,common,standard,inaturalist-regional-frequency-v1,compare then edit workbook
east_africa,yes,yes,birds,234,117084,Yellow-throated Sandgrouse,Pterocles gutturalis,350,common,common,standard,inaturalist-regional-frequency-v1,compare then edit workbook
east_africa,yes,yes,birds,235,4883,Pied Avocet,Recurvirostra avosetta,350,common,common,standard,inaturalist-regional-frequency-v1,compare then edit workbook
east_africa,yes,yes,birds,236,12837,Isabelline Wheatear,Oenanthe isabellina,347,common,common,standard,inaturalist-regional-frequency-v1,compare then edit workbook
east_africa,yes,yes,birds,237,117139,Spot-flanked Barbet,Tricholaema lacrymosa,347,common,common,standard,inaturalist-regional-frequency-v1,compare then edit workbook
east_africa,yes,yes,birds,238,6612,Little Swift,Apus affinis,340,common,common,standard,inaturalist-regional-frequency-v1,compare then edit workbook
east_africa,yes,yes,birds,239,1505964,Buff-crested Bustard,Lophotis gindiana,340,common,common,standard,inaturalist-regional-frequency-v1,compare then edit workbook
east_africa,yes,yes,birds,240,3881,Marsh Sandpiper,Tringa stagnatilis,340,common,common,standard,inaturalist-regional-frequency-v1,compare then edit workbook
east_africa,yes,yes,birds,241,4801,Common Ringed Plover,Charadrius hiaticula,336,common,common,standard,inaturalist-regional-frequency-v1,compare then edit workbook
east_africa,yes,yes,birds,242,145170,Marico Sunbird,Cinnyris mariquensis,334,common,common,standard,inaturalist-regional-frequency-v1,compare then edit workbook
east_africa,yes,yes,birds,243,14010,Village Indigobird,Vidua chalybeata,333,common,common,standard,inaturalist-regional-frequency-v1,compare then edit workbook
east_africa,yes,yes,birds,244,4951,Purple Heron,Ardea purpurea,332,common,common,standard,inaturalist-regional-frequency-v1,compare then edit workbook
east_africa,yes,yes,birds,245,13291,Tacazze Sunbird,Nectarinia tacazze,332,common,common,standard,inaturalist-regional-frequency-v1,compare then edit workbook
east_africa,yes,yes,birds,246,20934,Green Woodhoopoe,Phoeniculus purpureus,332,common,common,standard,inaturalist-regional-frequency-v1,compare then edit workbook
east_africa,yes,yes,birds,247,1573679,Red-throated Crag-Martin,Ptyonoprogne rufigula,330,common,common,standard,inaturalist-regional-frequency-v1,compare then edit workbook
east_africa,yes,yes,birds,248,980208,Moorland Chat,Pinarochroa sordida,326,common,common,standard,inaturalist-regional-frequency-v1,compare then edit workbook
east_africa,yes,yes,birds,249,15052,Arrow-marked Babbler,Turdoides jardineii,325,common,common,standard,inaturalist-regional-frequency-v1,compare then edit workbook
east_africa,yes,yes,birds,250,8399,Chinspot Batis,Batis molitor,322,common,common,standard,inaturalist-regional-frequency-v1,compare then edit workbook
east_africa,yes,yes,birds,251,1289689,Coqui Francolin,Campocolinus coqui,321,common,common,standard,inaturalist-regional-frequency-v1,compare then edit workbook
east_africa,yes,yes,birds,252,12022,Taita Fiscal,Lanius dorsalis,320,common,common,standard,inaturalist-regional-frequency-v1,compare then edit workbook
east_africa,yes,yes,birds,253,1506317,Double-toothed Barbet,Pogonornis bidentatus,319,uncommon,uncommon,standard,inaturalist-regional-frequency-v1,compare then edit workbook
east_africa,yes,yes,birds,254,5083,Steppe Eagle,Aquila nipalensis,317,uncommon,uncommon,standard,inaturalist-regional-frequency-v1,compare then edit workbook
east_africa,yes,yes,birds,255,558610,Reichenow's Seedeater,Crithagra reichenowi,315,uncommon,uncommon,standard,inaturalist-regional-frequency-v1,compare then edit workbook
east_africa,yes,yes,birds,256,7749,Yellow-breasted Apalis,Apalis flavida,313,uncommon,uncommon,standard,inaturalist-regional-frequency-v1,compare then edit workbook
east_africa,yes,yes,birds,257,558618,Brimstone Canary,Crithagra sulphurata,313,uncommon,uncommon,standard,inaturalist-regional-frequency-v1,compare then edit workbook
east_africa,yes,yes,birds,258,5430,Lizard Buzzard,Kaupifalco monogrammicus,310,uncommon,uncommon,standard,inaturalist-regional-frequency-v1,compare then edit workbook
east_africa,yes,yes,birds,259,145142,Amethyst Sunbird,Chalcomitra amethystina,309,uncommon,uncommon,standard,inaturalist-regional-frequency-v1,compare then edit workbook
east_africa,yes,yes,birds,260,1738,Diederik Cuckoo,Chrysococcyx caprius,309,uncommon,uncommon,standard,inaturalist-regional-frequency-v1,compare then edit workbook
east_africa,yes,yes,birds,261,8296,Black-backed Puffback,Dryoscopus cubla,309,uncommon,uncommon,standard,inaturalist-regional-frequency-v1,compare then edit workbook
east_africa,yes,yes,birds,262,201282,Common Moorhen,Gallinula chloropus,308,uncommon,uncommon,standard,inaturalist-regional-frequency-v1,compare then edit workbook
east_africa,yes,yes,birds,263,4514,White-winged Tern,Chlidonias leucopterus,307,uncommon,uncommon,standard,inaturalist-regional-frequency-v1,compare then edit workbook
east_africa,yes,yes,birds,264,3405,African Green-Pigeon,Treron calvus,305,uncommon,uncommon,standard,inaturalist-regional-frequency-v1,compare then edit workbook
east_africa,yes,yes,birds,265,8593,Rosy-patched Bushshrike,Rhodophoneus cruentus,296,uncommon,uncommon,standard,inaturalist-regional-frequency-v1,compare then edit workbook
east_africa,yes,yes,birds,266,979726,Yellow-spotted Bush Sparrow,Gymnoris pyrgita,292,uncommon,uncommon,standard,inaturalist-regional-frequency-v1,compare then edit workbook
east_africa,yes,yes,birds,267,144460,Gabar Goshawk,Micronisus gabar,291,uncommon,uncommon,standard,inaturalist-regional-frequency-v1,compare then edit workbook
east_africa,yes,yes,birds,268,2346,Brown-hooded Kingfisher,Halcyon albiventris,288,uncommon,uncommon,standard,inaturalist-regional-frequency-v1,compare then edit workbook
east_africa,yes,yes,birds,269,1585429,Ross's Turaco,Tauraco rossae,288,uncommon,uncommon,standard,inaturalist-regional-frequency-v1,compare then edit workbook
east_africa,yes,yes,birds,270,13834,Northern Brown-throated Weaver,Ploceus castanops,286,uncommon,uncommon,standard,inaturalist-regional-frequency-v1,compare then edit workbook
east_africa,yes,yes,birds,271,13825,Black-necked Weaver,Ploceus nigricollis,285,uncommon,uncommon,standard,inaturalist-regional-frequency-v1,compare then edit workbook
east_africa,yes,yes,birds,272,13999,Green-winged Pytilia,Pytilia melba,285,uncommon,uncommon,standard,inaturalist-regional-frequency-v1,compare then edit workbook
east_africa,yes,yes,birds,273,13821,Slender-billed Weaver,Ploceus pelzelni,284,uncommon,uncommon,standard,inaturalist-regional-frequency-v1,compare then edit workbook
east_africa,yes,yes,birds,274,558430,Blue-billed Teal,Spatula hottentota,284,uncommon,uncommon,standard,inaturalist-regional-frequency-v1,compare then edit workbook
east_africa,yes,yes,birds,275,13770,Common Waxbill,Estrilda astrild,283,uncommon,uncommon,standard,inaturalist-regional-frequency-v1,compare then edit workbook
east_africa,yes,yes,birds,276,8046,Fan-tailed Raven,Corvus rhipidurus,282,uncommon,uncommon,standard,inaturalist-regional-frequency-v1,compare then edit workbook
east_africa,yes,yes,birds,277,13962,Southern Red Bishop,Euplectes orix,282,uncommon,uncommon,standard,inaturalist-regional-frequency-v1,compare then edit workbook
east_africa,yes,yes,birds,278,13836,African Golden-Weaver,Ploceus subaureus,282,uncommon,uncommon,standard,inaturalist-regional-frequency-v1,compare then edit workbook
east_africa,yes,yes,birds,279,1572871,Sentinel Lark,Corypha athi,281,uncommon,uncommon,standard,inaturalist-regional-frequency-v1,compare then edit workbook
east_africa,yes,yes,birds,280,145162,Northern Double-collared Sunbird,Cinnyris reichenowi,280,uncommon,uncommon,standard,inaturalist-regional-frequency-v1,compare then edit workbook
east_africa,yes,yes,birds,281,13787,Vieillot's Black Weaver,Ploceus nigerrimus,277,uncommon,uncommon,standard,inaturalist-regional-frequency-v1,compare then edit workbook
east_africa,yes,yes,birds,282,7204,Hartlaub's Turaco,Tauraco hartlaubi,276,uncommon,uncommon,standard,inaturalist-regional-frequency-v1,compare then edit workbook
east_africa,yes,yes,birds,283,13862,Parrot-billed Sparrow,Passer gongonensis,272,uncommon,uncommon,standard,inaturalist-regional-frequency-v1,compare then edit workbook
east_africa,yes,yes,birds,284,1578607,Gorgeous Sunbird,Cinnyris melanogastrus,271,uncommon,uncommon,standard,inaturalist-regional-frequency-v1,compare then edit workbook
east_africa,yes,yes,birds,285,12822,Northern Wheatear,Oenanthe oenanthe,270,uncommon,uncommon,standard,inaturalist-regional-frequency-v1,compare then edit workbook
east_africa,yes,yes,birds,286,4604,Collared Pratincole,Glareola pratincola,269,uncommon,uncommon,standard,inaturalist-regional-frequency-v1,compare then edit workbook
east_africa,yes,yes,birds,287,19051,Red-bellied Parrot,Poicephalus rufiventris,269,uncommon,uncommon,standard,inaturalist-regional-frequency-v1,compare then edit workbook
east_africa,yes,yes,birds,288,8454,Brown-throated Wattle-eye,Platysteira cyanea,267,uncommon,uncommon,standard,inaturalist-regional-frequency-v1,compare then edit workbook
east_africa,yes,yes,birds,289,4733,White Stork,Ciconia ciconia,266,uncommon,uncommon,standard,inaturalist-regional-frequency-v1,compare then edit workbook
east_africa,yes,yes,birds,290,13869,Swainson's Sparrow,Passer swainsonii,266,uncommon,uncommon,standard,inaturalist-regional-frequency-v1,compare then edit workbook
east_africa,yes,yes,birds,291,8446,Brown-crowned Tchagra,Tchagra australis,266,uncommon,uncommon,standard,inaturalist-regional-frequency-v1,compare then edit workbook
east_africa,yes,yes,birds,292,7160,Knob-billed Duck,Sarkidiornis melanotos,265,uncommon,uncommon,standard,inaturalist-regional-frequency-v1,compare then edit workbook
east_africa,yes,yes,birds,293,144498,Double-banded Courser,Smutsornis africanus,264,uncommon,uncommon,standard,inaturalist-regional-frequency-v1,compare then edit workbook
east_africa,yes,yes,birds,294,1903,Red-chested Cuckoo,Cuculus solitarius,263,uncommon,uncommon,standard,inaturalist-regional-frequency-v1,compare then edit workbook
east_africa,yes,yes,birds,295,1730,Klaas's Cuckoo,Chrysococcyx klaas,261,uncommon,uncommon,standard,inaturalist-regional-frequency-v1,compare then edit workbook
east_africa,yes,yes,birds,296,13861,Chestnut Sparrow,Passer eminibey,261,uncommon,uncommon,standard,inaturalist-regional-frequency-v1,compare then edit workbook
east_africa,yes,yes,birds,297,5392,White-headed Vulture,Trigonoceps occipitalis,261,uncommon,uncommon,standard,inaturalist-regional-frequency-v1,compare then edit workbook
east_africa,yes,yes,birds,298,558602,African Citril,Crithagra citrinelloides,260,uncommon,uncommon,standard,inaturalist-regional-frequency-v1,compare then edit workbook
east_africa,yes,yes,birds,299,6681,African Palm Swift,Cypsiurus parvus,258,uncommon,uncommon,standard,inaturalist-regional-frequency-v1,compare then edit workbook
east_africa,yes,yes,birds,300,19882,Pearl-spotted Owlet,Glaucidium perlatum,258,uncommon,uncommon,standard,inaturalist-regional-frequency-v1,compare then edit workbook
east_africa,yes,yes,birds,301,4981,Black-crowned Night Heron,Nycticorax nycticorax,256,uncommon,uncommon,standard,inaturalist-regional-frequency-v1,compare then edit workbook
east_africa,yes,yes,birds,302,2191,European Bee-eater,Merops apiaster,253,uncommon,uncommon,standard,inaturalist-regional-frequency-v1,compare then edit workbook
east_africa,yes,yes,birds,303,144468,African Hawk-Eagle,Aquila spilogaster,250,uncommon,uncommon,standard,inaturalist-regional-frequency-v1,compare then edit workbook
east_africa,yes,yes,birds,304,2223,Red-throated Bee-eater,Merops bulocki,249,uncommon,uncommon,standard,inaturalist-regional-frequency-v1,compare then edit workbook
east_africa,yes,yes,birds,305,13704,Mountain Wagtail,Motacilla clara,249,uncommon,uncommon,standard,inaturalist-regional-frequency-v1,compare then edit workbook
east_africa,yes,yes,birds,306,13811,Taveta Golden-Weaver,Ploceus castaneiceps,248,uncommon,uncommon,standard,inaturalist-regional-frequency-v1,compare then edit workbook
east_africa,yes,yes,birds,307,145175,Purple-banded Sunbird,Cinnyris bifasciatus,247,uncommon,uncommon,standard,inaturalist-regional-frequency-v1,compare then edit workbook
east_africa,yes,yes,birds,308,9202,Golden-breasted Bunting,Emberiza flaviventris,246,uncommon,uncommon,standard,inaturalist-regional-frequency-v1,compare then edit workbook
east_africa,yes,yes,birds,309,144298,Mocking Cliff-Chat,Thamnolaea cinnamomeiventris,246,uncommon,uncommon,standard,inaturalist-regional-frequency-v1,compare then edit workbook
east_africa,yes,yes,birds,310,495992,Gray-breasted Spurfowl,Pternistis rufopictus,245,uncommon,uncommon,standard,inaturalist-regional-frequency-v1,compare then edit workbook
east_africa,yes,yes,birds,311,204449,Eastern Paradise-Whydah,Vidua paradisaea,242,uncommon,uncommon,standard,inaturalist-regional-frequency-v1,compare then edit workbook
east_africa,yes,yes,birds,312,472766,Eurasian Kestrel,Falco tinnunculus,239,uncommon,uncommon,standard,inaturalist-regional-frequency-v1,compare then edit workbook
east_africa,yes,yes,birds,313,11945,Brown-throated Martin,Riparia paludicola,239,uncommon,uncommon,standard,inaturalist-regional-frequency-v1,compare then edit workbook
east_africa,yes,yes,birds,314,13366,Eastern Violet-backed Sunbird,Anthreptes orientalis,237,uncommon,uncommon,standard,inaturalist-regional-frequency-v1,compare then edit workbook
east_africa,yes,yes,birds,315,12839,Capped Wheatear,Oenanthe pileata,237,uncommon,uncommon,standard,inaturalist-regional-frequency-v1,compare then edit workbook
east_africa,yes,yes,birds,316,8313,Black Cuckooshrike,Campephaga flava,236,uncommon,uncommon,standard,inaturalist-regional-frequency-v1,compare then edit workbook
east_africa,yes,yes,birds,317,13835,Golden-backed Weaver,Ploceus jacksoni,235,uncommon,uncommon,standard,inaturalist-regional-frequency-v1,compare then edit workbook
east_africa,yes,yes,birds,318,4864,Black-winged Lapwing,Vanellus melanopterus,234,uncommon,uncommon,standard,inaturalist-regional-frequency-v1,compare then edit workbook
east_africa,yes,yes,birds,319,12795,Rüppell's Robin-Chat,Cossypha semirufa,233,uncommon,uncommon,standard,inaturalist-regional-frequency-v1,compare then edit workbook
east_africa,yes,yes,birds,320,15253,Red-faced Crombec,Sylvietta whytii,232,uncommon,uncommon,standard,inaturalist-regional-frequency-v1,compare then edit workbook
east_africa,yes,yes,birds,321,5167,Montagu's Harrier,Circus pygargus,231,uncommon,uncommon,standard,inaturalist-regional-frequency-v1,compare then edit workbook
east_africa,yes,yes,birds,322,13965,White-winged Widowbird,Euplectes albonotatus,231,uncommon,uncommon,standard,inaturalist-regional-frequency-v1,compare then edit workbook
east_africa,yes,yes,birds,323,8371,Piapiac,Ptilostomus afer,231,uncommon,uncommon,standard,inaturalist-regional-frequency-v1,compare then edit workbook
east_africa,yes,yes,birds,324,145348,Black-and-white Mannikin,Spermestes bicolor,231,uncommon,uncommon,standard,inaturalist-regional-frequency-v1,compare then edit workbook
east_africa,yes,yes,birds,325,13966,Northern Red Bishop,Euplectes franciscanus,229,uncommon,uncommon,standard,inaturalist-regional-frequency-v1,compare then edit workbook
east_africa,yes,yes,birds,326,11909,Angola Swallow,Hirundo angolensis,228,uncommon,uncommon,standard,inaturalist-regional-frequency-v1,compare then edit workbook
east_africa,yes,yes,birds,327,19965,African Wood-Owl,Strix woodfordii,228,uncommon,uncommon,standard,inaturalist-regional-frequency-v1,compare then edit workbook
east_africa,yes,yes,birds,328,5484,Eastern Yellow-billed Hornbill,Tockus flavirostris,227,uncommon,uncommon,standard,inaturalist-regional-frequency-v1,compare then edit workbook
east_africa,yes,yes,birds,329,145131,Green-headed Sunbird,Cyanomitra verticalis,226,uncommon,uncommon,standard,inaturalist-regional-frequency-v1,compare then edit workbook
east_africa,yes,yes,birds,330,145335,Yellow-bellied Waxbill,Coccopygia quartinia,224,uncommon,uncommon,standard,inaturalist-regional-frequency-v1,compare then edit workbook
east_africa,yes,yes,birds,331,979654,Eastern Double-collared Sunbird,Cinnyris mediocris,223,uncommon,uncommon,standard,inaturalist-regional-frequency-v1,compare then edit workbook
east_africa,yes,yes,birds,332,3901,Eurasian Whimbrel,Numenius phaeopus,223,uncommon,uncommon,standard,inaturalist-regional-frequency-v1,compare then edit workbook
east_africa,yes,yes,birds,333,62148,Whiskered Tern,Chlidonias hybrida,222,uncommon,uncommon,standard,inaturalist-regional-frequency-v1,compare then edit workbook
east_africa,yes,yes,birds,334,14096,Cut-throat Finch,Amadina fasciata,221,uncommon,uncommon,standard,inaturalist-regional-frequency-v1,compare then edit workbook
east_africa,yes,yes,birds,335,144659,Purple Roller,Coracias naevius,221,uncommon,uncommon,standard,inaturalist-regional-frequency-v1,compare then edit workbook
east_africa,yes,yes,birds,336,145169,Beautiful Sunbird,Cinnyris pulchellus,220,uncommon,uncommon,standard,inaturalist-regional-frequency-v1,compare then edit workbook
east_africa,yes,yes,birds,337,73533,Northern Pied-Babbler,Turdoides hypoleuca,220,uncommon,uncommon,standard,inaturalist-regional-frequency-v1,compare then edit workbook
east_africa,yes,yes,birds,338,1435814,Ethiopian Bee-eater,Merops lafresnayii,217,uncommon,uncommon,standard,inaturalist-regional-frequency-v1,compare then edit workbook
east_africa,yes,yes,birds,339,367672,Abyssinian Wheatear,Oenanthe lugubris,214,uncommon,uncommon,standard,inaturalist-regional-frequency-v1,compare then edit workbook
east_africa,yes,yes,birds,340,3746,Wattled Ibis,Bostrychia carunculata,213,uncommon,uncommon,standard,inaturalist-regional-frequency-v1,compare then edit workbook
east_africa,yes,yes,birds,341,793461,Yellow-rumped Tinkerbird,Pogoniulus bilineatus,211,uncommon,uncommon,standard,inaturalist-regional-frequency-v1,compare then edit workbook
east_africa,yes,yes,birds,342,145154,Olive-bellied Sunbird,Cinnyris chloropygius,208,uncommon,uncommon,standard,inaturalist-regional-frequency-v1,compare then edit workbook
east_africa,yes,yes,birds,343,13786,Chestnut Weaver,Ploceus rubiginosus,208,uncommon,uncommon,standard,inaturalist-regional-frequency-v1,compare then edit workbook
east_africa,yes,yes,birds,344,4861,Senegal Lapwing,Vanellus lugubris,208,uncommon,uncommon,standard,inaturalist-regional-frequency-v1,compare then edit workbook
east_africa,yes,yes,birds,345,2265,Abyssinian Roller,Coracias abyssinicus,207,uncommon,uncommon,standard,inaturalist-regional-frequency-v1,compare then edit workbook
east_africa,yes,yes,birds,346,495976,Hildebrandt's Spurfowl,Pternistis hildebrandti,207,uncommon,uncommon,standard,inaturalist-regional-frequency-v1,compare then edit workbook
east_africa,yes,yes,birds,347,144763,Pink-breasted Lark,Calendulauda poecilosterna,206,uncommon,uncommon,standard,inaturalist-regional-frequency-v1,compare then edit workbook
east_africa,yes,yes,birds,348,12830,Pied Wheatear,Oenanthe pleschanka,206,uncommon,uncommon,standard,inaturalist-regional-frequency-v1,compare then edit workbook
east_africa,yes,yes,birds,349,558628,Brown-rumped Seedeater,Crithagra tristriata,205,uncommon,uncommon,standard,inaturalist-regional-frequency-v1,compare then edit workbook
east_africa,yes,yes,birds,350,204472,Common Buzzard,Buteo buteo,202,uncommon,uncommon,standard,inaturalist-regional-frequency-v1,compare then edit workbook
east_africa,yes,yes,birds,351,339680,Red-tailed Shrike,Lanius phoenicuroides,201,uncommon,uncommon,standard,inaturalist-regional-frequency-v1,compare then edit workbook
east_africa,yes,yes,birds,352,1289421,Rufous Chatterer,Argya rubiginosa,200,uncommon,uncommon,standard,inaturalist-regional-frequency-v1,compare then edit workbook
east_africa,yes,yes,birds,353,3885,Green Sandpiper,Tringa ochropus,199,uncommon,uncommon,standard,inaturalist-regional-frequency-v1,compare then edit workbook
east_africa,yes,yes,birds,354,204470,Spotted Eagle-Owl,Bubo africanus,198,uncommon,uncommon,standard,inaturalist-regional-frequency-v1,compare then edit workbook
east_africa,yes,yes,birds,355,4934,Black Heron,Egretta ardesiaca,197,uncommon,uncommon,standard,inaturalist-regional-frequency-v1,compare then edit workbook
east_africa,yes,yes,birds,356,5323,Crowned Eagle,Stephanoaetus coronatus,197,uncommon,uncommon,standard,inaturalist-regional-frequency-v1,compare then edit workbook
east_africa,yes,yes,birds,357,7689,Hunter's Cisticola,Cisticola hunteri,196,uncommon,uncommon,standard,inaturalist-regional-frequency-v1,compare then edit workbook
east_africa,yes,yes,birds,358,4593,Temminck's Courser,Cursorius temminckii,195,rare,rare,standard,inaturalist-regional-frequency-v1,compare then edit workbook
east_africa,yes,yes,birds,359,117055,Willow Warbler,Phylloscopus trochilus,193,rare,rare,standard,inaturalist-regional-frequency-v1,compare then edit workbook
east_africa,yes,yes,birds,360,5178,Pallid Harrier,Circus macrourus,192,rare,rare,standard,inaturalist-regional-frequency-v1,compare then edit workbook
east_africa,yes,yes,birds,361,4616,Crab-Plover,Dromas ardeola,192,rare,rare,standard,inaturalist-regional-frequency-v1,compare then edit workbook
east_africa,yes,yes,birds,362,12038,Red-backed Shrike,Lanius collurio,192,rare,rare,standard,inaturalist-regional-frequency-v1,compare then edit workbook
east_africa,yes,yes,birds,363,1286819,Green White-eye,Zosterops stuhlmanni,192,rare,rare,standard,inaturalist-regional-frequency-v1,compare then edit workbook
east_africa,yes,yes,birds,364,8050,Thick-billed Raven,Corvus crassirostris,191,rare,rare,standard,inaturalist-regional-frequency-v1,compare then edit workbook
east_africa,yes,yes,birds,365,144473,Hartlaub's Bustard,Lissotis hartlaubii,191,rare,rare,standard,inaturalist-regional-frequency-v1,compare then edit workbook
east_africa,yes,yes,birds,366,117136,Red-fronted Barbet,Tricholaema diademata,188,rare,rare,standard,inaturalist-regional-frequency-v1,compare then edit workbook
east_africa,yes,yes,birds,367,3328,Tambourine Dove,Turtur tympanistria,188,rare,rare,standard,inaturalist-regional-frequency-v1,compare then edit workbook
east_africa,yes,yes,birds,368,145136,Olive Sunbird,Cyanomitra olivacea,186,rare,rare,standard,inaturalist-regional-frequency-v1,compare then edit workbook
east_africa,yes,yes,birds,369,12053,Mackinnon's Shrike,Lanius mackinnoni,186,rare,rare,standard,inaturalist-regional-frequency-v1,compare then edit workbook
east_africa,yes,yes,birds,370,8006,Cape Crow,Corvus capensis,185,rare,rare,standard,inaturalist-regional-frequency-v1,compare then edit workbook
east_africa,yes,yes,birds,371,11953,Black Sawwing,Psalidoprocne pristoptera,184,rare,rare,standard,inaturalist-regional-frequency-v1,compare then edit workbook
east_africa,yes,yes,birds,372,1653,Blue-headed Coucal,Centropus monachus,183,rare,rare,standard,inaturalist-regional-frequency-v1,compare then edit workbook
east_africa,yes,yes,birds,373,4499,African Skimmer,Rynchops flavirostris,183,rare,rare,standard,inaturalist-regional-frequency-v1,compare then edit workbook
east_africa,yes,yes,birds,374,145110,Golden-breasted Starling,Lamprotornis regius,181,rare,rare,standard,inaturalist-regional-frequency-v1,compare then edit workbook
east_africa,yes,yes,birds,375,14103,Rosy-throated Longclaw,Macronyx ameliae,180,rare,rare,standard,inaturalist-regional-frequency-v1,compare then edit workbook
east_africa,yes,yes,birds,376,73475,Black-crowned Tchagra,Tchagra senegalus,180,rare,rare,standard,inaturalist-regional-frequency-v1,compare then edit workbook
east_africa,yes,yes,birds,377,13185,Southern Black-Flycatcher,Melaenornis pammelaina,178,rare,rare,standard,inaturalist-regional-frequency-v1,compare then edit workbook
east_africa,yes,yes,birds,378,7784,Gray-capped Warbler,Eminia lepida,177,rare,rare,standard,inaturalist-regional-frequency-v1,compare then edit workbook
east_africa,yes,yes,birds,379,15621,Buff-bellied Warbler,Phyllolais pulchella,177,rare,rare,standard,inaturalist-regional-frequency-v1,compare then edit workbook
east_africa,yes,yes,birds,380,14708,Sombre Greenbul,Andropadus importunus,176,rare,rare,standard,inaturalist-regional-frequency-v1,compare then edit workbook
east_africa,yes,yes,birds,381,13971,Black Bishop,Euplectes gierowii,176,rare,rare,standard,inaturalist-regional-frequency-v1,compare then edit workbook
east_africa,yes,yes,birds,382,13806,Golden Palm Weaver,Ploceus bojeri,175,rare,rare,standard,inaturalist-regional-frequency-v1,compare then edit workbook
east_africa,yes,yes,birds,383,3326,Blue-spotted Wood-Dove,Turtur afer,175,rare,rare,standard,inaturalist-regional-frequency-v1,compare then edit workbook
east_africa,yes,yes,birds,384,5244,Western Banded Snake-Eagle,Circaetus cinerascens,174,rare,rare,standard,inaturalist-regional-frequency-v1,compare then edit workbook
east_africa,yes,yes,birds,385,116882,African Blue Flycatcher,Elminia longicauda,174,rare,rare,standard,inaturalist-regional-frequency-v1,compare then edit workbook
east_africa,yes,yes,birds,386,4613,Three-banded Courser,Rhinoptilus cinctus,174,rare,rare,standard,inaturalist-regional-frequency-v1,compare then edit workbook
east_africa,yes,yes,birds,387,8580,Brubru,Nilaus afer,172,rare,rare,standard,inaturalist-regional-frequency-v1,compare then edit workbook
east_africa,yes,yes,birds,388,2226,Olive Bee-eater,Merops superciliosus,171,rare,rare,standard,inaturalist-regional-frequency-v1,compare then edit workbook
east_africa,yes,yes,birds,389,13773,Black-crowned Waxbill,Estrilda nonnula,170,rare,rare,standard,inaturalist-regional-frequency-v1,compare then edit workbook
east_africa,yes,yes,birds,390,145153,Golden-winged Sunbird,Drepanorhynchus reichenowi,169,rare,rare,standard,inaturalist-regional-frequency-v1,compare then edit workbook
east_africa,yes,yes,birds,391,144662,Tanzanian Red-billed Hornbill,Tockus ruahae,168,rare,rare,standard,inaturalist-regional-frequency-v1,compare then edit workbook
east_africa,yes,yes,birds,392,558604,Southern Citril,Crithagra hyposticta,167,rare,rare,standard,inaturalist-regional-frequency-v1,compare then edit workbook
east_africa,yes,yes,birds,393,522887,Pale Flycatcher,Agricola pallidus,165,rare,rare,standard,inaturalist-regional-frequency-v1,compare then edit workbook
east_africa,yes,yes,birds,394,1440669,Red-cowled Widowbird,Euplectes laticauda,165,rare,rare,standard,inaturalist-regional-frequency-v1,compare then edit workbook
east_africa,yes,yes,birds,395,20836,Narina Trogon,Apaloderma narina,164,rare,rare,standard,inaturalist-regional-frequency-v1,compare then edit workbook
east_africa,yes,yes,birds,396,19074,Black-winged Lovebird,Agapornis taranta,163,rare,rare,standard,inaturalist-regional-frequency-v1,compare then edit workbook
east_africa,yes,yes,birds,397,13272,White-starred Robin,Pogonocichla stellata,163,rare,rare,standard,inaturalist-regional-frequency-v1,compare then edit workbook
east_africa,yes,yes,birds,398,474333,African Swamphen,Porphyrio madagascariensis,163,rare,rare,standard,inaturalist-regional-frequency-v1,compare then edit workbook
east_africa,yes,yes,birds,399,144765,Fawn-colored Lark,Calendulauda africanoides,162,rare,rare,standard,inaturalist-regional-frequency-v1,compare then edit workbook
east_africa,yes,yes,birds,400,4892,Black-bellied Plover,Pluvialis squatarola,162,rare,rare,standard,inaturalist-regional-frequency-v1,compare then edit workbook
east_africa,yes,yes,birds,401,116946,White-headed Barbet,Lybius leucocephalus,161,rare,rare,standard,inaturalist-regional-frequency-v1,compare then edit workbook
east_africa,yes,yes,birds,402,792926,Bearded Woodpecker,Chloropicus namaquus,160,rare,rare,standard,inaturalist-regional-frequency-v1,compare then edit workbook
east_africa,yes,yes,birds,403,13785,Rüppell's Weaver,Ploceus galbula,160,rare,rare,standard,inaturalist-regional-frequency-v1,compare then edit workbook
east_africa,yes,yes,birds,404,980043,Pale White-eye,Zosterops flavilateralis,160,rare,rare,standard,inaturalist-regional-frequency-v1,compare then edit workbook
east_africa,yes,yes,birds,405,13767,Crimson-rumped Waxbill,Estrilda rhodopyga,159,rare,rare,standard,inaturalist-regional-frequency-v1,compare then edit workbook
east_africa,yes,yes,birds,406,4684,Lanner Falcon,Falco biarmicus,159,rare,rare,standard,inaturalist-regional-frequency-v1,compare then edit workbook
east_africa,yes,yes,birds,407,1583576,Northern Red-fronted Tinkerbird,Pogoniulus uropygialis,159,rare,rare,standard,inaturalist-regional-frequency-v1,compare then edit workbook
east_africa,yes,yes,birds,408,7676,Croaking Cisticola,Cisticola natalensis,158,very_rare,very_rare,standard,inaturalist-regional-frequency-v1,compare then edit workbook
east_africa,yes,yes,birds,409,13963,Black-winged Bishop,Euplectes hordeaceus,158,very_rare,very_rare,standard,inaturalist-regional-frequency-v1,compare then edit workbook
east_africa,yes,yes,birds,410,4876,Black-headed Lapwing,Vanellus tectus,158,rare,rare,standard,inaturalist-regional-frequency-v1,compare then edit workbook
east_africa,yes,yes,birds,411,7661,Chubb's Cisticola,Cisticola chubbi,157,very_rare,very_rare,standard,inaturalist-regional-frequency-v1,compare then edit workbook
east_africa,yes,yes,birds,412,59845,Lesser Kestrel,Falco naumanni,157,very_rare,very_rare,standard,inaturalist-regional-frequency-v1,compare then edit workbook
east_africa,yes,yes,birds,413,144520,Sooty Gull,Ichthyaetus hemprichii,156,very_rare,very_rare,standard,inaturalist-regional-frequency-v1,compare then edit workbook
east_africa,yes,yes,birds,414,14101,Pangani Longclaw,Macronyx aurantiigula,155,very_rare,very_rare,standard,inaturalist-regional-frequency-v1,compare then edit workbook
east_africa,yes,yes,birds,415,117070,White-crested Helmetshrike,Prionops plumatus,153,very_rare,very_rare,standard,inaturalist-regional-frequency-v1,compare then edit workbook
east_africa,yes,yes,birds,416,517005,Fischer's Starling,Lamprotornis fischeri,152,very_rare,very_rare,standard,inaturalist-regional-frequency-v1,compare then edit workbook
east_africa,yes,yes,birds,417,145019,Abyssinian Slaty-Flycatcher,Melaenornis chocolatinus,152,very_rare,very_rare,standard,inaturalist-regional-frequency-v1,compare then edit workbook
east_africa,yes,yes,birds,418,3863,Curlew Sandpiper,Calidris ferruginea,151,very_rare,very_rare,standard,inaturalist-regional-frequency-v1,compare then edit workbook
east_africa,yes,yes,birds,419,5165,African Marsh Harrier,Circus ranivorus,151,very_rare,very_rare,standard,inaturalist-regional-frequency-v1,compare then edit workbook
east_africa,yes,yes,birds,420,12784,Red-capped Robin-Chat,Cossypha natalensis,151,very_rare,very_rare,standard,inaturalist-regional-frequency-v1,compare then edit workbook
east_africa,yes,yes,fish,1,102823,Spiny Seahorse,Hippocampus histrix,566,common,common,standard,inaturalist-regional-frequency-v1,compare then edit workbook
east_africa,yes,yes,fish,2,49303,Three-spot Dascyllus,Dascyllus trimaculatus,278,common,common,standard,inaturalist-regional-frequency-v1,compare then edit workbook
east_africa,yes,yes,fish,3,180787,Allard's Anemonefish,Amphiprion allardi,275,common,common,standard,inaturalist-regional-frequency-v1,compare then edit workbook
east_africa,yes,yes,fish,4,123459,Indian Lionfish,Pterois miles,225,common,common,standard,inaturalist-regional-frequency-v1,compare then edit workbook
east_africa,yes,yes,fish,5,84970,Common Seahorse,Hippocampus kuda,209,common,common,standard,inaturalist-regional-frequency-v1,compare then edit workbook
east_africa,yes,yes,fish,6,121324,Nile Tilapia,Oreochromis niloticus,203,common,common,standard,inaturalist-regional-frequency-v1,compare then edit workbook
east_africa,yes,yes,fish,7,49401,Scissortail Sergeant,Abudefduf sexfasciatus,202,common,common,standard,inaturalist-regional-frequency-v1,compare then edit workbook
east_africa,yes,yes,fish,8,49403,Indo-Pacific Sergeant Major,Abudefduf vaigiensis,187,common,common,standard,inaturalist-regional-frequency-v1,compare then edit workbook
east_africa,yes,yes,fish,9,121375,Leaf Scorpionfish,Taenianotus triacanthus,187,common,common,standard,inaturalist-regional-frequency-v1,compare then edit workbook
east_africa,yes,yes,fish,10,113976,Goldbar Wrasse,Thalassoma hebraicum,181,common,common,standard,inaturalist-regional-frequency-v1,compare then edit workbook
east_africa,yes,yes,fish,11,48744,Indian Redfin Butterflyfish,Chaetodon trifasciatus,167,common,common,standard,inaturalist-regional-frequency-v1,compare then edit workbook
east_africa,yes,yes,fish,12,129549,Blacksaddle Toby,Canthigaster valentini,166,common,common,standard,inaturalist-regional-frequency-v1,compare then edit workbook
east_africa,yes,yes,fish,13,83290,Moorish Idol,Zanclus cornutus,157,common,common,standard,inaturalist-regional-frequency-v1,compare then edit workbook
east_africa,yes,yes,fish,14,123269,Powder Blue Tang,Acanthurus leucosternon,151,common,common,standard,inaturalist-regional-frequency-v1,compare then edit workbook
east_africa,yes,yes,fish,15,338765,Blackspotted Rubberlip,Plectorhinchus gaterinus,144,common,common,standard,inaturalist-regional-frequency-v1,compare then edit workbook
east_africa,yes,yes,fish,16,103901,Bluestreak Cleaner Wrasse,Labroides dimidiatus,140,common,common,standard,inaturalist-regional-frequency-v1,compare then edit workbook
east_africa,yes,yes,fish,17,154702,Skunk Anemonefish,Amphiprion akallopisos,138,common,common,standard,inaturalist-regional-frequency-v1,compare then edit workbook
east_africa,yes,yes,fish,18,47239,Pacific Trumpetfish,Aulostomus chinensis,138,common,common,standard,inaturalist-regional-frequency-v1,compare then edit workbook
east_africa,yes,yes,fish,19,127538,Geometric Moray,Gymnothorax griseus,137,common,common,standard,inaturalist-regional-frequency-v1,compare then edit workbook
east_africa,yes,yes,fish,20,102045,Checkerboard Wrasse,Halichoeres hortulanus,137,common,common,standard,inaturalist-regional-frequency-v1,compare then edit workbook
east_africa,yes,yes,fish,21,196837,Longbarbel Goatfish,Parupeneus macronemus,130,common,common,standard,inaturalist-regional-frequency-v1,compare then edit workbook
east_africa,yes,yes,fish,22,68028,Indian Bullethead Parrotfish,Chlorurus sordidus,129,common,common,standard,inaturalist-regional-frequency-v1,compare then edit workbook
east_africa,yes,yes,fish,23,52457,Threadfin Butterflyfish,Chaetodon auriga,124,common,common,standard,inaturalist-regional-frequency-v1,compare then edit workbook
east_africa,yes,yes,fish,24,67963,Sixbar Wrasse,Thalassoma hardwicke,124,common,common,standard,inaturalist-regional-frequency-v1,compare then edit workbook
east_africa,yes,yes,fish,25,474803,False-eye Sergeant,Abudefduf sparoides,117,common,common,standard,inaturalist-regional-frequency-v1,compare then edit workbook
east_africa,yes,yes,fish,26,82779,Sharptooth Catfish,Clarias gariepinus,115,common,common,standard,inaturalist-regional-frequency-v1,compare then edit workbook
east_africa,yes,yes,fish,27,67658,Freckled Hawkfish,Paracirrhites forsteri,113,common,common,standard,inaturalist-regional-frequency-v1,compare then edit workbook
east_africa,yes,yes,fish,28,123268,Blackblotched Porcupinefish,Diodon liturosus,112,common,common,standard,inaturalist-regional-frequency-v1,compare then edit workbook
east_africa,yes,yes,fish,29,53567,Crown Squirrelfish,Sargocentron diadema,112,common,common,standard,inaturalist-regional-frequency-v1,compare then edit workbook
east_africa,yes,yes,fish,30,152996,Painted Frogfish,Antennarius pictus,110,common,common,standard,inaturalist-regional-frequency-v1,compare then edit workbook
east_africa,yes,yes,fish,31,354111,Arabian Monocle Bream,Scolopsis ghanam,109,common,common,standard,inaturalist-regional-frequency-v1,compare then edit workbook
east_africa,yes,yes,fish,32,52509,Green Bird Wrasse,Gomphosus caeruleus,107,common,common,standard,inaturalist-regional-frequency-v1,compare then edit workbook
east_africa,yes,yes,fish,33,69859,Longfin Batfish,Platax teira,105,common,common,standard,inaturalist-regional-frequency-v1,compare then edit workbook
east_africa,yes,yes,fish,34,201024,Thumbprint Emperor,Lethrinus harak,104,common,common,standard,inaturalist-regional-frequency-v1,compare then edit workbook
east_africa,yes,yes,fish,35,54441,Snowflake Moray,Echidna nebulosa,103,common,common,standard,inaturalist-regional-frequency-v1,compare then edit workbook
east_africa,yes,yes,fish,36,144017,White-spotted Puffer,Arothron hispidus,100,common,common,standard,inaturalist-regional-frequency-v1,compare then edit workbook
east_africa,yes,yes,fish,37,49922,Dusky Gregory,Stegastes nigricans,100,common,common,standard,inaturalist-regional-frequency-v1,compare then edit workbook
east_africa,yes,yes,fish,38,84175,Blue-barred Parrotfish,Scarus ghobban,99,common,common,standard,inaturalist-regional-frequency-v1,compare then edit workbook
east_africa,yes,yes,fish,39,47316,Raccoon Butterflyfish,Chaetodon lunula,97,common,common,standard,inaturalist-regional-frequency-v1,compare then edit workbook
east_africa,yes,yes,fish,40,1325088,Jewel Damsel,Stegastes lacrymatus,97,common,common,standard,inaturalist-regional-frequency-v1,compare then edit workbook
east_africa,yes,yes,fish,41,179873,Indian Dascyllus,Dascyllus carneus,96,common,common,standard,inaturalist-regional-frequency-v1,compare then edit workbook
east_africa,yes,yes,fish,42,121321,Giant Frogfish,Antennarius commerson,95,common,common,standard,inaturalist-regional-frequency-v1,compare then edit workbook
east_africa,yes,yes,fish,43,84116,Crescent-tail Bigeye,Priacanthus hamrur,93,common,common,standard,inaturalist-regional-frequency-v1,compare then edit workbook
east_africa,yes,yes,fish,44,49378,Yellow Boxfish,Ostracion cubicum,92,common,common,standard,inaturalist-regional-frequency-v1,compare then edit workbook
east_africa,yes,yes,fish,45,84181,Emperor Angelfish,Pomacanthus imperator,92,common,common,standard,inaturalist-regional-frequency-v1,compare then edit workbook
east_africa,yes,yes,fish,46,113980,Moon Wrasse,Thalassoma lunare,91,common,common,standard,inaturalist-regional-frequency-v1,compare then edit workbook
east_africa,yes,yes,fish,47,1314828,Indian Half-and-half Chromis,Pycnochromis fieldi,90,common,common,standard,inaturalist-regional-frequency-v1,compare then edit workbook
east_africa,yes,yes,fish,48,143046,Robust Ghostpipefish,Solenostomus cyanopterus,88,common,common,standard,inaturalist-regional-frequency-v1,compare then edit workbook
east_africa,yes,yes,fish,49,123525,Peppered Moray,Gymnothorax pictus,86,common,common,standard,inaturalist-regional-frequency-v1,compare then edit workbook
east_africa,yes,yes,fish,50,98511,Queen Coris,Coris formosa,85,common,common,standard,inaturalist-regional-frequency-v1,compare then edit workbook
east_africa,yes,yes,fish,51,97167,Blacklip Butterflyfish,Chaetodon kleinii,84,common,common,standard,inaturalist-regional-frequency-v1,compare then edit workbook
east_africa,yes,yes,fish,52,187283,Indian Gold-ring Bristletooth,Ctenochaetus truncatus,83,common,common,standard,inaturalist-regional-frequency-v1,compare then edit workbook
east_africa,yes,yes,fish,53,127530,Lyretail Anthias,Pseudanthias squamipinnis,83,common,common,standard,inaturalist-regional-frequency-v1,compare then edit workbook
east_africa,yes,yes,fish,54,107885,Blue-spotted Tilapia,Oreochromis leucostictus,81,common,common,standard,inaturalist-regional-frequency-v1,compare then edit workbook
east_africa,yes,yes,fish,55,52456,Peacock Grouper,Cephalopholis argus,80,common,common,standard,inaturalist-regional-frequency-v1,compare then edit workbook
east_africa,yes,yes,fish,56,196574,Spotted Sandperch,Parapercis hexophtalma,79,common,common,standard,inaturalist-regional-frequency-v1,compare then edit workbook
east_africa,yes,yes,fish,57,118574,Bluestriped Snapper,Lutjanus kasmira,77,common,common,standard,inaturalist-regional-frequency-v1,compare then edit workbook
east_africa,yes,yes,fish,58,54679,Tiger Snake Eel,Myrichthys maculosus,77,common,common,standard,inaturalist-regional-frequency-v1,compare then edit workbook
east_africa,yes,yes,fish,59,59931,Convict Surgeonfish,Acanthurus triostegus,76,common,common,standard,inaturalist-regional-frequency-v1,compare then edit workbook
east_africa,yes,yes,fish,60,69858,Round Batfish,Platax orbicularis,75,common,common,standard,inaturalist-regional-frequency-v1,compare then edit workbook
east_africa,yes,yes,fish,61,204571,Blackspot Snapper,Lutjanus fulviflamma,74,common,common,standard,inaturalist-regional-frequency-v1,compare then edit workbook
east_africa,yes,yes,fish,62,57743,Orangestripe Triggerfish,Balistapus undulatus,73,common,common,standard,inaturalist-regional-frequency-v1,compare then edit workbook
east_africa,yes,yes,fish,63,199600,Thornback Cowfish,Lactoria fornasini,73,common,common,standard,inaturalist-regional-frequency-v1,compare then edit workbook
east_africa,yes,yes,fish,64,47527,Spotted Boxfish,Ostracion meleagris,72,common,common,standard,inaturalist-regional-frequency-v1,compare then edit workbook
east_africa,yes,yes,fish,65,119310,Sulfur Damsel,Pomacentrus sulfureus,72,common,common,standard,inaturalist-regional-frequency-v1,compare then edit workbook
east_africa,yes,yes,fish,66,49641,Brown Tang,Zebrasoma scopas,71,common,common,standard,inaturalist-regional-frequency-v1,compare then edit workbook
east_africa,yes,yes,fish,67,110019,Semicircle Angelfish,Pomacanthus semicirculatus,70,common,common,standard,inaturalist-regional-frequency-v1,compare then edit workbook
east_africa,yes,yes,fish,68,119385,Blackspotted Puffer,Arothron nigropunctatus,68,common,common,standard,inaturalist-regional-frequency-v1,compare then edit workbook
east_africa,yes,yes,fish,69,97311,Tripletail Maori Wrasse,Cheilinus trilobatus,68,common,common,standard,inaturalist-regional-frequency-v1,compare then edit workbook
east_africa,yes,yes,fish,70,914304,Indian Ocean Humbug,Dascyllus abudafur,68,common,common,standard,inaturalist-regional-frequency-v1,compare then edit workbook
east_africa,yes,yes,fish,71,102080,Zigzag Wrasse,Halichoeres scapularis,68,common,common,standard,inaturalist-regional-frequency-v1,compare then edit workbook
east_africa,yes,yes,fish,72,112145,Sixband Parrotfish,Scarus frenatus,68,common,common,standard,inaturalist-regional-frequency-v1,compare then edit workbook
east_africa,yes,yes,fish,73,123124,Variegated Lizardfish,Synodus variegatus,67,common,common,standard,inaturalist-regional-frequency-v1,compare then edit workbook
east_africa,yes,yes,fish,74,100099,Blacktip Grouper,Epinephelus fasciatus,66,common,common,standard,inaturalist-regional-frequency-v1,compare then edit workbook
east_africa,yes,yes,fish,75,173412,Guppy,Poecilia reticulata,64,common,common,standard,inaturalist-regional-frequency-v1,compare then edit workbook
east_africa,yes,yes,fish,76,83318,Guineafowl Puffer,Arothron meleagris,62,common,common,standard,inaturalist-regional-frequency-v1,compare then edit workbook
east_africa,yes,yes,fish,77,135280,Black-and-white Snapper,Macolor niger,62,common,common,standard,inaturalist-regional-frequency-v1,compare then edit workbook
east_africa,yes,yes,fish,78,130526,Spotfin Squirrelfish,Neoniphon sammara,62,common,common,standard,inaturalist-regional-frequency-v1,compare then edit workbook
east_africa,yes,yes,fish,79,111389,Regal Angelfish,Pygoplites diacanthus,62,common,common,standard,inaturalist-regional-frequency-v1,compare then edit workbook
east_africa,yes,yes,fish,80,1556597,Smallscale Scorpionfish,Scorpaenopsis oxycephala,62,common,common,standard,inaturalist-regional-frequency-v1,compare then edit workbook
east_africa,yes,yes,fish,81,98505,Spot-tail Wrasse,Coris caudimacula,61,common,common,standard,inaturalist-regional-frequency-v1,compare then edit workbook
east_africa,yes,yes,fish,82,180389,Lined Bristletooth,Ctenochaetus striatus,61,common,common,standard,inaturalist-regional-frequency-v1,compare then edit workbook
east_africa,yes,yes,fish,83,372161,Indian Ocean Crocodilefish,Papilloculiceps longiceps,61,common,common,standard,inaturalist-regional-frequency-v1,compare then edit workbook
east_africa,yes,yes,fish,84,1571801,Spotfin Lionfish,Pteropterus antennatus,61,common,common,standard,inaturalist-regional-frequency-v1,compare then edit workbook
east_africa,yes,yes,fish,85,196931,Shortspine Porcupinefish,Cyclichthys orbicularis,60,common,common,standard,inaturalist-regional-frequency-v1,compare then edit workbook
east_africa,yes,yes,fish,86,471653,Whitespotted Rabbitfish,Siganus sutor,59,common,common,standard,inaturalist-regional-frequency-v1,compare then edit workbook
east_africa,yes,yes,fish,87,52465,Flagtail Triggerfish,Sufflamen chrysopterum,57,common,common,standard,inaturalist-regional-frequency-v1,compare then edit workbook
east_africa,yes,yes,fish,88,196933,Whitebelly Toby,Canthigaster bennetti,56,common,common,standard,inaturalist-regional-frequency-v1,compare then edit workbook
east_africa,yes,yes,fish,89,445728,Peter's Toby,Canthigaster petersii,56,common,common,standard,inaturalist-regional-frequency-v1,compare then edit workbook
east_africa,yes,yes,fish,90,116736,Whitemouth Moray,Gymnothorax meleagris,56,common,common,standard,inaturalist-regional-frequency-v1,compare then edit workbook
east_africa,yes,yes,fish,91,417616,Red Sea Moses Sole,Pardachirus marmoratus,56,common,common,standard,inaturalist-regional-frequency-v1,compare then edit workbook
east_africa,yes,yes,fish,92,341863,Caerulean Damsel,Pomacentrus caeruleus,55,common,common,standard,inaturalist-regional-frequency-v1,compare then edit workbook
east_africa,yes,yes,fish,93,1561489,Blue-headed Wrasse,Thalassoma amblycephalum,55,common,common,standard,inaturalist-regional-frequency-v1,compare then edit workbook
east_africa,yes,yes,fish,94,132687,Pixy Hawkfish,Cirrhitichthys oxycephalus,54,common,common,standard,inaturalist-regional-frequency-v1,compare then edit workbook
east_africa,yes,yes,fish,95,129552,Network Pipefish,Corythoichthys flavofasciatus,54,common,common,standard,inaturalist-regional-frequency-v1,compare then edit workbook
east_africa,yes,yes,fish,96,117459,Humpnose Bigeye Bream,Monotaxis grandoculis,54,common,common,standard,inaturalist-regional-frequency-v1,compare then edit workbook
east_africa,yes,yes,fish,97,338073,Onespot Demoiselle,Chrysiptera unimaculata,53,uncommon,uncommon,standard,inaturalist-regional-frequency-v1,compare then edit workbook
east_africa,yes,yes,fish,98,49269,Longspined Porcupinefish,Diodon holocanthus,52,uncommon,uncommon,standard,inaturalist-regional-frequency-v1,compare then edit workbook
east_africa,yes,yes,fish,99,196838,Dot-and-dash Goatfish,Parupeneus barberinus,52,uncommon,uncommon,standard,inaturalist-regional-frequency-v1,compare then edit workbook
east_africa,yes,yes,fish,100,49210,Striped Eel Catfish,Plotosus lineatus,52,uncommon,uncommon,standard,inaturalist-regional-frequency-v1,compare then edit workbook
east_africa,yes,yes,fish,101,179880,Blue-green Chromis,Chromis viridis,51,uncommon,uncommon,standard,inaturalist-regional-frequency-v1,compare then edit workbook
east_africa,yes,yes,fish,102,64490,Reef Stonefish,Synanceia verrucosa,51,uncommon,uncommon,standard,inaturalist-regional-frequency-v1,compare then edit workbook
east_africa,yes,yes,fish,103,113200,Whiteline Wrasse,Stethojulis albovittata,50,uncommon,uncommon,standard,inaturalist-regional-frequency-v1,compare then edit workbook
east_africa,yes,yes,fish,104,311609,Green Damselfish,Amblyglyphidodon indicus,49,uncommon,uncommon,standard,inaturalist-regional-frequency-v1,compare then edit workbook
east_africa,yes,yes,fish,105,181019,Ternate Chromis,Chromis ternatensis,49,uncommon,uncommon,standard,inaturalist-regional-frequency-v1,compare then edit workbook
east_africa,yes,yes,fish,106,208535,Rufigi Tilapia,Oreochromis urolepis,49,uncommon,uncommon,standard,inaturalist-regional-frequency-v1,compare then edit workbook
east_africa,yes,yes,fish,107,96498,Star-eye Parrotfish,Calotomus carolinus,48,uncommon,uncommon,standard,inaturalist-regional-frequency-v1,compare then edit workbook
east_africa,yes,yes,fish,108,97211,Yellowhead Butterflyfish,Chaetodon xanthocephalus,48,uncommon,uncommon,standard,inaturalist-regional-frequency-v1,compare then edit workbook
east_africa,yes,yes,fish,109,49364,Richardson's Moray,Gymnothorax richardsonii,48,uncommon,uncommon,standard,inaturalist-regional-frequency-v1,compare then edit workbook
east_africa,yes,yes,fish,110,83879,Paletail Unicornfish,Naso brevirostris,48,uncommon,uncommon,standard,inaturalist-regional-frequency-v1,compare then edit workbook
east_africa,yes,yes,fish,111,52399,Undulated Moray,Gymnothorax undulatus,47,uncommon,uncommon,standard,inaturalist-regional-frequency-v1,compare then edit workbook
east_africa,yes,yes,fish,112,51376,Oriental Flying Gurnard,Dactyloptena orientalis,46,uncommon,uncommon,standard,inaturalist-regional-frequency-v1,compare then edit workbook
east_africa,yes,yes,fish,113,57399,Blue-spotted Cornetfish,Fistularia commersonii,46,uncommon,uncommon,standard,inaturalist-regional-frequency-v1,compare then edit workbook
east_africa,yes,yes,fish,114,123392,Titan Triggerfish,Balistoides viridescens,45,uncommon,uncommon,standard,inaturalist-regional-frequency-v1,compare then edit workbook
east_africa,yes,yes,fish,115,97312,Cigar Wrasse,Cheilio inermis,45,uncommon,uncommon,standard,inaturalist-regional-frequency-v1,compare then edit workbook
east_africa,yes,yes,fish,116,52313,Spotted Porcupinefish,Diodon hystrix,45,uncommon,uncommon,standard,inaturalist-regional-frequency-v1,compare then edit workbook
east_africa,yes,yes,fish,117,121740,Yellowmargin Moray,Gymnothorax flavimarginatus,45,uncommon,uncommon,standard,inaturalist-regional-frequency-v1,compare then edit workbook
east_africa,yes,yes,fish,118,208069,Yellowback Fusilier,Caesio xanthonota,44,uncommon,uncommon,standard,inaturalist-regional-frequency-v1,compare then edit workbook
east_africa,yes,yes,fish,119,49639,Coral Grouper,Cephalopholis miniata,44,uncommon,uncommon,standard,inaturalist-regional-frequency-v1,compare then edit workbook
east_africa,yes,yes,fish,120,194784,Fiveline Cardinalfish,Cheilodipterus quinquelineatus,44,uncommon,uncommon,standard,inaturalist-regional-frequency-v1,compare then edit workbook
east_africa,yes,yes,fish,121,100990,Forceps Butterflyfish,Forcipiger flavissimus,44,uncommon,uncommon,standard,inaturalist-regional-frequency-v1,compare then edit workbook
east_africa,yes,yes,fish,122,47578,Arc-eye Hawkfish,Paracirrhites arcatus,44,uncommon,uncommon,standard,inaturalist-regional-frequency-v1,compare then edit workbook
east_africa,yes,yes,fish,123,97165,Spotted Butterflyfish,Chaetodon guttatissimus,43,uncommon,uncommon,standard,inaturalist-regional-frequency-v1,compare then edit workbook
east_africa,yes,yes,fish,124,95813,Axilspot Hogfish,Bodianus axillaris,42,uncommon,uncommon,standard,inaturalist-regional-frequency-v1,compare then edit workbook
east_africa,yes,yes,fish,125,132396,Painted Sweetlips,Diagramma pictum,42,uncommon,uncommon,standard,inaturalist-regional-frequency-v1,compare then edit workbook
east_africa,yes,yes,fish,126,49979,Zebra Moray,Gymnomuraena zebra,41,uncommon,uncommon,standard,inaturalist-regional-frequency-v1,compare then edit workbook
east_africa,yes,yes,fish,127,82355,Napoleon Wrasse,Cheilinus undulatus,40,uncommon,uncommon,standard,inaturalist-regional-frequency-v1,compare then edit workbook
east_africa,yes,yes,fish,128,334629,Weber's Puller,Chromis weberi,40,uncommon,uncommon,standard,inaturalist-regional-frequency-v1,compare then edit workbook
east_africa,yes,yes,fish,129,142704,Humpback Snapper,Lutjanus gibbus,40,uncommon,uncommon,standard,inaturalist-regional-frequency-v1,compare then edit workbook
east_africa,yes,yes,fish,130,194743,Violet Soldierfish,Myripristis violacea,40,uncommon,uncommon,standard,inaturalist-regional-frequency-v1,compare then edit workbook
east_africa,yes,yes,fish,131,1571793,African Lionfish,Pteropterus mombasae,40,uncommon,uncommon,standard,inaturalist-regional-frequency-v1,compare then edit workbook
east_africa,yes,yes,fish,132,341387,Twospot Demoiselle,Chrysiptera biocellata,39,rare,rare,standard,inaturalist-regional-frequency-v1,compare then edit workbook
east_africa,yes,yes,fish,133,102631,Longfin Bannerfish,Heniochus acuminatus,39,uncommon,uncommon,standard,inaturalist-regional-frequency-v1,compare then edit workbook
east_africa,yes,yes,fish,134,103900,Bicolor Cleaner Wrasse,Labroides bicolor,39,uncommon,uncommon,standard,inaturalist-regional-frequency-v1,compare then edit workbook
east_africa,yes,yes,fish,135,125802,Mangrove Red Snapper,Lutjanus argentimaculatus,39,uncommon,uncommon,standard,inaturalist-regional-frequency-v1,compare then edit workbook
east_africa,yes,yes,fish,136,1571758,Red Sea Dwarf Lionfish,Neochirus hemprichi,39,rare,rare,standard,inaturalist-regional-frequency-v1,compare then edit workbook
east_africa,yes,yes,fish,137,108076,Linedcheek Wrasse,Oxycheilinus digramma,39,uncommon,uncommon,standard,inaturalist-regional-frequency-v1,compare then edit workbook
east_africa,yes,yes,fish,138,341862,Goldspotted Sweetlips,Plectorhinchus flavomaculatus,39,rare,rare,standard,inaturalist-regional-frequency-v1,compare then edit workbook
east_africa,yes,yes,fish,139,425272,Iridescent Cardinalfish,Pristiapogon kallopterus,39,rare,rare,standard,inaturalist-regional-frequency-v1,compare then edit workbook
east_africa,yes,yes,fish,140,272548,Bentstick Pipefish,Trachyrhamphus bicoarctatus,39,uncommon,uncommon,standard,inaturalist-regional-frequency-v1,compare then edit workbook
east_africa,yes,yes,fish,141,56559,Flowery Rockcod,Epinephelus fuscoguttatus,38,rare,rare,standard,inaturalist-regional-frequency-v1,compare then edit workbook
east_africa,yes,yes,fish,142,196628,Shoulderspot Sandgoby,Gnatholepis anjerensis,38,rare,rare,standard,inaturalist-regional-frequency-v1,compare then edit workbook
east_africa,yes,yes,fish,143,52498,Palenose Parrotfish,Scarus psittacus,38,rare,rare,standard,inaturalist-regional-frequency-v1,compare then edit workbook
east_africa,yes,yes,fish,144,52460,Houndfish,Tylosurus crocodilus,38,rare,rare,standard,inaturalist-regional-frequency-v1,compare then edit workbook
east_africa,yes,yes,fish,145,121597,Eyestripe Surgeonfish,Acanthurus dussumieri,37,rare,rare,standard,inaturalist-regional-frequency-v1,compare then edit workbook
east_africa,yes,yes,fish,146,94736,Bloyet's Cichlid,Astatotilapia bloyeti,37,rare,rare,standard,inaturalist-regional-frequency-v1,compare then edit workbook
east_africa,yes,yes,fish,147,123690,Bluefin Trevally,Caranx melampygus,37,rare,rare,standard,inaturalist-regional-frequency-v1,compare then edit workbook
east_africa,yes,yes,fish,148,83884,Lagoon Triggerfish,Rhinecanthus aculeatus,37,rare,rare,standard,inaturalist-regional-frequency-v1,compare then edit workbook
east_africa,yes,yes,fish,149,97207,Chevron Butterflyfish,Chaetodon trifascialis,36,rare,rare,standard,inaturalist-regional-frequency-v1,compare then edit workbook
east_africa,yes,yes,fish,150,102579,Barred Thicklip,Hemigymnus fasciatus,36,rare,rare,standard,inaturalist-regional-frequency-v1,compare then edit workbook
east_africa,yes,yes,fish,151,180388,Indian Sailfin Tang,Zebrasoma desjardinii,36,rare,rare,standard,inaturalist-regional-frequency-v1,compare then edit workbook
east_africa,yes,yes,fish,152,196936,Starry Puffer,Arothron stellatus,35,rare,rare,standard,inaturalist-regional-frequency-v1,compare then edit workbook
east_africa,yes,yes,fish,153,136416,Reeftop Pipefish,Corythoichthys haematopterus,35,rare,rare,standard,inaturalist-regional-frequency-v1,compare then edit workbook
east_africa,yes,yes,fish,154,180786,Harlequin Snake Eel,Myrichthys colubrinus,35,rare,rare,standard,inaturalist-regional-frequency-v1,compare then edit workbook
east_africa,yes,yes,fish,155,121705,Lieutenant Surgeonfish,Acanthurus tennentii,34,very_rare,very_rare,standard,inaturalist-regional-frequency-v1,compare then edit workbook
east_africa,yes,yes,fish,156,415123,Yellow-eyed Puffer,Arothron immaculatus,34,very_rare,very_rare,standard,inaturalist-regional-frequency-v1,compare then edit workbook
east_africa,yes,yes,fish,157,612804,Redspot barb,Enteromius kerstenii,34,very_rare,very_rare,standard,inaturalist-regional-frequency-v1,compare then edit workbook
east_africa,yes,yes,fish,158,100121,Honeycomb Grouper,Epinephelus merra,34,rare,rare,standard,inaturalist-regional-frequency-v1,compare then edit workbook
east_africa,yes,yes,fish,159,196904,Mimic Filefish,Paraluteres prionurus,34,very_rare,very_rare,standard,inaturalist-regional-frequency-v1,compare then edit workbook
east_africa,yes,yes,fish,160,68720,Barred Mudskipper,Periophthalmus argentilineatus,34,rare,rare,standard,inaturalist-regional-frequency-v1,compare then edit workbook
east_africa,yes,yes,mammals,1,43694,African Savanna Elephant,Loxodonta africana,8871,common,common,legendary,inaturalist-regional-frequency-v1,compare then edit workbook
east_africa,yes,yes,mammals,2,42149,Common Hippopotamus,Hippopotamus amphibius,5666,common,common,standard,inaturalist-regional-frequency-v1,compare then edit workbook
east_africa,yes,yes,mammals,3,74832,Olive Baboon,Papio anubis,5416,common,common,standard,inaturalist-regional-frequency-v1,compare then edit workbook
east_africa,yes,yes,mammals,4,41886,Spotted Hyena,Crocuta crocuta,3977,common,common,standard,inaturalist-regional-frequency-v1,compare then edit workbook
east_africa,yes,yes,mammals,5,68137,Vervet Monkey,Chlorocebus pygerythrus,2717,common,common,standard,inaturalist-regional-frequency-v1,compare then edit workbook
east_africa,yes,yes,mammals,6,42122,Common Warthog,Phacochoerus africanus,1680,common,common,standard,inaturalist-regional-frequency-v1,compare then edit workbook
east_africa,yes,yes,mammals,7,74321,Thomson's Gazelle,Eudorcas thomsonii,1659,common,common,standard,inaturalist-regional-frequency-v1,compare then edit workbook
east_africa,yes,yes,mammals,8,43335,Plains Zebra,Equus quagga,1601,common,common,standard,inaturalist-regional-frequency-v1,compare then edit workbook
east_africa,yes,yes,mammals,9,42278,Impala,Aepyceros melampus,1460,common,common,standard,inaturalist-regional-frequency-v1,compare then edit workbook
east_africa,yes,yes,mammals,10,41921,Banded Mongoose,Mungos mungo,1435,common,common,standard,inaturalist-regional-frequency-v1,compare then edit workbook
east_africa,yes,yes,mammals,11,43088,Bush Hyrax,Heterohyrax brucei,1338,common,common,standard,inaturalist-regional-frequency-v1,compare then edit workbook
east_africa,yes,yes,mammals,12,42328,Waterbuck,Kobus ellipsiprymnus,1159,common,common,standard,inaturalist-regional-frequency-v1,compare then edit workbook
east_africa,yes,yes,mammals,13,42405,African Buffalo,Syncerus caffer,1111,common,common,standard,inaturalist-regional-frequency-v1,compare then edit workbook
east_africa,yes,yes,mammals,14,67683,Yellow Baboon,Papio cynocephalus,1108,common,common,standard,inaturalist-regional-frequency-v1,compare then edit workbook
east_africa,yes,yes,mammals,15,1431867,Southern Bushbuck,Tragelaphus sylvaticus,1087,common,common,standard,inaturalist-regional-frequency-v1,compare then edit workbook
east_africa,yes,yes,mammals,16,1510573,Reticulated Giraffe,Giraffa reticulata,1027,common,common,standard,inaturalist-regional-frequency-v1,compare then edit workbook
east_africa,yes,yes,mammals,17,41906,Common Dwarf Mongoose,Helogale parvula,944,common,common,standard,inaturalist-regional-frequency-v1,compare then edit workbook
east_africa,yes,yes,mammals,18,1430935,Cavendish's Dik-Dik,Madoqua cavendishi,942,common,common,standard,inaturalist-regional-frequency-v1,compare then edit workbook
east_africa,yes,yes,mammals,19,43486,Blue Monkey,Cercopithecus mitis,838,common,common,standard,inaturalist-regional-frequency-v1,compare then edit workbook
east_africa,yes,yes,mammals,20,1210966,Black-backed Jackal,Lupulella mesomelas,746,common,common,standard,inaturalist-regional-frequency-v1,compare then edit workbook
east_africa,yes,yes,mammals,21,42280,Common Wildebeest,Connochaetes taurinus,720,common,common,standard,inaturalist-regional-frequency-v1,compare then edit workbook
east_africa,yes,yes,mammals,22,43339,Grévy's Zebra,Equus grevyi,700,common,common,standard,inaturalist-regional-frequency-v1,compare then edit workbook
east_africa,yes,yes,mammals,23,326032,Zanzibar Red Colobus Monkey,Piliocolobus kirkii,649,common,common,standard,inaturalist-regional-frequency-v1,compare then edit workbook
east_africa,yes,yes,mammals,24,42304,Bohor Reedbuck,Redunca redunca,572,common,common,standard,inaturalist-regional-frequency-v1,compare then edit workbook
east_africa,yes,yes,mammals,25,1430933,Hinde's Dik-Dik,Madoqua hindei,562,common,common,standard,inaturalist-regional-frequency-v1,compare then edit workbook
east_africa,yes,yes,mammals,26,1643992,Rusty-spotted Genet,Genetta fieldiana,550,common,common,standard,inaturalist-regional-frequency-v1,compare then edit workbook
east_africa,yes,yes,mammals,27,1510574,Maasai Giraffe,Giraffa tippelskirchi,535,common,common,standard,inaturalist-regional-frequency-v1,compare then edit workbook
east_africa,yes,yes,mammals,28,46206,Unstriped Ground Squirrel,Xerus rutilus,531,common,common,standard,inaturalist-regional-frequency-v1,compare then edit workbook
east_africa,yes,yes,mammals,29,46116,Ochre Bush Squirrel,Paraxerus ochraceus,524,common,common,standard,inaturalist-regional-frequency-v1,compare then edit workbook
east_africa,yes,yes,mammals,30,74770,Suni,Nesotragus moschatus,489,common,common,standard,inaturalist-regional-frequency-v1,compare then edit workbook
east_africa,yes,yes,mammals,31,566540,L'Hoest's Monkey,Allochrocebus lhoesti,464,common,common,standard,inaturalist-regional-frequency-v1,compare then edit workbook
east_africa,yes,yes,mammals,32,41964,Lion,Panthera leo,462,common,common,legendary,inaturalist-regional-frequency-v1,compare then edit workbook
east_africa,yes,yes,mammals,33,1075512,Mount Kilimanjaro Guereza,Colobus caudatus,457,common,common,standard,inaturalist-regional-frequency-v1,compare then edit workbook
east_africa,yes,yes,mammals,34,42360,Kirk's Dik-dik,Madoqua kirkii,439,common,common,standard,inaturalist-regional-frequency-v1,compare then edit workbook
east_africa,yes,yes,mammals,35,40827,Straw-coloured Fruit Bat,Eidolon helvum,431,common,common,standard,inaturalist-regional-frequency-v1,compare then edit workbook
east_africa,yes,yes,mammals,36,1075514,Mantled Guereza,Colobus guereza,428,common,common,standard,inaturalist-regional-frequency-v1,compare then edit workbook
east_africa,yes,yes,mammals,37,1431331,Harvey's Duiker,Cephalophorus harveyi,420,common,common,standard,inaturalist-regional-frequency-v1,compare then edit workbook
east_africa,yes,yes,mammals,38,41328,Yellow-winged Bat,Lavia frons,369,common,common,standard,inaturalist-regional-frequency-v1,compare then edit workbook
east_africa,yes,yes,mammals,39,45671,Nile Grass Rat,Arvicanthis niloticus,354,common,common,standard,inaturalist-regional-frequency-v1,compare then edit workbook
east_africa,yes,yes,mammals,40,502997,Ashy Red Colobus,Piliocolobus tephrosceles,350,common,common,standard,inaturalist-regional-frequency-v1,compare then edit workbook
east_africa,yes,yes,mammals,41,825289,African Wolf,Canis lupaster,323,common,common,standard,inaturalist-regional-frequency-v1,compare then edit workbook
east_africa,yes,yes,mammals,42,43523,Grivet Monkey,Chlorocebus aethiops,321,common,common,standard,inaturalist-regional-frequency-v1,compare then edit workbook
east_africa,yes,yes,mammals,43,43226,Four-toed Sengi,Petrodromus tetradactylus,315,common,common,standard,inaturalist-regional-frequency-v1,compare then edit workbook
east_africa,yes,yes,mammals,44,1558607,African Savanna Hare,Lepus microtis,314,common,common,standard,inaturalist-regional-frequency-v1,compare then edit workbook
east_africa,yes,yes,mammals,45,43086,Rock Hyrax,Procavia capensis,310,common,common,standard,inaturalist-regional-frequency-v1,compare then edit workbook
east_africa,yes,yes,mammals,46,1430932,Thomas's Dik-dik,Madoqua thomasi,297,common,common,standard,inaturalist-regional-frequency-v1,compare then edit workbook
east_africa,yes,yes,mammals,47,74414,Common Slender Mongoose,Herpestes sanguineus,290,common,common,standard,inaturalist-regional-frequency-v1,compare then edit workbook
east_africa,yes,yes,mammals,48,74191,Tantalus Monkey,Chlorocebus tantalus,275,common,common,standard,inaturalist-regional-frequency-v1,compare then edit workbook
east_africa,yes,yes,mammals,49,43092,Southern Tree Hyrax,Dendrohyrax arboreus,262,common,common,standard,inaturalist-regional-frequency-v1,compare then edit workbook
east_africa,yes,yes,mammals,50,42380,Oribi,Ourebia ourebi,260,common,common,standard,inaturalist-regional-frequency-v1,compare then edit workbook
east_africa,yes,yes,mammals,51,1453959,Southern Giant Pouched Rat,Cricetomys ansorgei,259,common,common,standard,inaturalist-regional-frequency-v1,compare then edit workbook
east_africa,yes,yes,mammals,52,42384,Klipspringer,Oreotragus oreotragus,256,common,common,standard,inaturalist-regional-frequency-v1,compare then edit workbook
east_africa,yes,yes,mammals,53,74724,Grant's Gazelle,Nanger granti,242,common,common,standard,inaturalist-regional-frequency-v1,compare then edit workbook
east_africa,yes,yes,mammals,54,44171,Crested Porcupine,Hystrix cristata,236,common,common,standard,inaturalist-regional-frequency-v1,compare then edit workbook
east_africa,yes,yes,mammals,55,1596257,Ugandan grey-cheeked mangabey,Lophocebus ugandae,234,common,common,standard,inaturalist-regional-frequency-v1,compare then edit workbook
east_africa,yes,yes,mammals,56,41939,White-tailed Mongoose,Ichneumia albicauda,231,common,common,standard,inaturalist-regional-frequency-v1,compare then edit workbook
east_africa,yes,yes,mammals,57,42418,Hartebeest,Alcelaphus buselaphus,226,common,common,standard,inaturalist-regional-frequency-v1,compare then edit workbook
east_africa,yes,yes,mammals,58,42120,Giant Forest Hog,Hylochoerus meinertzhageni,218,common,common,standard,inaturalist-regional-frequency-v1,compare then edit workbook
east_africa,yes,yes,mammals,59,43055,Four-toed Hedgehog,Atelerix albiventris,215,common,common,standard,inaturalist-regional-frequency-v1,compare then edit workbook
east_africa,yes,yes,mammals,60,42343,Mountain Nyala,Tragelaphus buxtoni,215,common,common,standard,inaturalist-regional-frequency-v1,compare then edit workbook
east_africa,yes,yes,mammals,61,41955,Cheetah,Acinonyx jubatus,208,common,common,legendary,inaturalist-regional-frequency-v1,compare then edit workbook
east_africa,yes,yes,mammals,62,46196,Red-legged Sun Squirrel,Heliosciurus rufobrachium,196,common,common,standard,inaturalist-regional-frequency-v1,compare then edit workbook
east_africa,yes,yes,mammals,63,41627,African Civet,Civettictis civetta,191,common,common,standard,inaturalist-regional-frequency-v1,compare then edit workbook
east_africa,yes,yes,mammals,64,118552,Domestic Cat,Felis catus,178,common,common,standard,inaturalist-regional-frequency-v1,compare then edit workbook
east_africa,yes,yes,mammals,65,925661,Northern Small-spotted Genet,Genetta genetta,178,common,common,standard,inaturalist-regional-frequency-v1,compare then edit workbook
east_africa,yes,yes,mammals,66,46191,Zanj Sun Squirrel,Heliosciurus undulatus,177,common,common,standard,inaturalist-regional-frequency-v1,compare then edit workbook
east_africa,yes,yes,mammals,67,46113,Red Bush Squirrel,Paraxerus palliatus,176,common,common,standard,inaturalist-regional-frequency-v1,compare then edit workbook
east_africa,yes,yes,mammals,68,42045,Ethiopian Wolf,Canis simensis,174,common,common,standard,inaturalist-regional-frequency-v1,compare then edit workbook
east_africa,yes,yes,mammals,69,871611,Striped Ground Squirrel,Euxerus erythropus,167,common,common,standard,inaturalist-regional-frequency-v1,compare then edit workbook
east_africa,yes,yes,mammals,70,1210965,Side-striped Jackal,Lupulella adusta,159,common,common,standard,inaturalist-regional-frequency-v1,compare then edit workbook
east_africa,yes,yes,mammals,71,42424,Bush Duiker,Sylvicapra grimmia,153,common,common,standard,inaturalist-regional-frequency-v1,compare then edit workbook
east_africa,yes,yes,mammals,72,81542,Dromedary Camel,Camelus dromedarius,148,common,common,standard,inaturalist-regional-frequency-v1,compare then edit workbook
east_africa,yes,yes,mammals,73,46114,Boehm's Bush Squirrel,Paraxerus boehmi,145,common,common,standard,inaturalist-regional-frequency-v1,compare then edit workbook
east_africa,yes,yes,mammals,74,42359,Günther's Dik-dik,Madoqua guentheri,142,common,common,standard,inaturalist-regional-frequency-v1,compare then edit workbook
east_africa,yes,yes,mammals,75,43568,Small-eared Greater Galago,Otolemur garnettii,134,common,common,standard,inaturalist-regional-frequency-v1,compare then edit workbook
east_africa,yes,yes,mammals,76,75192,Common Eland,Tragelaphus oryx,131,common,common,standard,inaturalist-regional-frequency-v1,compare then edit workbook
east_africa,yes,yes,mammals,77,41481,Indo-Pacific Bottlenose Dolphin,Tursiops aduncus,131,common,common,standard,inaturalist-regional-frequency-v1,compare then edit workbook
east_africa,yes,yes,mammals,78,42157,Northern Giraffe,Giraffa camelopardalis,130,common,common,standard,inaturalist-regional-frequency-v1,compare then edit workbook
east_africa,yes,yes,mammals,79,43350,Black Rhinoceros,Diceros bicornis,129,common,common,legendary,inaturalist-regional-frequency-v1,compare then edit workbook
east_africa,yes,yes,mammals,80,42025,Serval,Leptailurus serval,118,common,common,standard,inaturalist-regional-frequency-v1,compare then edit workbook
east_africa,yes,yes,mammals,81,74725,Sömmerring's Gazelle,Nanger soemmerringii,112,common,common,standard,inaturalist-regional-frequency-v1,compare then edit workbook
east_africa,yes,yes,mammals,82,47144,Domestic Dog,Canis familiaris,110,common,common,standard,inaturalist-regional-frequency-v1,compare then edit workbook
east_africa,yes,yes,mammals,83,1431004,Kivu Duiker,Cephalophorus kivuensis,108,common,common,standard,inaturalist-regional-frequency-v1,compare then edit workbook
east_africa,yes,yes,mammals,84,41380,Mauritian Tomb Bat,Taphozous mauritianus,108,common,common,standard,inaturalist-regional-frequency-v1,compare then edit workbook
east_africa,yes,yes,mammals,85,42095,Bat-eared Fox,Otocyon megalotis,100,common,common,standard,inaturalist-regional-frequency-v1,compare then edit workbook
east_africa,yes,yes,mammals,86,41324,Heart-nosed bat,Cardioderma cor,98,common,common,standard,inaturalist-regional-frequency-v1,compare then edit workbook
east_africa,yes,yes,mammals,87,42138,Bushpig,Potamochoerus larvatus,98,common,common,standard,inaturalist-regional-frequency-v1,compare then edit workbook
east_africa,yes,yes,mammals,88,57560,Cape Hare,Lepus capensis,97,common,common,standard,inaturalist-regional-frequency-v1,compare then edit workbook
east_africa,yes,yes,mammals,89,43535,Hamadryas Baboon,Papio hamadryas,95,common,common,standard,inaturalist-regional-frequency-v1,compare then edit workbook
east_africa,yes,yes,mammals,90,417389,Spotted-necked Otter,Hydrictis maculicollis,92,common,common,standard,inaturalist-regional-frequency-v1,compare then edit workbook
east_africa,yes,yes,mammals,91,41907,Somali Dwarf Mongoose,Helogale hirtula,89,common,common,standard,inaturalist-regional-frequency-v1,compare then edit workbook
east_africa,yes,yes,mammals,92,42093,African Wild Dog,Lycaon pictus,86,common,common,standard,inaturalist-regional-frequency-v1,compare then edit workbook
east_africa,yes,yes,mammals,93,41888,Striped Hyaena,Hyaena hyaena,85,common,common,standard,inaturalist-regional-frequency-v1,compare then edit workbook
east_africa,yes,yes,mammals,94,74113,Domestic Cattle,Bos taurus,84,common,common,standard,inaturalist-regional-frequency-v1,compare then edit workbook
east_africa,yes,yes,mammals,95,75042,Egyptian Rousette,Rousettus aegyptiacus,84,common,common,standard,inaturalist-regional-frequency-v1,compare then edit workbook
east_africa,yes,yes,mammals,96,47062,Aardvark,Orycteropus afer,83,uncommon,uncommon,standard,inaturalist-regional-frequency-v1,compare then edit workbook
east_africa,yes,yes,mammals,97,43222,Golden-rumped Sengi,Rhynchocyon chrysopygus,83,common,common,standard,inaturalist-regional-frequency-v1,compare then edit workbook
east_africa,yes,yes,mammals,98,42362,Salt's Dik-dik,Madoqua saltiana,79,uncommon,uncommon,standard,inaturalist-regional-frequency-v1,compare then edit workbook
east_africa,yes,yes,mammals,99,42339,Greater Kudu,Tragelaphus strepsiceros,79,uncommon,uncommon,standard,inaturalist-regional-frequency-v1,compare then edit workbook
east_africa,yes,yes,mammals,100,123070,Domestic Goat,Capra hircus,78,uncommon,uncommon,standard,inaturalist-regional-frequency-v1,compare then edit workbook
east_africa,yes,yes,mammals,101,41919,Marsh Mongoose,Atilax paludinosus,76,uncommon,uncommon,standard,inaturalist-regional-frequency-v1,compare then edit workbook
east_africa,yes,yes,mammals,102,43565,Northern Lesser Galago,Galago senegalensis,74,uncommon,uncommon,standard,inaturalist-regional-frequency-v1,compare then edit workbook
east_africa,yes,yes,mammals,103,41963,Leopard,Panthera pardus,74,uncommon,uncommon,standard,inaturalist-regional-frequency-v1,compare then edit workbook
east_africa,yes,yes,mammals,104,326023,Udzungwa Red Colobus,Piliocolobus gordonorum,73,uncommon,uncommon,standard,inaturalist-regional-frequency-v1,compare then edit workbook
east_africa,yes,yes,mammals,105,43525,Angola Colobus,Colobus angolensis,72,uncommon,uncommon,standard,inaturalist-regional-frequency-v1,compare then edit workbook
east_africa,yes,yes,mammals,106,46195,Gambian Sun Squirrel,Heliosciurus gambianus,72,uncommon,uncommon,standard,inaturalist-regional-frequency-v1,compare then edit workbook
east_africa,yes,yes,mammals,107,148030,Donkey,Equus asinus,70,uncommon,uncommon,standard,inaturalist-regional-frequency-v1,compare then edit workbook
east_africa,yes,yes,mammals,108,183180,Angolan Soft-furred Fruit Bat,Myonycteris angolensis,70,uncommon,uncommon,standard,inaturalist-regional-frequency-v1,compare then edit workbook
east_africa,yes,yes,mammals,109,1453939,Mesic Four-striped Grass Rat,Rhabdomys dilectus,70,uncommon,uncommon,standard,inaturalist-regional-frequency-v1,compare then edit workbook
east_africa,yes,yes,mammals,110,371414,African Wildcat,Felis lybica,68,uncommon,uncommon,standard,inaturalist-regional-frequency-v1,compare then edit workbook
east_africa,yes,yes,mammals,111,41834,Ratel,Mellivora capensis,66,uncommon,uncommon,standard,inaturalist-regional-frequency-v1,compare then edit workbook
east_africa,yes,yes,mammals,112,43530,Gelada,Theropithecus gelada,66,uncommon,uncommon,standard,inaturalist-regional-frequency-v1,compare then edit workbook
east_africa,yes,yes,mammals,113,43567,Brown Greater Galago,Otolemur crassicaudatus,65,uncommon,uncommon,standard,inaturalist-regional-frequency-v1,compare then edit workbook
east_africa,yes,yes,mammals,114,45669,Blick's Grass Rat,Arvicanthis blicki,59,uncommon,uncommon,standard,inaturalist-regional-frequency-v1,compare then edit workbook
east_africa,yes,yes,mammals,115,45496,Typical Striped Grass Mouse,Lemniscomys striatus,59,uncommon,uncommon,standard,inaturalist-regional-frequency-v1,compare then edit workbook
east_africa,yes,yes,mammals,116,1431008,Eastern Aardwolf,Proteles septentrionalis,59,uncommon,uncommon,standard,inaturalist-regional-frequency-v1,compare then edit workbook
east_africa,yes,yes,mammals,117,43473,De Brazza's Monkey,Cercopithecus neglectus,56,uncommon,uncommon,standard,inaturalist-regional-frequency-v1,compare then edit workbook
east_africa,yes,yes,mammals,118,41582,African Palm-civet,Nandinia binotata,56,uncommon,uncommon,standard,inaturalist-regional-frequency-v1,compare then edit workbook
east_africa,yes,yes,mammals,119,43997,Coypu,Myocastor coypus,55,uncommon,uncommon,standard,inaturalist-regional-frequency-v1,compare then edit workbook
east_africa,yes,yes,mammals,120,43480,Red-tailed Monkey,Cercopithecus ascanius,53,uncommon,uncommon,standard,inaturalist-regional-frequency-v1,compare then edit workbook
east_africa,yes,yes,mammals,121,42340,Lesser Kudu,Tragelaphus imberbis,53,uncommon,uncommon,standard,inaturalist-regional-frequency-v1,compare then edit workbook
east_africa,yes,yes,mammals,122,42375,Steenbok,Raphicerus campestris,52,uncommon,uncommon,standard,inaturalist-regional-frequency-v1,compare then edit workbook
east_africa,yes,yes,mammals,123,40901,Pemba Flying-fox,Pteropus voeltzkowi,51,uncommon,uncommon,standard,inaturalist-regional-frequency-v1,compare then edit workbook
east_africa,yes,yes,mammals,124,42354,Walia Ibex,Capra walie,49,uncommon,uncommon,standard,inaturalist-regional-frequency-v1,compare then edit workbook
east_africa,yes,yes,mammals,125,469961,Indian Humpback Dolphin,Sousa plumbea,48,uncommon,uncommon,standard,inaturalist-regional-frequency-v1,compare then edit workbook
east_africa,yes,yes,mammals,126,46192,Ruwenzori Sun Squirrel,Heliosciurus ruwenzorii,45,uncommon,uncommon,standard,inaturalist-regional-frequency-v1,compare then edit workbook
east_africa,yes,yes,mammals,127,43224,Black-and-rufous Sengi,Rhynchocyon petersi,44,uncommon,uncommon,standard,inaturalist-regional-frequency-v1,compare then edit workbook
east_africa,yes,yes,mammals,128,44990,Giant Root Rat,Tachyoryctes macrocephalus,44,uncommon,uncommon,standard,inaturalist-regional-frequency-v1,compare then edit workbook
east_africa,yes,yes,mammals,129,43348,White Rhinoceros,Ceratotherium simum,43,uncommon,uncommon,standard,inaturalist-regional-frequency-v1,compare then edit workbook
east_africa,yes,yes,mammals,130,74851,Eastern Springhare,Pedetes surdaster,43,uncommon,uncommon,standard,inaturalist-regional-frequency-v1,compare then edit workbook
east_africa,yes,yes,mammals,131,46202,Forest Giant Squirrel,Protoxerus stangeri,43,uncommon,uncommon,standard,inaturalist-regional-frequency-v1,compare then edit workbook
east_africa,yes,yes,mammals,132,42341,Northern Bushbuck,Tragelaphus scriptus,43,uncommon,uncommon,standard,inaturalist-regional-frequency-v1,compare then edit workbook
east_africa,yes,yes,mammals,133,41900,Egyptian Mongoose,Herpestes ichneumon,42,uncommon,uncommon,standard,inaturalist-regional-frequency-v1,compare then edit workbook
east_africa,yes,yes,mammals,134,40811,Wahlberg's Epauletted Fruit Bat,Epomophorus wahlbergi,41,uncommon,uncommon,standard,inaturalist-regional-frequency-v1,compare then edit workbook
east_africa,yes,yes,mammals,135,43564,Somali Lesser Galago,Galago gallarum,39,uncommon,uncommon,standard,inaturalist-regional-frequency-v1,compare then edit workbook
east_africa,yes,yes,mammals,136,43137,Ethiopian Highland Hare,Lepus starcki,39,uncommon,uncommon,standard,inaturalist-regional-frequency-v1,compare then edit workbook
east_africa,yes,yes,mammals,137,42042,Caracal,Caracal caracal,37,rare,rare,standard,inaturalist-regional-frequency-v1,compare then edit workbook
east_africa,yes,yes,mammals,138,42364,Gerenuk,Litocranius walleri,37,rare,rare,standard,inaturalist-regional-frequency-v1,compare then edit workbook
east_africa,yes,yes,mammals,139,41195,Hairy Slit-faced Bat,Nycteris hispida,36,rare,rare,standard,inaturalist-regional-frequency-v1,compare then edit workbook
east_africa,yes,yes,mammals,140,41925,Bushy-tailed Mongoose,Bdeogale crassicauda,35,rare,rare,standard,inaturalist-regional-frequency-v1,compare then edit workbook
east_africa,yes,yes,mammals,141,74108,Hirola,Beatragus hunteri,34,rare,rare,standard,inaturalist-regional-frequency-v1,compare then edit workbook
east_africa,yes,yes,mammals,142,1430996,Weyns's Duiker,Cephalophorus weynsi,34,rare,rare,standard,inaturalist-regional-frequency-v1,compare then edit workbook
east_africa,yes,yes,mammals,143,74503,Abyssinian Hare,Lepus habessinicus,34,rare,rare,standard,inaturalist-regional-frequency-v1,compare then edit workbook
east_africa,yes,yes,mammals,144,46109,Alexander's Bush Squirrel,Paraxerus alexandri,34,rare,rare,standard,inaturalist-regional-frequency-v1,compare then edit workbook
east_africa,yes,yes,mammals,145,46107,Swynnerton's Bush Squirrel,Paraxerus vexillarius,34,rare,rare,standard,inaturalist-regional-frequency-v1,compare then edit workbook
east_africa,yes,yes,mammals,146,183177,African Sheath-tailed Bat,Coleura afra,33,rare,rare,standard,inaturalist-regional-frequency-v1,compare then edit workbook
east_africa,yes,yes,mammals,147,45962,Carruthers' Mountain Squirrel,Funisciurus carruthersi,33,rare,rare,standard,inaturalist-regional-frequency-v1,compare then edit workbook
east_africa,yes,yes,mammals,148,42338,Sitatunga,Tragelaphus spekii,31,rare,rare,standard,inaturalist-regional-frequency-v1,compare then edit workbook
east_africa,yes,yes,mammals,149,43746,Naked Molerat,Heterocephalus glaber,30,rare,rare,standard,inaturalist-regional-frequency-v1,compare then edit workbook
east_africa,yes,yes,mammals,150,42332,Roan Antelope,Hippotragus equinus,30,rare,rare,standard,inaturalist-regional-frequency-v1,compare then edit workbook
east_africa,yes,yes,mammals,151,43462,Patas Monkey,Erythrocebus patas,29,rare,rare,standard,inaturalist-regional-frequency-v1,compare then edit workbook
east_africa,yes,yes,mammals,152,46111,Striped Bush Squirrel,Paraxerus flavovittis,29,rare,rare,standard,inaturalist-regional-frequency-v1,compare then edit workbook
east_africa,yes,yes,mammals,153,549031,East African Potto,Perodicticus ibeanus,29,rare,rare,standard,inaturalist-regional-frequency-v1,compare then edit workbook
east_africa,yes,yes,mammals,154,42330,Kob,Kobus kob,28,rare,rare,standard,inaturalist-regional-frequency-v1,compare then edit workbook
east_africa,yes,yes,mammals,155,74866,White-bellied Pangolin,Phataginus tricuspis,28,rare,rare,standard,inaturalist-regional-frequency-v1,compare then edit workbook
east_africa,yes,yes,mammals,156,43468,Tana River Crested Mangabey,Cercocebus galeritus,27,very_rare,very_rare,standard,inaturalist-regional-frequency-v1,compare then edit workbook
east_africa,yes,yes,mammals,157,40843,Hammer-headed Fruit Bat,Hypsignathus monstrosus,27,rare,rare,standard,inaturalist-regional-frequency-v1,compare then edit workbook
east_africa,yes,yes,mammals,158,44950,Maned Rat,Lophiomys imhausi,27,very_rare,very_rare,standard,inaturalist-regional-frequency-v1,compare then edit workbook
east_africa,yes,yes,mammals,159,1275849,Rufous Sengi,Galegeeska rufescens,26,very_rare,very_rare,standard,inaturalist-regional-frequency-v1,compare then edit workbook
east_africa,yes,yes,mammals,160,520070,Tana River Red Colobus,Piliocolobus rufomitratus,26,very_rare,very_rare,standard,inaturalist-regional-frequency-v1,compare then edit workbook
east_africa,yes,yes,reptiles,1,32854,Flap-necked Chameleon,Chamaeleo dilepis,2900,common,common,standard,inaturalist-regional-frequency-v1,compare then edit workbook
east_africa,yes,yes,reptiles,2,341972,Nile Crocodile,Crocodylus niloticus,2853,common,common,standard,inaturalist-regional-frequency-v1,compare then edit workbook
east_africa,yes,yes,reptiles,3,31155,Kenyan Rock Agama,Agama lionotus,1913,common,common,standard,inaturalist-regional-frequency-v1,compare then edit workbook
east_africa,yes,yes,reptiles,4,71085,Nile Monitor,Varanus niloticus,1621,common,common,standard,inaturalist-regional-frequency-v1,compare then edit workbook
east_africa,yes,yes,reptiles,5,37418,African Striped Skink,Trachylepis striata,1579,common,common,standard,inaturalist-regional-frequency-v1,compare then edit workbook
east_africa,yes,yes,reptiles,6,68492,Tropical House Gecko,Hemidactylus mabouia,1552,common,common,standard,inaturalist-regional-frequency-v1,compare then edit workbook
east_africa,yes,yes,reptiles,7,31132,Mwanza Flat-headed Rock Agama,Agama mwanzae,1480,common,common,standard,inaturalist-regional-frequency-v1,compare then edit workbook
east_africa,yes,yes,reptiles,8,40092,Leopard Tortoise,Stigmochelys pardalis,1195,common,common,standard,inaturalist-regional-frequency-v1,compare then edit workbook
east_africa,yes,yes,reptiles,9,34238,Painted Dwarf Gecko,Lygodactylus picturatus,841,common,common,standard,inaturalist-regional-frequency-v1,compare then edit workbook
east_africa,yes,yes,reptiles,10,495184,Speckle-lipped Mabuya,Trachylepis maculilabris,783,common,common,standard,inaturalist-regional-frequency-v1,compare then edit workbook
east_africa,yes,yes,reptiles,11,797594,Uganda blue-headed tree agama,Acanthocercus ugandaensis,530,common,common,standard,inaturalist-regional-frequency-v1,compare then edit workbook
east_africa,yes,yes,reptiles,12,466218,Rough-scaled Plated Lizard,Broadleysaurus major,522,common,common,standard,inaturalist-regional-frequency-v1,compare then edit workbook
east_africa,yes,yes,reptiles,13,32842,Helmeted Chameleon,Trioceros hoehnelii,519,common,common,standard,inaturalist-regional-frequency-v1,compare then edit workbook
east_africa,yes,yes,reptiles,14,93500,Finch’s agama,Agama finchi,515,common,common,standard,inaturalist-regional-frequency-v1,compare then edit workbook
east_africa,yes,yes,reptiles,15,32994,Pygmy Grass Chameleon,Rieppeleon kerstenii,471,common,common,standard,inaturalist-regional-frequency-v1,compare then edit workbook
east_africa,yes,yes,reptiles,16,32807,Jackson's Chameleon,Trioceros jacksonii,382,common,common,standard,inaturalist-regional-frequency-v1,compare then edit workbook
east_africa,yes,yes,reptiles,17,37421,African Five-lined Skink,Trachylepis quinquetaeniata,378,common,common,standard,inaturalist-regional-frequency-v1,compare then edit workbook
east_africa,yes,yes,reptiles,18,32949,Kilimanjaro two-horned chamaeleon,Kinyongia tavetana,365,common,common,standard,inaturalist-regional-frequency-v1,compare then edit workbook
east_africa,yes,yes,reptiles,19,34463,Flathead Leaf-toed Gecko,Hemidactylus platycephalus,357,common,common,standard,inaturalist-regional-frequency-v1,compare then edit workbook
east_africa,yes,yes,reptiles,20,32977,West Usambara two-horned chamaeleon,Kinyongia multituberculata,350,common,common,standard,inaturalist-regional-frequency-v1,compare then edit workbook
east_africa,yes,yes,reptiles,21,146246,White-headed Dwarf Gecko,Lygodactylus mombasicus,340,common,common,standard,inaturalist-regional-frequency-v1,compare then edit workbook
east_africa,yes,yes,reptiles,22,29074,Spotted Green Snake,Philothamnus punctatus,326,common,common,standard,inaturalist-regional-frequency-v1,compare then edit workbook
east_africa,yes,yes,reptiles,23,32837,Johnston's Chameleon,Trioceros johnstoni,306,common,common,standard,inaturalist-regional-frequency-v1,compare then edit workbook
east_africa,yes,yes,reptiles,24,1439535,Dodoma Rock Agama,Agama dodomae,295,common,common,standard,inaturalist-regional-frequency-v1,compare then edit workbook
east_africa,yes,yes,reptiles,25,39659,Green Sea Turtle,Chelonia mydas,276,common,common,standard,inaturalist-regional-frequency-v1,compare then edit workbook
east_africa,yes,yes,reptiles,26,32983,East Usambara Pitted Pygmy Chameleon,Rhampholeon temporalis,271,common,common,standard,inaturalist-regional-frequency-v1,compare then edit workbook
east_africa,yes,yes,reptiles,27,32852,Montane side-striped chameleon,Trioceros ellioti,269,common,common,standard,inaturalist-regional-frequency-v1,compare then edit workbook
east_africa,yes,yes,reptiles,28,32861,Wavy Chameleon,Trioceros deremensis,265,common,common,standard,inaturalist-regional-frequency-v1,compare then edit workbook
east_africa,yes,yes,reptiles,29,30851,Puff Adder,Bitis arietans,258,common,common,standard,inaturalist-regional-frequency-v1,compare then edit workbook
east_africa,yes,yes,reptiles,30,797591,Gregory's Blue-headed Agama,Acanthocercus gregorii,243,common,common,standard,inaturalist-regional-frequency-v1,compare then edit workbook
east_africa,yes,yes,reptiles,31,98703,East-African Snake-eyed Skink,Cryptoblepharus africanus,226,common,common,standard,inaturalist-regional-frequency-v1,compare then edit workbook
east_africa,yes,yes,reptiles,32,29760,Brown House Snake,Boaedon fuliginosus,219,common,common,standard,inaturalist-regional-frequency-v1,compare then edit workbook
east_africa,yes,yes,reptiles,33,85377,Helmeted Turtle,Pelomedusa subrufa,218,common,common,standard,inaturalist-regional-frequency-v1,compare then edit workbook
east_africa,yes,yes,reptiles,34,111810,Bearded Pygmy Chameleon,Rieppeleon brevicaudatus,211,common,common,standard,inaturalist-regional-frequency-v1,compare then edit workbook
east_africa,yes,yes,reptiles,35,32152,African Rock Python,Python sebae,201,common,common,standard,inaturalist-regional-frequency-v1,compare then edit workbook
east_africa,yes,yes,reptiles,36,82808,Red-lipped Snake,Crotaphopeltis hotamboeia,195,common,common,standard,inaturalist-regional-frequency-v1,compare then edit workbook
east_africa,yes,yes,reptiles,37,35397,Jackson's Forest Lizard,Adolfus jacksoni,182,common,common,standard,inaturalist-regional-frequency-v1,compare then edit workbook
east_africa,yes,yes,reptiles,38,29073,Spotted Bush Snake,Philothamnus semivariegatus,175,common,common,standard,inaturalist-regional-frequency-v1,compare then edit workbook
east_africa,yes,yes,reptiles,39,28964,Eastern Stripe-bellied Sand Snake,Psammophis orientalis,169,common,common,standard,inaturalist-regional-frequency-v1,compare then edit workbook
east_africa,yes,yes,reptiles,40,889688,Adolfus kibonotensis,Adolfus kibonotensis,167,common,common,standard,inaturalist-regional-frequency-v1,compare then edit workbook
east_africa,yes,yes,reptiles,41,32820,Coarse Chameleon,Trioceros rudis,162,common,common,standard,inaturalist-regional-frequency-v1,compare then edit workbook
east_africa,yes,yes,reptiles,42,34496,West African House Gecko,Hemidactylus angulatus,161,common,common,standard,inaturalist-regional-frequency-v1,compare then edit workbook
east_africa,yes,yes,reptiles,43,39672,Hawksbill Sea Turtle,Eretmochelys imbricata,156,common,common,standard,inaturalist-regional-frequency-v1,compare then edit workbook
east_africa,yes,yes,reptiles,44,34303,Common Dwarf Gecko,Lygodactylus capensis,155,common,common,standard,inaturalist-regional-frequency-v1,compare then edit workbook
east_africa,yes,yes,reptiles,45,797733,Brown Forest Cobra,Naja subfulva,142,common,common,standard,inaturalist-regional-frequency-v1,compare then edit workbook
east_africa,yes,yes,reptiles,46,37415,Variable Skink,Trachylepis varia,140,common,common,standard,inaturalist-regional-frequency-v1,compare then edit workbook
east_africa,yes,yes,reptiles,47,35972,Speke’s sand lizard,Heliobolus spekii,125,common,common,standard,inaturalist-regional-frequency-v1,compare then edit workbook
east_africa,yes,yes,reptiles,48,37423,Tree skink,Trachylepis planifrons,125,common,common,standard,inaturalist-regional-frequency-v1,compare then edit workbook
east_africa,yes,yes,reptiles,49,28333,Usambara Vine Snake,Thelotornis usambaricus,121,common,common,standard,inaturalist-regional-frequency-v1,compare then edit workbook
east_africa,yes,yes,reptiles,50,34059,Zanzibar Day Gecko,Phelsuma dubia,119,common,common,standard,inaturalist-regional-frequency-v1,compare then edit workbook
east_africa,yes,yes,reptiles,51,40126,Serrated Hinged Terrapin,Pelusios sinuatus,118,common,common,standard,inaturalist-regional-frequency-v1,compare then edit workbook
east_africa,yes,yes,reptiles,52,30476,Black-necked Spitting Cobra,Naja nigricollis,115,common,common,standard,inaturalist-regional-frequency-v1,compare then edit workbook
east_africa,yes,yes,reptiles,53,37932,Sundevall's Writhing Skink,Mochlus sundevallii,106,common,common,standard,inaturalist-regional-frequency-v1,compare then edit workbook
east_africa,yes,yes,reptiles,54,30358,Boomslang,Dispholidus typus,101,common,common,standard,inaturalist-regional-frequency-v1,compare then edit workbook
east_africa,yes,yes,reptiles,55,539233,Aldabra Giant Tortoise,Aldabrachelys gigantea,95,common,common,standard,inaturalist-regional-frequency-v1,compare then edit workbook
east_africa,yes,yes,reptiles,56,109304,Battersby's Green Snake,Philothamnus battersbyi,92,common,common,standard,inaturalist-regional-frequency-v1,compare then edit workbook
east_africa,yes,yes,reptiles,57,29084,Green Water Snake,Philothamnus hoplogaster,92,common,common,standard,inaturalist-regional-frequency-v1,compare then edit workbook
east_africa,yes,yes,reptiles,58,103682,Matschie’s two-horned chamaeleon,Kinyongia matschiei,90,common,common,standard,inaturalist-regional-frequency-v1,compare then edit workbook
east_africa,yes,yes,reptiles,59,37439,Sudan Mabuya,Trachylepis brevicollis,88,common,common,standard,inaturalist-regional-frequency-v1,compare then edit workbook
east_africa,yes,yes,reptiles,60,32950,Böhme’s two-horned chamaeleon,Kinyongia boehmei,87,common,common,standard,inaturalist-regional-frequency-v1,compare then edit workbook
east_africa,yes,yes,reptiles,61,32871,Side-striped Chameleon,Trioceros bitaeniatus,87,common,common,standard,inaturalist-regional-frequency-v1,compare then edit workbook
east_africa,yes,yes,reptiles,62,1630133,Rainbow Skink,Trachylepis margaritifer,81,common,common,standard,inaturalist-regional-frequency-v1,compare then edit workbook
east_africa,yes,yes,reptiles,63,32947,Matschie's Dwarf Chameleon,Kinyongia tenuis,79,common,common,standard,inaturalist-regional-frequency-v1,compare then edit workbook
east_africa,yes,yes,reptiles,64,40065,Bell’s Hingeback Tortoise,Kinixys belliana,75,common,common,standard,inaturalist-regional-frequency-v1,compare then edit workbook
east_africa,yes,yes,reptiles,65,67433,Speke's Hinge-back Tortoise,Kinixys spekii,75,common,common,standard,inaturalist-regional-frequency-v1,compare then edit workbook
east_africa,yes,yes,reptiles,66,32845,Graceful Chameleon,Chamaeleo gracilis,72,common,common,standard,inaturalist-regional-frequency-v1,compare then edit workbook
east_africa,yes,yes,reptiles,67,56629,Olive Whip Snake,Psammophis mossambicus,69,uncommon,uncommon,standard,inaturalist-regional-frequency-v1,compare then edit workbook
east_africa,yes,yes,reptiles,68,111451,Southern African Python,Python natalensis,69,uncommon,uncommon,standard,inaturalist-regional-frequency-v1,compare then edit workbook
east_africa,yes,yes,reptiles,69,34273,Kenya Dwarf Gecko,Lygodactylus keniensis,68,uncommon,uncommon,standard,inaturalist-regional-frequency-v1,compare then edit workbook
east_africa,yes,yes,reptiles,70,964785,Wahlberg's Snake-eyed Skink,Panaspis wahlbergii,68,uncommon,uncommon,standard,inaturalist-regional-frequency-v1,compare then edit workbook
east_africa,yes,yes,reptiles,71,32818,Tanzanian Montane Dwarf Chameleon,Trioceros sternfeldi,63,uncommon,uncommon,standard,inaturalist-regional-frequency-v1,compare then edit workbook
east_africa,yes,yes,reptiles,72,539884,Merker's thread Snake,Leptotyphlops merkeri,58,uncommon,uncommon,standard,inaturalist-regional-frequency-v1,compare then edit workbook
east_africa,yes,yes,reptiles,73,29508,Cape Wolf Snake,Lycophidion capense,58,uncommon,uncommon,standard,inaturalist-regional-frequency-v1,compare then edit workbook
east_africa,yes,yes,reptiles,74,110765,Link-marked Sand Snake,Psammophis biseriatus,58,uncommon,uncommon,standard,inaturalist-regional-frequency-v1,compare then edit workbook
east_africa,yes,yes,reptiles,75,30880,Great Lakes Bush Viper,Atheris nitschei,57,uncommon,uncommon,standard,inaturalist-regional-frequency-v1,compare then edit workbook
east_africa,yes,yes,reptiles,76,28338,Eastern Twig Snake,Thelotornis mossambicanus,55,uncommon,uncommon,standard,inaturalist-regional-frequency-v1,compare then edit workbook
east_africa,yes,yes,reptiles,77,30855,Rhinoceros Viper,Bitis nasicornis,53,uncommon,uncommon,standard,inaturalist-regional-frequency-v1,compare then edit workbook
east_africa,yes,yes,reptiles,78,28771,Eastern Rufous Beaked Snake,Rhamphiophis rostratus,53,uncommon,uncommon,standard,inaturalist-regional-frequency-v1,compare then edit workbook
east_africa,yes,yes,reptiles,79,34312,Angulate dwarf gecko,Lygodactylus angularis,52,uncommon,uncommon,standard,inaturalist-regional-frequency-v1,compare then edit workbook
east_africa,yes,yes,reptiles,80,32988,Nchisi Pitless Pygmy Chameleon,Rhampholeon nchisiensis,50,uncommon,uncommon,standard,inaturalist-regional-frequency-v1,compare then edit workbook
east_africa,yes,yes,reptiles,81,30853,Gaboon Viper,Bitis gabonica,49,uncommon,uncommon,standard,inaturalist-regional-frequency-v1,compare then edit workbook
east_africa,yes,yes,reptiles,82,26717,Egg-eating Snake,Dasypeltis scabra,49,uncommon,uncommon,standard,inaturalist-regional-frequency-v1,compare then edit workbook
east_africa,yes,yes,reptiles,83,318701,Eastern Hinged-Back Tortoise,Kinixys zombensis,49,uncommon,uncommon,standard,inaturalist-regional-frequency-v1,compare then edit workbook
east_africa,yes,yes,reptiles,84,40063,Crevice Tortoise,Malacochersus tornieri,48,uncommon,uncommon,standard,inaturalist-regional-frequency-v1,compare then edit workbook
east_africa,yes,yes,reptiles,85,32819,Mount Kenya Side-striped Chameleon,Trioceros schubotzi,48,uncommon,uncommon,standard,inaturalist-regional-frequency-v1,compare then edit workbook
east_africa,yes,yes,reptiles,86,32610,Common Lined Worm Snake,Afrotyphlops lineolatus,47,uncommon,uncommon,standard,inaturalist-regional-frequency-v1,compare then edit workbook
east_africa,yes,yes,reptiles,87,1403184,African Gecko,Ancylodactylus africanus,47,uncommon,uncommon,standard,inaturalist-regional-frequency-v1,compare then edit workbook
east_africa,yes,yes,reptiles,88,30877,African Bush Viper,Atheris squamigera,47,uncommon,uncommon,standard,inaturalist-regional-frequency-v1,compare then edit workbook
east_africa,yes,yes,reptiles,89,82807,Ashe's Spitting Cobra,Naja ashei,47,uncommon,uncommon,standard,inaturalist-regional-frequency-v1,compare then edit workbook
east_africa,yes,yes,reptiles,90,32814,Tanzania Mountain Chameleon,Trioceros tempeli,47,uncommon,uncommon,standard,inaturalist-regional-frequency-v1,compare then edit workbook
east_africa,yes,yes,reptiles,91,488396,Southern Highlands One-horned Chameleon,Kinyongia msuyae,46,uncommon,uncommon,standard,inaturalist-regional-frequency-v1,compare then edit workbook
east_africa,yes,yes,reptiles,92,35827,Common Long-tailed Lizard,Latastia longicaudata,46,uncommon,uncommon,standard,inaturalist-regional-frequency-v1,compare then edit workbook
east_africa,yes,yes,reptiles,93,30405,Black Mamba,Dendroaspis polylepis,45,uncommon,uncommon,standard,inaturalist-regional-frequency-v1,compare then edit workbook
east_africa,yes,yes,reptiles,94,30486,Red Spitting Cobra,Naja pallida,45,uncommon,uncommon,standard,inaturalist-regional-frequency-v1,compare then edit workbook
east_africa,yes,yes,reptiles,95,34454,Nyika Gecko,Hemidactylus squamulatus,44,rare,rare,standard,inaturalist-regional-frequency-v1,compare then edit workbook
east_africa,yes,yes,reptiles,96,30411,Eastern Green Mamba,Dendroaspis angusticeps,43,rare,rare,standard,inaturalist-regional-frequency-v1,compare then edit workbook
east_africa,yes,yes,reptiles,97,28971,Speckled Sand Racer,Psammophis punctulatus,43,rare,rare,standard,inaturalist-regional-frequency-v1,compare then edit workbook
east_africa,yes,yes,reptiles,98,797597,Peters's Rock Agama,Agama picticauda,42,rare,rare,standard,inaturalist-regional-frequency-v1,compare then edit workbook
east_africa,yes,yes,reptiles,99,35510,Brenner’s Sand Racer,Pseuderemias brenneri,42,rare,rare,standard,inaturalist-regional-frequency-v1,compare then edit workbook
east_africa,yes,yes,reptiles,100,965969,Tsavo dwarf gecko,Lygodactylus tsavoensis,41,rare,rare,standard,inaturalist-regional-frequency-v1,compare then edit workbook
east_africa,yes,yes,reptiles,101,38256,Kilimanjaro Five-toed Skink,Leptosiaphos kilimensis,38,rare,rare,standard,inaturalist-regional-frequency-v1,compare then edit workbook
east_africa,yes,yes,reptiles,102,540043,Neumann's Marsh Terrapin,Pelomedusa neumanni,38,rare,rare,standard,inaturalist-regional-frequency-v1,compare then edit workbook
east_africa,yes,yes,reptiles,103,32816,Werner's Chameleon,Trioceros werneri,38,rare,rare,standard,inaturalist-regional-frequency-v1,compare then edit workbook
east_africa,yes,yes,reptiles,104,341973,West African Crocodile,Crocodylus suchus,37,rare,rare,standard,inaturalist-regional-frequency-v1,compare then edit workbook
east_africa,yes,yes,reptiles,105,30654,East African Garter Snake,Elapsoidea loveridgei,37,rare,rare,standard,inaturalist-regional-frequency-v1,compare then edit workbook
east_africa,yes,yes,reptiles,106,28965,Northern Stripe-bellied Sand Snake,Psammophis sudanensis,37,rare,rare,standard,inaturalist-regional-frequency-v1,compare then edit workbook
east_africa,yes,yes,reptiles,107,31147,Elmenteita Rock Agama,Agama caudospinosa,36,very_rare,very_rare,standard,inaturalist-regional-frequency-v1,compare then edit workbook
east_africa,yes,yes,reptiles,108,31120,Spiny Agama,Agama spinosa,36,rare,rare,standard,inaturalist-regional-frequency-v1,compare then edit workbook
east_africa,yes,yes,reptiles,109,32208,East African Sand Boa,Eryx colubrinus,36,very_rare,very_rare,standard,inaturalist-regional-frequency-v1,compare then edit workbook
east_africa,yes,yes,reptiles,110,31088,Egyptian Saw-scaled Viper,Echis pyramidum,34,very_rare,very_rare,standard,inaturalist-regional-frequency-v1,compare then edit workbook
east_africa,no,no,amphibians,81,23416,Badditu Forest Tree Frog,Leptopelis gramineus,14,not_ranked,,,inaturalist-regional-frequency-v1,compare then edit workbook
east_africa,no,no,amphibians,82,66128,Udzungwa Toad,Mertensophryne uzunguensis,14,not_ranked,,,inaturalist-regional-frequency-v1,compare then edit workbook
east_africa,no,no,amphibians,83,25376,Phrynobatrachus krefftii,Phrynobatrachus krefftii,14,not_ranked,,,inaturalist-regional-frequency-v1,compare then edit workbook
east_africa,no,no,amphibians,84,1473434,Sclerophrys berghei,Sclerophrys berghei,14,not_ranked,,,inaturalist-regional-frequency-v1,compare then edit workbook
east_africa,no,no,amphibians,85,326298,Morere's Spiny Reed Frog,Afrixalus morerei,13,not_ranked,,,inaturalist-regional-frequency-v1,compare then edit workbook
east_africa,no,no,amphibians,86,23465,Uluguru Banana Frog,Afrixalus uluguruensis,13,not_ranked,,,inaturalist-regional-frequency-v1,compare then edit workbook
east_africa,no,no,amphibians,87,476493,Arthroleptides yakusini,Arthroleptides yakusini,13,not_ranked,,,inaturalist-regional-frequency-v1,compare then edit workbook
east_africa,no,no,amphibians,88,464511,Davenport's Reed Frog,Hyperolius davenporti,13,not_ranked,,,inaturalist-regional-frequency-v1,compare then edit workbook
east_africa,no,no,amphibians,89,23437,Shoa Forest Tree Frog,Leptopelis ragazzii,13,not_ranked,,,inaturalist-regional-frequency-v1,compare then edit workbook
east_africa,no,no,amphibians,90,66126,Taita Toad,Mertensophryne taitana,13,not_ranked,,,inaturalist-regional-frequency-v1,compare then edit workbook
east_africa,no,no,amphibians,91,70816,Phrynobatrachus kakamikro,Phrynobatrachus kakamikro,13,not_ranked,,,inaturalist-regional-frequency-v1,compare then edit workbook
east_africa,no,no,amphibians,92,25763,Mozambique ridged frog,Ptychadena mossambica,13,not_ranked,,,inaturalist-regional-frequency-v1,compare then edit workbook
east_africa,no,no,amphibians,93,64920,Molo Frog,Amietia wittei,12,not_ranked,,,inaturalist-regional-frequency-v1,compare then edit workbook
east_africa,no,no,amphibians,94,26117,Ornate frog,Hildebrandtia ornata,12,not_ranked,,,inaturalist-regional-frequency-v1,compare then edit workbook
east_africa,no,no,amphibians,95,1404303,Hyperolius goetzei,Hyperolius goetzei,12,not_ranked,,,inaturalist-regional-frequency-v1,compare then edit workbook
east_africa,no,no,amphibians,96,25807,Tomopterna luganga,Tomopterna luganga,12,not_ranked,,,inaturalist-regional-frequency-v1,compare then edit workbook
east_africa,no,no,amphibians,97,25455,Eritrea Clawed Frog,Xenopus clivii,12,not_ranked,,,inaturalist-regional-frequency-v1,compare then edit workbook
east_africa,no,no,amphibians,98,134694,Meteora Secret Frog,Callulina meteora,11,not_ranked,,,inaturalist-regional-frequency-v1,compare then edit workbook
east_africa,no,no,amphibians,99,464514,Rwanda Long Reed Frog,Hyperolius rwandae,11,not_ranked,,,inaturalist-regional-frequency-v1,compare then edit workbook
east_africa,no,no,amphibians,100,65733,Watson's Reed Frog,Hyperolius watsonae,11,not_ranked,,,inaturalist-regional-frequency-v1,compare then edit workbook
east_africa,no,no,amphibians,101,21752,Tornier's Forest Toad,Nectophrynoides tornieri,11,not_ranked,,,inaturalist-regional-frequency-v1,compare then edit workbook
east_africa,no,no,amphibians,102,24901,West African Rubber Frog,Phrynomantis microps,11,not_ranked,,,inaturalist-regional-frequency-v1,compare then edit workbook
east_africa,no,no,amphibians,103,517216,Steindachner's Toad,Sclerophrys steindachneri,11,not_ranked,,,inaturalist-regional-frequency-v1,compare then edit workbook
east_africa,no,no,amphibians,104,64910,De Saeger's River Frog,Amietia desaegeri,10,not_ranked,,,inaturalist-regional-frequency-v1,compare then edit workbook
east_africa,no,no,amphibians,105,25163,Mazumbai Warty Frog,Callulina kisiwamsitu,10,not_ranked,,,inaturalist-regional-frequency-v1,compare then edit workbook
east_africa,no,no,amphibians,106,23293,Mette's Reed Frog,Hyperolius pseudargus,10,not_ranked,,,inaturalist-regional-frequency-v1,compare then edit workbook
east_africa,no,no,amphibians,107,25404,Vissoke River Frog,Phrynobatrachus bequaerti,10,not_ranked,,,inaturalist-regional-frequency-v1,compare then edit workbook
east_africa,no,no,amphibians,108,25766,Ptychadena chrysogaster,Ptychadena chrysogaster,10,not_ranked,,,inaturalist-regional-frequency-v1,compare then edit workbook
east_africa,no,no,amphibians,109,476828,Tomopterna gallmanni,Tomopterna gallmanni,10,not_ranked,,,inaturalist-regional-frequency-v1,compare then edit workbook
east_africa,no,no,amphibians,110,25805,Marbled sand frog,Tomopterna marmorata,10,not_ranked,,,inaturalist-regional-frequency-v1,compare then edit workbook
east_africa,no,no,amphibians,111,65136,Highland Rain Frog,Breviceps fichus,9,not_ranked,,,inaturalist-regional-frequency-v1,compare then edit workbook
east_africa,no,no,amphibians,112,70537,Taita Warty Frog,Callulina dawida,9,not_ranked,,,inaturalist-regional-frequency-v1,compare then edit workbook
east_africa,no,no,amphibians,113,26658,Keller's Bubble-nest Frog,Chiromantis kelleri,9,not_ranked,,,inaturalist-regional-frequency-v1,compare then edit workbook
east_africa,no,no,amphibians,114,23299,Mottle-sided Reed Frog,Hyperolius lateralis,9,not_ranked,,,inaturalist-regional-frequency-v1,compare then edit workbook
east_africa,no,no,amphibians,115,25753,Ptychadena mahnerti,Ptychadena mahnerti,9,not_ranked,,,inaturalist-regional-frequency-v1,compare then edit workbook
east_africa,no,no,amphibians,116,120777,Short-legged Spiny Reed Frog,Afrixalus brachycnemis,8,not_ranked,,,inaturalist-regional-frequency-v1,compare then edit workbook
east_africa,no,no,amphibians,117,24590,Rugegewald Screeching Frog,Arthroleptis adolfifriederici,8,not_ranked,,,inaturalist-regional-frequency-v1,compare then edit workbook
east_africa,no,no,amphibians,118,24593,Poroto Screeching Frog,Arthroleptis reichei,8,not_ranked,,,inaturalist-regional-frequency-v1,compare then edit workbook
east_africa,no,no,amphibians,119,25738,Filfil Slippery Frog,Conraua beccarii,8,not_ranked,,,inaturalist-regional-frequency-v1,compare then edit workbook
east_africa,no,no,amphibians,120,24454,Guinea Snout-burrower,Hemisus guineensis,8,not_ranked,,,inaturalist-regional-frequency-v1,compare then edit workbook
east_africa,no,no,amphibians,121,464512,Burgess' Reed Frog,Hyperolius burgessi,8,not_ranked,,,inaturalist-regional-frequency-v1,compare then edit workbook
east_africa,no,no,amphibians,122,135094,Tanner's Reed Frog,Hyperolius tanneri,8,not_ranked,,,inaturalist-regional-frequency-v1,compare then edit workbook
east_africa,no,no,amphibians,123,23414,Christy's Tree Frog,Leptopelis christyi,8,not_ranked,,,inaturalist-regional-frequency-v1,compare then edit workbook
east_africa,no,no,amphibians,124,65971,Mackay's Tree Frog,Leptopelis mackayi,8,not_ranked,,,inaturalist-regional-frequency-v1,compare then edit workbook
east_africa,no,no,amphibians,125,23530,Ethiopian striped frog,Paracassina obscura,8,not_ranked,,,inaturalist-regional-frequency-v1,compare then edit workbook
east_africa,no,no,amphibians,126,25358,Golden Puddle Frog,Phrynobatrachus auritus,8,not_ranked,,,inaturalist-regional-frequency-v1,compare then edit workbook
east_africa,no,no,amphibians,127,25783,Grassland ridged frog,Ptychadena porosissima,8,not_ranked,,,inaturalist-regional-frequency-v1,compare then edit workbook
east_africa,no,no,amphibians,128,991952,Northern Spiny Reed Frog,Afrixalus septentrionalis,7,not_ranked,,,inaturalist-regional-frequency-v1,compare then edit workbook
east_africa,no,no,amphibians,129,65143,Plimpton's Dainty Frog,Cacosternum plimptoni,7,not_ranked,,,inaturalist-regional-frequency-v1,compare then edit workbook
east_africa,no,no,amphibians,130,23372,Balfour's Reed Frog,Hyperolius balfouri,7,not_ranked,,,inaturalist-regional-frequency-v1,compare then edit workbook
east_africa,no,no,amphibians,131,23417,Dime Forest Tree Frog,Leptopelis vannutellii,7,not_ranked,,,inaturalist-regional-frequency-v1,compare then edit workbook
east_africa,no,no,amphibians,132,1595941,Lugh Toad,Mertensophryne lughensis,7,not_ranked,,,inaturalist-regional-frequency-v1,compare then edit workbook
east_africa,no,no,amphibians,133,21750,Robust Viviparous Toad,Nectophrynoides viviparus,7,not_ranked,,,inaturalist-regional-frequency-v1,compare then edit workbook
east_africa,no,no,amphibians,134,26196,Giant African Bullfrog,Pyxicephalus adspersus,7,not_ranked,,,inaturalist-regional-frequency-v1,compare then edit workbook
east_africa,no,no,amphibians,135,517302,Kerinyaga Toad,Sclerophrys kerinyagae,7,not_ranked,,,inaturalist-regional-frequency-v1,compare then edit workbook
east_africa,no,no,amphibians,136,28208,Kirk's Caecilian,Scolecomorphus kirkii,7,not_ranked,,,inaturalist-regional-frequency-v1,compare then edit workbook
east_africa,no,no,amphibians,137,70457,Hidden Squeaker Frog,Arthroleptis fichika,6,not_ranked,,,inaturalist-regional-frequency-v1,compare then edit workbook
east_africa,no,no,amphibians,138,23392,Highland Reed Frog,Hyperolius discodactylus,6,not_ranked,,,inaturalist-regional-frequency-v1,compare then edit workbook
east_africa,no,no,amphibians,139,23290,Dwarf Reed Frog,Hyperolius minutissimus,6,not_ranked,,,inaturalist-regional-frequency-v1,compare then edit workbook
east_africa,no,no,amphibians,140,464513,Ruvu Reed Frog,Hyperolius ruvuensis,6,not_ranked,,,inaturalist-regional-frequency-v1,compare then edit workbook
east_africa,no,no,amphibians,141,25401,Bubbling Puddle Frog,Phrynobatrachus bullans,6,not_ranked,,,inaturalist-regional-frequency-v1,compare then edit workbook
east_africa,no,no,amphibians,142,25405,Phrynobatrachus pakenhami,Phrynobatrachus pakenhami,6,not_ranked,,,inaturalist-regional-frequency-v1,compare then edit workbook
east_africa,no,no,amphibians,143,25785,Cooper's Grassland Frog,Ptychadena cooperi,6,not_ranked,,,inaturalist-regional-frequency-v1,compare then edit workbook
east_africa,no,no,amphibians,144,25761,Ethiopian Grass Frog,Ptychadena neumanni,6,not_ranked,,,inaturalist-regional-frequency-v1,compare then edit workbook
east_africa,no,no,amphibians,145,476829,Pyxicephalus angusticeps,Pyxicephalus angusticeps,6,not_ranked,,,inaturalist-regional-frequency-v1,compare then edit workbook
east_africa,no,no,amphibians,146,28210,Banded Caecilian,Scolecomorphus vittatus,6,not_ranked,,,inaturalist-regional-frequency-v1,compare then edit workbook
east_africa,no,no,amphibians,147,476743,Wamba Sand Frog,Tomopterna wambensis,6,not_ranked,,,inaturalist-regional-frequency-v1,compare then edit workbook
east_africa,no,no,amphibians,148,1651340,Dodson's Toad,Vandijkophrynus dodsoni,6,not_ranked,,,inaturalist-regional-frequency-v1,compare then edit workbook
east_africa,no,no,amphibians,149,25447,De Witte's Clawed Frog,Xenopus wittei,6,not_ranked,,,inaturalist-regional-frequency-v1,compare then edit workbook
east_africa,no,no,amphibians,150,24585,Tanzanian Screeching Frog,Arthroleptis tanneri,5,not_ranked,,,inaturalist-regional-frequency-v1,compare then edit workbook
east_africa,no,no,amphibians,151,24596,Buea Screeching Frog,Arthroleptis variabilis,5,not_ranked,,,inaturalist-regional-frequency-v1,compare then edit workbook
east_africa,no,no,amphibians,152,70538,Hansen's Warty Frog,Callulina hanseni,5,not_ranked,,,inaturalist-regional-frequency-v1,compare then edit workbook
east_africa,no,no,amphibians,153,65555,Forest White-lipped Frog,Hylarana albolabris,5,not_ranked,,,inaturalist-regional-frequency-v1,compare then edit workbook
east_africa,no,no,amphibians,154,66177,Vestergaard's Forest Toad,Nectophrynoides vestergaardi,5,not_ranked,,,inaturalist-regional-frequency-v1,compare then edit workbook
east_africa,no,no,amphibians,155,25361,Phrynobatrachus minutus,Phrynobatrachus minutus,5,not_ranked,,,inaturalist-regional-frequency-v1,compare then edit workbook
east_africa,no,no,amphibians,156,25764,Central Grassland Frog,Ptychadena tellinii,5,not_ranked,,,inaturalist-regional-frequency-v1,compare then edit workbook
east_africa,no,no,amphibians,157,23459,Kivu Banana Frog,Afrixalus orophilus,4,not_ranked,,,inaturalist-regional-frequency-v1,compare then edit workbook
east_africa,no,no,amphibians,158,27901,Boulenger's Caecilian,Boulengerula boulengeri,4,not_ranked,,,inaturalist-regional-frequency-v1,compare then edit workbook
east_africa,no,no,amphibians,159,25002,Mozambique Rain Frog,Breviceps mossambicus,4,not_ranked,,,inaturalist-regional-frequency-v1,compare then edit workbook
east_africa,no,no,amphibians,160,70534,Kinangop Dainty Frog,Cacosternum kinangopensis,4,not_ranked,,,inaturalist-regional-frequency-v1,compare then edit workbook
east_africa,no,no,amphibians,161,26119,Somali Ornate Frog,Hildebrandtia macrotympanum,4,not_ranked,,,inaturalist-regional-frequency-v1,compare then edit workbook
east_africa,no,no,amphibians,162,142660,Jackie's Reed Frog,Hyperolius jackie,4,not_ranked,,,inaturalist-regional-frequency-v1,compare then edit workbook
east_africa,no,no,amphibians,163,23531,Kouni Valley striped frog,Paracassina kounhiensis,4,not_ranked,,,inaturalist-regional-frequency-v1,compare then edit workbook
east_africa,no,no,amphibians,164,25378,Largen's Dwarf Puddle Frog,Phrynobatrachus inexpectatus,4,not_ranked,,,inaturalist-regional-frequency-v1,compare then edit workbook
east_africa,no,no,amphibians,165,66421,Pale Puddle Frog,Phrynobatrachus pallidus,4,not_ranked,,,inaturalist-regional-frequency-v1,compare then edit workbook
east_africa,no,no,amphibians,166,25765,Small ridged frog,Ptychadena taenioscelis,4,not_ranked,,,inaturalist-regional-frequency-v1,compare then edit workbook
east_africa,no,no,amphibians,167,23451,Ethiopian Banana Frog,Afrixalus enseticola,3,not_ranked,,,inaturalist-regional-frequency-v1,compare then edit workbook
east_africa,no,no,amphibians,168,23466,Banded Banana Frog,Afrixalus fulvovittatus,3,not_ranked,,,inaturalist-regional-frequency-v1,compare then edit workbook
east_africa,no,no,amphibians,169,23461,Osorio's Spiny Reed Frog,Afrixalus osorioi,3,not_ranked,,,inaturalist-regional-frequency-v1,compare then edit workbook
east_africa,no,no,amphibians,170,23476,Forest Banana Frog,Afrixalus sylvaticus,3,not_ranked,,,inaturalist-regional-frequency-v1,compare then edit workbook
east_africa,no,no,amphibians,171,65062,Amani Screeching Frog,Arthroleptis xenodactylus,3,not_ranked,,,inaturalist-regional-frequency-v1,compare then edit workbook
east_africa,no,no,amphibians,172,65129,Sagalla Caecilian,Boulengerula niedeni,3,not_ranked,,,inaturalist-regional-frequency-v1,compare then edit workbook
east_africa,no,no,amphibians,173,70540,Kindoroko Warty Frog,Callulina laphami,3,not_ranked,,,inaturalist-regional-frequency-v1,compare then edit workbook
east_africa,no,no,amphibians,174,1250331,Congo Wot-wot,Hylambates verrucosus,3,not_ranked,,,inaturalist-regional-frequency-v1,compare then edit workbook
east_africa,no,no,amphibians,175,65922,Jozani Running Frog,Kassina jozani,3,not_ranked,,,inaturalist-regional-frequency-v1,compare then edit workbook
east_africa,no,no,amphibians,176,23432,Karissimbi Forest Tree Frog,Leptopelis karissimbensis,3,not_ranked,,,inaturalist-regional-frequency-v1,compare then edit workbook
east_africa,no,no,amphibians,177,66118,Dar-es-Salaam Toad,Mertensophryne lindneri,3,not_ranked,,,inaturalist-regional-frequency-v1,compare then edit workbook
east_africa,no,no,amphibians,178,66119,Lönnberg's Toad,Mertensophryne lonnbergi,3,not_ranked,,,inaturalist-regional-frequency-v1,compare then edit workbook
east_africa,no,no,amphibians,179,66120,Loveridge's Forest Toad,Mertensophryne loveridgei,3,not_ranked,,,inaturalist-regional-frequency-v1,compare then edit workbook
east_africa,no,no,amphibians,180,66173,Wide-headed Viviparous Toad,Nectophrynoides laticeps,3,not_ranked,,,inaturalist-regional-frequency-v1,compare then edit workbook
east_africa,no,no,amphibians,181,66174,Paula's Viviparous Toad,Nectophrynoides paulae,3,not_ranked,,,inaturalist-regional-frequency-v1,compare then edit workbook
east_africa,no,no,amphibians,182,1659211,Udzungwa Glandular Tree Toad,Nectophrynoides uhehe,3,not_ranked,,,inaturalist-regional-frequency-v1,compare then edit workbook
east_africa,no,no,amphibians,183,25371,Phrynobatrachus graueri,Phrynobatrachus graueri,3,not_ranked,,,inaturalist-regional-frequency-v1,compare then edit workbook
east_africa,no,no,amphibians,184,25387,Phrynobatrachus kinangopensis,Phrynobatrachus kinangopensis,3,not_ranked,,,inaturalist-regional-frequency-v1,compare then edit workbook
east_africa,no,no,amphibians,185,25389,Phrynobatrachus ukingensis,Phrynobatrachus ukingensis,3,not_ranked,,,inaturalist-regional-frequency-v1,compare then edit workbook
east_africa,no,no,amphibians,186,66946,Ikwamba Big-fingered Frog,Probreviceps durirostris,3,not_ranked,,,inaturalist-regional-frequency-v1,compare then edit workbook
east_africa,no,no,amphibians,187,66948,Nkuka Forest Big-fingered Frog,Probreviceps rungwensis,3,not_ranked,,,inaturalist-regional-frequency-v1,compare then edit workbook
east_africa,no,no,amphibians,188,517352,Lake Turkana Toad,Sclerophrys turkanae,3,not_ranked,,,inaturalist-regional-frequency-v1,compare then edit workbook
east_africa,no,no,amphibians,189,25803,Tandy's sand frog,Tomopterna tandyi,3,not_ranked,,,inaturalist-regional-frequency-v1,compare then edit workbook
east_africa,no,no,amphibians,190,23456,De Witte's Spiny Reed Frog,Afrixalus wittei,2,not_ranked,,,inaturalist-regional-frequency-v1,compare then edit workbook
east_africa,no,no,amphibians,191,476406,Usambara Torrent Frog,Arthroleptides martiensseni,2,not_ranked,,,inaturalist-regional-frequency-v1,compare then edit workbook
east_africa,no,no,amphibians,192,24591,Mottled Squeaker,Arthroleptis poecilonotus,2,not_ranked,,,inaturalist-regional-frequency-v1,compare then edit workbook
east_africa,no,no,amphibians,193,25012,Bale Mountains Tree Frog,Balebreviceps hillmani,2,not_ranked,,,inaturalist-regional-frequency-v1,compare then edit workbook
east_africa,no,no,amphibians,194,65128,Tana River Caecilian,Boulengerula denhardti,2,not_ranked,,,inaturalist-regional-frequency-v1,compare then edit workbook
east_africa,no,no,amphibians,195,27899,Cyamudongo Forest Caecilian,Boulengerula fischeri,2,not_ranked,,,inaturalist-regional-frequency-v1,compare then edit workbook
east_africa,no,no,amphibians,196,27906,Uluguru Pink Caecilian,Boulengerula uluguruensis,2,not_ranked,,,inaturalist-regional-frequency-v1,compare then edit workbook
east_africa,no,no,amphibians,197,70541,Chome Forest Warty Frog,Callulina shengena,2,not_ranked,,,inaturalist-regional-frequency-v1,compare then edit workbook
east_africa,no,no,amphibians,198,24548,Mukuzira Long-fingered Frog,Cardioglossa cyaneospila,2,not_ranked,,,inaturalist-regional-frequency-v1,compare then edit workbook
east_africa,no,no,amphibians,199,24549,Silver Long-Fingered Frog,Cardioglossa leucomystax,2,not_ranked,,,inaturalist-regional-frequency-v1,compare then edit workbook
east_africa,no,no,amphibians,200,24458,Ethiopian Snout-burrower,Hemisus microscaphus,2,not_ranked,,,inaturalist-regional-frequency-v1,compare then edit workbook
east_africa,no,no,amphibians,201,23324,White-snouted Reed Frog,Hyperolius frontalis,2,not_ranked,,,inaturalist-regional-frequency-v1,compare then edit workbook
east_africa,no,no,amphibians,202,23295,Camp Kivu Reed Frog,Hyperolius kuligae,2,not_ranked,,,inaturalist-regional-frequency-v1,compare then edit workbook
east_africa,no,no,amphibians,203,23365,Zanzibar Reed Frog,Hyperolius puncticulatus,2,not_ranked,,,inaturalist-regional-frequency-v1,compare then edit workbook
east_africa,no,no,amphibians,204,1462594,Hyperolius ukaguruensis,Hyperolius ukaguruensis,2,not_ranked,,,inaturalist-regional-frequency-v1,compare then edit workbook
east_africa,no,no,amphibians,205,1250509,Leptopelis diffidens,Leptopelis diffidens,2,not_ranked,,,inaturalist-regional-frequency-v1,compare then edit workbook
east_africa,no,no,amphibians,206,23401,Lake Upemba Forest Tree Frog,Leptopelis parbocagii,2,not_ranked,,,inaturalist-regional-frequency-v1,compare then edit workbook
east_africa,no,no,amphibians,207,23429,Grassland Forest Tree Frog,Leptopelis yaldeni,2,not_ranked,,,inaturalist-regional-frequency-v1,compare then edit workbook
east_africa,no,no,amphibians,208,1121316,West Usambara Puddle Frog,Phrynobatrachus ambanguluensis,2,not_ranked,,,inaturalist-regional-frequency-v1,compare then edit workbook
east_africa,no,no,amphibians,209,25365,Small Puddle Frog,Phrynobatrachus parvulus,2,not_ranked,,,inaturalist-regional-frequency-v1,compare then edit workbook
east_africa,no,no,amphibians,210,66947,Loveridge's Big-fingered Frog,Probreviceps loveridgei,2,not_ranked,,,inaturalist-regional-frequency-v1,compare then edit workbook
east_africa,no,no,amphibians,211,24986,Usambara Big-fingered Frog,Probreviceps macrodactylus,2,not_ranked,,,inaturalist-regional-frequency-v1,compare then edit workbook
east_africa,no,no,amphibians,212,25779,Udzungwa ridged frog,Ptychadena uzungwensis,2,not_ranked,,,inaturalist-regional-frequency-v1,compare then edit workbook
east_africa,no,no,amphibians,213,733757,Hallowell's Toad,Sclerophrys maculata,2,not_ranked,,,inaturalist-regional-frequency-v1,compare then edit workbook
east_africa,no,no,amphibians,214,1273308,Confused Sand frog,Tomopterna adiastola,2,not_ranked,,,inaturalist-regional-frequency-v1,compare then edit workbook
east_africa,no,no,amphibians,215,120764,Tomopterna monticola,Tomopterna monticola,2,not_ranked,,,inaturalist-regional-frequency-v1,compare then edit workbook
east_africa,no,no,amphibians,216,23470,Brown Banana Frog,Afrixalus dorsalis,1,not_ranked,,,inaturalist-regional-frequency-v1,compare then edit workbook
east_africa,no,no,amphibians,217,23458,Smooth Spiny Reed Frog,Afrixalus laevis,1,not_ranked,,,inaturalist-regional-frequency-v1,compare then edit workbook
east_africa,no,no,amphibians,218,1416122,Afrixalus phantasma,Afrixalus phantasma,1,not_ranked,,,inaturalist-regional-frequency-v1,compare then edit workbook
east_africa,no,no,amphibians,219,64909,Angolan River Frog,Amietia angolensis,1,not_ranked,,,inaturalist-regional-frequency-v1,compare then edit workbook
east_africa,no,no,amphibians,220,517357,Common River Frog,Amietia delalandii,1,not_ranked,,,inaturalist-regional-frequency-v1,compare then edit workbook
east_africa,no,no,amphibians,221,64916,Ruwenzori River Frog,Amietia ruwenzorica,1,not_ranked,,,inaturalist-regional-frequency-v1,compare then edit workbook
east_africa,no,no,amphibians,222,24588,Foulassi Screeching Frog,Arthroleptis adelphus,1,not_ranked,,,inaturalist-regional-frequency-v1,compare then edit workbook
east_africa,no,no,amphibians,223,70458,Tiny Squeaker Frog,Arthroleptis kidogo,1,not_ranked,,,inaturalist-regional-frequency-v1,compare then edit workbook
east_africa,no,no,amphibians,224,70461,Arthroleptis nguruensis,Arthroleptis nguruensis,1,not_ranked,,,inaturalist-regional-frequency-v1,compare then edit workbook
east_africa,no,no,amphibians,225,326299,Schubotz's Squeaker,Arthroleptis schubotzi,1,not_ranked,,,inaturalist-regional-frequency-v1,compare then edit workbook
east_africa,no,no,amphibians,226,65056,Arthroleptis stridens,Arthroleptis stridens,1,not_ranked,,,inaturalist-regional-frequency-v1,compare then edit workbook
east_africa,no,no,amphibians,227,27902,Changamwe Caecilian,Boulengerula changamwensis,1,not_ranked,,,inaturalist-regional-frequency-v1,compare then edit workbook
east_africa,no,no,amphibians,228,1530358,Endau Hill Caecilian,Boulengerula endauensis,1,not_ranked,,,inaturalist-regional-frequency-v1,compare then edit workbook
east_africa,no,no,amphibians,229,555071,Ngaia Forest Caecilian,Boulengerula spawlsi,1,not_ranked,,,inaturalist-regional-frequency-v1,compare then edit workbook
east_africa,no,no,amphibians,230,25001,Common Rain Frog,Breviceps adspersus,1,not_ranked,,,inaturalist-regional-frequency-v1,compare then edit workbook
east_africa,no,no,amphibians,231,24997,Power's Rain Frog,Breviceps poweri,1,not_ranked,,,inaturalist-regional-frequency-v1,compare then edit workbook
east_africa,no,no,amphibians,232,26657,African foam-nest tree frog,Chiromantis rufescens,1,not_ranked,,,inaturalist-regional-frequency-v1,compare then edit workbook
east_africa,no,no,amphibians,233,1250328,Keith's Wot-wot,Hylambates keithae,1,not_ranked,,,inaturalist-regional-frequency-v1,compare then edit workbook
east_africa,no,no,amphibians,234,65571,Darling's white-lipped frog,Hylarana darlingi,1,not_ranked,,,inaturalist-regional-frequency-v1,compare then edit workbook
east_africa,no,no,amphibians,235,65618,Parker's white-lipped frog,Hylarana parkeriana,1,not_ranked,,,inaturalist-regional-frequency-v1,compare then edit workbook
east_africa,no,no,amphibians,236,23294,Kihanga Reed Frog,Hyperolius kihangensis,1,not_ranked,,,inaturalist-regional-frequency-v1,compare then edit workbook
east_africa,no,no,amphibians,237,23331,Painted Reed Frog,Hyperolius marmoratus,1,not_ranked,,,inaturalist-regional-frequency-v1,compare then edit workbook
east_africa,no,no,amphibians,238,23302,Pickersgill's Reed Frog,Hyperolius pickersgilli,1,not_ranked,,,inaturalist-regional-frequency-v1,compare then edit workbook
east_africa,no,no,amphibians,239,23278,Kunungu Reed Frog,Hyperolius schoutedeni,1,not_ranked,,,inaturalist-regional-frequency-v1,compare then edit workbook
east_africa,no,no,amphibians,240,464516,Ukwiva Reed Frog,Hyperolius ukwiva,1,not_ranked,,,inaturalist-regional-frequency-v1,compare then edit workbook
east_africa,no,no,amphibians,241,22973,Whistling Grass Frog,Leptodactylus fuscus,1,not_ranked,,,inaturalist-regional-frequency-v1,compare then edit workbook
east_africa,no,no,amphibians,242,23424,Efulen Forest Tree Frog,Leptopelis calcaratus,1,not_ranked,,,inaturalist-regional-frequency-v1,compare then edit workbook
east_africa,no,no,amphibians,243,23402,Garamba Forest Tree Frog,Leptopelis oryi,1,not_ranked,,,inaturalist-regional-frequency-v1,compare then edit workbook
east_africa,no,no,amphibians,244,23439,Rusty Forest Tree Frog,Leptopelis viridis,1,not_ranked,,,inaturalist-regional-frequency-v1,compare then edit workbook
east_africa,no,no,amphibians,245,66117,Mrora Forest Toad,Mertensophryne howelli,1,not_ranked,,,inaturalist-regional-frequency-v1,compare then edit workbook
east_africa,no,no,amphibians,246,66127,Usambara Forest Toad,Mertensophryne usambarae,1,not_ranked,,,inaturalist-regional-frequency-v1,compare then edit workbook
east_africa,no,no,amphibians,247,1659208,Luhomero Glandular Tree Toad,Nectophrynoides luhomeroensis,1,not_ranked,,,inaturalist-regional-frequency-v1,compare then edit workbook
east_africa,no,no,amphibians,248,21749,Uzungwe Scarp Tree Toad,Nectophrynoides wendyae,1,not_ranked,,,inaturalist-regional-frequency-v1,compare then edit workbook
east_africa,no,no,amphibians,249,66418,Phrynobatrachus breviceps,Phrynobatrachus breviceps,1,not_ranked,,,inaturalist-regional-frequency-v1,compare then edit workbook
east_africa,no,no,amphibians,250,25406,Phrynobatrachus dendrobates,Phrynobatrachus dendrobates,1,not_ranked,,,inaturalist-regional-frequency-v1,compare then edit workbook
east_africa,no,no,amphibians,251,604219,Phrynobatrachus discogularis,Phrynobatrachus discogularis,1,not_ranked,,,inaturalist-regional-frequency-v1,compare then edit workbook
east_africa,no,no,amphibians,252,25345,Phrynobatrachus irangi,Phrynobatrachus irangi,1,not_ranked,,,inaturalist-regional-frequency-v1,compare then edit workbook
east_africa,no,no,amphibians,253,25402,Udzungwa Puddle Frog,Phrynobatrachus uzungwensis,1,not_ranked,,,inaturalist-regional-frequency-v1,compare then edit workbook
east_africa,no,no,amphibians,254,24902,Somali Rubber Frog,Phrynomantis somalicus,1,not_ranked,,,inaturalist-regional-frequency-v1,compare then edit workbook
east_africa,no,no,amphibians,255,66526,Parker's Pygmy Toad,Poyntonophrynus parkeri,1,not_ranked,,,inaturalist-regional-frequency-v1,compare then edit workbook
east_africa,no,no,amphibians,256,25751,Ptychadena harenna,Ptychadena harenna,1,not_ranked,,,inaturalist-regional-frequency-v1,compare then edit workbook
east_africa,no,no,amphibians,257,1250504,Ptychadena robeensis,Ptychadena robeensis,1,not_ranked,,,inaturalist-regional-frequency-v1,compare then edit workbook
east_africa,no,no,amphibians,258,28079,Flood-plain-dwelling Caecilian,Schistometopum gregorii,1,not_ranked,,,inaturalist-regional-frequency-v1,compare then edit workbook
east_africa,no,no,amphibians,259,517300,Asmara Toad,Sclerophrys asmarae,1,not_ranked,,,inaturalist-regional-frequency-v1,compare then edit workbook
east_africa,no,no,amphibians,260,517213,Oban Toad,Sclerophrys camerunensis,1,not_ranked,,,inaturalist-regional-frequency-v1,compare then edit workbook
east_africa,no,no,amphibians,261,517051,Angola Toad,Sclerophrys funerea,1,not_ranked,,,inaturalist-regional-frequency-v1,compare then edit workbook
east_africa,no,no,amphibians,262,517301,Lake Langano Toad,Sclerophrys langanoensis,1,not_ranked,,,inaturalist-regional-frequency-v1,compare then edit workbook
east_africa,no,no,amphibians,263,28035,Aleku Caecilian,Sylvacaecilia grandisonae,1,not_ranked,,,inaturalist-regional-frequency-v1,compare then edit workbook
east_africa,no,no,amphibians,264,25458,Largen's Clawed Frog,Xenopus largeni,1,not_ranked,,,inaturalist-regional-frequency-v1,compare then edit workbook
east_africa,no,no,amphibians,265,25448,Peters' Clawed Frog,Xenopus petersii,1,not_ranked,,,inaturalist-regional-frequency-v1,compare then edit workbook
east_africa,no,no,amphibians,266,25446,Uganda Clawed Frog,Xenopus ruwenzoriensis,1,not_ranked,,,inaturalist-regional-frequency-v1,compare then edit workbook
east_africa,no,no,birds,421,558603,Western Citril,Crithagra frontalis,150,not_ranked,,,inaturalist-regional-frequency-v1,compare then edit workbook
east_africa,no,no,birds,422,1578999,Black Goshawk,Astur melanoleucus,149,not_ranked,,,inaturalist-regional-frequency-v1,compare then edit workbook
east_africa,no,no,birds,423,13140,Rufous-tailed Rock-Thrush,Monticola saxatilis,148,not_ranked,,,inaturalist-regional-frequency-v1,compare then edit workbook
east_africa,no,no,birds,424,19269,Gray Parrot,Psittacus erithacus,145,not_ranked,,,inaturalist-regional-frequency-v1,compare then edit workbook
east_africa,no,no,birds,425,4689,Greater Kestrel,Falco rupicoloides,143,not_ranked,,,inaturalist-regional-frequency-v1,compare then edit workbook
east_africa,no,no,birds,426,1586878,Sulphur-breasted Bushshrike,Chlorophoneus sulfureopectus,142,not_ranked,,,inaturalist-regional-frequency-v1,compare then edit workbook
east_africa,no,no,birds,427,144894,Yellow-whiskered Greenbul,Eurillas latirostris,141,not_ranked,,,inaturalist-regional-frequency-v1,compare then edit workbook
east_africa,no,no,birds,428,14013,Straw-tailed Whydah,Vidua fischeri,141,not_ranked,,,inaturalist-regional-frequency-v1,compare then edit workbook
east_africa,no,no,birds,429,144797,Mosque Swallow,Cecropis senegalensis,140,not_ranked,,,inaturalist-regional-frequency-v1,compare then edit workbook
east_africa,no,no,birds,430,512165,Hemprich's Hornbill,Lophoceros hemprichii,139,not_ranked,,,inaturalist-regional-frequency-v1,compare then edit workbook
east_africa,no,no,birds,431,116945,Black-billed Barbet,Lybius guifsobalito,137,not_ranked,,,inaturalist-regional-frequency-v1,compare then edit workbook
east_africa,no,no,birds,432,1578973,African Goshawk,Aerospiza tachiro,136,not_ranked,,,inaturalist-regional-frequency-v1,compare then edit workbook
east_africa,no,no,birds,433,367712,Cinnamon-breasted Bunting,Emberiza tahapisi,134,not_ranked,,,inaturalist-regional-frequency-v1,compare then edit workbook
east_africa,no,no,birds,434,73154,Swahili Sparrow,Passer suahelicus,134,not_ranked,,,inaturalist-regional-frequency-v1,compare then edit workbook
east_africa,no,no,birds,435,20956,Abyssinian Scimitarbill,Rhinopomastus minor,134,not_ranked,,,inaturalist-regional-frequency-v1,compare then edit workbook
east_africa,no,no,birds,436,4928,Senegal Thick-knee,Burhinus senegalensis,133,not_ranked,,,inaturalist-regional-frequency-v1,compare then edit workbook
east_africa,no,no,birds,437,13873,Black-capped Social-Weaver,Pseudonigrita cabanisi,132,not_ranked,,,inaturalist-regional-frequency-v1,compare then edit workbook
east_africa,no,no,birds,438,507913,Trumpeter Hornbill,Bycanistes bucinator,130,not_ranked,,,inaturalist-regional-frequency-v1,compare then edit workbook
east_africa,no,no,birds,439,8626,Black-and-white Shrike-flycatcher,Bias musicus,129,not_ranked,,,inaturalist-regional-frequency-v1,compare then edit workbook
east_africa,no,no,birds,440,5173,Western Marsh Harrier,Circus aeruginosus,129,not_ranked,,,inaturalist-regional-frequency-v1,compare then edit workbook
east_africa,no,no,birds,441,1789,Pied Cuckoo,Clamator jacobinus,129,not_ranked,,,inaturalist-regional-frequency-v1,compare then edit workbook
east_africa,no,no,birds,442,12708,African Bare-eyed Thrush,Turdus tephronotus,127,not_ranked,,,inaturalist-regional-frequency-v1,compare then edit workbook
east_africa,no,no,birds,443,1578621,Pale-throated Greenbul,Atimastillas flavigula,126,not_ranked,,,inaturalist-regional-frequency-v1,compare then edit workbook
east_africa,no,no,birds,444,19530,Slender-tailed Nightjar,Caprimulgus clarus,126,not_ranked,,,inaturalist-regional-frequency-v1,compare then edit workbook
east_africa,no,no,birds,445,3027,White-collared Pigeon,Columba albitorques,126,not_ranked,,,inaturalist-regional-frequency-v1,compare then edit workbook
east_africa,no,no,birds,446,73094,Grey-headed Nigrita,Nigrita canicapillus,126,not_ranked,,,inaturalist-regional-frequency-v1,compare then edit workbook
east_africa,no,no,birds,447,12908,Whinchat,Saxicola rubetra,126,not_ranked,,,inaturalist-regional-frequency-v1,compare then edit workbook
east_africa,no,no,birds,448,1917,African Cuckoo,Cuculus gularis,125,not_ranked,,,inaturalist-regional-frequency-v1,compare then edit workbook
east_africa,no,no,birds,449,14942,Splendid Starling,Lamprotornis splendidus,125,not_ranked,,,inaturalist-regional-frequency-v1,compare then edit workbook
east_africa,no,no,birds,450,116879,White-tailed Blue Flycatcher,Elminia albicauda,124,not_ranked,,,inaturalist-regional-frequency-v1,compare then edit workbook
east_africa,no,no,birds,451,144836,White-bellied Tit,Melaniparus albiventris,124,not_ranked,,,inaturalist-regional-frequency-v1,compare then edit workbook
east_africa,no,no,birds,452,20301,African Scops-Owl,Otus senegalensis,123,not_ranked,,,inaturalist-regional-frequency-v1,compare then edit workbook
east_africa,no,no,birds,453,145192,Copper Sunbird,Cinnyris cupreus,122,not_ranked,,,inaturalist-regional-frequency-v1,compare then edit workbook
east_africa,no,no,birds,454,6976,African Black Duck,Anas sparsa,121,not_ranked,,,inaturalist-regional-frequency-v1,compare then edit workbook
east_africa,no,no,birds,455,8295,Northern Puffback,Dryoscopus gambensis,121,not_ranked,,,inaturalist-regional-frequency-v1,compare then edit workbook
east_africa,no,no,birds,456,1289377,Black-faced Waxbill,Brunhilda erythronotos,120,not_ranked,,,inaturalist-regional-frequency-v1,compare then edit workbook
east_africa,no,no,birds,457,13146,Little Rock-Thrush,Monticola rufocinereus,120,not_ranked,,,inaturalist-regional-frequency-v1,compare then edit workbook
east_africa,no,no,birds,458,1506315,Brown-breasted Barbet,Pogonornis melanopterus,120,not_ranked,,,inaturalist-regional-frequency-v1,compare then edit workbook
east_africa,no,no,birds,459,73391,Yellow-crowned Canary,Serinus flavivertex,120,not_ranked,,,inaturalist-regional-frequency-v1,compare then edit workbook
east_africa,no,no,birds,460,1583224,Shikra,Tachyspiza badia,119,not_ranked,,,inaturalist-regional-frequency-v1,compare then edit workbook
east_africa,no,no,birds,461,1587291,Kikuyu Mountain Greenbul,Arizelocichla kikuyuensis,118,not_ranked,,,inaturalist-regional-frequency-v1,compare then edit workbook
east_africa,no,no,birds,462,1506279,African Grey Woodpecker,Dendropicos goertae,118,not_ranked,,,inaturalist-regional-frequency-v1,compare then edit workbook
east_africa,no,no,birds,463,3999,Greater Painted-Snipe,Rostratula benghalensis,118,not_ranked,,,inaturalist-regional-frequency-v1,compare then edit workbook
east_africa,no,no,birds,464,144543,Lesser Crested Tern,Thalasseus bengalensis,118,not_ranked,,,inaturalist-regional-frequency-v1,compare then edit workbook
east_africa,no,no,birds,465,980051,Kilimanjaro White-eye,Zosterops eurycricotus,118,not_ranked,,,inaturalist-regional-frequency-v1,compare then edit workbook
east_africa,no,no,birds,466,6619,White-rumped Swift,Apus caffer,117,not_ranked,,,inaturalist-regional-frequency-v1,compare then edit workbook
east_africa,no,no,birds,467,117141,Black-throated Barbet,Tricholaema melanocephala,117,not_ranked,,,inaturalist-regional-frequency-v1,compare then edit workbook
east_africa,no,no,birds,468,3723,White-headed Mousebird,Colius leucocephalus,116,not_ranked,,,inaturalist-regional-frequency-v1,compare then edit workbook
east_africa,no,no,birds,469,423554,Moustached Grass-Warbler,Melocichla mentalis,116,not_ranked,,,inaturalist-regional-frequency-v1,compare then edit workbook
east_africa,no,no,birds,470,2192,Blue-breasted Bee-eater,Merops variegatus,116,not_ranked,,,inaturalist-regional-frequency-v1,compare then edit workbook
east_africa,no,no,birds,471,14130,Golden Pipit,Tmetothylacus tenellus,116,not_ranked,,,inaturalist-regional-frequency-v1,compare then edit workbook
east_africa,no,no,birds,472,144593,Grayish Eagle-Owl,Bubo cinerascens,115,not_ranked,,,inaturalist-regional-frequency-v1,compare then edit workbook
east_africa,no,no,birds,473,5361,Egyptian Vulture,Neophron percnopterus,115,not_ranked,,,inaturalist-regional-frequency-v1,compare then edit workbook
east_africa,no,no,birds,474,979832,Black-bellied Starling,Notopholia corusca,115,not_ranked,,,inaturalist-regional-frequency-v1,compare then edit workbook
east_africa,no,no,birds,475,3012,Rameron Pigeon,Columba arquatrix,113,not_ranked,,,inaturalist-regional-frequency-v1,compare then edit workbook
east_africa,no,no,birds,476,8257,Grey-headed Bushshrike,Malaconotus blanchoti,113,not_ranked,,,inaturalist-regional-frequency-v1,compare then edit workbook
east_africa,no,no,birds,477,7697,Zitting Cisticola,Cisticola juncidis,112,not_ranked,,,inaturalist-regional-frequency-v1,compare then edit workbook
east_africa,no,no,birds,478,1787,Great Spotted Cuckoo,Clamator glandarius,112,not_ranked,,,inaturalist-regional-frequency-v1,compare then edit workbook
east_africa,no,no,birds,479,116913,Grey-throated Barbet,Gymnobucco bonapartei,112,not_ranked,,,inaturalist-regional-frequency-v1,compare then edit workbook
east_africa,no,no,birds,480,17570,Greater Honeyguide,Indicator indicator,112,not_ranked,,,inaturalist-regional-frequency-v1,compare then edit workbook
east_africa,no,no,birds,481,72775,Blue-winged Goose,Cyanochen cyanoptera,111,not_ranked,,,inaturalist-regional-frequency-v1,compare then edit workbook
east_africa,no,no,birds,482,13823,Brown-capped Weaver,Ploceus insignis,111,not_ranked,,,inaturalist-regional-frequency-v1,compare then edit workbook
east_africa,no,no,birds,483,145164,Regal Sunbird,Cinnyris regius,110,not_ranked,,,inaturalist-regional-frequency-v1,compare then edit workbook
east_africa,no,no,birds,484,7123,Southern Pochard,Netta erythrophthalma,108,not_ranked,,,inaturalist-regional-frequency-v1,compare then edit workbook
east_africa,no,no,birds,485,116999,Osprey,Pandion haliaetus,108,not_ranked,,,inaturalist-regional-frequency-v1,compare then edit workbook
east_africa,no,no,birds,486,14026,Southern Cordonbleu,Uraeginthus angolensis,107,not_ranked,,,inaturalist-regional-frequency-v1,compare then edit workbook
east_africa,no,no,birds,487,144895,Little Greenbul,Eurillas virens,106,not_ranked,,,inaturalist-regional-frequency-v1,compare then edit workbook
east_africa,no,no,birds,488,14688,Yellow-bellied Greenbul,Chlorocichla flaviventris,105,not_ranked,,,inaturalist-regional-frequency-v1,compare then edit workbook
east_africa,no,no,birds,489,12785,Snowy-crowned Robin-Chat,Cossypha niveicapilla,105,not_ranked,,,inaturalist-regional-frequency-v1,compare then edit workbook
east_africa,no,no,birds,490,15247,Northern Crombec,Sylvietta brachyura,105,not_ranked,,,inaturalist-regional-frequency-v1,compare then edit workbook
east_africa,no,no,birds,491,7664,Singing Cisticola,Cisticola cantans,104,not_ranked,,,inaturalist-regional-frequency-v1,compare then edit workbook
east_africa,no,no,birds,492,2351,Mangrove Kingfisher,Halcyon senegaloides,104,not_ranked,,,inaturalist-regional-frequency-v1,compare then edit workbook
east_africa,no,no,birds,493,495977,Jackson's Spurfowl,Pternistis jacksoni,104,not_ranked,,,inaturalist-regional-frequency-v1,compare then edit workbook
east_africa,no,no,birds,494,4995,Rufous-bellied Heron,Ardeola rufiventris,103,not_ranked,,,inaturalist-regional-frequency-v1,compare then edit workbook
east_africa,no,no,birds,495,6899,Fulvous Whistling-Duck,Dendrocygna bicolor,103,not_ranked,,,inaturalist-regional-frequency-v1,compare then edit workbook
east_africa,no,no,birds,496,558621,Thick-billed Seedeater,Crithagra burtoni,102,not_ranked,,,inaturalist-regional-frequency-v1,compare then edit workbook
east_africa,no,no,birds,497,204526,Lesser Honeyguide,Indicator minor,102,not_ranked,,,inaturalist-regional-frequency-v1,compare then edit workbook
east_africa,no,no,birds,498,20842,Bar-tailed Trogon,Apaloderma vittatum,101,not_ranked,,,inaturalist-regional-frequency-v1,compare then edit workbook
east_africa,no,no,birds,499,13699,Cape Wagtail,Motacilla capensis,101,not_ranked,,,inaturalist-regional-frequency-v1,compare then edit workbook
east_africa,no,no,birds,500,5482,Jackson's Hornbill,Tockus jacksoni,101,not_ranked,,,inaturalist-regional-frequency-v1,compare then edit workbook
east_africa,no,no,birds,501,1440652,Ethiopian Thrush,Turdus simensis,101,not_ranked,,,inaturalist-regional-frequency-v1,compare then edit workbook
east_africa,no,no,birds,502,17458,Northern Yellow White-eye,Zosterops senegalensis,101,not_ranked,,,inaturalist-regional-frequency-v1,compare then edit workbook
east_africa,no,no,birds,503,1583762,Flappet Lark,Amirafra rufocinnamomea,100,not_ranked,,,inaturalist-regional-frequency-v1,compare then edit workbook
east_africa,no,no,birds,504,8408,Pygmy Batis,Batis perkeo,100,not_ranked,,,inaturalist-regional-frequency-v1,compare then edit workbook
east_africa,no,no,birds,505,5221,Mountain Buzzard,Buteo oreophilus,100,not_ranked,,,inaturalist-regional-frequency-v1,compare then edit workbook
east_africa,no,no,birds,506,980050,Kikuyu White-eye,Zosterops kikuyuensis,100,not_ranked,,,inaturalist-regional-frequency-v1,compare then edit workbook
east_africa,no,no,birds,507,144946,Gray Wren-Warbler,Calamonastes simplex,99,not_ranked,,,inaturalist-regional-frequency-v1,compare then edit workbook
east_africa,no,no,birds,508,1289486,Banded Warbler,Curruca boehmi,99,not_ranked,,,inaturalist-regional-frequency-v1,compare then edit workbook
east_africa,no,no,birds,509,117115,White-eared Barbet,Stactolaema leucotis,98,not_ranked,,,inaturalist-regional-frequency-v1,compare then edit workbook
east_africa,no,no,birds,510,1289383,Gray-headed Silverbill,Spermestes griseicapilla,97,not_ranked,,,inaturalist-regional-frequency-v1,compare then edit workbook
east_africa,no,no,birds,511,14113,Donaldson Smith's Sparrow-Weaver,Plocepasser donaldsoni,96,not_ranked,,,inaturalist-regional-frequency-v1,compare then edit workbook
east_africa,no,no,birds,512,13788,Dark-backed Weaver,Ploceus bicolor,96,not_ranked,,,inaturalist-regional-frequency-v1,compare then edit workbook
east_africa,no,no,birds,513,1505774,Chestnut-banded Plover,Anarhynchus pallidus,94,not_ranked,,,inaturalist-regional-frequency-v1,compare then edit workbook
east_africa,no,no,birds,514,522872,Ashy Flycatcher,Fraseria caerulescens,94,not_ranked,,,inaturalist-regional-frequency-v1,compare then edit workbook
east_africa,no,no,birds,515,117135,Crested Barbet,Trachyphonus vaillantii,94,not_ranked,,,inaturalist-regional-frequency-v1,compare then edit workbook
east_africa,no,no,birds,516,563,Rouget's Rail,Rougetius rougetii,93,not_ranked,,,inaturalist-regional-frequency-v1,compare then edit workbook
east_africa,no,no,birds,517,5077,Verreaux's Eagle,Aquila verreauxii,92,not_ranked,,,inaturalist-regional-frequency-v1,compare then edit workbook
east_africa,no,no,birds,518,5376,Grasshopper Buzzard,Butastur rufipennis,92,not_ranked,,,inaturalist-regional-frequency-v1,compare then edit workbook
east_africa,no,no,birds,519,145144,Hunter's Sunbird,Chalcomitra hunteri,92,not_ranked,,,inaturalist-regional-frequency-v1,compare then edit workbook
east_africa,no,no,birds,520,1736,African Emerald Cuckoo,Chrysococcyx cupreus,92,not_ranked,,,inaturalist-regional-frequency-v1,compare then edit workbook
east_africa,no,no,birds,521,1573649,Red-winged Lark,Corypha hypermetra,92,not_ranked,,,inaturalist-regional-frequency-v1,compare then edit workbook
east_africa,no,no,birds,522,12042,Isabelline Shrike,Lanius isabellinus,92,not_ranked,,,inaturalist-regional-frequency-v1,compare then edit workbook
east_africa,no,no,birds,523,62,African Finfoot,Podica senegalensis,92,not_ranked,,,inaturalist-regional-frequency-v1,compare then edit workbook
east_africa,no,no,birds,524,7359,Thekla's Lark,Galerida theklae,90,not_ranked,,,inaturalist-regional-frequency-v1,compare then edit workbook
east_africa,no,no,birds,525,144949,White-chinned Prinia,Schistolais leucopogon,90,not_ranked,,,inaturalist-regional-frequency-v1,compare then edit workbook
east_africa,no,no,birds,526,13969,Jackson's Widowbird,Euplectes jacksoni,89,not_ranked,,,inaturalist-regional-frequency-v1,compare then edit workbook
east_africa,no,no,birds,527,1505994,White-cheeked Turaco,Menelikornis leucotis,86,not_ranked,,,inaturalist-regional-frequency-v1,compare then edit workbook
east_africa,no,no,birds,528,1582755,Little Sparrowhawk,Tachyspiza minulla,86,not_ranked,,,inaturalist-regional-frequency-v1,compare then edit workbook
east_africa,no,no,birds,529,73535,White-rumped Babbler,Turdoides leucopygia,86,not_ranked,,,inaturalist-regional-frequency-v1,compare then edit workbook
east_africa,no,no,birds,530,1505629,Greater Sand-Plover,Anarhynchus leschenaultii,85,not_ranked,,,inaturalist-regional-frequency-v1,compare then edit workbook
east_africa,no,no,birds,531,7653,Red-faced Cisticola,Cisticola erythrops,85,not_ranked,,,inaturalist-regional-frequency-v1,compare then edit workbook
east_africa,no,no,birds,532,72851,Yellow-mantled Widowbird,Euplectes macroura,85,not_ranked,,,inaturalist-regional-frequency-v1,compare then edit workbook
east_africa,no,no,birds,533,13977,Long-tailed Widowbird,Euplectes progne,85,not_ranked,,,inaturalist-regional-frequency-v1,compare then edit workbook
east_africa,no,no,birds,534,4643,Eurasian Hobby,Falco subbuteo,85,not_ranked,,,inaturalist-regional-frequency-v1,compare then edit workbook
east_africa,no,no,birds,535,3340,Bruce's Green-Pigeon,Treron waalia,84,not_ranked,,,inaturalist-regional-frequency-v1,compare then edit workbook
east_africa,no,no,birds,536,13082,Collared Palm-Thrush,Cichladusa arquata,83,not_ranked,,,inaturalist-regional-frequency-v1,compare then edit workbook
east_africa,no,no,birds,537,4736,Black Stork,Ciconia nigra,83,not_ranked,,,inaturalist-regional-frequency-v1,compare then edit workbook
east_africa,no,no,birds,538,7655,Stout Cisticola,Cisticola robustus,83,not_ranked,,,inaturalist-regional-frequency-v1,compare then edit workbook
east_africa,no,no,birds,539,204508,Yellow-bellied Eremomela,Eremomela icteropygialis,83,not_ranked,,,inaturalist-regional-frequency-v1,compare then edit workbook
east_africa,no,no,birds,540,980052,Ethiopian white-eye,Zosterops poliogastrus,83,not_ranked,,,inaturalist-regional-frequency-v1,compare then edit workbook
east_africa,no,no,birds,541,117062,Yellow-fronted Tinkerbird,Pogoniulus chrysoconus,82,not_ranked,,,inaturalist-regional-frequency-v1,compare then edit workbook
east_africa,no,no,birds,542,4855,White-crowned Lapwing,Vanellus albiceps,82,not_ranked,,,inaturalist-regional-frequency-v1,compare then edit workbook
east_africa,no,no,birds,543,144211,Western Black-headed Batis,Batis erlangeri,80,not_ranked,,,inaturalist-regional-frequency-v1,compare then edit workbook
east_africa,no,no,birds,544,13300,Malachite Sunbird,Nectarinia famosa,80,not_ranked,,,inaturalist-regional-frequency-v1,compare then edit workbook
east_africa,no,no,birds,545,11950,White-headed Sawwing,Psalidoprocne albiceps,80,not_ranked,,,inaturalist-regional-frequency-v1,compare then edit workbook
east_africa,no,no,birds,546,204463,Long-billed Pipit,Anthus similis,79,not_ranked,,,inaturalist-regional-frequency-v1,compare then edit workbook
east_africa,no,no,birds,547,1793,Levaillant's Cuckoo,Clamator levaillantii,79,not_ranked,,,inaturalist-regional-frequency-v1,compare then edit workbook
east_africa,no,no,birds,548,8453,Black-throated Wattle-eye,Platysteira peltata,79,not_ranked,,,inaturalist-regional-frequency-v1,compare then edit workbook
east_africa,no,no,birds,549,144884,Slender-billed Greenbul,Stelgidillas gracilirostris,79,not_ranked,,,inaturalist-regional-frequency-v1,compare then edit workbook
east_africa,no,no,birds,550,9209,Somali Bunting,Emberiza poliopleura,78,not_ranked,,,inaturalist-regional-frequency-v1,compare then edit workbook
east_africa,no,no,birds,551,13973,Zanzibar Red Bishop,Euplectes nigroventris,78,not_ranked,,,inaturalist-regional-frequency-v1,compare then edit workbook
east_africa,no,no,birds,552,117086,Lichtenstein's Sandgrouse,Pterocles lichtensteinii,78,not_ranked,,,inaturalist-regional-frequency-v1,compare then edit workbook
east_africa,no,no,birds,553,20964,Common Scimitarbill,Rhinopomastus cyanomelas,78,not_ranked,,,inaturalist-regional-frequency-v1,compare then edit workbook
east_africa,no,no,birds,554,116819,Cinnamon Bracken-Warbler,Bradypterus cinnamomeus,77,not_ranked,,,inaturalist-regional-frequency-v1,compare then edit workbook
east_africa,no,no,birds,555,1585528,Grey Cuckooshrike,Ceblepyris caesius,77,not_ranked,,,inaturalist-regional-frequency-v1,compare then edit workbook
east_africa,no,no,birds,556,8207,Lühder's Bushshrike,Laniarius luehderi,77,not_ranked,,,inaturalist-regional-frequency-v1,compare then edit workbook
east_africa,no,no,birds,557,117056,Brown Woodland-Warbler,Phylloscopus umbrovirens,76,not_ranked,,,inaturalist-regional-frequency-v1,compare then edit workbook
east_africa,no,no,birds,558,793230,Red-fronted Prinia,Prinia rufifrons,76,not_ranked,,,inaturalist-regional-frequency-v1,compare then edit workbook
east_africa,no,no,birds,559,145351,African Silverbill,Euodice cantans,75,not_ranked,,,inaturalist-regional-frequency-v1,compare then edit workbook
east_africa,no,no,birds,560,98811,Somali Courser,Cursorius somalensis,74,not_ranked,,,inaturalist-regional-frequency-v1,compare then edit workbook
east_africa,no,no,birds,561,7127,African Pygmy-Goose,Nettapus auritus,74,not_ranked,,,inaturalist-regional-frequency-v1,compare then edit workbook
east_africa,no,no,birds,562,5325,European Honey-buzzard,Pernis apivorus,74,not_ranked,,,inaturalist-regional-frequency-v1,compare then edit workbook
east_africa,no,no,birds,563,6902,White-backed Duck,Thalassornis leuconotus,74,not_ranked,,,inaturalist-regional-frequency-v1,compare then edit workbook
east_africa,no,no,birds,564,1685,Black Coucal,Centropus grillii,73,not_ranked,,,inaturalist-regional-frequency-v1,compare then edit workbook
east_africa,no,no,birds,565,5152,Ayres's Hawk-Eagle,Hieraaetus ayresii,73,not_ranked,,,inaturalist-regional-frequency-v1,compare then edit workbook
east_africa,no,no,birds,566,1204,Indian Peafowl,Pavo cristatus,73,not_ranked,,,inaturalist-regional-frequency-v1,compare then edit workbook
east_africa,no,no,birds,567,3947,Black-tailed Godwit,Limosa limosa,72,not_ranked,,,inaturalist-regional-frequency-v1,compare then edit workbook
east_africa,no,no,birds,568,8221,Papyrus Gonolek,Laniarius mufumbiri,71,not_ranked,,,inaturalist-regional-frequency-v1,compare then edit workbook
east_africa,no,no,birds,569,4381,Lesser Black-backed Gull,Larus fuscus,71,not_ranked,,,inaturalist-regional-frequency-v1,compare then edit workbook
east_africa,no,no,birds,570,1289491,Banded Martin,Neophedina cincta,71,not_ranked,,,inaturalist-regional-frequency-v1,compare then edit workbook
east_africa,no,no,birds,571,13792,Little Weaver,Ploceus luteolus,71,not_ranked,,,inaturalist-regional-frequency-v1,compare then edit workbook
east_africa,no,no,birds,572,1439,Eastern Crested Guineafowl,Guttera pucherani,70,not_ranked,,,inaturalist-regional-frequency-v1,compare then edit workbook
east_africa,no,no,birds,573,14569,Cabanis's Greenbul,Phyllastrephus cabanisi,70,not_ranked,,,inaturalist-regional-frequency-v1,compare then edit workbook
east_africa,no,no,birds,574,9234,Ethiopian Siskin,Serinus nigriceps,70,not_ranked,,,inaturalist-regional-frequency-v1,compare then edit workbook
east_africa,no,no,birds,575,423536,Ethiopian Cisticola,Cisticola lugubris,69,not_ranked,,,inaturalist-regional-frequency-v1,compare then edit workbook
east_africa,no,no,birds,576,13974,Yellow-crowned Bishop,Euplectes afer,69,not_ranked,,,inaturalist-regional-frequency-v1,compare then edit workbook
east_africa,no,no,birds,577,116798,Lesser Swamp Warbler,Acrocephalus gracilirostris,68,not_ranked,,,inaturalist-regional-frequency-v1,compare then edit workbook
east_africa,no,no,birds,578,2200,Somali Bee-eater,Merops revoilii,68,not_ranked,,,inaturalist-regional-frequency-v1,compare then edit workbook
east_africa,no,no,birds,579,14024,Steel-blue Whydah,Vidua hypocherina,68,not_ranked,,,inaturalist-regional-frequency-v1,compare then edit workbook
east_africa,no,no,birds,580,201182,African Yellow-Warbler,Iduna natalensis,67,not_ranked,,,inaturalist-regional-frequency-v1,compare then edit workbook
east_africa,no,no,birds,581,18455,Red-throated Wryneck,Jynx ruficollis,67,not_ranked,,,inaturalist-regional-frequency-v1,compare then edit workbook
east_africa,no,no,birds,582,12047,Somali Fiscal,Lanius somalicus,67,not_ranked,,,inaturalist-regional-frequency-v1,compare then edit workbook
east_africa,no,no,birds,583,14970,Waller's Starling,Onychognathus walleri,66,not_ranked,,,inaturalist-regional-frequency-v1,compare then edit workbook
east_africa,no,no,birds,584,144540,Great Crested Tern,Thalasseus bergii,66,not_ranked,,,inaturalist-regional-frequency-v1,compare then edit workbook
east_africa,no,no,birds,585,4670,Red-necked Falcon,Falco chicquera,65,not_ranked,,,inaturalist-regional-frequency-v1,compare then edit workbook
east_africa,no,no,birds,586,4639,African Hobby,Falco cuvierii,65,not_ranked,,,inaturalist-regional-frequency-v1,compare then edit workbook
east_africa,no,no,birds,587,204556,Eurasian Golden Oriole,Oriolus oriolus,65,not_ranked,,,inaturalist-regional-frequency-v1,compare then edit workbook
east_africa,no,no,birds,588,7763,Black-throated Apalis,Apalis jacksoni,64,not_ranked,,,inaturalist-regional-frequency-v1,compare then edit workbook
east_africa,no,no,birds,589,522873,Dusky-blue Flycatcher,Bradornis comitatus,64,not_ranked,,,inaturalist-regional-frequency-v1,compare then edit workbook
east_africa,no,no,birds,590,145174,Black-bellied Sunbird,Cinnyris nectarinioides,64,not_ranked,,,inaturalist-regional-frequency-v1,compare then edit workbook
east_africa,no,no,birds,591,1907,Common Cuckoo,Cuculus canorus,64,not_ranked,,,inaturalist-regional-frequency-v1,compare then edit workbook
east_africa,no,no,birds,592,72840,Chestnut-headed Sparrow-Lark,Eremopterix signatus,64,not_ranked,,,inaturalist-regional-frequency-v1,compare then edit workbook
east_africa,no,no,birds,593,7887,Black-tailed Oriole,Oriolus percivali,64,not_ranked,,,inaturalist-regional-frequency-v1,compare then edit workbook
east_africa,no,no,birds,594,495972,Scaly Spurfowl,Pternistis squamatus,64,not_ranked,,,inaturalist-regional-frequency-v1,compare then edit workbook
east_africa,no,no,birds,595,8363,Black-headed Paradise-Flycatcher,Terpsiphone rufiventer,64,not_ranked,,,inaturalist-regional-frequency-v1,compare then edit workbook
east_africa,no,no,birds,596,19447,Square-tailed Nightjar,Caprimulgus fossii,63,not_ranked,,,inaturalist-regional-frequency-v1,compare then edit workbook
east_africa,no,no,birds,597,820,Harlequin Quail,Coturnix delegorguei,63,not_ranked,,,inaturalist-regional-frequency-v1,compare then edit workbook
east_africa,no,no,birds,598,2241,Black Bee-eater,Merops gularis,63,not_ranked,,,inaturalist-regional-frequency-v1,compare then edit workbook
east_africa,no,no,birds,599,20948,White-headed Woodhoopoe,Phoeniculus bollei,63,not_ranked,,,inaturalist-regional-frequency-v1,compare then edit workbook
east_africa,no,no,birds,600,4863,Spot-breasted Lapwing,Vanellus melanocephalus,63,not_ranked,,,inaturalist-regional-frequency-v1,compare then edit workbook
east_africa,no,no,fish,161,121194,Eyeline Surgeonfish,Acanthurus nigricauda,33,not_ranked,,,inaturalist-regional-frequency-v1,compare then edit workbook
east_africa,no,no,fish,162,96956,Brown Pygmy Angelfish,Centropyge multispinis,33,not_ranked,,,inaturalist-regional-frequency-v1,compare then edit workbook
east_africa,no,no,fish,163,97178,Meyer's Butterflyfish,Chaetodon meyeri,33,not_ranked,,,inaturalist-regional-frequency-v1,compare then edit workbook
east_africa,no,no,fish,164,194896,Golden Trevally,Gnathanodon speciosus,33,not_ranked,,,inaturalist-regional-frequency-v1,compare then edit workbook
east_africa,no,no,fish,165,51028,Laced Moray,Gymnothorax favagineus,33,not_ranked,,,inaturalist-regional-frequency-v1,compare then edit workbook
east_africa,no,no,fish,166,121000,Giant Moray,Gymnothorax javanicus,33,not_ranked,,,inaturalist-regional-frequency-v1,compare then edit workbook
east_africa,no,no,fish,167,210173,Brassy Drummer,Kyphosus vaigiensis,33,not_ranked,,,inaturalist-regional-frequency-v1,compare then edit workbook
east_africa,no,no,fish,168,83297,Redlip Parrotfish,Scarus rubroviolaceus,33,not_ranked,,,inaturalist-regional-frequency-v1,compare then edit workbook
east_africa,no,no,fish,169,112167,Tricolour Parrotfish,Scarus tricolor,33,not_ranked,,,inaturalist-regional-frequency-v1,compare then edit workbook
east_africa,no,no,fish,170,119419,Devil Scorpionfish,Scorpaenopsis diabolus,33,not_ranked,,,inaturalist-regional-frequency-v1,compare then edit workbook
east_africa,no,no,fish,171,97174,Blackback Butterflyfish,Chaetodon melannotus,32,not_ranked,,,inaturalist-regional-frequency-v1,compare then edit workbook
east_africa,no,no,fish,172,51356,Highfin Chub,Kyphosus cinerascens,32,not_ranked,,,inaturalist-regional-frequency-v1,compare then edit workbook
east_africa,no,no,fish,173,103769,Redeye Labeo,Labeo cylindricus,32,not_ranked,,,inaturalist-regional-frequency-v1,compare then edit workbook
east_africa,no,no,fish,174,109742,Blacksaddle Coralgrouper,Plectropomus laevis,32,not_ranked,,,inaturalist-regional-frequency-v1,compare then edit workbook
east_africa,no,no,fish,175,1316754,Blacktail Chromis,Pycnochromis nigrurus,32,not_ranked,,,inaturalist-regional-frequency-v1,compare then edit workbook
east_africa,no,no,fish,176,111716,Ribbon Eel,Rhinomuraena quaesita,32,not_ranked,,,inaturalist-regional-frequency-v1,compare then edit workbook
east_africa,no,no,fish,177,128155,Striate Anglerfish,Antennarius striatus,31,not_ranked,,,inaturalist-regional-frequency-v1,compare then edit workbook
east_africa,no,no,fish,178,121001,Onespot Snapper,Lutjanus monostigma,31,not_ranked,,,inaturalist-regional-frequency-v1,compare then edit workbook
east_africa,no,no,fish,179,123346,Yellowstripe Goatfish,Mulloidichthys flavolineatus,31,not_ranked,,,inaturalist-regional-frequency-v1,compare then edit workbook
east_africa,no,no,fish,180,196710,Bluestriped Fangblenny,Plagiotremus rhinorhynchos,31,not_ranked,,,inaturalist-regional-frequency-v1,compare then edit workbook
east_africa,no,no,fish,181,93453,Redmouth Grouper,Aethaloperca rogaa,30,not_ranked,,,inaturalist-regional-frequency-v1,compare then edit workbook
east_africa,no,no,fish,182,611400,Redbelly Tilapia,Coptodon zillii,30,not_ranked,,,inaturalist-regional-frequency-v1,compare then edit workbook
east_africa,no,no,fish,183,100088,Whitespotted Grouper,Epinephelus coeruleopunctatus,30,not_ranked,,,inaturalist-regional-frequency-v1,compare then edit workbook
east_africa,no,no,fish,184,102808,Bellybar Pipefish,Hippichthys spicifer,30,not_ranked,,,inaturalist-regional-frequency-v1,compare then edit workbook
east_africa,no,no,fish,185,104102,Nile Perch,Lates niloticus,30,not_ranked,,,inaturalist-regional-frequency-v1,compare then edit workbook
east_africa,no,no,fish,186,47251,Great Barracuda,Sphyraena barracuda,30,not_ranked,,,inaturalist-regional-frequency-v1,compare then edit workbook
east_africa,no,no,fish,187,124906,Map Puffer,Arothron mappa,29,not_ranked,,,inaturalist-regional-frequency-v1,compare then edit workbook
east_africa,no,no,fish,188,97647,Roundhead Parrotfish,Chlorurus strongylocephalus,29,not_ranked,,,inaturalist-regional-frequency-v1,compare then edit workbook
east_africa,no,no,fish,189,120999,Oriental Sweetlips,Plectorhinchus vittatus,29,not_ranked,,,inaturalist-regional-frequency-v1,compare then edit workbook
east_africa,no,no,fish,190,121659,Clearfin Lionfish,Pteropterus radiatus,29,not_ranked,,,inaturalist-regional-frequency-v1,compare then edit workbook
east_africa,no,no,fish,191,114560,Blue-eyed Tropheus,Tropheus brichardi,29,not_ranked,,,inaturalist-regional-frequency-v1,compare then edit workbook
east_africa,no,no,fish,192,142921,Dwarf Pipehorse,Acentronura tentaculata,28,not_ranked,,,inaturalist-regional-frequency-v1,compare then edit workbook
east_africa,no,no,fish,193,97158,Saddleback Butterflyfish,Chaetodon falcula,28,not_ranked,,,inaturalist-regional-frequency-v1,compare then edit workbook
east_africa,no,no,fish,194,97172,Seychelles Butterflyfish,Chaetodon madagaskariensis,28,not_ranked,,,inaturalist-regional-frequency-v1,compare then edit workbook
east_africa,no,no,fish,195,528869,Redbreast Tilapia,Coptodon rendalli,28,not_ranked,,,inaturalist-regional-frequency-v1,compare then edit workbook
east_africa,no,no,fish,196,194619,Lined Soapfish,Grammistes sexlineatus,28,not_ranked,,,inaturalist-regional-frequency-v1,compare then edit workbook
east_africa,no,no,fish,197,104344,Marbled Parrotfish,Leptoscarus vaigiensis,28,not_ranked,,,inaturalist-regional-frequency-v1,compare then edit workbook
east_africa,no,no,fish,198,104615,Latticed Cichlid,Limnotilapia dardennii,28,not_ranked,,,inaturalist-regional-frequency-v1,compare then edit workbook
east_africa,no,no,fish,199,68030,Two-spot Red Snapper,Lutjanus bohar,28,not_ranked,,,inaturalist-regional-frequency-v1,compare then edit workbook
east_africa,no,no,fish,200,446199,Mozambique Fangblenny,Meiacanthus mossambicus,28,not_ranked,,,inaturalist-regional-frequency-v1,compare then edit workbook
east_africa,no,no,fish,201,357466,Crimson Soldierfish,Myripristis murdjan,28,not_ranked,,,inaturalist-regional-frequency-v1,compare then edit workbook
east_africa,no,no,fish,202,196723,Weedy Scorpionfish,Rhinopias frondosa,28,not_ranked,,,inaturalist-regional-frequency-v1,compare then edit workbook
east_africa,no,no,fish,203,68025,Swarthy Parrotfish,Scarus niger,28,not_ranked,,,inaturalist-regional-frequency-v1,compare then edit workbook
east_africa,no,no,fish,204,132366,Yellowfin Surgeonfish,Acanthurus xanthopterus,27,not_ranked,,,inaturalist-regional-frequency-v1,compare then edit workbook
east_africa,no,no,fish,205,94016,Bluespotted Wrasse,Anampses caeruleopunctatus,27,not_ranked,,,inaturalist-regional-frequency-v1,compare then edit workbook
east_africa,no,no,fish,206,368493,Ornate Sandgoby,Istigobius ornatus,27,not_ranked,,,inaturalist-regional-frequency-v1,compare then edit workbook
east_africa,no,no,fish,207,105059,Vermiculate Wrasse,Macropharyngodon bipartitus,27,not_ranked,,,inaturalist-regional-frequency-v1,compare then edit workbook
east_africa,no,no,fish,208,196571,Slender Lizardfish,Saurida gracilis,27,not_ranked,,,inaturalist-regional-frequency-v1,compare then edit workbook
east_africa,no,no,fish,209,196905,Wirenet Filefish,Cantherhines pardalis,26,not_ranked,,,inaturalist-regional-frequency-v1,compare then edit workbook
east_africa,no,no,fish,210,102580,Blackeye Thicklip,Hemigymnus melapterus,26,not_ranked,,,inaturalist-regional-frequency-v1,compare then edit workbook
east_africa,no,no,fish,211,108074,Twospot Wrasse,Oxycheilinus bimaculatus,26,not_ranked,,,inaturalist-regional-frequency-v1,compare then edit workbook
east_africa,no,no,fish,212,130879,Palette Tang,Paracanthurus hepatus,26,not_ranked,,,inaturalist-regional-frequency-v1,compare then edit workbook
east_africa,no,no,fish,213,204597,Blackbar Damselfish,Plectroglyphidodon dickii,26,not_ranked,,,inaturalist-regional-frequency-v1,compare then edit workbook
east_africa,no,no,fish,214,110015,Goldtail Angelfish,Pomacanthus chrysurus,26,not_ranked,,,inaturalist-regional-frequency-v1,compare then edit workbook
east_africa,no,no,fish,215,119717,Peacock Damsel,Pomacentrus pavo,26,not_ranked,,,inaturalist-regional-frequency-v1,compare then edit workbook
east_africa,no,no,fish,216,621567,Redskinfish,Ablabys binotatus,25,not_ranked,,,inaturalist-regional-frequency-v1,compare then edit workbook
east_africa,no,no,fish,217,47228,Bigeye Trevally,Caranx sexfasciatus,25,not_ranked,,,inaturalist-regional-frequency-v1,compare then edit workbook
east_africa,no,no,fish,218,121426,Leopard Blenny,Exallias brevis,25,not_ranked,,,inaturalist-regional-frequency-v1,compare then edit workbook
east_africa,no,no,fish,219,85297,Striped Large-eye Bream,Gnathodentex aureolineatus,25,not_ranked,,,inaturalist-regional-frequency-v1,compare then edit workbook
east_africa,no,no,fish,220,104187,Elongate Lamprologus Cichlid,Lepidiolamprologus elongatus,25,not_ranked,,,inaturalist-regional-frequency-v1,compare then edit workbook
east_africa,no,no,fish,221,196712,Piano Fangblenny,Plagiotremus tapeinosoma,25,not_ranked,,,inaturalist-regional-frequency-v1,compare then edit workbook
east_africa,no,no,fish,222,53573,Tailspot Squirrelfish,Sargocentron caudimaculatum,25,not_ranked,,,inaturalist-regional-frequency-v1,compare then edit workbook
east_africa,no,no,fish,223,121499,Panther Flounder,Bothus pantherinus,24,not_ranked,,,inaturalist-regional-frequency-v1,compare then edit workbook
east_africa,no,no,fish,224,98507,African Coris,Coris cuvieri,24,not_ranked,,,inaturalist-regional-frequency-v1,compare then edit workbook
east_africa,no,no,fish,225,612855,Straightfin Barb,Enteromius paludinosus,24,not_ranked,,,inaturalist-regional-frequency-v1,compare then edit workbook
east_africa,no,no,fish,226,100036,Slingjaw Wrasse,Epibulus insidiator,24,not_ranked,,,inaturalist-regional-frequency-v1,compare then edit workbook
east_africa,no,no,fish,227,516388,Mahsena Emperor,Lethrinus mahsena,24,not_ranked,,,inaturalist-regional-frequency-v1,compare then edit workbook
east_africa,no,no,fish,228,106696,Fire Dartfish,Nemateleotris magnifica,24,not_ranked,,,inaturalist-regional-frequency-v1,compare then edit workbook
east_africa,no,no,fish,229,63597,Rockmover Wrasse,Novaculichthys taeniourus,24,not_ranked,,,inaturalist-regional-frequency-v1,compare then edit workbook
east_africa,no,no,fish,230,566148,Common Mudskipper,Periophthalmus kalolo,24,not_ranked,,,inaturalist-regional-frequency-v1,compare then edit workbook
east_africa,no,no,fish,231,500370,Orangelined Cardinalfish,Taeniamia fucata,24,not_ranked,,,inaturalist-regional-frequency-v1,compare then edit workbook
east_africa,no,no,fish,232,98501,Clown Coris,Coris aygula,23,not_ranked,,,inaturalist-regional-frequency-v1,compare then edit workbook
east_africa,no,no,fish,233,187279,Twospot Bristletooth,Ctenochaetus binotatus,23,not_ranked,,,inaturalist-regional-frequency-v1,compare then edit workbook
east_africa,no,no,fish,234,1316574,Lobochilotes labiatus,Lobochilotes labiatus,23,not_ranked,,,inaturalist-regional-frequency-v1,compare then edit workbook
east_africa,no,no,fish,235,446260,Chevron Blenny,Omobranchus elongatus,23,not_ranked,,,inaturalist-regional-frequency-v1,compare then edit workbook
east_africa,no,no,fish,236,127710,Longnose Filefish,Oxymonacanthus longirostris,23,not_ranked,,,inaturalist-regional-frequency-v1,compare then edit workbook
east_africa,no,no,fish,237,337753,Banded Sergeant,Abudefduf septemfasciatus,22,not_ranked,,,inaturalist-regional-frequency-v1,compare then edit workbook
east_africa,no,no,fish,238,609958,Speckled Shrimpfish,Aeoliscus punctulatus,22,not_ranked,,,inaturalist-regional-frequency-v1,compare then edit workbook
east_africa,no,no,fish,239,355401,Goldsash Fusilier,Caesio xanthalytos,22,not_ranked,,,inaturalist-regional-frequency-v1,compare then edit workbook
east_africa,no,no,fish,240,338255,Brassy Trevally,Caranx papuensis,22,not_ranked,,,inaturalist-regional-frequency-v1,compare then edit workbook
east_africa,no,no,fish,241,187213,Darkfin Hind,Cephalopholis nigripinnis,22,not_ranked,,,inaturalist-regional-frequency-v1,compare then edit workbook
east_africa,no,no,fish,242,102040,Cosmetic Wrasse,Halichoeres cosmetus,22,not_ranked,,,inaturalist-regional-frequency-v1,compare then edit workbook
east_africa,no,no,fish,243,102620,Black Pyramid Butterflyfish,Hemitaurichthys zoster,22,not_ranked,,,inaturalist-regional-frequency-v1,compare then edit workbook
east_africa,no,no,fish,244,523135,Paddle-flap Scorpionfish,Rhinopias eschmeyeri,22,not_ranked,,,inaturalist-regional-frequency-v1,compare then edit workbook
east_africa,no,no,fish,245,49498,Scrawled Filefish,Aluterus scriptus,21,not_ranked,,,inaturalist-regional-frequency-v1,compare then edit workbook
east_africa,no,no,fish,246,94025,Yellowtail Wrasse,Anampses meleagrides,21,not_ranked,,,inaturalist-regional-frequency-v1,compare then edit workbook
east_africa,no,no,fish,247,97098,Spotted Parrotfish,Cetoscarus ocellatus,21,not_ranked,,,inaturalist-regional-frequency-v1,compare then edit workbook
east_africa,no,no,fish,248,100111,Giant Grouper,Epinephelus lanceolatus,21,not_ranked,,,inaturalist-regional-frequency-v1,compare then edit workbook
east_africa,no,no,fish,249,100136,Foursaddle Grouper,Epinephelus spilotoceps,21,not_ranked,,,inaturalist-regional-frequency-v1,compare then edit workbook
east_africa,no,no,fish,250,102635,Masked Bannerfish,Heniochus monoceros,21,not_ranked,,,inaturalist-regional-frequency-v1,compare then edit workbook
east_africa,no,no,fish,251,578044,Snubnose Emperor Bream,Lethrinus borbonicus,21,not_ranked,,,inaturalist-regional-frequency-v1,compare then edit workbook
east_africa,no,no,fish,252,51323,silver moony,Monodactylus argenteus,21,not_ranked,,,inaturalist-regional-frequency-v1,compare then edit workbook
east_africa,no,no,fish,253,500372,Cook's Cardinalfish,Ostorhinchus cookii,21,not_ranked,,,inaturalist-regional-frequency-v1,compare then edit workbook
east_africa,no,no,fish,254,188048,Tailspot Dartfish,Parioglossus palustris,21,not_ranked,,,inaturalist-regional-frequency-v1,compare then edit workbook
east_africa,no,no,fish,255,110764,Sleepy Goby,Psammogobius biocellatus,21,not_ranked,,,inaturalist-regional-frequency-v1,compare then edit workbook
east_africa,no,no,fish,256,320624,Orbicular Cardinalfish,Sphaeramia orbicularis,21,not_ranked,,,inaturalist-regional-frequency-v1,compare then edit workbook
east_africa,no,no,fish,257,135283,Striped Surgeonfish,Acanthurus lineatus,20,not_ranked,,,inaturalist-regional-frequency-v1,compare then edit workbook
east_africa,no,no,fish,258,94027,Yellowbreast Wrasse,Anampses twistii,20,not_ranked,,,inaturalist-regional-frequency-v1,compare then edit workbook
east_africa,no,no,fish,259,94738,Eastern Happy,Astatotilapia calliptera,20,not_ranked,,,inaturalist-regional-frequency-v1,compare then edit workbook
east_africa,no,no,fish,260,359360,Starry Goby,Asterropteryx semipunctata,20,not_ranked,,,inaturalist-regional-frequency-v1,compare then edit workbook
east_africa,no,no,fish,261,94929,Dewindt's Cichlid,Aulonocranus dewindti,20,not_ranked,,,inaturalist-regional-frequency-v1,compare then edit workbook
east_africa,no,no,fish,262,102860,Indian Longnose Parrotfish,Hipposcarus harid,20,not_ranked,,,inaturalist-regional-frequency-v1,compare then edit workbook
east_africa,no,no,fish,263,119392,Warty Anglerfish,Antennarius maculatus,19,not_ranked,,,inaturalist-regional-frequency-v1,compare then edit workbook
east_africa,no,no,fish,264,95812,Lyretail Hogfish,Bodianus anthioides,19,not_ranked,,,inaturalist-regional-frequency-v1,compare then edit workbook
east_africa,no,no,fish,265,95952,Giant Tanganyika Cichlid,Boulengerochromis microlepis,19,not_ranked,,,inaturalist-regional-frequency-v1,compare then edit workbook
east_africa,no,no,fish,266,447714,Doublebar Chromis,Chromis opercularis,19,not_ranked,,,inaturalist-regional-frequency-v1,compare then edit workbook
east_africa,no,no,fish,267,612843,Neumayer's barb,Enteromius neumayeri,19,not_ranked,,,inaturalist-regional-frequency-v1,compare then edit workbook
east_africa,no,no,fish,268,103983,Tanganyika Killifish,Lamprichthys tanganicanus,19,not_ranked,,,inaturalist-regional-frequency-v1,compare then edit workbook
east_africa,no,no,fish,269,341864,Redspot Emperor,Lethrinus lentjan,19,not_ranked,,,inaturalist-regional-frequency-v1,compare then edit workbook
east_africa,no,no,fish,270,122505,Pearly Soldierfish,Myripristis kuntee,19,not_ranked,,,inaturalist-regional-frequency-v1,compare then edit workbook
east_africa,no,no,fish,271,121658,Bluespine Unicornfish,Naso unicornis,19,not_ranked,,,inaturalist-regional-frequency-v1,compare then edit workbook
east_africa,no,no,fish,272,106768,Neolamprologus mondabu,Neolamprologus mondabu,19,not_ranked,,,inaturalist-regional-frequency-v1,compare then edit workbook
east_africa,no,no,fish,273,425255,Goldbelly Cardinalfish,Ostorhinchus apogonoides,19,not_ranked,,,inaturalist-regional-frequency-v1,compare then edit workbook
east_africa,no,no,fish,274,123394,Blue Triggerfish,Pseudobalistes fuscus,19,not_ranked,,,inaturalist-regional-frequency-v1,compare then edit workbook
east_africa,no,no,fish,275,180751,Snubnose Dart,Trachinotus blochii,19,not_ranked,,,inaturalist-regional-frequency-v1,compare then edit workbook
east_africa,no,no,fish,276,132410,Dusky Surgeonfish,Acanthurus nigrofuscus,18,not_ranked,,,inaturalist-regional-frequency-v1,compare then edit workbook
east_africa,no,no,fish,277,93077,Mbaraga,Acapoeta tanganicae,18,not_ranked,,,inaturalist-regional-frequency-v1,compare then edit workbook
east_africa,no,no,fish,278,196714,False Cleanerfish,Aspidontus taeniatus,18,not_ranked,,,inaturalist-regional-frequency-v1,compare then edit workbook
east_africa,no,no,fish,279,123146,Honeycomb Toby,Canthigaster janthinoptera,18,not_ranked,,,inaturalist-regional-frequency-v1,compare then edit workbook
east_africa,no,no,fish,280,96996,Leopard Grouper,Cephalopholis leopardus,18,not_ranked,,,inaturalist-regional-frequency-v1,compare then edit workbook
east_africa,no,no,fish,281,48844,Sharksucker,Echeneis naucrates,18,not_ranked,,,inaturalist-regional-frequency-v1,compare then edit workbook
east_africa,no,no,fish,282,446125,Rippled Rockskipper,Istiblennius edentulus,18,not_ranked,,,inaturalist-regional-frequency-v1,compare then edit workbook
east_africa,no,no,fish,283,121661,Longhorn Cowfish,Lactoria cornuta,18,not_ranked,,,inaturalist-regional-frequency-v1,compare then edit workbook
east_africa,no,no,fish,284,53669,Redtooth Triggerfish,Odonus niger,18,not_ranked,,,inaturalist-regional-frequency-v1,compare then edit workbook
east_africa,no,no,fish,285,425254,Ringtail Cardinalfish,Ostorhinchus aureus,18,not_ranked,,,inaturalist-regional-frequency-v1,compare then edit workbook
east_africa,no,no,fish,286,425284,Blackstriped Cardinalfish,Ostorhinchus nigrofasciatus,18,not_ranked,,,inaturalist-regional-frequency-v1,compare then edit workbook
east_africa,no,no,fish,287,196487,Twotone Dartfish,Ptereleotris evides,18,not_ranked,,,inaturalist-regional-frequency-v1,compare then edit workbook
east_africa,no,no,fish,288,121500,Tiger Snakemoray,Scuticaria tigrina,18,not_ranked,,,inaturalist-regional-frequency-v1,compare then edit workbook
east_africa,no,no,fish,289,1360115,Yellow Spotted Trevally,Turrum fulvoguttatum,18,not_ranked,,,inaturalist-regional-frequency-v1,compare then edit workbook
east_africa,no,no,fish,290,94416,Threespot Angelfish,Apolemichthys trimaculatus,17,not_ranked,,,inaturalist-regional-frequency-v1,compare then edit workbook
east_africa,no,no,fish,291,94737,Burton's Mouthbrooder,Astatotilapia burtoni,17,not_ranked,,,inaturalist-regional-frequency-v1,compare then edit workbook
east_africa,no,no,fish,292,1315988,Astatotilapia gigliolii,Astatotilapia gigliolii,17,not_ranked,,,inaturalist-regional-frequency-v1,compare then edit workbook
east_africa,no,no,fish,293,1316757,Scaly Puller,Azurina lepidolepis,17,not_ranked,,,inaturalist-regional-frequency-v1,compare then edit workbook
east_africa,no,no,fish,294,97169,Somali Butterflyfish,Chaetodon leucopleura,17,not_ranked,,,inaturalist-regional-frequency-v1,compare then edit workbook
east_africa,no,no,fish,295,181020,Black-axil Chromis,Chromis atripectoralis,17,not_ranked,,,inaturalist-regional-frequency-v1,compare then edit workbook
east_africa,no,no,fish,296,1313992,Highfin Shrimpgoby,Cryptocentrus altipinna,17,not_ranked,,,inaturalist-regional-frequency-v1,compare then edit workbook
east_africa,no,no,fish,297,99207,Smooth Grouper,Dermatolepis striolata,17,not_ranked,,,inaturalist-regional-frequency-v1,compare then edit workbook
east_africa,no,no,fish,298,101233,Dembea Stone Lapper,Garra dembeensis,17,not_ranked,,,inaturalist-regional-frequency-v1,compare then edit workbook
east_africa,no,no,fish,299,1356516,Yellowback Anthias,Mirolabrichthys evansi,17,not_ranked,,,inaturalist-regional-frequency-v1,compare then edit workbook
east_africa,no,no,fish,300,122682,Yellowfin Goatfish,Mulloidichthys vanicolensis,17,not_ranked,,,inaturalist-regional-frequency-v1,compare then edit workbook
east_africa,no,no,fish,301,532638,Shiranus Tilapia,Oreochromis shiranus,17,not_ranked,,,inaturalist-regional-frequency-v1,compare then edit workbook
east_africa,no,no,fish,302,122514,Goldsaddle Goatfish,Parupeneus cyclostomus,17,not_ranked,,,inaturalist-regional-frequency-v1,compare then edit workbook
east_africa,no,no,fish,303,112163,Five-saddle Parrotfish,Scarus scaber,17,not_ranked,,,inaturalist-regional-frequency-v1,compare then edit workbook
east_africa,no,no,fish,304,183186,Lunar Fusilier,Caesio lunaris,16,not_ranked,,,inaturalist-regional-frequency-v1,compare then edit workbook
east_africa,no,no,fish,305,97147,Eclipse Butterflyfish,Chaetodon bennetti,16,not_ranked,,,inaturalist-regional-frequency-v1,compare then edit workbook
east_africa,no,no,fish,306,194781,Tiger Cardinalfish,Cheilodipterus arabicus,16,not_ranked,,,inaturalist-regional-frequency-v1,compare then edit workbook
east_africa,no,no,fish,307,97840,Exquisite Wrasse,Cirrhilabrus exquisitus,16,not_ranked,,,inaturalist-regional-frequency-v1,compare then edit workbook
east_africa,no,no,fish,308,612734,East African Red-finned Barb,Enteromius apleurogramma,16,not_ranked,,,inaturalist-regional-frequency-v1,compare then edit workbook
east_africa,no,no,fish,309,100101,Blue-and-yellow Grouper,Epinephelus flavocaeruleus,16,not_ranked,,,inaturalist-regional-frequency-v1,compare then edit workbook
east_africa,no,no,fish,310,100114,Longspine Grouper,Epinephelus longispinis,16,not_ranked,,,inaturalist-regional-frequency-v1,compare then edit workbook
east_africa,no,no,fish,311,100118,Malabar Grouper,Epinephelus malabaricus,16,not_ranked,,,inaturalist-regional-frequency-v1,compare then edit workbook
east_africa,no,no,fish,312,100778,Dragon Seamoth,Eurypegasus draconis,16,not_ranked,,,inaturalist-regional-frequency-v1,compare then edit workbook
east_africa,no,no,fish,313,153191,Spotted Garden Eel,Heteroconger hassi,16,not_ranked,,,inaturalist-regional-frequency-v1,compare then edit workbook
east_africa,no,no,fish,314,196858,Fourbar Porcupinefish,Lophodiodon calori,16,not_ranked,,,inaturalist-regional-frequency-v1,compare then edit workbook
east_africa,no,no,fish,315,153277,Golden Sweeper,Parapriacanthus ransonneti,16,not_ranked,,,inaturalist-regional-frequency-v1,compare then edit workbook
east_africa,no,no,fish,316,357464,Grey Sweetlips,Plectorhinchus schotaf,16,not_ranked,,,inaturalist-regional-frequency-v1,compare then edit workbook
east_africa,no,no,fish,317,132409,Yellowmask Surgeonfish,Acanthurus mata,15,not_ranked,,,inaturalist-regional-frequency-v1,compare then edit workbook
east_africa,no,no,fish,318,1316624,Leptura Cichlid,Asprotilapia leptura,15,not_ranked,,,inaturalist-regional-frequency-v1,compare then edit workbook
east_africa,no,no,fish,319,95819,Diana's Hogfish,Bodianus diana,15,not_ranked,,,inaturalist-regional-frequency-v1,compare then edit workbook
east_africa,no,no,fish,320,96990,Chocolate Grouper,Cephalopholis boenak,15,not_ranked,,,inaturalist-regional-frequency-v1,compare then edit workbook
east_africa,no,no,fish,321,97166,Indian Teardrop Butterflyfish,Chaetodon interruptus,15,not_ranked,,,inaturalist-regional-frequency-v1,compare then edit workbook
east_africa,no,no,fish,322,121257,Bluestripe Pipefish,Doryrhamphus excisus,15,not_ranked,,,inaturalist-regional-frequency-v1,compare then edit workbook
east_africa,no,no,fish,323,142970,Barred Moray,Echidna polyzona,15,not_ranked,,,inaturalist-regional-frequency-v1,compare then edit workbook
east_africa,no,no,fish,324,100089,Goldspotted Rockcod,Epinephelus coioides,15,not_ranked,,,inaturalist-regional-frequency-v1,compare then edit workbook
east_africa,no,no,fish,325,474557,Whitelip Moray,Gymnothorax chilospilus,15,not_ranked,,,inaturalist-regional-frequency-v1,compare then edit workbook
east_africa,no,no,fish,326,127711,Sargassumfish,Histrio histrio,15,not_ranked,,,inaturalist-regional-frequency-v1,compare then edit workbook
east_africa,no,no,fish,327,102898,Ringed Slender Wrasse,Hologymnosus annulatus,15,not_ranked,,,inaturalist-regional-frequency-v1,compare then edit workbook
east_africa,no,no,fish,328,613109,Labeobarbus oxyrhynchus,Labeobarbus oxyrhynchus,15,not_ranked,,,inaturalist-regional-frequency-v1,compare then edit workbook
east_africa,no,no,fish,329,344594,Orangestriped Emperor,Lethrinus obsoletus,15,not_ranked,,,inaturalist-regional-frequency-v1,compare then edit workbook
east_africa,no,no,fish,330,311253,Bigeye Snapper,Lutjanus lutjanus,15,not_ranked,,,inaturalist-regional-frequency-v1,compare then edit workbook
east_africa,no,no,fish,331,154723,Speckled Snapper,Lutjanus rivulatus,15,not_ranked,,,inaturalist-regional-frequency-v1,compare then edit workbook
east_africa,no,no,fish,332,107877,Singida Tilapia,Oreochromis esculentus,15,not_ranked,,,inaturalist-regional-frequency-v1,compare then edit workbook
east_africa,no,no,fish,333,425261,Yellowstriped Cardinalfish,Ostorhinchus cyanosoma,15,not_ranked,,,inaturalist-regional-frequency-v1,compare then edit workbook
east_africa,no,no,fish,334,446380,Crested Sabretooth Blenny,Petroscirtes mitratus,15,not_ranked,,,inaturalist-regional-frequency-v1,compare then edit workbook
east_africa,no,no,fish,335,199248,Giant Sweetlips,Plectorhinchus albovittatus,15,not_ranked,,,inaturalist-regional-frequency-v1,compare then edit workbook
east_africa,no,no,fish,336,615156,Barred Rubberlip,Plectorhinchus plagiodesmus,15,not_ranked,,,inaturalist-regional-frequency-v1,compare then edit workbook
east_africa,no,no,fish,337,551943,Whitebarred Rubberlip,Plectorhinchus playfairi,15,not_ranked,,,inaturalist-regional-frequency-v1,compare then edit workbook
east_africa,no,no,fish,338,452501,Yellowspotted Scorpionfish,Sebastapistes cyanostigma,15,not_ranked,,,inaturalist-regional-frequency-v1,compare then edit workbook
east_africa,no,no,fish,339,182586,Yellowtail Barracuda,Sphyraena flavicauda,15,not_ranked,,,inaturalist-regional-frequency-v1,compare then edit workbook
east_africa,no,no,fish,340,69675,Yellowfin Tuna,Thunnus albacares,15,not_ranked,,,inaturalist-regional-frequency-v1,compare then edit workbook
east_africa,no,no,fish,341,114930,Yellow-edged Lyretail,Variola louti,15,not_ranked,,,inaturalist-regional-frequency-v1,compare then edit workbook
east_africa,no,no,fish,342,608312,Twobelt Cardinalfish,Apogonichthyoides taeniatus,14,not_ranked,,,inaturalist-regional-frequency-v1,compare then edit workbook
east_africa,no,no,fish,343,119393,Marbled Snake Eel,Callechelys marmorata,14,not_ranked,,,inaturalist-regional-frequency-v1,compare then edit workbook
east_africa,no,no,fish,344,97310,Snooty Wrasse,Cheilinus oxycephalus,14,not_ranked,,,inaturalist-regional-frequency-v1,compare then edit workbook
east_africa,no,no,fish,345,194782,Tiger Cardinalfish,Cheilodipterus macrodon,14,not_ranked,,,inaturalist-regional-frequency-v1,compare then edit workbook
east_africa,no,no,fish,346,97636,Bluemoon Parrotfish,Chlorurus atrilunula,14,not_ranked,,,inaturalist-regional-frequency-v1,compare then edit workbook
east_africa,no,no,fish,347,267263,Ninebar Prawn-goby,Cryptocentrus cryptocentrus,14,not_ranked,,,inaturalist-regional-frequency-v1,compare then edit workbook
east_africa,no,no,fish,348,100115,Snubnose Grouper,Epinephelus macrospilos,14,not_ranked,,,inaturalist-regional-frequency-v1,compare then edit workbook
east_africa,no,no,fish,349,603159,Northern Tanganyika Clown,Eretmodus marksmithi,14,not_ranked,,,inaturalist-regional-frequency-v1,compare then edit workbook
east_africa,no,no,fish,350,429399,Black-barred Halfbeak,Hemiramphus far,14,not_ranked,,,inaturalist-regional-frequency-v1,compare then edit workbook
east_africa,no,no,fish,351,446132,Istiblennius steindachneri,Istiblennius steindachneri,14,not_ranked,,,inaturalist-regional-frequency-v1,compare then edit workbook
east_africa,no,no,fish,352,103910,Yellowback Tubelip,Labropsis xanthonota,14,not_ranked,,,inaturalist-regional-frequency-v1,compare then edit workbook
east_africa,no,no,fish,353,132389,Spangled Emperor,Lethrinus nebulosus,14,not_ranked,,,inaturalist-regional-frequency-v1,compare then edit workbook
east_africa,no,no,fish,354,1632158,Callipterus Cichlid,Neolamprologus callipterus,14,not_ranked,,,inaturalist-regional-frequency-v1,compare then edit workbook
east_africa,no,no,fish,355,619659,African Demoiselle,Neopomacentrus fuliginosus,14,not_ranked,,,inaturalist-regional-frequency-v1,compare then edit workbook
east_africa,no,no,fish,356,47516,Rainbow Trout,Oncorhynchus mykiss,14,not_ranked,,,inaturalist-regional-frequency-v1,compare then edit workbook
east_africa,no,no,fish,357,121673,Sidespot Goatfish,Parupeneus pleurostigma,14,not_ranked,,,inaturalist-regional-frequency-v1,compare then edit workbook
east_africa,no,no,fish,358,109144,Perissodus microlepis,Perissodus microlepis,14,not_ranked,,,inaturalist-regional-frequency-v1,compare then edit workbook
east_africa,no,no,fish,359,112585,Simochromis diagramma,Simochromis diagramma,14,not_ranked,,,inaturalist-regional-frequency-v1,compare then edit workbook
east_africa,no,no,fish,360,366591,African Spadefish,Tripterodon orbis,14,not_ranked,,,inaturalist-regional-frequency-v1,compare then edit workbook
east_africa,no,no,fish,361,614292,Pinkbar Goby,Amblyeleotris aurora,13,not_ranked,,,inaturalist-regional-frequency-v1,compare then edit workbook
east_africa,no,no,fish,362,1315921,Blackbarred Demoiselle,Amblypomacentrus annulatus,13,not_ranked,,,inaturalist-regional-frequency-v1,compare then edit workbook
east_africa,no,no,fish,363,94231,Slender Grouper,Anyperodon leucogrammicus,13,not_ranked,,,inaturalist-regional-frequency-v1,compare then edit workbook
east_africa,no,no,fish,364,94733,Allauad's Haplo,Astatoreochromis alluaudi,13,not_ranked,,,inaturalist-regional-frequency-v1,compare then edit workbook
east_africa,no,no,fish,365,95044,Semutundu,Bagrus docmak,13,not_ranked,,,inaturalist-regional-frequency-v1,compare then edit workbook
east_africa,no,no,fish,366,95815,Saddleback Hogfish,Bodianus bilunulatus,13,not_ranked,,,inaturalist-regional-frequency-v1,compare then edit workbook
east_africa,no,no,fish,367,1702299,Redbreast Maori Wrasse,Concholabrus fasciatus,13,not_ranked,,,inaturalist-regional-frequency-v1,compare then edit workbook
east_africa,no,no,fish,368,53857,Potato Rockcod,Epinephelus tukula,13,not_ranked,,,inaturalist-regional-frequency-v1,compare then edit workbook
east_africa,no,no,fish,369,103024,Blue Tigerfish,Hydrocynus tanzaniae,13,not_ranked,,,inaturalist-regional-frequency-v1,compare then edit workbook
east_africa,no,no,fish,370,196654,Decorated Sandgoby,Istigobius decoratus,13,not_ranked,,,inaturalist-regional-frequency-v1,compare then edit workbook
east_africa,no,no,fish,371,52452,Elegant Unicornfish,Naso elegans,13,not_ranked,,,inaturalist-regional-frequency-v1,compare then edit workbook
east_africa,no,no,fish,372,358376,Regal Demoiselle,Neopomacentrus cyanomos,13,not_ranked,,,inaturalist-regional-frequency-v1,compare then edit workbook
east_africa,no,no,fish,373,347600,Dotted Sweetlips,Plectorhinchus pica,13,not_ranked,,,inaturalist-regional-frequency-v1,compare then edit workbook
east_africa,no,no,fish,374,354587,Paletail Damsel,Pomacentrus trichrourus,13,not_ranked,,,inaturalist-regional-frequency-v1,compare then edit workbook
east_africa,no,no,fish,375,196870,Yellowmargin Triggerfish,Pseudobalistes flavimarginatus,13,not_ranked,,,inaturalist-regional-frequency-v1,compare then edit workbook
east_africa,no,no,fish,376,188210,Rhinohorn Goby,Redigobius balteatus,13,not_ranked,,,inaturalist-regional-frequency-v1,compare then edit workbook
east_africa,no,no,fish,377,113879,Telmatochromis bifrenatus,Telmatochromis bifrenatus,13,not_ranked,,,inaturalist-regional-frequency-v1,compare then edit workbook
east_africa,no,no,fish,378,114563,Blunthead Cichlid,Tropheus moorii,13,not_ranked,,,inaturalist-regional-frequency-v1,compare then edit workbook
east_africa,no,no,fish,379,272555,Blacklined Glidergoby,Valenciennea helsdingenii,13,not_ranked,,,inaturalist-regional-frequency-v1,compare then edit workbook
east_africa,no,no,fish,380,123922,Blackspot Sergeant,Abudefduf sordidus,12,not_ranked,,,inaturalist-regional-frequency-v1,compare then edit workbook
east_africa,no,no,fish,381,445731,Bicolored Toby,Canthigaster smithae,12,not_ranked,,,inaturalist-regional-frequency-v1,compare then edit workbook
east_africa,no,no,fish,382,120963,Mustache Conger,Conger cinereus,12,not_ranked,,,inaturalist-regional-frequency-v1,compare then edit workbook
east_africa,no,no,fish,383,612800,Enteromius jacksoni,Enteromius jacksoni,12,not_ranked,,,inaturalist-regional-frequency-v1,compare then edit workbook
east_africa,no,no,fish,384,613063,Labeobarbus altianalis,Labeobarbus altianalis,12,not_ranked,,,inaturalist-regional-frequency-v1,compare then edit workbook
east_africa,no,no,fish,385,121459,Blacktail Snapper,Lutjanus fulvus,12,not_ranked,,,inaturalist-regional-frequency-v1,compare then edit workbook
east_africa,no,no,fish,386,132370,Black Damsel,Neoglyphidodon melas,12,not_ranked,,,inaturalist-regional-frequency-v1,compare then edit workbook
east_africa,no,no,fish,387,1508396,Snakehead Gudgeon,Ophiocara porocephalum,12,not_ranked,,,inaturalist-regional-frequency-v1,compare then edit workbook
east_africa,no,no,fish,388,530067,Pretty Lagoongoby,Oplopomus oplopomus,12,not_ranked,,,inaturalist-regional-frequency-v1,compare then edit workbook
east_africa,no,no,fish,389,333879,Sabaki Tilapia,Oreochromis spilurus,12,not_ranked,,,inaturalist-regional-frequency-v1,compare then edit workbook
east_africa,no,no,fish,390,1415130,Shuja horei,Shuja horei,12,not_ranked,,,inaturalist-regional-frequency-v1,compare then edit workbook
east_africa,no,no,fish,391,121576,Lei Triggerfish,Sufflamen bursa,12,not_ranked,,,inaturalist-regional-frequency-v1,compare then edit workbook
east_africa,no,no,fish,392,113882,Temporalis Cichlid,Telmatochromis temporalis,12,not_ranked,,,inaturalist-regional-frequency-v1,compare then edit workbook
east_africa,no,no,fish,393,113902,Crescent Grunter,Terapon jarbua,12,not_ranked,,,inaturalist-regional-frequency-v1,compare then edit workbook
east_africa,no,no,fish,394,1315975,Altolamprologus fasciatus,Altolamprologus fasciatus,11,not_ranked,,,inaturalist-regional-frequency-v1,compare then edit workbook
east_africa,no,no,fish,395,347599,Tailspot Goby,Amblygobius albimaculatus,11,not_ranked,,,inaturalist-regional-frequency-v1,compare then edit workbook
east_africa,no,no,fish,396,445696,Striped Rockskipper,Blenniella cyanostigma,11,not_ranked,,,inaturalist-regional-frequency-v1,compare then edit workbook
east_africa,no,no,fish,397,57339,Indian Surge Demoiselle,Chrysiptera brownriggii,11,not_ranked,,,inaturalist-regional-frequency-v1,compare then edit workbook
east_africa,no,no,fish,398,204591,Grey Demoiselle,Chrysiptera glauca,11,not_ranked,,,inaturalist-regional-frequency-v1,compare then edit workbook
east_africa,no,no,fish,399,614429,Arabian goby,Cryptocentroides arabicus,11,not_ranked,,,inaturalist-regional-frequency-v1,compare then edit workbook
east_africa,no,no,fish,400,98887,Frontosa Cichlid,Cyphotilapia frontosa,11,not_ranked,,,inaturalist-regional-frequency-v1,compare then edit workbook
east_africa,no,no,fish,401,529422,Pinstripe Cardinalfish,Fibramia lateralis,11,not_ranked,,,inaturalist-regional-frequency-v1,compare then edit workbook
east_africa,no,no,fish,402,205007,Masked Moray,Gymnothorax breedeni,11,not_ranked,,,inaturalist-regional-frequency-v1,compare then edit workbook
east_africa,no,no,fish,403,102063,Cloud Wrasse,Halichoeres nebulosus,11,not_ranked,,,inaturalist-regional-frequency-v1,compare then edit workbook
east_africa,no,no,fish,404,64502,Two-stick Stingfish,Inimicus filamentosus,11,not_ranked,,,inaturalist-regional-frequency-v1,compare then edit workbook
east_africa,no,no,fish,405,103826,Labeo victorianus,Labeo victorianus,11,not_ranked,,,inaturalist-regional-frequency-v1,compare then edit workbook
east_africa,no,no,fish,406,106184,Elephant-snout Fish,Mormyrus kannume,11,not_ranked,,,inaturalist-regional-frequency-v1,compare then edit workbook
east_africa,no,no,fish,407,106777,Daffodil Cichlid,Neolamprologus pulcher,11,not_ranked,,,inaturalist-regional-frequency-v1,compare then edit workbook
east_africa,no,no,fish,408,107302,Seagrass Wrasse,Novaculoides macrolepidotus,11,not_ranked,,,inaturalist-regional-frequency-v1,compare then edit workbook
east_africa,no,no,fish,409,608381,Blackfoot Cardinalfish,Ostorhinchus nigripes,11,not_ranked,,,inaturalist-regional-frequency-v1,compare then edit workbook
east_africa,no,no,fish,410,1314776,Orange Sweeper,Pempheris flavicycla,11,not_ranked,,,inaturalist-regional-frequency-v1,compare then edit workbook
east_africa,no,no,fish,411,110972,Sixline Wrasse,Pseudocheilinus hexataenia,11,not_ranked,,,inaturalist-regional-frequency-v1,compare then edit workbook
east_africa,no,no,fish,412,110996,Egyptian Mouthbrooder,Pseudocrenilabrus multicolor,11,not_ranked,,,inaturalist-regional-frequency-v1,compare then edit workbook
east_africa,no,no,fish,413,131491,Cobia,Rachycentron canadum,11,not_ranked,,,inaturalist-regional-frequency-v1,compare then edit workbook
east_africa,no,no,fish,414,618195,Thumbprint Monocle Bream,Scolopsis bimaculata,11,not_ranked,,,inaturalist-regional-frequency-v1,compare then edit workbook
east_africa,no,no,fish,415,120634,Dusky Spinefoot,Siganus luridus,11,not_ranked,,,inaturalist-regional-frequency-v1,compare then edit workbook
east_africa,no,no,fish,416,1315821,Hairfin Goby,Yongeichthys nebulosus,11,not_ranked,,,inaturalist-regional-frequency-v1,compare then edit workbook
east_africa,no,no,fish,417,121340,Wire Coral Goby,Bryaninops yongei,10,not_ranked,,,inaturalist-regional-frequency-v1,compare then edit workbook
east_africa,no,no,fish,418,96940,Two-spined Angelfish,Centropyge bispinosa,10,not_ranked,,,inaturalist-regional-frequency-v1,compare then edit workbook
east_africa,no,no,fish,419,122033,Rainbow Runner,Elagatis bipinnulata,10,not_ranked,,,inaturalist-regional-frequency-v1,compare then edit workbook
east_africa,no,no,fish,420,100077,Areolate Grouper,Epinephelus areolatus,10,not_ranked,,,inaturalist-regional-frequency-v1,compare then edit workbook
east_africa,no,no,fish,421,64099,Blacktip Silverbiddy,Gerres oyena,10,not_ranked,,,inaturalist-regional-frequency-v1,compare then edit workbook
east_africa,no,no,fish,422,64500,Devil Stinger,Inimicus didactylus,10,not_ranked,,,inaturalist-regional-frequency-v1,compare then edit workbook
east_africa,no,no,fish,423,103763,Purple Labeo,Labeo congoro,10,not_ranked,,,inaturalist-regional-frequency-v1,compare then edit workbook
east_africa,no,no,fish,424,196482,Blue Blanquillo,Malacanthus latovittatus,10,not_ranked,,,inaturalist-regional-frequency-v1,compare then edit workbook
east_africa,no,no,fish,425,179886,Threadfin Anthias,Nemanthias carberryi,10,not_ranked,,,inaturalist-regional-frequency-v1,compare then edit workbook
east_africa,no,no,fish,426,107681,Gold Nasuta,Ophthalmotilapia nasuta,10,not_ranked,,,inaturalist-regional-frequency-v1,compare then edit workbook
east_africa,no,no,fish,427,123343,Cardinal Goatfish,Parupeneus ciliatus,10,not_ranked,,,inaturalist-regional-frequency-v1,compare then edit workbook
east_africa,no,no,fish,428,109747,Marbled Coralgrouper,Plectropomus punctatus,10,not_ranked,,,inaturalist-regional-frequency-v1,compare then edit workbook
east_africa,no,no,fish,429,619671,Baensch's Damsel,Pomacentrus baenschi,10,not_ranked,,,inaturalist-regional-frequency-v1,compare then edit workbook
east_africa,no,no,fish,430,359893,Bloch's Bigeye,Priacanthus blochii,10,not_ranked,,,inaturalist-regional-frequency-v1,compare then edit workbook
east_africa,no,no,fish,431,111000,Chiseltooth Wrasse,Pseudodax moluccanus,10,not_ranked,,,inaturalist-regional-frequency-v1,compare then edit workbook
east_africa,no,no,fish,432,183187,Neon Fusilier,Pterocaesio tile,10,not_ranked,,,inaturalist-regional-frequency-v1,compare then edit workbook
east_africa,no,no,fish,433,84095,Forktail Rabbitfish,Siganus argenteus,10,not_ranked,,,inaturalist-regional-frequency-v1,compare then edit workbook
east_africa,no,no,fish,434,115066,Yellow Sand Cichlid,Xenotilapia flavipinnis,10,not_ranked,,,inaturalist-regional-frequency-v1,compare then edit workbook
east_africa,no,no,fish,435,366317,Northern River Garfish,Zenarchopterus buffonis,10,not_ranked,,,inaturalist-regional-frequency-v1,compare then edit workbook
east_africa,no,no,fish,436,49508,Green Jobfish,Aprion virescens,9,not_ranked,,,inaturalist-regional-frequency-v1,compare then edit workbook
east_africa,no,no,fish,437,95478,Dusky Frillgoby,Bathygobius fuscus,9,not_ranked,,,inaturalist-regional-frequency-v1,compare then edit workbook
east_africa,no,no,fish,438,1520917,Red-fin Robber,Brachyalestes affinis,9,not_ranked,,,inaturalist-regional-frequency-v1,compare then edit workbook
east_africa,no,no,fish,439,96400,Scissor-tailed Fusilier,Caesio caerulaurea,9,not_ranked,,,inaturalist-regional-frequency-v1,compare then edit workbook
east_africa,no,no,fish,440,97170,Lined Butterflyfish,Chaetodon lineolatus,9,not_ranked,,,inaturalist-regional-frequency-v1,compare then edit workbook
east_africa,no,no,fish,441,97940,Smoothhead Catfish,Clarias liocephalus,9,not_ranked,,,inaturalist-regional-frequency-v1,compare then edit workbook
east_africa,no,no,fish,442,357826,Schultz's Pipefish,Corythoichthys schultzi,9,not_ranked,,,inaturalist-regional-frequency-v1,compare then edit workbook
east_africa,no,no,fish,443,194620,Lyretail Hawkfish,Cyprinocirrhites polyactis,9,not_ranked,,,inaturalist-regional-frequency-v1,compare then edit workbook
east_africa,no,no,fish,444,100123,Rankin Cod,Epinephelus multinotatus,9,not_ranked,,,inaturalist-regional-frequency-v1,compare then edit workbook
east_africa,no,no,fish,445,102813,Réunion Seahorse,Hippocampus borboniensis,9,not_ranked,,,inaturalist-regional-frequency-v1,compare then edit workbook
east_africa,no,no,fish,446,102899,Pastel Ring Wrasse,Hologymnosus doliatus,9,not_ranked,,,inaturalist-regional-frequency-v1,compare then edit workbook
east_africa,no,no,fish,447,103891,Tubelip Wrasse,Labrichthys unilineatus,9,not_ranked,,,inaturalist-regional-frequency-v1,compare then edit workbook
east_africa,no,no,fish,448,132393,Longnose Emperor,Lethrinus olivaceus,9,not_ranked,,,inaturalist-regional-frequency-v1,compare then edit workbook
east_africa,no,no,fish,449,617592,Bluestriped Goatfish,Mulloidichthys ayliffe,9,not_ranked,,,inaturalist-regional-frequency-v1,compare then edit workbook
east_africa,no,no,fish,450,196835,Indian Doublebar Goatfish,Parupeneus trifasciatus,9,not_ranked,,,inaturalist-regional-frequency-v1,compare then edit workbook
east_africa,no,no,fish,451,196591,Blue-eye Damsel,Plectroglyphidodon johnstonianus,9,not_ranked,,,inaturalist-regional-frequency-v1,compare then edit workbook
east_africa,no,no,fish,452,121460,Sabre Squirrelfish,Sargocentron spiniferum,9,not_ranked,,,inaturalist-regional-frequency-v1,compare then edit workbook
east_africa,no,no,fish,453,112197,Silver Butter Catfish,Schilbe intermedius,9,not_ranked,,,inaturalist-regional-frequency-v1,compare then edit workbook
east_africa,no,no,fish,454,1376776,Cinnamon Monocle Bream,Scolopsis curite,9,not_ranked,,,inaturalist-regional-frequency-v1,compare then edit workbook
east_africa,no,no,fish,455,113207,Three-line Wrasse,Stethojulis strigiventer,9,not_ranked,,,inaturalist-regional-frequency-v1,compare then edit workbook
east_africa,no,no,fish,456,69834,Double-end Pipehorse,Syngnathoides biaculeatus,9,not_ranked,,,inaturalist-regional-frequency-v1,compare then edit workbook
east_africa,no,no,fish,457,1474189,Mangrove Goby,Yongeichthys audax,9,not_ranked,,,inaturalist-regional-frequency-v1,compare then edit workbook
east_africa,no,no,fish,458,1360074,Cale Cale Trevally,Atropus mentalis,8,not_ranked,,,inaturalist-regional-frequency-v1,compare then edit workbook
east_africa,no,no,fish,459,97005,Strawberry Grouper,Cephalopholis spiloparaea,8,not_ranked,,,inaturalist-regional-frequency-v1,compare then edit workbook
east_africa,no,no,fish,460,98531,Common Dolphinfish,Coryphaena hippurus,8,not_ranked,,,inaturalist-regional-frequency-v1,compare then edit workbook
east_africa,no,no,fish,461,267261,Barred Shrimpgoby,Cryptocentrus fasciatus,8,not_ranked,,,inaturalist-regional-frequency-v1,compare then edit workbook
east_africa,no,no,fish,462,615139,Sailfin Rubberlip,Diagramma centurio,8,not_ranked,,,inaturalist-regional-frequency-v1,compare then edit workbook
east_africa,no,no,fish,463,100342,Tanganyika Clown,Eretmodus cyanostictus,8,not_ranked,,,inaturalist-regional-frequency-v1,compare then edit workbook
east_africa,no,no,fish,464,369185,Tropical Garfish,Hyporhamphus affinis,8,not_ranked,,,inaturalist-regional-frequency-v1,compare then edit workbook
east_africa,no,no,fish,465,104097,Tanganyika Lates,Lates angustifrons,8,not_ranked,,,inaturalist-regional-frequency-v1,compare then edit workbook
east_africa,no,no,fish,466,204570,Ehrenberg's Snapper,Lutjanus ehrenbergii,8,not_ranked,,,inaturalist-regional-frequency-v1,compare then edit workbook
east_africa,no,no,fish,467,52466,Black-finned Triggerfish,Melichthys indicus,8,not_ranked,,,inaturalist-regional-frequency-v1,compare then edit workbook
east_africa,no,no,fish,468,122504,Shadowfin Soldierfish,Myripristis adusta,8,not_ranked,,,inaturalist-regional-frequency-v1,compare then edit workbook
east_africa,no,no,fish,469,107893,Lake Rukwa Tilapia,Oreochromis rukwaensis,8,not_ranked,,,inaturalist-regional-frequency-v1,compare then edit workbook
east_africa,no,no,fish,470,107897,Tanganyikan Tilapia,Oreochromis tanganicae,8,not_ranked,,,inaturalist-regional-frequency-v1,compare then edit workbook
east_africa,no,no,fish,471,47256,Pickhandle Barracuda,Sphyraena jello,8,not_ranked,,,inaturalist-regional-frequency-v1,compare then edit workbook
east_africa,no,no,fish,472,136601,Blackfin Barracuda,Sphyraena qenie,8,not_ranked,,,inaturalist-regional-frequency-v1,compare then edit workbook
east_africa,no,no,fish,473,113450,Bridled Triggerfish,Sufflamen fraenatum,8,not_ranked,,,inaturalist-regional-frequency-v1,compare then edit workbook
east_africa,no,no,fish,474,188522,Cuckoo Squeaker,Synodontis multipunctatus,8,not_ranked,,,inaturalist-regional-frequency-v1,compare then edit workbook
east_africa,no,no,fish,475,121227,Bluestripe Lizardfish,Synodus dermatogenys,8,not_ranked,,,inaturalist-regional-frequency-v1,compare then edit workbook
east_africa,no,no,fish,476,530137,Ornate Shrimpgoby,Vanderhorstia ornatissima,8,not_ranked,,,inaturalist-regional-frequency-v1,compare then edit workbook
east_africa,no,no,fish,477,1316765,Xenotilapia spilopterus,Xenotilapia spilopterus,8,not_ranked,,,inaturalist-regional-frequency-v1,compare then edit workbook
east_africa,no,no,fish,478,93723,Compressed Cichlid,Altolamprologus compressiceps,7,not_ranked,,,inaturalist-regional-frequency-v1,compare then edit workbook
east_africa,no,no,fish,479,199172,Twinspot Hawkfish,Amblycirrhitus bimacula,7,not_ranked,,,inaturalist-regional-frequency-v1,compare then edit workbook
east_africa,no,no,fish,480,194618,Arrowhead Soapfish,Belonoperca chabanaudi,7,not_ranked,,,inaturalist-regional-frequency-v1,compare then edit workbook
east_africa,no,no,fish,481,95867,Bumphead Parrotfish,Bolbometopon muricatum,7,not_ranked,,,inaturalist-regional-frequency-v1,compare then edit workbook
east_africa,no,no,fish,482,153280,Giant Trevally,Caranx ignobilis,7,not_ranked,,,inaturalist-regional-frequency-v1,compare then edit workbook
east_africa,no,no,fish,483,49927,Spotfin Burrfish,Chilomycterus reticulatus,7,not_ranked,,,inaturalist-regional-frequency-v1,compare then edit workbook
east_africa,no,no,fish,484,196597,Target Shrimpgoby,Cryptocentrus strigilliceps,7,not_ranked,,,inaturalist-regional-frequency-v1,compare then edit workbook
east_africa,no,no,fish,485,1360116,Barred Trevally,Ferdauia ferdau,7,not_ranked,,,inaturalist-regional-frequency-v1,compare then edit workbook
east_africa,no,no,fish,486,123521,Yellowmouth Moray,Gymnothorax nudivomer,7,not_ranked,,,inaturalist-regional-frequency-v1,compare then edit workbook
east_africa,no,no,fish,487,102091,Goldstripe Wrasse,Halichoeres zeylonicus,7,not_ranked,,,inaturalist-regional-frequency-v1,compare then edit workbook
east_africa,no,no,fish,488,102692,Vundu,Heterobranchus longifilis,7,not_ranked,,,inaturalist-regional-frequency-v1,compare then edit workbook
east_africa,no,no,fish,489,102814,Giraffe Seahorse,Hippocampus camelopardalis,7,not_ranked,,,inaturalist-regional-frequency-v1,compare then edit workbook
east_africa,no,no,fish,490,102826,Great Seahorse,Hippocampus kelloggi,7,not_ranked,,,inaturalist-regional-frequency-v1,compare then edit workbook
east_africa,no,no,fish,491,103436,Peacock Razorfish,Iniistius pavo,7,not_ranked,,,inaturalist-regional-frequency-v1,compare then edit workbook
east_africa,no,no,fish,492,104614,Lake Tanganyika Sardine,Limnothrissa miodon,7,not_ranked,,,inaturalist-regional-frequency-v1,compare then edit workbook
east_africa,no,no,fish,493,105269,Mastacembelus moorii,Mastacembelus moorii,7,not_ranked,,,inaturalist-regional-frequency-v1,compare then edit workbook
east_africa,no,no,fish,494,52464,Black Triggerfish,Melichthys niger,7,not_ranked,,,inaturalist-regional-frequency-v1,compare then edit workbook
east_africa,no,no,fish,495,494752,Redfin Bream,Monotaxis heterodon,7,not_ranked,,,inaturalist-regional-frequency-v1,compare then edit workbook
east_africa,no,no,fish,496,106624,Bignose Unicornfish,Naso vlamingii,7,not_ranked,,,inaturalist-regional-frequency-v1,compare then edit workbook
east_africa,no,no,fish,497,619661,Twin Demoiselle,Neopomacentrus sororius,7,not_ranked,,,inaturalist-regional-frequency-v1,compare then edit workbook
east_africa,no,no,fish,498,471233,Mozambique Scorpionfish,Parascorpaena mossambica,7,not_ranked,,,inaturalist-regional-frequency-v1,compare then edit workbook
east_africa,no,no,fish,499,180170,Yellowspot Goatfish,Parupeneus indicus,7,not_ranked,,,inaturalist-regional-frequency-v1,compare then edit workbook
east_africa,no,no,fish,500,446377,Petroscirtes ancylodon,Petroscirtes ancylodon,7,not_ranked,,,inaturalist-regional-frequency-v1,compare then edit workbook
east_africa,no,no,fish,501,359837,Stony Coral Ghostgoby,Pleurosicya micheli,7,not_ranked,,,inaturalist-regional-frequency-v1,compare then edit workbook
east_africa,no,no,fish,502,110971,Disappearing Wrasse,Pseudocheilinus evanidus,7,not_ranked,,,inaturalist-regional-frequency-v1,compare then edit workbook
east_africa,no,no,fish,503,611661,Pseudosimochromis babaulti,Pseudosimochromis babaulti,7,not_ranked,,,inaturalist-regional-frequency-v1,compare then edit workbook
east_africa,no,no,fish,504,127131,Lesser Queenfish,Scomberoides lysan,7,not_ranked,,,inaturalist-regional-frequency-v1,compare then edit workbook
east_africa,no,no,fish,505,119394,Ornate Ghostpipefish,Solenostomus paradoxus,7,not_ranked,,,inaturalist-regional-frequency-v1,compare then edit workbook
east_africa,no,no,fish,506,196564,Starry Dragonet,Synchiropus stellatus,7,not_ranked,,,inaturalist-regional-frequency-v1,compare then edit workbook
east_africa,no,no,fish,507,113985,Surge Wrasse,Thalassoma purpureum,7,not_ranked,,,inaturalist-regional-frequency-v1,compare then edit workbook
east_africa,no,no,fish,508,201238,Smallspotted Dart,Trachinotus baillonii,7,not_ranked,,,inaturalist-regional-frequency-v1,compare then edit workbook
east_africa,no,no,fish,509,114561,Duboisi Cichlid,Tropheus duboisi,7,not_ranked,,,inaturalist-regional-frequency-v1,compare then edit workbook
east_africa,no,no,fish,510,196645,Sixspot Glidergoby,Valenciennea sexguttata,7,not_ranked,,,inaturalist-regional-frequency-v1,compare then edit workbook
east_africa,no,no,fish,511,1677943,Anoplopterus athiensis,Anoplopterus athiensis,6,not_ranked,,,inaturalist-regional-frequency-v1,compare then edit workbook
east_africa,no,no,fish,512,1677949,Stargazer Mountain Catfish,Anoplopterus uranoscopus,6,not_ranked,,,inaturalist-regional-frequency-v1,compare then edit workbook
east_africa,no,no,fish,513,319547,Lance Blenny,Aspidontus dussumieri,6,not_ranked,,,inaturalist-regional-frequency-v1,compare then edit workbook
east_africa,no,no,fish,514,94905,Giraffe Catfish,Auchenoglanis occidentalis,6,not_ranked,,,inaturalist-regional-frequency-v1,compare then edit workbook
east_africa,no,no,fish,515,96263,Crimsontip Gudgeon,Butis butis,6,not_ranked,,,inaturalist-regional-frequency-v1,compare then edit workbook
east_africa,no,no,fish,516,97213,Zanzibar Butterflyfish,Chaetodon zanzibarensis,6,not_ranked,,,inaturalist-regional-frequency-v1,compare then edit workbook
east_africa,no,no,fish,517,424795,Messmate Pipefish,Corythoichthys intestinalis,6,not_ranked,,,inaturalist-regional-frequency-v1,compare then edit workbook
east_africa,no,no,fish,518,119389,Zebra Lionfish,Dendrochirus zebra,6,not_ranked,,,inaturalist-regional-frequency-v1,compare then edit workbook
east_africa,no,no,fish,519,612907,Threespot Barb,Enteromius trimaculatus,6,not_ranked,,,inaturalist-regional-frequency-v1,compare then edit workbook
east_africa,no,no,fish,520,120615,Mackerel Tuna,Euthynnus affinis,6,not_ranked,,,inaturalist-regional-frequency-v1,compare then edit workbook
east_africa,no,no,fish,521,62598,Shoulderspot Goby,Gnatholepis cauerensis,6,not_ranked,,,inaturalist-regional-frequency-v1,compare then edit workbook
east_africa,no,no,fish,522,101560,Longnose stonebasher,Gnathonemus longibarbis,6,not_ranked,,,inaturalist-regional-frequency-v1,compare then edit workbook
east_africa,no,no,fish,523,102047,Rainbow Wrasse,Halichoeres iridis,6,not_ranked,,,inaturalist-regional-frequency-v1,compare then edit workbook
east_africa,no,no,fish,524,102307,Haplotaxodon microlepis,Haplotaxodon microlepis,6,not_ranked,,,inaturalist-regional-frequency-v1,compare then edit workbook
east_africa,no,no,fish,525,566044,Red Big-eye,Heteropriacanthus carolinus,6,not_ranked,,,inaturalist-regional-frequency-v1,compare then edit workbook
east_africa,no,no,fish,526,615613,Orange-dot Razorfish,Iniistius naevus,6,not_ranked,,,inaturalist-regional-frequency-v1,compare then edit workbook
east_africa,no,no,fish,527,119719,Sailfish,Istiophorus platypterus,6,not_ranked,,,inaturalist-regional-frequency-v1,compare then edit workbook
east_africa,no,no,fish,528,103843,Labeobarbus intermedius,Labeobarbus intermedius,6,not_ranked,,,inaturalist-regional-frequency-v1,compare then edit workbook
east_africa,no,no,fish,529,619462,Kongoro Lampeye,Lacustricola kongoranensis,6,not_ranked,,,inaturalist-regional-frequency-v1,compare then edit workbook
east_africa,no,no,fish,530,344867,Orangespotted Emperor,Lethrinus erythracanthus,6,not_ranked,,,inaturalist-regional-frequency-v1,compare then edit workbook
east_africa,no,no,fish,531,447971,Bengal Snapper,Lutjanus bengalensis,6,not_ranked,,,inaturalist-regional-frequency-v1,compare then edit workbook
east_africa,no,no,fish,532,106760,Neolamprologus furcifer,Neolamprologus furcifer,6,not_ranked,,,inaturalist-regional-frequency-v1,compare then edit workbook
east_africa,no,no,fish,533,1633536,Lemaire's Lamprologus,Neolamprologus lemairii,6,not_ranked,,,inaturalist-regional-frequency-v1,compare then edit workbook
east_africa,no,no,fish,534,132376,Rosy Goatfish,Parupeneus rubescens,6,not_ranked,,,inaturalist-regional-frequency-v1,compare then edit workbook
east_africa,no,no,fish,535,120659,Vanikoro Sweeper,Pempheris vanicolensis,6,not_ranked,,,inaturalist-regional-frequency-v1,compare then edit workbook
east_africa,no,no,fish,536,619406,Darkfin Eel Catfish,Plotosus limbatus,6,not_ranked,,,inaturalist-regional-frequency-v1,compare then edit workbook
east_africa,no,no,fish,537,493799,Senegal Bichir,Polypterus senegalus,6,not_ranked,,,inaturalist-regional-frequency-v1,compare then edit workbook
east_africa,no,no,fish,538,458019,Dark Damsel,Pomacentrus aquilus,6,not_ranked,,,inaturalist-regional-frequency-v1,compare then edit workbook
east_africa,no,no,fish,539,425269,Spurcheek Cardinalfish,Pristiapogon fraenatus,6,not_ranked,,,inaturalist-regional-frequency-v1,compare then edit workbook
east_africa,no,no,fish,540,132369,Narrow-banded Spanish Mackerel,Scomberomorus commerson,6,not_ranked,,,inaturalist-regional-frequency-v1,compare then edit workbook
east_africa,no,no,fish,541,47229,Bigeye Scad,Selar crumenophthalmus,6,not_ranked,,,inaturalist-regional-frequency-v1,compare then edit workbook
east_africa,no,no,fish,542,82782,Yellow-belly Bream,Serranochromis robustus,6,not_ranked,,,inaturalist-regional-frequency-v1,compare then edit workbook
east_africa,no,no,fish,543,1315541,Brown Spotted Rabbitfish,Siganus laqueus,6,not_ranked,,,inaturalist-regional-frequency-v1,compare then edit workbook
east_africa,no,no,fish,544,113588,Fischer's Victoria squeaker,Synodontis afrofischeri,6,not_ranked,,,inaturalist-regional-frequency-v1,compare then edit workbook
east_africa,no,no,fish,545,113675,Wahrindi,Synodontis schall,6,not_ranked,,,inaturalist-regional-frequency-v1,compare then edit workbook
east_africa,no,no,fish,546,446572,Flavimaculosus Puffer,Torquigener flavimaculosus,6,not_ranked,,,inaturalist-regional-frequency-v1,compare then edit workbook
east_africa,no,no,fish,547,544283,Painted Grinner,Trachinocephalus trachinus,6,not_ranked,,,inaturalist-regional-frequency-v1,compare then edit workbook
east_africa,no,no,fish,548,617610,Heemstra goatfish,Upeneus heemstra,6,not_ranked,,,inaturalist-regional-frequency-v1,compare then edit workbook
east_africa,no,no,fish,549,569856,Large-spotted Snakemoray,Uropterygius polyspilus,6,not_ranked,,,inaturalist-regional-frequency-v1,compare then edit workbook
east_africa,no,no,fish,550,122689,Whitetail Surgeonfish,Acanthurus thompsoni,5,not_ranked,,,inaturalist-regional-frequency-v1,compare then edit workbook
east_africa,no,no,fish,551,196598,Gorgeous Shrimpgoby,Amblyeleotris wheeleri,5,not_ranked,,,inaturalist-regional-frequency-v1,compare then edit workbook
east_africa,no,no,fish,552,93932,Amphilius jacksonii,Amphilius jacksonii,5,not_ranked,,,inaturalist-regional-frequency-v1,compare then edit workbook
east_africa,no,no,fish,553,487306,Oblique-banded Cardinalfish,Apogon semiornatus,5,not_ranked,,,inaturalist-regional-frequency-v1,compare then edit workbook
east_africa,no,no,fish,554,95048,Bagrus orientalis,Bagrus orientalis,5,not_ranked,,,inaturalist-regional-frequency-v1,compare then edit workbook
east_africa,no,no,fish,555,154282,Clown Triggerfish,Balistoides conspicillum,5,not_ranked,,,inaturalist-regional-frequency-v1,compare then edit workbook
east_africa,no,no,fish,556,95456,Bathybates fasciatus,Bathybates fasciatus,5,not_ranked,,,inaturalist-regional-frequency-v1,compare then edit workbook
east_africa,no,no,fish,557,354516,Blue-spotted Toby,Canthigaster cyanospilota,5,not_ranked,,,inaturalist-regional-frequency-v1,compare then edit workbook
east_africa,no,no,fish,558,96935,Orangeback Angelfish,Centropyge acanthops,5,not_ranked,,,inaturalist-regional-frequency-v1,compare then edit workbook
east_africa,no,no,fish,559,445783,Chestnut Blenny,Cirripectes castaneus,5,not_ranked,,,inaturalist-regional-frequency-v1,compare then edit workbook
east_africa,no,no,fish,560,97923,Alluaud's Catfish,Clarias alluaudi,5,not_ranked,,,inaturalist-regional-frequency-v1,compare then edit workbook
east_africa,no,no,fish,561,97957,Widehead Catfish,Clarotes laticeps,5,not_ranked,,,inaturalist-regional-frequency-v1,compare then edit workbook
east_africa,no,no,fish,562,468041,Luther's Prawn-goby,Cryptocentrus lutheri,5,not_ranked,,,inaturalist-regional-frequency-v1,compare then edit workbook
east_africa,no,no,fish,563,101232,Garra dembecha,Garra dembecha,5,not_ranked,,,inaturalist-regional-frequency-v1,compare then edit workbook
east_africa,no,no,fish,564,64100,Strongspine Silverbiddy,Gerres longirostris,5,not_ranked,,,inaturalist-regional-frequency-v1,compare then edit workbook
east_africa,no,no,fish,565,102633,Schooling Bannerfish,Heniochus diphreutes,5,not_ranked,,,inaturalist-regional-frequency-v1,compare then edit workbook
east_africa,no,no,fish,566,103426,Whitepatch Razorfish,Iniistius aneitensis,5,not_ranked,,,inaturalist-regional-frequency-v1,compare then edit workbook
east_africa,no,no,fish,567,103639,Striped Julie,Julidochromis regani,5,not_ranked,,,inaturalist-regional-frequency-v1,compare then edit workbook
east_africa,no,no,fish,568,613045,Labeo horie,Labeo horie,5,not_ranked,,,inaturalist-regional-frequency-v1,compare then edit workbook
east_africa,no,no,fish,569,104101,Forktail Lates,Lates microlepis,5,not_ranked,,,inaturalist-regional-frequency-v1,compare then edit workbook
east_africa,no,no,fish,570,104185,Lepidiolamprologus attenuatus,Lepidiolamprologus attenuatus,5,not_ranked,,,inaturalist-regional-frequency-v1,compare then edit workbook
east_africa,no,no,fish,571,181024,Fusilier Damsel,Lepidozygus tapeinosoma,5,not_ranked,,,inaturalist-regional-frequency-v1,compare then edit workbook
east_africa,no,no,fish,572,474443,Smalltooth Emperor,Lethrinus microdon,5,not_ranked,,,inaturalist-regional-frequency-v1,compare then edit workbook
east_africa,no,no,fish,573,55202,Spotcheek Emperor,Lethrinus rubrioperculatus,5,not_ranked,,,inaturalist-regional-frequency-v1,compare then edit workbook
east_africa,no,no,fish,574,120694,Atlantic Tripletail,Lobotes surinamensis,5,not_ranked,,,inaturalist-regional-frequency-v1,compare then edit workbook
east_africa,no,no,fish,575,617217,Malapterurus tanganyikaensis,Malapterurus tanganyikaensis,5,not_ranked,,,inaturalist-regional-frequency-v1,compare then edit workbook
east_africa,no,no,fish,576,105192,Marcusenius livingstonii,Marcusenius livingstonii,5,not_ranked,,,inaturalist-regional-frequency-v1,compare then edit workbook
east_africa,no,no,fish,577,105261,Mastacembelus ellipsifer,Mastacembelus ellipsifer,5,not_ranked,,,inaturalist-regional-frequency-v1,compare then edit workbook
east_africa,no,no,fish,578,105263,Longtail Spiny Eel,Mastacembelus frenatus,5,not_ranked,,,inaturalist-regional-frequency-v1,compare then edit workbook
east_africa,no,no,fish,579,121458,Sleek Unicornfish,Naso hexacanthus,5,not_ranked,,,inaturalist-regional-frequency-v1,compare then edit workbook
east_africa,no,no,fish,580,106783,Neolamprologus toae,Neolamprologus toae,5,not_ranked,,,inaturalist-regional-frequency-v1,compare then edit workbook
east_africa,no,no,fish,581,107682,Featherfin,Ophthalmotilapia ventralis,5,not_ranked,,,inaturalist-regional-frequency-v1,compare then edit workbook
east_africa,no,no,fish,582,107878,Lake Chala Tilapia,Oreochromis hunteri,5,not_ranked,,,inaturalist-regional-frequency-v1,compare then edit workbook
east_africa,no,no,fish,583,188050,Parioglossus raoi,Parioglossus raoi,5,not_ranked,,,inaturalist-regional-frequency-v1,compare then edit workbook
east_africa,no,no,fish,584,196845,Copper Sweeper,Pempheris oualensis,5,not_ranked,,,inaturalist-regional-frequency-v1,compare then edit workbook
east_africa,no,no,fish,585,611617,Petrochromis ephippium,Petrochromis ephippium,5,not_ranked,,,inaturalist-regional-frequency-v1,compare then edit workbook
east_africa,no,no,fish,586,109211,Petrochromis polyodon,Petrochromis polyodon,5,not_ranked,,,inaturalist-regional-frequency-v1,compare then edit workbook
east_africa,no,no,fish,587,188071,Blubberlip,Plectorhinchus gibbosus,5,not_ranked,,,inaturalist-regional-frequency-v1,compare then edit workbook
east_africa,no,no,fish,588,196641,Many-host Ghostgoby,Pleurosicya mossambica,5,not_ranked,,,inaturalist-regional-frequency-v1,compare then edit workbook
east_africa,no,no,fish,589,611663,Pseudosimochromis marginatus,Pseudosimochromis marginatus,5,not_ranked,,,inaturalist-regional-frequency-v1,compare then edit workbook
east_africa,no,no,fish,590,133530,Longjaw Mackerel,Rastrelliger kanagurta,5,not_ranked,,,inaturalist-regional-frequency-v1,compare then edit workbook
east_africa,no,no,fish,591,111572,Rastrineobola argentea,Rastrineobola argentea,5,not_ranked,,,inaturalist-regional-frequency-v1,compare then edit workbook
east_africa,no,no,fish,592,446462,Jewelled Blenny,Salarias fasciatus,5,not_ranked,,,inaturalist-regional-frequency-v1,compare then edit workbook
east_africa,no,no,fish,593,112162,Eclipse Parrotfish,Scarus russelii,5,not_ranked,,,inaturalist-regional-frequency-v1,compare then edit workbook
east_africa,no,no,fish,594,345721,Thin Ghost Pipefish,Solenostomus leptosoma,5,not_ranked,,,inaturalist-regional-frequency-v1,compare then edit workbook
east_africa,no,no,fish,595,113691,Lake Victoria squeaker,Synodontis victoriae,5,not_ranked,,,inaturalist-regional-frequency-v1,compare then edit workbook
east_africa,no,no,fish,596,58467,Fivestripe Wrasse,Thalassoma quinquevittatum,5,not_ranked,,,inaturalist-regional-frequency-v1,compare then edit workbook
east_africa,no,no,fish,597,196593,Twinspot Shrimpgoby,Vanderhorstia ambanoro,5,not_ranked,,,inaturalist-regional-frequency-v1,compare then edit workbook
east_africa,no,no,fish,598,114893,Moore's Lamprologus,Variabilichromis moorii,5,not_ranked,,,inaturalist-regional-frequency-v1,compare then edit workbook
east_africa,no,no,fish,599,114929,White-edged Lyretail,Variola albimarginata,5,not_ranked,,,inaturalist-regional-frequency-v1,compare then edit workbook
east_africa,no,no,fish,600,115063,Xenotilapia boulengeri,Xenotilapia boulengeri,5,not_ranked,,,inaturalist-regional-frequency-v1,compare then edit workbook
east_africa,no,no,mammals,161,75083,Temminck's Ground Pangolin,Smutsia temminckii,26,not_ranked,,,inaturalist-regional-frequency-v1,compare then edit workbook
east_africa,no,no,mammals,162,154719,African Trident Bat,Triaenops afer,26,not_ranked,,,inaturalist-regional-frequency-v1,compare then edit workbook
east_africa,no,no,mammals,163,566541,Dent’s Monkey,Cercopithecus denti,25,not_ranked,,,inaturalist-regional-frequency-v1,compare then edit workbook
east_africa,no,no,mammals,164,41822,Zorilla,Ictonyx striatus,25,not_ranked,,,inaturalist-regional-frequency-v1,compare then edit workbook
east_africa,no,no,mammals,165,43563,Spectacled Lesser Galago,Galago matschiei,24,not_ranked,,,inaturalist-regional-frequency-v1,compare then edit workbook
east_africa,no,no,mammals,166,44173,Cape Porcupine,Hystrix africaeaustralis,24,not_ranked,,,inaturalist-regional-frequency-v1,compare then edit workbook
east_africa,no,no,mammals,167,45414,Sundevall's Acacia Rat,Thallomys paedulcus,23,not_ranked,,,inaturalist-regional-frequency-v1,compare then edit workbook
east_africa,no,no,mammals,168,74189,Bale Mountains Monkey,Chlorocebus djamdjamensis,22,not_ranked,,,inaturalist-regional-frequency-v1,compare then edit workbook
east_africa,no,no,mammals,169,357910,Forest Elephant,Loxodonta cyclotis,21,not_ranked,,,inaturalist-regional-frequency-v1,compare then edit workbook
east_africa,no,no,mammals,170,74164,Sanje Mangabey,Cercocebus sanjei,20,not_ranked,,,inaturalist-regional-frequency-v1,compare then edit workbook
east_africa,no,no,mammals,171,45848,Woodland Dormouse,Graphiurus murinus,20,not_ranked,,,inaturalist-regional-frequency-v1,compare then edit workbook
east_africa,no,no,mammals,172,42276,Tsessebe,Damaliscus lunatus,19,not_ranked,,,inaturalist-regional-frequency-v1,compare then edit workbook
east_africa,no,no,mammals,173,74349,Thomas's Dwarf Galago,Galagoides thomasi,19,not_ranked,,,inaturalist-regional-frequency-v1,compare then edit workbook
east_africa,no,no,mammals,174,1370990,Little Free-tailed Bat,Mops pumilus,18,not_ranked,,,inaturalist-regional-frequency-v1,compare then edit workbook
east_africa,no,no,mammals,175,43577,Chimpanzee,Pan troglodytes,18,not_ranked,,,inaturalist-regional-frequency-v1,compare then edit workbook
east_africa,no,no,mammals,176,43726,Derby's Anomalure,Anomalurus derbianus,17,not_ranked,,,inaturalist-regional-frequency-v1,compare then edit workbook
east_africa,no,no,mammals,177,45670,Abyssinian Grass Rat,Arvicanthis abyssinicus,17,not_ranked,,,inaturalist-regional-frequency-v1,compare then edit workbook
east_africa,no,no,mammals,178,851017,Striped leaf-nosed bat,Macronycteris vittata,17,not_ranked,,,inaturalist-regional-frequency-v1,compare then edit workbook
east_africa,no,no,mammals,179,69991,East African Oryx,Oryx beisa,16,not_ranked,,,inaturalist-regional-frequency-v1,compare then edit workbook
east_africa,no,no,mammals,180,41385,Hildegarde's Tomb Bat,Taphozous hildegardeae,16,not_ranked,,,inaturalist-regional-frequency-v1,compare then edit workbook
east_africa,no,no,mammals,181,43093,Western Tree Hyrax,Dendrohyrax dorsalis,15,not_ranked,,,inaturalist-regional-frequency-v1,compare then edit workbook
east_africa,no,no,mammals,182,1596260,Johnston's grey-cheeked mangabey,Lophocebus johnstoni,15,not_ranked,,,inaturalist-regional-frequency-v1,compare then edit workbook
east_africa,no,no,mammals,183,45225,Black-clawed Brush-furred Rat,Lophuromys melanonyx,15,not_ranked,,,inaturalist-regional-frequency-v1,compare then edit workbook
east_africa,no,no,mammals,184,557988,Kinda Baboon,Papio kindae,15,not_ranked,,,inaturalist-regional-frequency-v1,compare then edit workbook
east_africa,no,no,mammals,185,44575,Black Rat,Rattus rattus,15,not_ranked,,,inaturalist-regional-frequency-v1,compare then edit workbook
east_africa,no,no,mammals,186,44989,Northeast African Root Rat,Tachyoryctes splendens,15,not_ranked,,,inaturalist-regional-frequency-v1,compare then edit workbook
east_africa,no,no,mammals,187,1638841,African Clawless Otter,Lutra capensis,14,not_ranked,,,inaturalist-regional-frequency-v1,compare then edit workbook
east_africa,no,no,mammals,188,44716,Tiny Pygmy Mouse,Mus minutoides,13,not_ranked,,,inaturalist-regional-frequency-v1,compare then edit workbook
east_africa,no,no,mammals,189,1431595,Zena Brush-furred Rat,Lophuromys zena,12,not_ranked,,,inaturalist-regional-frequency-v1,compare then edit workbook
east_africa,no,no,mammals,190,41566,Humpback Whale,Megaptera novaeangliae,12,not_ranked,,,inaturalist-regional-frequency-v1,compare then edit workbook
east_africa,no,no,mammals,191,45133,Common Rufous-nosed Rat,Oenomys hypoxanthus,12,not_ranked,,,inaturalist-regional-frequency-v1,compare then edit workbook
east_africa,no,no,mammals,192,485417,Harrison's Large-eared Giant Mastiff Bat,Otomops harrisoni,12,not_ranked,,,inaturalist-regional-frequency-v1,compare then edit workbook
east_africa,no,no,mammals,193,42123,Desert Warthog,Phacochoerus aethiopicus,12,not_ranked,,,inaturalist-regional-frequency-v1,compare then edit workbook
east_africa,no,no,mammals,194,74870,Blue Duiker,Philantomba monticola,12,not_ranked,,,inaturalist-regional-frequency-v1,compare then edit workbook
east_africa,no,no,mammals,195,45581,Wilson's Spiny Mouse,Acomys wilsoni,11,not_ranked,,,inaturalist-regional-frequency-v1,compare then edit workbook
east_africa,no,no,mammals,196,43091,Eastern Tree Hyrax,Dendrohyrax validus,11,not_ranked,,,inaturalist-regional-frequency-v1,compare then edit workbook
east_africa,no,no,mammals,197,44971,Grey Climbing Mouse,Dendromus melanotis,11,not_ranked,,,inaturalist-regional-frequency-v1,compare then edit workbook
east_africa,no,no,mammals,198,74479,Heuglin's Striped Grass Mouse,Lemniscomys zebra,11,not_ranked,,,inaturalist-regional-frequency-v1,compare then edit workbook
east_africa,no,no,mammals,199,1453927,Mount Kilimanjaro vlei rat,Otomys zinki,11,not_ranked,,,inaturalist-regional-frequency-v1,compare then edit workbook
east_africa,no,no,mammals,200,1103823,Zanzibar Galago,Paragalago zanzibaricus,11,not_ranked,,,inaturalist-regional-frequency-v1,compare then edit workbook
east_africa,no,no,mammals,201,44512,Northern Giant Pouched Rat,Cricetomys gambianus,10,not_ranked,,,inaturalist-regional-frequency-v1,compare then edit workbook
east_africa,no,no,mammals,202,46194,Mutable Sun Squirrel,Heliosciurus mutabilis,10,not_ranked,,,inaturalist-regional-frequency-v1,compare then edit workbook
east_africa,no,no,mammals,203,1430995,Aders' Duiker,Leucocephalophus adersi,10,not_ranked,,,inaturalist-regional-frequency-v1,compare then edit workbook
east_africa,no,no,mammals,204,40696,Decken's horseshoe bat,Rhinolophus deckenii,10,not_ranked,,,inaturalist-regional-frequency-v1,compare then edit workbook
east_africa,no,no,mammals,205,1430998,Rwenzori Red Duiker,Cephalophorus rubidus,9,not_ranked,,,inaturalist-regional-frequency-v1,compare then edit workbook
east_africa,no,no,mammals,206,851034,Cyclops roundleaf bat,Doryrhina cyclops,9,not_ranked,,,inaturalist-regional-frequency-v1,compare then edit workbook
east_africa,no,no,mammals,207,74318,Mongalla Gazelle,Eudorcas albonotata,9,not_ranked,,,inaturalist-regional-frequency-v1,compare then edit workbook
east_africa,no,no,mammals,208,43135,Ethiopian Hare,Lepus fagani,9,not_ranked,,,inaturalist-regional-frequency-v1,compare then edit workbook
east_africa,no,no,mammals,209,44705,House Mouse,Mus musculus,9,not_ranked,,,inaturalist-regional-frequency-v1,compare then edit workbook
east_africa,no,no,mammals,210,43832,Speke's Gundi,Pectinator spekei,9,not_ranked,,,inaturalist-regional-frequency-v1,compare then edit workbook
east_africa,no,no,mammals,211,42266,Dorcas Gazelle,Gazella dorcas,8,not_ranked,,,inaturalist-regional-frequency-v1,compare then edit workbook
east_africa,no,no,mammals,212,41597,Servaline Genet,Genetta servalina,8,not_ranked,,,inaturalist-regional-frequency-v1,compare then edit workbook
east_africa,no,no,mammals,213,1282034,East African Gerbil,Gerbilliscus vicinus,8,not_ranked,,,inaturalist-regional-frequency-v1,compare then edit workbook
east_africa,no,no,mammals,214,1127568,Kenya Coast Galago,Paragalago cocos,8,not_ranked,,,inaturalist-regional-frequency-v1,compare then edit workbook
east_africa,no,no,mammals,215,1127570,Uluguru Bushbaby,Paragalago orinus,8,not_ranked,,,inaturalist-regional-frequency-v1,compare then edit workbook
east_africa,no,no,mammals,216,43166,Bunyoro Rabbit,Poelagus marjorita,8,not_ranked,,,inaturalist-regional-frequency-v1,compare then edit workbook
east_africa,no,no,mammals,217,40680,Lander's horseshoe bat,Rhinolophus landeri,8,not_ranked,,,inaturalist-regional-frequency-v1,compare then edit workbook
east_africa,no,no,mammals,218,46531,Asian House Shrew,Suncus murinus,8,not_ranked,,,inaturalist-regional-frequency-v1,compare then edit workbook
east_africa,no,no,mammals,219,46279,Greater Cane Rat,Thryonomys swinderianus,8,not_ranked,,,inaturalist-regional-frequency-v1,compare then edit workbook
east_africa,no,no,mammals,220,41482,Common Bottlenose Dolphin,Tursiops truncatus,8,not_ranked,,,inaturalist-regional-frequency-v1,compare then edit workbook
east_africa,no,no,mammals,221,40813,Ethiopian Epauletted Fruit Bat,Epomophorus labiatus,7,not_ranked,,,inaturalist-regional-frequency-v1,compare then edit workbook
east_africa,no,no,mammals,222,1431125,Peter's Dwarf Epauletted Fruit Bat,Epomophorus pusillus,7,not_ranked,,,inaturalist-regional-frequency-v1,compare then edit workbook
east_africa,no,no,mammals,223,45253,Woodland Thicket Rat,Grammomys dolichurus,7,not_ranked,,,inaturalist-regional-frequency-v1,compare then edit workbook
east_africa,no,no,mammals,224,46110,Smith's Bush Squirrel,Paraxerus cepapi,7,not_ranked,,,inaturalist-regional-frequency-v1,compare then edit workbook
east_africa,no,no,mammals,225,884029,Semliki Red Colobus,Piliocolobus semlikiensis,7,not_ranked,,,inaturalist-regional-frequency-v1,compare then edit workbook
east_africa,no,no,mammals,226,44576,Brown Rat,Rattus norvegicus,7,not_ranked,,,inaturalist-regional-frequency-v1,compare then edit workbook
east_africa,no,no,mammals,227,183175,Hildebrandt's horseshoe bat,Rhinolophus hildebrandtii,7,not_ranked,,,inaturalist-regional-frequency-v1,compare then edit workbook
east_africa,no,no,mammals,228,75019,Ruwenzori horseshoe bat,Rhinolophus ruwenzorii,7,not_ranked,,,inaturalist-regional-frequency-v1,compare then edit workbook
east_africa,no,no,mammals,229,1123576,Checkered Sengi,Rhynchocyon cirnei,7,not_ranked,,,inaturalist-regional-frequency-v1,compare then edit workbook
east_africa,no,no,mammals,230,40436,Yellow-bellied House Bat,Scotophilus dinganii,7,not_ranked,,,inaturalist-regional-frequency-v1,compare then edit workbook
east_africa,no,no,mammals,231,41496,Spinner Dolphin,Stenella longirostris,7,not_ranked,,,inaturalist-regional-frequency-v1,compare then edit workbook
east_africa,no,no,mammals,232,44528,Emin's Gerbil,Taterillus emini,7,not_ranked,,,inaturalist-regional-frequency-v1,compare then edit workbook
east_africa,no,no,mammals,233,45592,Cairo Spiny Mouse,Acomys cahirinus,6,not_ranked,,,inaturalist-regional-frequency-v1,compare then edit workbook
east_africa,no,no,mammals,234,45672,Nairobi Grass Rat,Arvicanthis nairobae,6,not_ranked,,,inaturalist-regional-frequency-v1,compare then edit workbook
east_africa,no,no,mammals,235,45668,Neumann's Grass Rat,Arvicanthis neumanni,6,not_ranked,,,inaturalist-regional-frequency-v1,compare then edit workbook
east_africa,no,no,mammals,236,44993,Long-tailed Pouched Rat,Beamys hindei,6,not_ranked,,,inaturalist-regional-frequency-v1,compare then edit workbook
east_africa,no,no,mammals,237,560484,Minor Epauletted Fruit Bat,Epomophorus minor,6,not_ranked,,,inaturalist-regional-frequency-v1,compare then edit workbook
east_africa,no,no,mammals,238,566537,Demidoff's Dwarf Galago,Galagoides demidoff,6,not_ranked,,,inaturalist-regional-frequency-v1,compare then edit workbook
east_africa,no,no,mammals,239,74368,Black-tailed Gerbil,Gerbilliscus nigricaudus,6,not_ranked,,,inaturalist-regional-frequency-v1,compare then edit workbook
east_africa,no,no,mammals,240,42334,Sable Antelope,Hippotragus niger,6,not_ranked,,,inaturalist-regional-frequency-v1,compare then edit workbook
east_africa,no,no,mammals,241,45500,Single-striped Grass Mouse,Lemniscomys rosalia,6,not_ranked,,,inaturalist-regional-frequency-v1,compare then edit workbook
east_africa,no,no,mammals,242,74698,Rufous mouse-eared bat,Myotis bocagii,6,not_ranked,,,inaturalist-regional-frequency-v1,compare then edit workbook
east_africa,no,no,mammals,243,40279,Cape hairy bat,Myotis tricolor,6,not_ranked,,,inaturalist-regional-frequency-v1,compare then edit workbook
east_africa,no,no,mammals,244,41192,Egyptian Slit-faced Bat,Nycteris thebaica,6,not_ranked,,,inaturalist-regional-frequency-v1,compare then edit workbook
east_africa,no,no,mammals,245,1453934,Heller's Vlei Rat,Otomys helleri,6,not_ranked,,,inaturalist-regional-frequency-v1,compare then edit workbook
east_africa,no,no,mammals,246,46108,Black-and-red Bush Squirrel,Paraxerus lucifer,6,not_ranked,,,inaturalist-regional-frequency-v1,compare then edit workbook
east_africa,no,no,mammals,247,1431012,Rendall's serotine,Pseudoromicia rendalli,6,not_ranked,,,inaturalist-regional-frequency-v1,compare then edit workbook
east_africa,no,no,mammals,248,320633,Geoffroy's horseshoe bat,Rhinolophus clivosus,6,not_ranked,,,inaturalist-regional-frequency-v1,compare then edit workbook
east_africa,no,no,mammals,249,41381,Egyptian Tomb Bat,Taphozous perforatus,6,not_ranked,,,inaturalist-regional-frequency-v1,compare then edit workbook
east_africa,no,no,mammals,250,45573,Red Veld Rat,Aethomys chrysophilus,5,not_ranked,,,inaturalist-regional-frequency-v1,compare then edit workbook
east_africa,no,no,mammals,251,44513,Forest Giant Pouched Rat,Cricetomys emini,5,not_ranked,,,inaturalist-regional-frequency-v1,compare then edit workbook
east_africa,no,no,mammals,252,43211,Short-snouted Sengi,Elephantulus brachyrhynchus,5,not_ranked,,,inaturalist-regional-frequency-v1,compare then edit workbook
east_africa,no,no,mammals,253,1369318,Southern Patas Monkey,Erythrocebus baumstarki,5,not_ranked,,,inaturalist-regional-frequency-v1,compare then edit workbook
east_africa,no,no,mammals,254,45957,Fire-footed Rope Squirrel,Funisciurus pyrropus,5,not_ranked,,,inaturalist-regional-frequency-v1,compare then edit workbook
east_africa,no,no,mammals,255,45259,East African Thicket Rat,Grammomys ibeanus,5,not_ranked,,,inaturalist-regional-frequency-v1,compare then edit workbook
east_africa,no,no,mammals,256,765544,Angolan Free-tailed Bat,Mops condylurus,5,not_ranked,,,inaturalist-regional-frequency-v1,compare then edit workbook
east_africa,no,no,mammals,257,40336,Welwitsch's Mouse-eared Bat,Myotis welwitschii,5,not_ranked,,,inaturalist-regional-frequency-v1,compare then edit workbook
east_africa,no,no,mammals,258,1431010,White-winged serotine,Pseudoromicia tenuipinnis,5,not_ranked,,,inaturalist-regional-frequency-v1,compare then edit workbook
east_africa,no,no,mammals,259,75049,Kipunji,Rungwecebus kipunji,5,not_ranked,,,inaturalist-regional-frequency-v1,compare then edit workbook
east_africa,no,no,mammals,260,45594,Percival's Spiny Mouse,Acomys percivali,4,not_ranked,,,inaturalist-regional-frequency-v1,compare then edit workbook
east_africa,no,no,mammals,261,1431034,Banana Serotine,Afronycteris nanus,4,not_ranked,,,inaturalist-regional-frequency-v1,compare then edit workbook
east_africa,no,no,mammals,262,42272,Dibatag,Ammodorcas clarkei,4,not_ranked,,,inaturalist-regional-frequency-v1,compare then edit workbook
east_africa,no,no,mammals,263,42291,Abbott's Duiker,Cephalophus spadix,4,not_ranked,,,inaturalist-regional-frequency-v1,compare then edit workbook
east_africa,no,no,mammals,264,46729,Hildegarde's Shrew,Crocidura hildegardeae,4,not_ranked,,,inaturalist-regional-frequency-v1,compare then edit workbook
east_africa,no,no,mammals,265,68790,Eastern Gorilla,Gorilla beringei,4,not_ranked,,,inaturalist-regional-frequency-v1,compare then edit workbook
east_africa,no,no,mammals,266,40716,Benito roundleaf bat,Hipposideros beatus,4,not_ranked,,,inaturalist-regional-frequency-v1,compare then edit workbook
east_africa,no,no,mammals,267,42327,Nile Lechwe,Kobus megaceros,4,not_ranked,,,inaturalist-regional-frequency-v1,compare then edit workbook
east_africa,no,no,mammals,268,485421,Large-eared Giant Mastiff Bat,Otomops martiensseni,4,not_ranked,,,inaturalist-regional-frequency-v1,compare then edit workbook
east_africa,no,no,mammals,269,45439,Angoni vlei rat,Otomys angoniensis,4,not_ranked,,,inaturalist-regional-frequency-v1,compare then edit workbook
east_africa,no,no,mammals,270,1123574,White-tailed Sengi,Rhynchocyon stuhlmanni,4,not_ranked,,,inaturalist-regional-frequency-v1,compare then edit workbook
east_africa,no,no,mammals,271,40430,Dark-winged Lesser House Bat,Scotoecus hirundo,4,not_ranked,,,inaturalist-regional-frequency-v1,compare then edit workbook
east_africa,no,no,mammals,272,40434,Nut-colored House Bat,Scotophilus nux,4,not_ranked,,,inaturalist-regional-frequency-v1,compare then edit workbook
east_africa,no,no,mammals,273,75082,Giant Ground Pangolin,Smutsia gigantea,4,not_ranked,,,inaturalist-regional-frequency-v1,compare then edit workbook
east_africa,no,no,mammals,274,44968,remarkable Climbing Mouse,Dendromus insignis,3,not_ranked,,,inaturalist-regional-frequency-v1,compare then edit workbook
east_africa,no,no,mammals,275,1431857,Kivu climbing mouse,Dendromus nyasae,3,not_ranked,,,inaturalist-regional-frequency-v1,compare then edit workbook
east_africa,no,no,mammals,276,57549,Variegated Butterfly Bat,Glauconycteris variegata,3,not_ranked,,,inaturalist-regional-frequency-v1,compare then edit workbook
east_africa,no,no,mammals,277,45326,Natal Multimammate Mouse,Mastomys natalensis,3,not_ranked,,,inaturalist-regional-frequency-v1,compare then edit workbook
east_africa,no,no,mammals,278,40623,Moloney's flat-headed bat,Mimetillus moloneyi,3,not_ranked,,,inaturalist-regional-frequency-v1,compare then edit workbook
east_africa,no,no,mammals,279,40593,Greater Long-fingered Bat,Miniopterus inflatus,3,not_ranked,,,inaturalist-regional-frequency-v1,compare then edit workbook
east_africa,no,no,mammals,280,40589,Least Long-fingered Bat,Miniopterus minor,3,not_ranked,,,inaturalist-regional-frequency-v1,compare then edit workbook
east_africa,no,no,mammals,281,44686,Delicate Mouse,Mus tenellus,3,not_ranked,,,inaturalist-regional-frequency-v1,compare then edit workbook
east_africa,no,no,mammals,282,1453932,Afroalpine Vlei Rat,Otomys orestes,3,not_ranked,,,inaturalist-regional-frequency-v1,compare then edit workbook
east_africa,no,no,mammals,283,1103831,Rondo Bushbaby,Paragalago rondoensis,3,not_ranked,,,inaturalist-regional-frequency-v1,compare then edit workbook
east_africa,no,no,mammals,284,74918,Peters's flat-headed bat,Platymops setiger,3,not_ranked,,,inaturalist-regional-frequency-v1,compare then edit workbook
east_africa,no,no,mammals,285,40687,Eloquent horseshoe bat,Rhinolophus eloquens,3,not_ranked,,,inaturalist-regional-frequency-v1,compare then edit workbook
east_africa,no,no,mammals,286,45471,Ethiopian Narrow-headed Rat,Stenocephalemys albocaudatus,3,not_ranked,,,inaturalist-regional-frequency-v1,compare then edit workbook
east_africa,no,no,mammals,287,44181,African Brush-tailed Porcupine,Atherurus africanus,2,not_ranked,,,inaturalist-regional-frequency-v1,compare then edit workbook
east_africa,no,no,mammals,288,74107,Sokoke Bushy-tailed Mongoose,Bdeogale omnivora,2,not_ranked,,,inaturalist-regional-frequency-v1,compare then edit workbook
east_africa,no,no,mammals,289,851014,Golden Jackal,Canis aureus,2,not_ranked,,,inaturalist-regional-frequency-v1,compare then edit workbook
east_africa,no,no,mammals,290,74146,African Golden Cat,Caracal auratus,2,not_ranked,,,inaturalist-regional-frequency-v1,compare then edit workbook
east_africa,no,no,mammals,291,42514,Stuhlmann's Golden Mole,Chrysochloris stuhlmanni,2,not_ranked,,,inaturalist-regional-frequency-v1,compare then edit workbook
east_africa,no,no,mammals,292,46621,Lesser Red White-toothed Shrew,Crocidura hirta,2,not_ranked,,,inaturalist-regional-frequency-v1,compare then edit workbook
east_africa,no,no,mammals,293,44973,Lovat's climbing mouse,Dendromus lovati,2,not_ranked,,,inaturalist-regional-frequency-v1,compare then edit workbook
east_africa,no,no,mammals,294,44976,chestnut climbing mouse,Dendromus mystacalis,2,not_ranked,,,inaturalist-regional-frequency-v1,compare then edit workbook
east_africa,no,no,mammals,295,45779,Harrington's Scrub Rat,Desmomys harringtoni,2,not_ranked,,,inaturalist-regional-frequency-v1,compare then edit workbook
east_africa,no,no,mammals,296,42270,Beira,Dorcatragus megalotis,2,not_ranked,,,inaturalist-regional-frequency-v1,compare then edit workbook
east_africa,no,no,mammals,297,1114116,Greater roundleaf bat,Doryrhina camerunensis,2,not_ranked,,,inaturalist-regional-frequency-v1,compare then edit workbook
east_africa,no,no,mammals,298,46311,Dugong,Dugong dugon,2,not_ranked,,,inaturalist-regional-frequency-v1,compare then edit workbook
east_africa,no,no,mammals,299,40804,Franquet's Epauletted Bat,Epomops franqueti,2,not_ranked,,,inaturalist-regional-frequency-v1,compare then edit workbook
east_africa,no,no,mammals,300,1275852,Somali Sengi,Galegeeska revoilii,2,not_ranked,,,inaturalist-regional-frequency-v1,compare then edit workbook
east_africa,no,no,mammals,301,74361,Boehm's Gerbil,Gerbilliscus boehmi,2,not_ranked,,,inaturalist-regional-frequency-v1,compare then edit workbook
east_africa,no,no,mammals,302,74369,Phillip's Gerbil,Gerbilliscus phillipsi,2,not_ranked,,,inaturalist-regional-frequency-v1,compare then edit workbook
east_africa,no,no,mammals,303,44189,Cheesman's Gerbil,Gerbillus cheesmani,2,not_ranked,,,inaturalist-regional-frequency-v1,compare then edit workbook
east_africa,no,no,mammals,304,44214,Least Gerbil,Gerbillus pusillus,2,not_ranked,,,inaturalist-regional-frequency-v1,compare then edit workbook
east_africa,no,no,mammals,305,74374,Silvered Bat,Glauconycteris argentata,2,not_ranked,,,inaturalist-regional-frequency-v1,compare then edit workbook
east_africa,no,no,mammals,306,45844,Kellen's African Dormouse,Graphiurus kelleni,2,not_ranked,,,inaturalist-regional-frequency-v1,compare then edit workbook
east_africa,no,no,mammals,307,45842,Small-eared Dormouse,Graphiurus microtis,2,not_ranked,,,inaturalist-regional-frequency-v1,compare then edit workbook
east_africa,no,no,mammals,308,45246,One-striped Forest Mouse,Hybomys univittatus,2,not_ranked,,,inaturalist-regional-frequency-v1,compare then edit workbook
east_africa,no,no,mammals,309,40456,Damara woolly bat,Kerivoula argentata,2,not_ranked,,,inaturalist-regional-frequency-v1,compare then edit workbook
east_africa,no,no,mammals,310,40475,Copper woolly bat,Kerivoula cuprosa,2,not_ranked,,,inaturalist-regional-frequency-v1,compare then edit workbook
east_africa,no,no,mammals,311,40468,Lesser woolly bat,Kerivoula lanosa,2,not_ranked,,,inaturalist-regional-frequency-v1,compare then edit workbook
east_africa,no,no,mammals,312,45499,Buffoon Striped Grass Mouse,Lemniscomys macculus,2,not_ranked,,,inaturalist-regional-frequency-v1,compare then edit workbook
east_africa,no,no,mammals,313,959837,Machangu's Brush-furred Rat,Lophuromys machangui,2,not_ranked,,,inaturalist-regional-frequency-v1,compare then edit workbook
east_africa,no,no,mammals,314,851015,Giant leaf-nosed bat,Macronycteris gigas,2,not_ranked,,,inaturalist-regional-frequency-v1,compare then edit workbook
east_africa,no,no,mammals,315,765454,African Long-fingered Bat,Miniopterus africanus,2,not_ranked,,,inaturalist-regional-frequency-v1,compare then edit workbook
east_africa,no,no,mammals,316,1431356,Lappet-eared Free-tailed Bat,Mops major,2,not_ranked,,,inaturalist-regional-frequency-v1,compare then edit workbook
east_africa,no,no,mammals,317,765532,Zulu serotine,Neoromicia zuluensis,2,not_ranked,,,inaturalist-regional-frequency-v1,compare then edit workbook
east_africa,no,no,mammals,318,41185,Bates's Slit-faced Bat,Nycteris arge,2,not_ranked,,,inaturalist-regional-frequency-v1,compare then edit workbook
east_africa,no,no,mammals,319,41186,Large Slit-faced Bat,Nycteris grandis,2,not_ranked,,,inaturalist-regional-frequency-v1,compare then edit workbook
east_africa,no,no,mammals,320,43151,European Rabbit,Oryctolagus cuniculus,2,not_ranked,,,inaturalist-regional-frequency-v1,compare then edit workbook
east_africa,no,no,mammals,321,1453929,Udzungwa Vlei Rat,Otomys uzungwensis,2,not_ranked,,,inaturalist-regional-frequency-v1,compare then edit workbook
east_africa,no,no,mammals,322,1127569,Mozambique Dwarf Galago,Paragalago granti,2,not_ranked,,,inaturalist-regional-frequency-v1,compare then edit workbook
east_africa,no,no,mammals,323,74890,Sperm Whale,Physeter macrocephalus,2,not_ranked,,,inaturalist-regional-frequency-v1,compare then edit workbook
east_africa,no,no,mammals,324,41827,Striped Weasel,Poecilogale albinucha,2,not_ranked,,,inaturalist-regional-frequency-v1,compare then edit workbook
east_africa,no,no,mammals,325,45149,Tullberg's Praomys,Praomys tullbergi,2,not_ranked,,,inaturalist-regional-frequency-v1,compare then edit workbook
east_africa,no,no,mammals,326,42305,Southern Reedbuck,Redunca arundinum,2,not_ranked,,,inaturalist-regional-frequency-v1,compare then edit workbook
east_africa,no,no,mammals,327,40684,Rüppell's horseshoe bat,Rhinolophus fumigatus,2,not_ranked,,,inaturalist-regional-frequency-v1,compare then edit workbook
east_africa,no,no,mammals,328,40693,Bushveld horseshoe bat,Rhinolophus simulator,2,not_ranked,,,inaturalist-regional-frequency-v1,compare then edit workbook
east_africa,no,no,mammals,329,40435,White-bellied House Bat,Scotophilus leucogaster,2,not_ranked,,,inaturalist-regional-frequency-v1,compare then edit workbook
east_africa,no,no,mammals,330,40433,Greenish House Bat,Scotophilus viridis,2,not_ranked,,,inaturalist-regional-frequency-v1,compare then edit workbook
east_africa,no,no,mammals,331,1596164,Long-haired Rousette,Stenonycteris lanosa,2,not_ranked,,,inaturalist-regional-frequency-v1,compare then edit workbook
east_africa,no,no,mammals,332,41377,Naked-rumped Tomb Bat,Taphozous nudiventris,2,not_ranked,,,inaturalist-regional-frequency-v1,compare then edit workbook
east_africa,no,no,mammals,333,45411,Loring's Acacia Rat,Thallomys loringi,2,not_ranked,,,inaturalist-regional-frequency-v1,compare then edit workbook
east_africa,no,no,mammals,334,154718,Persian Trident Bat,Triaenops persicus,2,not_ranked,,,inaturalist-regional-frequency-v1,compare then edit workbook
east_africa,no,no,mammals,335,41618,Small Indian Civet,Viverricula indica,2,not_ranked,,,inaturalist-regional-frequency-v1,compare then edit workbook
east_africa,no,no,mammals,336,74028,Gray Spiny Mouse,Acomys cineraceus,1,not_ranked,,,inaturalist-regional-frequency-v1,compare then edit workbook
east_africa,no,no,mammals,337,901999,Muze Spiny Mouse,Acomys muzei,1,not_ranked,,,inaturalist-regional-frequency-v1,compare then edit workbook
east_africa,no,no,mammals,338,45576,Hinde's Veld Rat,Aethomys hindei,1,not_ranked,,,inaturalist-regional-frequency-v1,compare then edit workbook
east_africa,no,no,mammals,339,41753,Subantarctic Fur Seal,Arctocephalus tropicalis,1,not_ranked,,,inaturalist-regional-frequency-v1,compare then edit workbook
east_africa,no,no,mammals,340,1453916,Bryde's Whale,Balaenoptera brydei,1,not_ranked,,,inaturalist-regional-frequency-v1,compare then edit workbook
east_africa,no,no,mammals,341,1431002,Red Forest Duiker,Cephalophorus natalensis,1,not_ranked,,,inaturalist-regional-frequency-v1,compare then edit workbook
east_africa,no,no,mammals,342,1431000,Black-fronted Duiker,Cephalophorus nigrifrons,1,not_ranked,,,inaturalist-regional-frequency-v1,compare then edit workbook
east_africa,no,no,mammals,343,46668,greater gray-brown musk shrew,Crocidura luna,1,not_ranked,,,inaturalist-regional-frequency-v1,compare then edit workbook
east_africa,no,no,mammals,344,46705,African Giant Shrew,Crocidura olivieri,1,not_ranked,,,inaturalist-regional-frequency-v1,compare then edit workbook
east_africa,no,no,mammals,345,41915,Alexander's Kusimanse,Crossarchus alexandri,1,not_ranked,,,inaturalist-regional-frequency-v1,compare then edit workbook
east_africa,no,no,mammals,346,43749,Common Molerat,Cryptomys hottentotus,1,not_ranked,,,inaturalist-regional-frequency-v1,compare then edit workbook
east_africa,no,no,mammals,347,45632,Common Shaggy Rat,Dasymys incomtus,1,not_ranked,,,inaturalist-regional-frequency-v1,compare then edit workbook
east_africa,no,no,mammals,348,44966,Congo forest mouse,Deomys ferrugineus,1,not_ranked,,,inaturalist-regional-frequency-v1,compare then edit workbook
east_africa,no,no,mammals,349,41909,Pousargues' Mongoose,Dologale dybowskii,1,not_ranked,,,inaturalist-regional-frequency-v1,compare then edit workbook
east_africa,no,no,mammals,350,64485,Peters's Epauletted Fruit Bat,Epomophorus crypturus,1,not_ranked,,,inaturalist-regional-frequency-v1,compare then edit workbook
east_africa,no,no,mammals,351,560451,Eritrean Gazelle,Eudorcas tilonura,1,not_ranked,,,inaturalist-regional-frequency-v1,compare then edit workbook
east_africa,no,no,mammals,352,43561,Southern Lesser Galago,Galago moholi,1,not_ranked,,,inaturalist-regional-frequency-v1,compare then edit workbook
east_africa,no,no,mammals,353,41593,Miombo Genet,Genetta angolensis,1,not_ranked,,,inaturalist-regional-frequency-v1,compare then edit workbook
east_africa,no,no,mammals,354,74366,Kemp's Gerbil,Gerbilliscus kempii,1,not_ranked,,,inaturalist-regional-frequency-v1,compare then edit workbook
east_africa,no,no,mammals,355,74367,Bushveld Gerbil,Gerbilliscus leucogaster,1,not_ranked,,,inaturalist-regional-frequency-v1,compare then edit workbook
east_africa,no,no,mammals,356,74371,Savannah Gerbil,Gerbilliscus validus,1,not_ranked,,,inaturalist-regional-frequency-v1,compare then edit workbook
east_africa,no,no,mammals,357,74376,Bibundi Butterfly Bat,Glauconycteris egeria,1,not_ranked,,,inaturalist-regional-frequency-v1,compare then edit workbook
east_africa,no,no,mammals,358,74377,Glen's Wattled Bat,Glauconycteris gleni,1,not_ranked,,,inaturalist-regional-frequency-v1,compare then edit workbook
east_africa,no,no,mammals,359,74378,Allen's Spotted Bat,Glauconycteris humeralis,1,not_ranked,,,inaturalist-regional-frequency-v1,compare then edit workbook
east_africa,no,no,mammals,360,74382,Pied Bat,Glauconycteris superba,1,not_ranked,,,inaturalist-regional-frequency-v1,compare then edit workbook
east_africa,no,no,mammals,361,1595490,Grammomys surdaster,Grammomys surdaster,1,not_ranked,,,inaturalist-regional-frequency-v1,compare then edit workbook
east_africa,no,no,mammals,362,40761,Sundevall's roundleaf bat,Hipposideros caffer,1,not_ranked,,,inaturalist-regional-frequency-v1,compare then edit workbook
east_africa,no,no,mammals,363,607196,Arc Mountain Wood Mouse,Hylomyscus arcimontensis,1,not_ranked,,,inaturalist-regional-frequency-v1,compare then edit workbook
east_africa,no,no,mammals,364,45279,Montane Wood Mouse,Hylomyscus denniae,1,not_ranked,,,inaturalist-regional-frequency-v1,compare then edit workbook
east_africa,no,no,mammals,365,959501,Mount Kenya Wood Mouse,Hylomyscus endorobae,1,not_ranked,,,inaturalist-regional-frequency-v1,compare then edit workbook
east_africa,no,no,mammals,366,42326,Puku,Kobus vardonii,1,not_ranked,,,inaturalist-regional-frequency-v1,compare then edit workbook
east_africa,no,no,mammals,367,41465,Dwarf Sperm Whale,Kogia sima,1,not_ranked,,,inaturalist-regional-frequency-v1,compare then edit workbook
east_africa,no,no,mammals,368,40529,De Winton's long-eared bat,Laephotis wintoni,1,not_ranked,,,inaturalist-regional-frequency-v1,compare then edit workbook
east_africa,no,no,mammals,369,1431602,Dark-colored Brush-furred Rat,Lophuromys aquilus,1,not_ranked,,,inaturalist-regional-frequency-v1,compare then edit workbook
east_africa,no,no,mammals,370,1370876,Kilonzo's Brush-furred Rat,Lophuromys kilonzoi,1,not_ranked,,,inaturalist-regional-frequency-v1,compare then edit workbook
east_africa,no,no,mammals,371,45231,Rahm's Brush-furred Rat,Lophuromys rahmi,1,not_ranked,,,inaturalist-regional-frequency-v1,compare then edit workbook
east_africa,no,no,mammals,372,1431596,Verhagen's Brush-furred Rat,Lophuromys verhageni,1,not_ranked,,,inaturalist-regional-frequency-v1,compare then edit workbook
east_africa,no,no,mammals,373,45224,Woosnam's Brush-furred Rat,Lophuromys woosnami,1,not_ranked,,,inaturalist-regional-frequency-v1,compare then edit workbook
east_africa,no,no,mammals,374,42361,Silver Dik-dik,Madoqua piacentinii,1,not_ranked,,,inaturalist-regional-frequency-v1,compare then edit workbook
east_africa,no,no,mammals,375,45525,Big-eared Swamp Rat,Malacomys longipes,1,not_ranked,,,inaturalist-regional-frequency-v1,compare then edit workbook
east_africa,no,no,mammals,376,183168,Woermann's fruit bat,Megaloglossus woermanni,1,not_ranked,,,inaturalist-regional-frequency-v1,compare then edit workbook
east_africa,no,no,mammals,377,1398532,Delectable Soft-furred Mouse,Montemys delectorum,1,not_ranked,,,inaturalist-regional-frequency-v1,compare then edit workbook
east_africa,no,no,mammals,378,765538,Bakari's Free-tailed Bat,Mops bakarii,1,not_ranked,,,inaturalist-regional-frequency-v1,compare then edit workbook
east_africa,no,no,mammals,379,1431339,Spotted Free-tailed Bat,Mops bivittatus,1,not_ranked,,,inaturalist-regional-frequency-v1,compare then edit workbook
east_africa,no,no,mammals,380,859271,Ethiopian Striped Mouse,Mus imberbis,1,not_ranked,,,inaturalist-regional-frequency-v1,compare then edit workbook
east_africa,no,no,mammals,381,44711,West African Pygmy Mouse,Mus musculoides,1,not_ranked,,,inaturalist-regional-frequency-v1,compare then edit workbook
east_africa,no,no,mammals,382,44685,Grey-bellied Pygmy Mouse,Mus triton,1,not_ranked,,,inaturalist-regional-frequency-v1,compare then edit workbook
east_africa,no,no,mammals,383,40966,East African Collared Fruit Bat,Myonycteris relicta,1,not_ranked,,,inaturalist-regional-frequency-v1,compare then edit workbook
east_africa,no,no,mammals,384,183167,Little Collared Fruit Bat,Myonycteris torquata,1,not_ranked,,,inaturalist-regional-frequency-v1,compare then edit workbook
east_africa,no,no,mammals,385,41317,Daubenton's free-tailed bat,Myopterus daubentonii,1,not_ranked,,,inaturalist-regional-frequency-v1,compare then edit workbook
east_africa,no,no,mammals,386,46796,Babault's Mouse Shrew,Myosorex babaulti,1,not_ranked,,,inaturalist-regional-frequency-v1,compare then edit workbook
east_africa,no,no,mammals,387,40275,Morris' mouse-eared bat,Myotis morrisi,1,not_ranked,,,inaturalist-regional-frequency-v1,compare then edit workbook
east_africa,no,no,mammals,388,1370984,Broad-headed pipistrelle,Nycticeinops crassulus,1,not_ranked,,,inaturalist-regional-frequency-v1,compare then edit workbook
east_africa,no,no,mammals,389,57550,Schlieffen's bat,Nycticeinops schlieffenii,1,not_ranked,,,inaturalist-regional-frequency-v1,compare then edit workbook
east_africa,no,no,mammals,390,1453936,Rwenzori Vlei Rat,Otomys dartmouthi,1,not_ranked,,,inaturalist-regional-frequency-v1,compare then edit workbook
east_africa,no,no,mammals,391,45437,Southern Vlei Rat,Otomys irroratus,1,not_ranked,,,inaturalist-regional-frequency-v1,compare then edit workbook
east_africa,no,no,mammals,392,74823,Tanzanian Vlei Rat,Otomys lacustris,1,not_ranked,,,inaturalist-regional-frequency-v1,compare then edit workbook
east_africa,no,no,mammals,393,74924,Ethiopian Big-eared Bat,Plecotus balensis,1,not_ranked,,,inaturalist-regional-frequency-v1,compare then edit workbook
east_africa,no,no,mammals,394,1431140,Nyika climbing mouse,Poemys nyikae,1,not_ranked,,,inaturalist-regional-frequency-v1,compare then edit workbook
east_africa,no,no,mammals,395,45142,Jackson's Praomys,Praomys jacksoni,1,not_ranked,,,inaturalist-regional-frequency-v1,compare then edit workbook
east_africa,no,no,mammals,396,1431013,Nyanza Serotine,Pseudoromicia nyanza,1,not_ranked,,,inaturalist-regional-frequency-v1,compare then edit workbook
east_africa,no,no,mammals,397,1596161,Heuglin's Horseshoe Bat,Rhinolophus acrotis,1,not_ranked,,,inaturalist-regional-frequency-v1,compare then edit workbook
east_africa,no,no,mammals,398,338548,Darling's horseshoe bat,Rhinolophus darlingi,1,not_ranked,,,inaturalist-regional-frequency-v1,compare then edit workbook
east_africa,no,no,mammals,399,75017,Maendeleo horseshoe bat,Rhinolophus maendeleo,1,not_ranked,,,inaturalist-regional-frequency-v1,compare then edit workbook
east_africa,no,no,mammals,400,46533,Ruwenzori Shrew,Ruwenzorisorex suncoides,1,not_ranked,,,inaturalist-regional-frequency-v1,compare then edit workbook
east_africa,no,no,mammals,401,41344,Pel's pouched bat,Saccolaimus peli,1,not_ranked,,,inaturalist-regional-frequency-v1,compare then edit workbook
east_africa,no,no,mammals,402,44510,East African Pouched Mouse,Saccostomus mearnsi,1,not_ranked,,,inaturalist-regional-frequency-v1,compare then edit workbook
east_africa,no,no,mammals,403,429910,Andrew Rebori's House Bat,Scotophilus andrewreborii,1,not_ranked,,,inaturalist-regional-frequency-v1,compare then edit workbook
east_africa,no,no,mammals,404,75105,Ethiopian White-footed Mouse,Stenocephalemys albipes,1,not_ranked,,,inaturalist-regional-frequency-v1,compare then edit workbook
east_africa,no,no,mammals,405,46521,Lesser Dwarf Shrew,Suncus varilla,1,not_ranked,,,inaturalist-regional-frequency-v1,compare then edit workbook
east_africa,no,no,mammals,406,46545,Howell's Forest Shrew,Sylvisorex howelli,1,not_ranked,,,inaturalist-regional-frequency-v1,compare then edit workbook
east_africa,no,no,mammals,407,41300,Egyptian Free-tailed Bat,Tadarida aegyptiaca,1,not_ranked,,,inaturalist-regional-frequency-v1,compare then edit workbook
east_africa,no,no,mammals,408,41299,African Giant Free-tailed Bat,Tadarida ventralis,1,not_ranked,,,inaturalist-regional-frequency-v1,compare then edit workbook
east_africa,no,no,mammals,409,45531,Charming Thicket Rat,Thamnomys venustus,1,not_ranked,,,inaturalist-regional-frequency-v1,compare then edit workbook
east_africa,no,no,mammals,410,1431041,Rüppell's pipistrelle,Vansonia rueppellii,1,not_ranked,,,inaturalist-regional-frequency-v1,compare then edit workbook
east_africa,no,no,reptiles,111,32999,Moyer's Pygmy Chameleon,Rhampholeon moyeri,32,not_ranked,,,inaturalist-regional-frequency-v1,compare then edit workbook
east_africa,no,no,reptiles,112,540249,Pemba Speckle-lipped Skink,Trachylepis albotaeniata,32,not_ranked,,,inaturalist-regional-frequency-v1,compare then edit workbook
east_africa,no,no,reptiles,113,31153,Tropical Spiny Agama,Agama armata,31,not_ranked,,,inaturalist-regional-frequency-v1,compare then edit workbook
east_africa,no,no,reptiles,114,31134,Montane rock agama,Agama montana,31,not_ranked,,,inaturalist-regional-frequency-v1,compare then edit workbook
east_africa,no,no,reptiles,115,29005,East African Shovel-Snout,Prosymna stuhlmanni,31,not_ranked,,,inaturalist-regional-frequency-v1,compare then edit workbook
east_africa,no,no,reptiles,116,35970,Eastern Blue-tailed Gliding Lizard,Holaspis laevis,30,not_ranked,,,inaturalist-regional-frequency-v1,compare then edit workbook
east_africa,no,no,reptiles,117,29359,Olive Marsh Snake,Natriciteres olivacea,30,not_ranked,,,inaturalist-regional-frequency-v1,compare then edit workbook
east_africa,no,no,reptiles,118,28769,Red-spotted Beaked Snake,Rhamphiophis rubropunctatus,30,not_ranked,,,inaturalist-regional-frequency-v1,compare then edit workbook
east_africa,no,no,reptiles,119,37425,Grass-top skink,Trachylepis megalura,30,not_ranked,,,inaturalist-regional-frequency-v1,compare then edit workbook
east_africa,no,no,reptiles,120,31116,Benoue Agama,Agama doriae,29,not_ranked,,,inaturalist-regional-frequency-v1,compare then edit workbook
east_africa,no,no,reptiles,121,102594,Kenyan Bark Snake,Hemirhagerrhis hildebrandtii,29,not_ranked,,,inaturalist-regional-frequency-v1,compare then edit workbook
east_africa,no,no,reptiles,122,32943,Strange-horned Chameleon,Kinyongia xenorhina,29,not_ranked,,,inaturalist-regional-frequency-v1,compare then edit workbook
east_africa,no,no,reptiles,123,34741,Yellow-throated Plated Lizard,Gerrhosaurus flavigularis,28,not_ranked,,,inaturalist-regional-frequency-v1,compare then edit workbook
east_africa,no,no,reptiles,124,30479,Egyptian Cobra,Naja haje,28,not_ranked,,,inaturalist-regional-frequency-v1,compare then edit workbook
east_africa,no,no,reptiles,125,33874,Ragazzi’s Fan-footed gecko,Ptyodactylus ragazzii,28,not_ranked,,,inaturalist-regional-frequency-v1,compare then edit workbook
east_africa,no,no,reptiles,126,30883,Usambara Eyelash Viper,Atheris ceratophora,27,not_ranked,,,inaturalist-regional-frequency-v1,compare then edit workbook
east_africa,no,no,reptiles,127,94805,African Hairy Bush Viper,Atheris hispida,27,not_ranked,,,inaturalist-regional-frequency-v1,compare then edit workbook
east_africa,no,no,reptiles,128,33615,Ringed Wall Gecko,Tarentola annularis,27,not_ranked,,,inaturalist-regional-frequency-v1,compare then edit workbook
east_africa,no,no,reptiles,129,32877,Rüppell's Desert Chameleon,Trioceros affinis,27,not_ranked,,,inaturalist-regional-frequency-v1,compare then edit workbook
east_africa,no,no,reptiles,130,31437,Blue-bellied Ridgeback agama,Acanthocercus cyanogaster,26,not_ranked,,,inaturalist-regional-frequency-v1,compare then edit workbook
east_africa,no,no,reptiles,131,31436,Philipps’ Ridgeback Agama,Acanthocercus phillipsii,26,not_ranked,,,inaturalist-regional-frequency-v1,compare then edit workbook
east_africa,no,no,reptiles,132,34111,Warty Thick-toed Gecko,Elasmodactylus tuberculosus,26,not_ranked,,,inaturalist-regional-frequency-v1,compare then edit workbook
east_africa,no,no,reptiles,133,32998,Rosette-nosed Pygmy Chameleon,Rhampholeon spinosus,26,not_ranked,,,inaturalist-regional-frequency-v1,compare then edit workbook
east_africa,no,no,reptiles,134,26735,Montane Egg-eater,Dasypeltis atra,25,not_ranked,,,inaturalist-regional-frequency-v1,compare then edit workbook
east_africa,no,no,reptiles,135,103684,Vosseler's Blade-horned Chameleon,Kinyongia vosseleri,25,not_ranked,,,inaturalist-regional-frequency-v1,compare then edit workbook
east_africa,no,no,reptiles,136,558840,Eritrean Ridgeback Agama,Acanthocercus annectans,24,not_ranked,,,inaturalist-regional-frequency-v1,compare then edit workbook
east_africa,no,no,reptiles,137,1630796,Zambezi Blind Snake,Afrotyphlops dinga,24,not_ranked,,,inaturalist-regional-frequency-v1,compare then edit workbook
east_africa,no,no,reptiles,138,26865,Werner's Water Snake,Crotaphopeltis tornieri,24,not_ranked,,,inaturalist-regional-frequency-v1,compare then edit workbook
east_africa,no,no,reptiles,139,116505,Peters' Burrowing Asp,Atractaspis fallax,23,not_ranked,,,inaturalist-regional-frequency-v1,compare then edit workbook
east_africa,no,no,reptiles,140,35509,Sinai Racerunner,Pseuderemias mucronata,23,not_ranked,,,inaturalist-regional-frequency-v1,compare then edit workbook
east_africa,no,no,reptiles,141,28780,Large-eyed Green Treesnake,Rhamnophis aethiopissa,23,not_ranked,,,inaturalist-regional-frequency-v1,compare then edit workbook
east_africa,no,no,reptiles,142,28447,Common Tiger Snake,Telescopus semiannulatus,23,not_ranked,,,inaturalist-regional-frequency-v1,compare then edit workbook
east_africa,no,no,reptiles,143,37428,Alpine Meadow Mabuya,Trachylepis irregularis,23,not_ranked,,,inaturalist-regional-frequency-v1,compare then edit workbook
east_africa,no,no,reptiles,144,30878,Mt Rungwe bush viper,Atheris rungweensis,21,not_ranked,,,inaturalist-regional-frequency-v1,compare then edit workbook
east_africa,no,no,reptiles,145,34320,Chevron-throated dwarf gecko,Lygodactylus gutturalis,21,not_ranked,,,inaturalist-regional-frequency-v1,compare then edit workbook
east_africa,no,no,reptiles,146,29079,Usambara Green Snake,Philothamnus macrops,21,not_ranked,,,inaturalist-regional-frequency-v1,compare then edit workbook
east_africa,no,no,reptiles,147,146516,Aberdare Mountains Dwarf Chameleon,Trioceros kinangopensis,21,not_ranked,,,inaturalist-regional-frequency-v1,compare then edit workbook
east_africa,no,no,reptiles,148,33056,Tropical Girdled Lizard,Cordylus tropidosternum,20,not_ranked,,,inaturalist-regional-frequency-v1,compare then edit workbook
east_africa,no,no,reptiles,149,32965,Rednose Dwarf Chameleon,Kinyongia oxyrhina,20,not_ranked,,,inaturalist-regional-frequency-v1,compare then edit workbook
east_africa,no,no,reptiles,150,31037,Kenya Montane Viper,Montatheris hindii,20,not_ranked,,,inaturalist-regional-frequency-v1,compare then edit workbook
east_africa,no,no,reptiles,151,28961,Tanganyika Sand Snake,Psammophis tanganicus,20,not_ranked,,,inaturalist-regional-frequency-v1,compare then edit workbook
east_africa,no,no,reptiles,152,26726,East African Egg Eater,Dasypeltis medici,19,not_ranked,,,inaturalist-regional-frequency-v1,compare then edit workbook
east_africa,no,no,reptiles,153,34535,African Whole-toed Gecko,Holodactylus africanus,19,not_ranked,,,inaturalist-regional-frequency-v1,compare then edit workbook
east_africa,no,no,reptiles,154,539844,Brahminy Blindsnake,Indotyphlops braminus,19,not_ranked,,,inaturalist-regional-frequency-v1,compare then edit workbook
east_africa,no,no,reptiles,155,35399,Multi-scaled Forest Lizard,Adolfus africanus,18,not_ranked,,,inaturalist-regional-frequency-v1,compare then edit workbook
east_africa,no,no,reptiles,156,26360,Reticulated Centipede-Eater,Aparallactus lunulatus,18,not_ranked,,,inaturalist-regional-frequency-v1,compare then edit workbook
east_africa,no,no,reptiles,157,35795,Uganda Savannah Lizard,Nucras boulengeri,18,not_ranked,,,inaturalist-regional-frequency-v1,compare then edit workbook
east_africa,no,no,reptiles,158,32835,Meller's Chameleon,Trioceros melleri,18,not_ranked,,,inaturalist-regional-frequency-v1,compare then edit workbook
east_africa,no,no,reptiles,159,26373,Black Centipede-Eater,Aparallactus guentheri,17,not_ranked,,,inaturalist-regional-frequency-v1,compare then edit workbook
east_africa,no,no,reptiles,160,30822,Snouted Night Adder,Causus defilippii,17,not_ranked,,,inaturalist-regional-frequency-v1,compare then edit workbook
east_africa,no,no,reptiles,161,97247,Smooth Chameleon,Chamaeleo laevigatus,17,not_ranked,,,inaturalist-regional-frequency-v1,compare then edit workbook
east_africa,no,no,reptiles,162,539766,Emerald Snake,Hapsidophrys smaragdina,17,not_ranked,,,inaturalist-regional-frequency-v1,compare then edit workbook
east_africa,no,no,reptiles,163,34505,Northern House Gecko,Hemidactylus flaviviridis,17,not_ranked,,,inaturalist-regional-frequency-v1,compare then edit workbook
east_africa,no,no,reptiles,164,539943,Mikindani Dwarf Gecko,Lygodactylus grotei,17,not_ranked,,,inaturalist-regional-frequency-v1,compare then edit workbook
east_africa,no,no,reptiles,165,1545824,Lygodactylus kibera,Lygodactylus kibera,17,not_ranked,,,inaturalist-regional-frequency-v1,compare then edit workbook
east_africa,no,no,reptiles,166,34271,Mann's Dwarf Gecko,Lygodactylus manni,17,not_ranked,,,inaturalist-regional-frequency-v1,compare then edit workbook
east_africa,no,no,reptiles,167,33918,Middle Eastern Rock Gecko,Pristurus flavipunctatus,17,not_ranked,,,inaturalist-regional-frequency-v1,compare then edit workbook
east_africa,no,no,reptiles,168,1250149,Fierce Night Stalker,Toxicodryas vexator,17,not_ranked,,,inaturalist-regional-frequency-v1,compare then edit workbook
east_africa,no,no,reptiles,169,32849,Ngosi Volcano Chameleon,Trioceros fuelleborni,17,not_ranked,,,inaturalist-regional-frequency-v1,compare then edit workbook
east_africa,no,no,reptiles,170,31133,Mozambique Agama,Agama mossambica,16,not_ranked,,,inaturalist-regional-frequency-v1,compare then edit workbook
east_africa,no,no,reptiles,171,539396,Cape House Snake,Boaedon capensis,16,not_ranked,,,inaturalist-regional-frequency-v1,compare then edit workbook
east_africa,no,no,reptiles,172,30408,Jameson's Mamba,Dendroaspis jamesoni,16,not_ranked,,,inaturalist-regional-frequency-v1,compare then edit workbook
east_africa,no,no,reptiles,173,30326,Common Slug-eater,Duberria lutrix,16,not_ranked,,,inaturalist-regional-frequency-v1,compare then edit workbook
east_africa,no,no,reptiles,174,34481,Boulenger’s gecko,Hemidactylus macropholis,15,not_ranked,,,inaturalist-regional-frequency-v1,compare then edit workbook
east_africa,no,no,reptiles,175,29093,Western Green Snake,Philothamnus angolensis,15,not_ranked,,,inaturalist-regional-frequency-v1,compare then edit workbook
east_africa,no,no,reptiles,176,29011,Ruspoli's Shovelsnout Snake,Prosymna ruspolii,15,not_ranked,,,inaturalist-regional-frequency-v1,compare then edit workbook
east_africa,no,no,reptiles,177,111636,Green pygmy chameleon,Rhampholeon viridis,15,not_ranked,,,inaturalist-regional-frequency-v1,compare then edit workbook
east_africa,no,no,reptiles,178,1250147,Dinsho Mountain Chameleon,Trioceros wolfgangboehmei,15,not_ranked,,,inaturalist-regional-frequency-v1,compare then edit workbook
east_africa,no,no,reptiles,179,29932,Mopane Snake,Hemirhagerrhis nototaenia,14,not_ranked,,,inaturalist-regional-frequency-v1,compare then edit workbook
east_africa,no,no,reptiles,180,32975,Nguru Two-horned Chameleon,Kinyongia fischeri,14,not_ranked,,,inaturalist-regional-frequency-v1,compare then edit workbook
east_africa,no,no,reptiles,181,797592,Kivu blue-headed tree agama,Acanthocercus kiwuensis,13,not_ranked,,,inaturalist-regional-frequency-v1,compare then edit workbook
east_africa,no,no,reptiles,182,797593,Shewa Ridgeback Agama,Acanthocercus minutus,13,not_ranked,,,inaturalist-regional-frequency-v1,compare then edit workbook
east_africa,no,no,reptiles,183,116506,Variable Burrowing Asp,Atractaspis irregularis,13,not_ranked,,,inaturalist-regional-frequency-v1,compare then edit workbook
east_africa,no,no,reptiles,184,30819,Green Night Adder,Causus resimus,13,not_ranked,,,inaturalist-regional-frequency-v1,compare then edit workbook
east_africa,no,no,reptiles,185,30661,Black Garter Snake,Elapsoidea nigra,13,not_ranked,,,inaturalist-regional-frequency-v1,compare then edit workbook
east_africa,no,no,reptiles,186,606499,Kigezi Highlands Chameleon,Kinyongia tolleyae,13,not_ranked,,,inaturalist-regional-frequency-v1,compare then edit workbook
east_africa,no,no,reptiles,187,34032,Parker's Day Gecko,Phelsuma parkeri,13,not_ranked,,,inaturalist-regional-frequency-v1,compare then edit workbook
east_africa,no,no,reptiles,188,29085,Slender Green Snake,Philothamnus heterolepidotus,13,not_ranked,,,inaturalist-regional-frequency-v1,compare then edit workbook
east_africa,no,no,reptiles,189,35398,Alpine Meadow Lizard,Adolfus alleni,12,not_ranked,,,inaturalist-regional-frequency-v1,compare then edit workbook
east_africa,no,no,reptiles,190,31128,Somali Painted Agama,Agama persimilis,12,not_ranked,,,inaturalist-regional-frequency-v1,compare then edit workbook
east_africa,no,no,reptiles,191,30823,Forest Night Adder,Causus lichtensteinii,12,not_ranked,,,inaturalist-regional-frequency-v1,compare then edit workbook
east_africa,no,no,reptiles,192,797605,Fischer's Thick-toed Gecko,Chondrodactylus laevigatus,12,not_ranked,,,inaturalist-regional-frequency-v1,compare then edit workbook
east_africa,no,no,reptiles,193,34274,Tanga Dwarf Gecko,Lygodactylus kimhowelli,12,not_ranked,,,inaturalist-regional-frequency-v1,compare then edit workbook
east_africa,no,no,reptiles,194,539944,Side-spotted Dwarf Gecko,Lygodactylus laterimaculatus,12,not_ranked,,,inaturalist-regional-frequency-v1,compare then edit workbook
east_africa,no,no,reptiles,195,33922,Cross-marked Semaphore Gecko,Pristurus crucifer,12,not_ranked,,,inaturalist-regional-frequency-v1,compare then edit workbook
east_africa,no,no,reptiles,196,32982,Uluguru pygmy chameleon,Rhampholeon uluguruensis,12,not_ranked,,,inaturalist-regional-frequency-v1,compare then edit workbook
east_africa,no,no,reptiles,197,114425,Mount Hanang Chameleon,Trioceros hanangensis,12,not_ranked,,,inaturalist-regional-frequency-v1,compare then edit workbook
east_africa,no,no,reptiles,198,30820,Rhombic Night Adder,Causus rhombeatus,11,not_ranked,,,inaturalist-regional-frequency-v1,compare then edit workbook
east_africa,no,no,reptiles,199,34514,Brook's House Gecko,Hemidactylus brookii,11,not_ranked,,,inaturalist-regional-frequency-v1,compare then edit workbook
east_africa,no,no,reptiles,200,29518,Ornate Wolf Snake,Lycophidion ornatum,11,not_ranked,,,inaturalist-regional-frequency-v1,compare then edit workbook
east_africa,no,no,reptiles,201,34236,Somali Dwarf Gecko,Lygodactylus somalicus,11,not_ranked,,,inaturalist-regional-frequency-v1,compare then edit workbook
east_africa,no,no,reptiles,202,34246,Williams' Dwarf Gecko,Lygodactylus williamsi,11,not_ranked,,,inaturalist-regional-frequency-v1,compare then edit workbook
east_africa,no,no,reptiles,203,566490,Mount Kenya Dwarf Gecko,Lygodactylus wojnowskii,11,not_ranked,,,inaturalist-regional-frequency-v1,compare then edit workbook
east_africa,no,no,reptiles,204,116537,Black-headed Micrelaps,Micrelaps vaillanti,11,not_ranked,,,inaturalist-regional-frequency-v1,compare then edit workbook
east_africa,no,no,reptiles,205,26376,Cape Centipede-Eater,Aparallactus capensis,10,not_ranked,,,inaturalist-regional-frequency-v1,compare then edit workbook
east_africa,no,no,reptiles,206,26873,Degen’s Herald Snake,Crotaphopeltis degeni,10,not_ranked,,,inaturalist-regional-frequency-v1,compare then edit workbook
east_africa,no,no,reptiles,207,34524,Abyssinian Half-toed Gecko,Hemidactylus barodanus,10,not_ranked,,,inaturalist-regional-frequency-v1,compare then edit workbook
east_africa,no,no,reptiles,208,27156,Short Racer,Platyceps brevis,10,not_ranked,,,inaturalist-regional-frequency-v1,compare then edit workbook
east_africa,no,no,reptiles,209,28938,Striped Ethiopian Snake,Pseudoboodon lemniscatus,10,not_ranked,,,inaturalist-regional-frequency-v1,compare then edit workbook
east_africa,no,no,reptiles,210,39553,African Softshell Turtle,Trionyx triunguis,10,not_ranked,,,inaturalist-regional-frequency-v1,compare then edit workbook
east_africa,no,no,reptiles,211,31122,Rüppell’s Agama,Agama rueppelli,9,not_ranked,,,inaturalist-regional-frequency-v1,compare then edit workbook
east_africa,no,no,reptiles,212,26370,Jackson’s centipede-eater,Aparallactus jacksonii,9,not_ranked,,,inaturalist-regional-frequency-v1,compare then edit workbook
east_africa,no,no,reptiles,213,116496,Southern Stiletto Snake,Atractaspis bibronii,9,not_ranked,,,inaturalist-regional-frequency-v1,compare then edit workbook
east_africa,no,no,reptiles,214,39541,Zambezi Flapshell Turtle,Cycloderma frenatum,9,not_ranked,,,inaturalist-regional-frequency-v1,compare then edit workbook
east_africa,no,no,reptiles,215,26529,Northern Marbled Nocturnal Tree Snake,Dipsadoboa flavida,9,not_ranked,,,inaturalist-regional-frequency-v1,compare then edit workbook
east_africa,no,no,reptiles,216,34513,Speedy Leaf-toed Gecko,Hemidactylus citernii,9,not_ranked,,,inaturalist-regional-frequency-v1,compare then edit workbook
east_africa,no,no,reptiles,217,34493,Scaly Leaf-toed Gecko,Hemidactylus isolepis,9,not_ranked,,,inaturalist-regional-frequency-v1,compare then edit workbook
east_africa,no,no,reptiles,218,32974,Mount Kenya Hornless Chameleon,Kinyongia excubitor,9,not_ranked,,,inaturalist-regional-frequency-v1,compare then edit workbook
east_africa,no,no,reptiles,219,104891,Flat-snouted Wolf Snake,Lycophidion depressirostre,9,not_ranked,,,inaturalist-regional-frequency-v1,compare then edit workbook
east_africa,no,no,reptiles,220,29374,Semiornate Snake,Meizodon semiornatus,9,not_ranked,,,inaturalist-regional-frequency-v1,compare then edit workbook
east_africa,no,no,reptiles,221,1148912,Mochlus hinkeli,Mochlus hinkeli,9,not_ranked,,,inaturalist-regional-frequency-v1,compare then edit workbook
east_africa,no,no,reptiles,222,32870,Bale Two-horned Chameleon,Trioceros balebicornutus,9,not_ranked,,,inaturalist-regional-frequency-v1,compare then edit workbook
east_africa,no,no,reptiles,223,39420,Rock Monitor,Varanus albigularis,9,not_ranked,,,inaturalist-regional-frequency-v1,compare then edit workbook
east_africa,no,no,reptiles,224,566124,Ngong Agama,Agama hulbertorum,8,not_ranked,,,inaturalist-regional-frequency-v1,compare then edit workbook
east_africa,no,no,reptiles,225,1403166,Udzungwa Round-eyed Gecko,Ancylodactylus uzungwae,8,not_ranked,,,inaturalist-regional-frequency-v1,compare then edit workbook
east_africa,no,no,reptiles,226,30856,Ethiopia Viper,Bitis parviocula,8,not_ranked,,,inaturalist-regional-frequency-v1,compare then edit workbook
east_africa,no,no,reptiles,227,1474166,Boaedon montanus,Boaedon montanus,8,not_ranked,,,inaturalist-regional-frequency-v1,compare then edit workbook
east_africa,no,no,reptiles,228,146039,Sparse-scaled Forest Lizard,Congolacerta vauereselli,8,not_ranked,,,inaturalist-regional-frequency-v1,compare then edit workbook
east_africa,no,no,reptiles,229,99383,Günther's Green Tree Snake,Dipsadoboa unicolor,8,not_ranked,,,inaturalist-regional-frequency-v1,compare then edit workbook
east_africa,no,no,reptiles,230,1225664,Kenyan Coastal Half-toed Gecko,Hemidactylus barbouri,8,not_ranked,,,inaturalist-regional-frequency-v1,compare then edit workbook
east_africa,no,no,reptiles,231,38258,Rwanda Five-toed Skink,Leptosiaphos graueri,8,not_ranked,,,inaturalist-regional-frequency-v1,compare then edit workbook
east_africa,no,no,reptiles,232,32487,Goggle-eyed worm snake,Leptotyphlops macrops,8,not_ranked,,,inaturalist-regional-frequency-v1,compare then edit workbook
east_africa,no,no,reptiles,233,1031644,Panaspis massaiensis,Panaspis massaiensis,8,not_ranked,,,inaturalist-regional-frequency-v1,compare then edit workbook
east_africa,no,no,reptiles,234,29083,Hughes' Green Snake,Philothamnus hughesi,8,not_ranked,,,inaturalist-regional-frequency-v1,compare then edit workbook
east_africa,no,no,reptiles,235,28967,Rukwa Sand Racer,Psammophis rukwae,8,not_ranked,,,inaturalist-regional-frequency-v1,compare then edit workbook
east_africa,no,no,reptiles,236,28952,Grey-bellied Skaapsteker,Psammophylax variabilis,8,not_ranked,,,inaturalist-regional-frequency-v1,compare then edit workbook
east_africa,no,no,reptiles,237,540179,Kenya Beaked Snake,Rhinotyphlops unitaeniatus,8,not_ranked,,,inaturalist-regional-frequency-v1,compare then edit workbook
east_africa,no,no,reptiles,238,114036,Bird Snake,Thelotornis kirtlandii,8,not_ranked,,,inaturalist-regional-frequency-v1,compare then edit workbook
east_africa,no,no,reptiles,239,32838,Poroto Mountain Chameleon,Trioceros incornutus,8,not_ranked,,,inaturalist-regional-frequency-v1,compare then edit workbook
east_africa,no,no,reptiles,240,32833,Spiny-flanked Chameleon,Trioceros laterispinis,8,not_ranked,,,inaturalist-regional-frequency-v1,compare then edit workbook
east_africa,no,no,reptiles,241,63995,Common Purple-glossed Snake,Amblyodipsas polylepis,7,not_ranked,,,inaturalist-regional-frequency-v1,compare then edit workbook
east_africa,no,no,reptiles,242,1403180,Four-lined Forest Gecko,Ancylodactylus dickersonae,7,not_ranked,,,inaturalist-regional-frequency-v1,compare then edit workbook
east_africa,no,no,reptiles,243,29987,Smith's African Water Snake,Grayia smithii,7,not_ranked,,,inaturalist-regional-frequency-v1,compare then edit workbook
east_africa,no,no,reptiles,244,103681,Magombera chameleon,Kinyongia magomberae,7,not_ranked,,,inaturalist-regional-frequency-v1,compare then edit workbook
east_africa,no,no,reptiles,245,797700,Cape File Snake,Limaformosa capensis,7,not_ranked,,,inaturalist-regional-frequency-v1,compare then edit workbook
east_africa,no,no,reptiles,246,40120,Williams’ African Mud Turtle,Pelusios williamsi,7,not_ranked,,,inaturalist-regional-frequency-v1,compare then edit workbook
east_africa,no,no,reptiles,247,28993,Dwarf Sand Snake,Psammophis angolensis,7,not_ranked,,,inaturalist-regional-frequency-v1,compare then edit workbook
east_africa,no,no,reptiles,248,93502,Kakamega Agama,Agama kaimosae,6,not_ranked,,,inaturalist-regional-frequency-v1,compare then edit workbook
east_africa,no,no,reptiles,249,539230,Las Geel Agama,Agama somalica,6,not_ranked,,,inaturalist-regional-frequency-v1,compare then edit workbook
east_africa,no,no,reptiles,250,145997,East African Highland Grass Lizard,Chamaesaura tenuior,6,not_ranked,,,inaturalist-regional-frequency-v1,compare then edit workbook
east_africa,no,no,reptiles,251,26511,Werner's Green Tree Snake,Dipsadoboa werneri,6,not_ranked,,,inaturalist-regional-frequency-v1,compare then edit workbook
east_africa,no,no,reptiles,252,30328,Shire Slug-eater,Duberria shirana,6,not_ranked,,,inaturalist-regional-frequency-v1,compare then edit workbook
east_africa,no,no,reptiles,253,1633018,Eastern Black-lined Plated Lizard,Gerrhosaurus intermedius,6,not_ranked,,,inaturalist-regional-frequency-v1,compare then edit workbook
east_africa,no,no,reptiles,254,34460,Farm Leaf-toed Gecko,Hemidactylus ruspolii,6,not_ranked,,,inaturalist-regional-frequency-v1,compare then edit workbook
east_africa,no,no,reptiles,255,34397,Banded Velvet Gecko,Homopholis fasciata,6,not_ranked,,,inaturalist-regional-frequency-v1,compare then edit workbook
east_africa,no,no,reptiles,256,34257,Scheffler's Dwarf Gecko,Lygodactylus scheffleri,6,not_ranked,,,inaturalist-regional-frequency-v1,compare then edit workbook
east_africa,no,no,reptiles,257,40123,East African Black Mud Turtle,Pelusios subniger,6,not_ranked,,,inaturalist-regional-frequency-v1,compare then edit workbook
east_africa,no,no,reptiles,258,29012,Banded shovel-snout,Prosymna semifasciata,6,not_ranked,,,inaturalist-regional-frequency-v1,compare then edit workbook
east_africa,no,no,reptiles,259,540138,Kenyan Striped Skaapsteker,Psammophylax multisquamis,6,not_ranked,,,inaturalist-regional-frequency-v1,compare then edit workbook
east_africa,no,no,reptiles,260,35505,Smith's Racerunner,Pseuderemias smithii,6,not_ranked,,,inaturalist-regional-frequency-v1,compare then edit workbook
east_africa,no,no,reptiles,261,1474113,Rhampholeon princeeai,Rhampholeon princeeai,6,not_ranked,,,inaturalist-regional-frequency-v1,compare then edit workbook
east_africa,no,no,reptiles,262,28327,Black Tree Snake,Thrasops jacksonii,6,not_ranked,,,inaturalist-regional-frequency-v1,compare then edit workbook
east_africa,no,no,reptiles,263,32846,Ilolo Chameleon,Trioceros goetzei,6,not_ranked,,,inaturalist-regional-frequency-v1,compare then edit workbook
east_africa,no,no,reptiles,264,318773,Jijiga Shield-tailed Agama,Xenagama wilmsi,6,not_ranked,,,inaturalist-regional-frequency-v1,compare then edit workbook
east_africa,no,no,reptiles,265,539199,Adolfus masavaensis,Adolfus masavaensis,5,not_ranked,,,inaturalist-regional-frequency-v1,compare then edit workbook
east_africa,no,no,reptiles,266,68056,Rainbow Agama,Agama agama,5,not_ranked,,,inaturalist-regional-frequency-v1,compare then edit workbook
east_africa,no,no,reptiles,267,30881,Ashe's Bush Viper,Atheris desaixi,5,not_ranked,,,inaturalist-regional-frequency-v1,compare then edit workbook
east_africa,no,no,reptiles,268,30860,Kenya Horned Viper,Bitis worthingtoni,5,not_ranked,,,inaturalist-regional-frequency-v1,compare then edit workbook
east_africa,no,no,reptiles,269,27563,Usambara forest snake,Buhoma vauerocegae,5,not_ranked,,,inaturalist-regional-frequency-v1,compare then edit workbook
east_africa,no,no,reptiles,270,96895,Spotted Night Adder,Causus maculatus,5,not_ranked,,,inaturalist-regional-frequency-v1,compare then edit workbook
east_africa,no,no,reptiles,271,40089,African Spurred Tortoise,Centrochelys sulcata,5,not_ranked,,,inaturalist-regional-frequency-v1,compare then edit workbook
east_africa,no,no,reptiles,272,32872,Spurless Basilisk Chameleon,Chamaeleo calcaricarens,5,not_ranked,,,inaturalist-regional-frequency-v1,compare then edit workbook
east_africa,no,no,reptiles,273,797660,Pemba Island Clawless Gecko,Ebenavia safari,5,not_ranked,,,inaturalist-regional-frequency-v1,compare then edit workbook
east_africa,no,no,reptiles,274,38431,Western Serpentiform Skink,Eumecia anchietae,5,not_ranked,,,inaturalist-regional-frequency-v1,compare then edit workbook
east_africa,no,no,reptiles,275,30010,Black-lined Green Snake,Hapsidophrys lineata,5,not_ranked,,,inaturalist-regional-frequency-v1,compare then edit workbook
east_africa,no,no,reptiles,276,29543,Tanganyika Water Snake,Lycodonomorphus bicolor,5,not_ranked,,,inaturalist-regional-frequency-v1,compare then edit workbook
east_africa,no,no,reptiles,277,1304754,Lycophidion jacksoni,Lycophidion jacksoni,5,not_ranked,,,inaturalist-regional-frequency-v1,compare then edit workbook
east_africa,no,no,reptiles,278,29516,Red-snouted Wolf Snake,Lycophidion uzungwense,5,not_ranked,,,inaturalist-regional-frequency-v1,compare then edit workbook
east_africa,no,no,reptiles,279,34255,Scortecci's Dwarf Gecko,Lygodactylus scorteccii,5,not_ranked,,,inaturalist-regional-frequency-v1,compare then edit workbook
east_africa,no,no,reptiles,280,29356,Forest Marsh Snake,Natriciteres sylvatica,5,not_ranked,,,inaturalist-regional-frequency-v1,compare then edit workbook
east_africa,no,no,reptiles,281,560429,Tanzanian Helmeted Terrapin,Pelomedusa kobe,5,not_ranked,,,inaturalist-regional-frequency-v1,compare then edit workbook
east_africa,no,no,reptiles,282,32997,Boulenger’s pygmy chameleon,Rhampholeon boulengeri,5,not_ranked,,,inaturalist-regional-frequency-v1,compare then edit workbook
east_africa,no,no,reptiles,283,1250150,Diamondback Night Stalker,Toxicodryas adamantea,5,not_ranked,,,inaturalist-regional-frequency-v1,compare then edit workbook
east_africa,no,no,reptiles,284,39782,Pond Slider,Trachemys scripta,5,not_ranked,,,inaturalist-regional-frequency-v1,compare then edit workbook
east_africa,no,no,reptiles,285,114292,Fire-sided Skink,Trachylepis perrotetii,5,not_ranked,,,inaturalist-regional-frequency-v1,compare then edit workbook
east_africa,no,no,reptiles,286,32862,Sudanese Cone-horned Chameleon,Trioceros conirostratus,5,not_ranked,,,inaturalist-regional-frequency-v1,compare then edit workbook
east_africa,no,no,reptiles,287,32883,Mount Kulal Chameleon,Trioceros narraioca,5,not_ranked,,,inaturalist-regional-frequency-v1,compare then edit workbook
east_africa,no,no,reptiles,288,121141,Pokot Chameleon,Trioceros nyirit,5,not_ranked,,,inaturalist-regional-frequency-v1,compare then edit workbook
east_africa,no,no,reptiles,289,33529,Wolterstorff's Gecko,Urocotyledon wolterstorffi,5,not_ranked,,,inaturalist-regional-frequency-v1,compare then edit workbook
east_africa,no,no,reptiles,290,114809,Eyed Dabb Lizard,Uromastyx ocellata,5,not_ranked,,,inaturalist-regional-frequency-v1,compare then edit workbook
east_africa,no,no,reptiles,291,93489,Angola blind snake,Afrotyphlops angolensis,4,not_ranked,,,inaturalist-regional-frequency-v1,compare then edit workbook
east_africa,no,no,reptiles,292,539217,Somali Giant Blind-snake,Afrotyphlops brevis,4,not_ranked,,,inaturalist-regional-frequency-v1,compare then edit workbook
east_africa,no,no,reptiles,293,27566,Pale-headed forest snake,Buhoma depressiceps,4,not_ranked,,,inaturalist-regional-frequency-v1,compare then edit workbook
east_africa,no,no,reptiles,294,97246,African Chameleon,Chamaeleo africanus,4,not_ranked,,,inaturalist-regional-frequency-v1,compare then edit workbook
east_africa,no,no,reptiles,295,35986,Green keel-bellied lizard,Gastropholis prasina,4,not_ranked,,,inaturalist-regional-frequency-v1,compare then edit workbook
east_africa,no,no,reptiles,296,797682,Black File Snake,Gracililima nyassae,4,not_ranked,,,inaturalist-regional-frequency-v1,compare then edit workbook
east_africa,no,no,reptiles,297,1119944,Afar Half-toed Gecko,Hemidactylus afarensis,4,not_ranked,,,inaturalist-regional-frequency-v1,compare then edit workbook
east_africa,no,no,reptiles,298,518131,Awash Half-toed Gecko,Hemidactylus awashensis,4,not_ranked,,,inaturalist-regional-frequency-v1,compare then edit workbook
east_africa,no,no,reptiles,299,34474,Moderate Leaf-toed Gecko,Hemidactylus modestus,4,not_ranked,,,inaturalist-regional-frequency-v1,compare then edit workbook
east_africa,no,no,reptiles,300,102553,Heyden’s gecko,Hemidactylus robustus,4,not_ranked,,,inaturalist-regional-frequency-v1,compare then edit workbook
east_africa,no,no,reptiles,301,29933,Keller's Bark Snake,Hemirhagerrhis kelleri,4,not_ranked,,,inaturalist-regional-frequency-v1,compare then edit workbook
east_africa,no,no,reptiles,302,554937,Rugege Highlands Forest Chameleon,Kinyongia rugegensis,4,not_ranked,,,inaturalist-regional-frequency-v1,compare then edit workbook
east_africa,no,no,reptiles,303,35833,Johnston’s long-tailed lizard,Latastia johnstonii,4,not_ranked,,,inaturalist-regional-frequency-v1,compare then edit workbook
east_africa,no,no,reptiles,304,104377,Black-tip worm snake,Leptotyphlops nigroterminus,4,not_ranked,,,inaturalist-regional-frequency-v1,compare then edit workbook
east_africa,no,no,reptiles,305,797701,Unicolor File Snake,Limaformosa chanleri,4,not_ranked,,,inaturalist-regional-frequency-v1,compare then edit workbook
east_africa,no,no,reptiles,306,29533,Whyte's Water Snake,Lycodonomorphus whytii,4,not_ranked,,,inaturalist-regional-frequency-v1,compare then edit workbook
east_africa,no,no,reptiles,307,34293,Chobe Dwarf Gecko,Lygodactylus chobiensis,4,not_ranked,,,inaturalist-regional-frequency-v1,compare then edit workbook
east_africa,no,no,reptiles,308,106360,Hook-snouted worm snake,Myriopholis macrorhyncha,4,not_ranked,,,inaturalist-regional-frequency-v1,compare then edit workbook
east_africa,no,no,reptiles,309,29091,Thirteen-scaled Green Snake,Philothamnus carinatus,4,not_ranked,,,inaturalist-regional-frequency-v1,compare then edit workbook
east_africa,no,no,reptiles,310,27082,Flowered Whip Snake,Platyceps florulentus,4,not_ranked,,,inaturalist-regional-frequency-v1,compare then edit workbook
east_africa,no,no,reptiles,311,28958,Hissing Sand Snake,Psammophis sibilans,4,not_ranked,,,inaturalist-regional-frequency-v1,compare then edit workbook
east_africa,no,no,reptiles,312,35506,Peters' Sand Lizard,Pseuderemias striata,4,not_ranked,,,inaturalist-regional-frequency-v1,compare then edit workbook
east_africa,no,no,reptiles,313,28940,Böhme's Ethiopian Mountain Snake,Pseudoboodon boehmei,4,not_ranked,,,inaturalist-regional-frequency-v1,compare then edit workbook
east_africa,no,no,reptiles,314,28728,African Hook-nosed Snake,Scaphiophis albopunctatus,4,not_ranked,,,inaturalist-regional-frequency-v1,compare then edit workbook
east_africa,no,no,reptiles,315,33629,Elegant Short-fingered Gecko,Stenodactylus sthenodactylus,4,not_ranked,,,inaturalist-regional-frequency-v1,compare then edit workbook
east_africa,no,no,reptiles,316,114284,Braun's Mabuya,Trachylepis brauni,4,not_ranked,,,inaturalist-regional-frequency-v1,compare then edit workbook
east_africa,no,no,reptiles,317,39456,Savannah Monitor,Varanus exanthematicus,4,not_ranked,,,inaturalist-regional-frequency-v1,compare then edit workbook
east_africa,no,no,reptiles,318,93047,Peter’s Ridgeback Agama,Acanthocercus guentherpetersi,3,not_ranked,,,inaturalist-regional-frequency-v1,compare then edit workbook
east_africa,no,no,reptiles,319,32679,Blotched blind snake,Afrotyphlops congestus,3,not_ranked,,,inaturalist-regional-frequency-v1,compare then edit workbook
east_africa,no,no,reptiles,320,1403178,Elgon Round-eyed Gecko,Ancylodactylus elgonensis,3,not_ranked,,,inaturalist-regional-frequency-v1,compare then edit workbook
east_africa,no,no,reptiles,321,1403168,Ancylodactylus spawlsi,Ancylodactylus spawlsi,3,not_ranked,,,inaturalist-regional-frequency-v1,compare then edit workbook
east_africa,no,no,reptiles,322,30817,Uzungwe Mountain Bush Viper,Atheris barbouri,3,not_ranked,,,inaturalist-regional-frequency-v1,compare then edit workbook
east_africa,no,no,reptiles,323,27605,Red-Black Striped Snake,Bothrophthalmus lineatus,3,not_ranked,,,inaturalist-regional-frequency-v1,compare then edit workbook
east_africa,no,no,reptiles,324,102544,Lake Turkana Half-toed Gecko,Hemidactylus barbierii,3,not_ranked,,,inaturalist-regional-frequency-v1,compare then edit workbook
east_africa,no,no,reptiles,325,51940,Asian House Gecko,Hemidactylus frenatus,3,not_ranked,,,inaturalist-regional-frequency-v1,compare then edit workbook
east_africa,no,no,reptiles,326,40071,Eroded Hingeback Tortoise,Kinixys erosa,3,not_ranked,,,inaturalist-regional-frequency-v1,compare then edit workbook
east_africa,no,no,reptiles,327,103683,Poroto Single-horned Chameleon,Kinyongia vanheygeni,3,not_ranked,,,inaturalist-regional-frequency-v1,compare then edit workbook
east_africa,no,no,reptiles,328,318703,Peters' Longtail Lizard,Latastia caeruleopunctata,3,not_ranked,,,inaturalist-regional-frequency-v1,compare then edit workbook
east_africa,no,no,reptiles,329,39670,Olive Ridley Sea Turtle,Lepidochelys olivacea,3,not_ranked,,,inaturalist-regional-frequency-v1,compare then edit workbook
east_africa,no,no,reptiles,330,34311,Angola Dwarf Gecko,Lygodactylus angolensis,3,not_ranked,,,inaturalist-regional-frequency-v1,compare then edit workbook
east_africa,no,no,reptiles,331,1473450,Lygodactylus heeneni,Lygodactylus heeneni,3,not_ranked,,,inaturalist-regional-frequency-v1,compare then edit workbook
east_africa,no,no,reptiles,332,1545823,Karamoja Dwarf Gecko,Lygodactylus karamoja,3,not_ranked,,,inaturalist-regional-frequency-v1,compare then edit workbook
east_africa,no,no,reptiles,333,37958,Longtail Limbless Skink,Melanoseps ater,3,not_ranked,,,inaturalist-regional-frequency-v1,compare then edit workbook
east_africa,no,no,reptiles,334,37957,Loveridge’s limbless skink,Melanoseps loveridgei,3,not_ranked,,,inaturalist-regional-frequency-v1,compare then edit workbook
east_africa,no,no,reptiles,335,797726,Pemba Island Writhing Skink,Mochlus pembanus,3,not_ranked,,,inaturalist-regional-frequency-v1,compare then edit workbook
east_africa,no,no,reptiles,336,200417,Somali Writhing Skink,Mochlus somalicus,3,not_ranked,,,inaturalist-regional-frequency-v1,compare then edit workbook
east_africa,no,no,reptiles,337,73896,Mashona Hinged Terrapin,Pelusios rhodesianus,3,not_ranked,,,inaturalist-regional-frequency-v1,compare then edit workbook
east_africa,no,no,reptiles,338,29087,Ruanda Emerald Green Snake,Philothamnus ruandae,3,not_ranked,,,inaturalist-regional-frequency-v1,compare then edit workbook
east_africa,no,no,reptiles,339,1672945,Smith's Racer,Platyceps smithii,3,not_ranked,,,inaturalist-regional-frequency-v1,compare then edit workbook
east_africa,no,no,reptiles,340,111014,African Tree Cobra,Pseudohaje goldii,3,not_ranked,,,inaturalist-regional-frequency-v1,compare then edit workbook
east_africa,no,no,reptiles,341,111634,Nguru pygmy chameleon,Rhampholeon acuminatus,3,not_ranked,,,inaturalist-regional-frequency-v1,compare then edit workbook
east_africa,no,no,reptiles,342,1676764,Plumptre’s Pygmy Chameleon,Rhampholeon plumptrei,3,not_ranked,,,inaturalist-regional-frequency-v1,compare then edit workbook
east_africa,no,no,reptiles,343,1474112,Rhampholeon rubeho,Rhampholeon rubeho,3,not_ranked,,,inaturalist-regional-frequency-v1,compare then edit workbook
east_africa,no,no,reptiles,344,1474110,Rhampholeon waynelotteri,Rhampholeon waynelotteri,3,not_ranked,,,inaturalist-regional-frequency-v1,compare then edit workbook
east_africa,no,no,reptiles,345,113855,Arabian Cat Snake,Telescopus dhara,3,not_ranked,,,inaturalist-regional-frequency-v1,compare then edit workbook
east_africa,no,no,reptiles,346,146473,Egyptian catsnake,Telescopus obtusus,3,not_ranked,,,inaturalist-regional-frequency-v1,compare then edit workbook
east_africa,no,no,reptiles,347,1695399,Somali Cat Snake,Telescopus somalicus,3,not_ranked,,,inaturalist-regional-frequency-v1,compare then edit workbook
east_africa,no,no,reptiles,348,114112,Schmidt’s Bold-eyed Tree Snake,Thrasops schmidti,3,not_ranked,,,inaturalist-regional-frequency-v1,compare then edit workbook
east_africa,no,no,reptiles,349,114286,Two-coloured skink,Trachylepis dichroma,3,not_ranked,,,inaturalist-regional-frequency-v1,compare then edit workbook
east_africa,no,no,reptiles,350,114785,Rasmussen's Gecko,Urocotyledon rasmusseni,3,not_ranked,,,inaturalist-regional-frequency-v1,compare then edit workbook
east_africa,no,no,reptiles,351,318774,Ethiopian Ridgeback Agama,Xenagama zonura,3,not_ranked,,,inaturalist-regional-frequency-v1,compare then edit workbook
east_africa,no,no,reptiles,352,28009,Dagger-tooth Vine Snake,Xyelodontophis uluguruensis,3,not_ranked,,,inaturalist-regional-frequency-v1,compare then edit workbook
east_africa,no,no,reptiles,353,539218,Calabresi’s blind-snake,Afrotyphlops calabresii,2,not_ranked,,,inaturalist-regional-frequency-v1,compare then edit workbook
east_africa,no,no,reptiles,354,93492,Afrotyphlops nigrocandidus,Afrotyphlops nigrocandidus,2,not_ranked,,,inaturalist-regional-frequency-v1,compare then edit workbook
east_africa,no,no,reptiles,355,93501,Hartmann's Agama,Agama hartmanni,2,not_ranked,,,inaturalist-regional-frequency-v1,compare then edit workbook
east_africa,no,no,reptiles,356,93504,Tanzanian Rainbow Agama,Agama turuensis,2,not_ranked,,,inaturalist-regional-frequency-v1,compare then edit workbook
east_africa,no,no,reptiles,357,1403182,Uluguru Round-eyed Gecko,Ancylodactylus barbouri,2,not_ranked,,,inaturalist-regional-frequency-v1,compare then edit workbook
east_africa,no,no,reptiles,358,26342,Usambara Centipede-eater,Aparallactus werneri,2,not_ranked,,,inaturalist-regional-frequency-v1,compare then edit workbook
east_africa,no,no,reptiles,359,145958,Matilda's horned viper,Atheris matildae,2,not_ranked,,,inaturalist-regional-frequency-v1,compare then edit workbook
east_africa,no,no,reptiles,360,145961,Phillips' Burrowing Asp,Atractaspis phillipsi,2,not_ranked,,,inaturalist-regional-frequency-v1,compare then edit workbook
east_africa,no,no,reptiles,361,1439489,Ethiopian House Snake,Bofa erlangeri,2,not_ranked,,,inaturalist-regional-frequency-v1,compare then edit workbook
east_africa,no,no,reptiles,362,31281,Indian Garden Lizard,Calotes versicolor,2,not_ranked,,,inaturalist-regional-frequency-v1,compare then edit workbook
east_africa,no,no,reptiles,363,53644,Chew Bahir Cylindrical Skink,Chalcides bottegi,2,not_ranked,,,inaturalist-regional-frequency-v1,compare then edit workbook
east_africa,no,no,reptiles,364,33071,Large-scale Snake Lizard,Chamaesaura macrolepis,2,not_ranked,,,inaturalist-regional-frequency-v1,compare then edit workbook
east_africa,no,no,reptiles,365,33036,Maasai Girdled Lizard,Cordylus beraduccii,2,not_ranked,,,inaturalist-regional-frequency-v1,compare then edit workbook
east_africa,no,no,reptiles,366,30666,Werner's Garter Snake,Elapsoidea laticincta,2,not_ranked,,,inaturalist-regional-frequency-v1,compare then edit workbook
east_africa,no,no,reptiles,367,35983,Keelbelly Ground Lizard,Gastropholis vittata,2,not_ranked,,,inaturalist-regional-frequency-v1,compare then edit workbook
east_africa,no,no,reptiles,368,29988,Tholloni's African Water Snake,Grayia tholloni,2,not_ranked,,,inaturalist-regional-frequency-v1,compare then edit workbook
east_africa,no,no,reptiles,369,1119942,Lake Chew Bahir Half-toed Gecko,Hemidactylus lanzai,2,not_ranked,,,inaturalist-regional-frequency-v1,compare then edit workbook
east_africa,no,no,reptiles,370,539812,Kaya Gecko,Hemidactylus mrimaensis,2,not_ranked,,,inaturalist-regional-frequency-v1,compare then edit workbook
east_africa,no,no,reptiles,371,34517,Spotted House Gecko,Hemidactylus parvimaculatus,2,not_ranked,,,inaturalist-regional-frequency-v1,compare then edit workbook
east_africa,no,no,reptiles,372,29908,Uganda House Snake,Hormonotus modestus,2,not_ranked,,,inaturalist-regional-frequency-v1,compare then edit workbook
east_africa,no,no,reptiles,373,103680,Mount-Nyiro Bearded Chameleon,Kinyongia asheorum,2,not_ranked,,,inaturalist-regional-frequency-v1,compare then edit workbook
east_africa,no,no,reptiles,374,32976,Uluguru Two-horned Chameleon,Kinyongia uluguruensis,2,not_ranked,,,inaturalist-regional-frequency-v1,compare then edit workbook
east_africa,no,no,reptiles,375,38264,Uganda Five-toed Skink,Leptosiaphos aloysiisabaudiae,2,not_ranked,,,inaturalist-regional-frequency-v1,compare then edit workbook
east_africa,no,no,reptiles,376,32439,Peter's Thread Snake,Leptotyphlops scutifrons,2,not_ranked,,,inaturalist-regional-frequency-v1,compare then edit workbook
east_africa,no,no,reptiles,377,104487,Ethiopian Blind Snake,Letheobia somalica,2,not_ranked,,,inaturalist-regional-frequency-v1,compare then edit workbook
east_africa,no,no,reptiles,378,797704,Central African Forest File Snake,Limaformosa savorgnani,2,not_ranked,,,inaturalist-regional-frequency-v1,compare then edit workbook
east_africa,no,no,reptiles,379,539940,Speckled wolf snake,Lycophidion meleagre,2,not_ranked,,,inaturalist-regional-frequency-v1,compare then edit workbook
east_africa,no,no,reptiles,380,34302,Broadley’s dwarf gecko,Lygodactylus broadleyi,2,not_ranked,,,inaturalist-regional-frequency-v1,compare then edit workbook
east_africa,no,no,reptiles,381,29373,Eastern crowned smooth snake,Meizodon regularis,2,not_ranked,,,inaturalist-regional-frequency-v1,compare then edit workbook
east_africa,no,no,reptiles,382,30488,Mozambique Spitting Cobra,Naja mossambica,2,not_ranked,,,inaturalist-regional-frequency-v1,compare then edit workbook
east_africa,no,no,reptiles,383,1129117,Panaspis annettesabinae,Panaspis annettesabinae,2,not_ranked,,,inaturalist-regional-frequency-v1,compare then edit workbook
east_africa,no,no,reptiles,384,560432,Somalian Helmeted Terrapin,Pelomedusa somalica,2,not_ranked,,,inaturalist-regional-frequency-v1,compare then edit workbook
east_africa,no,no,reptiles,385,35775,Philipps’ Shield-backed Lizard,Philochortus phillipsi,2,not_ranked,,,inaturalist-regional-frequency-v1,compare then edit workbook
east_africa,no,no,reptiles,386,35782,Southern Shield-backed Lizard,Philochortus rudolfensis,2,not_ranked,,,inaturalist-regional-frequency-v1,compare then edit workbook
east_africa,no,no,reptiles,387,29092,Bequaert's Green Snake,Philothamnus bequaerti,2,not_ranked,,,inaturalist-regional-frequency-v1,compare then edit workbook
east_africa,no,no,reptiles,388,540113,Taylor’s Racer,Platyceps taylori,2,not_ranked,,,inaturalist-regional-frequency-v1,compare then edit workbook
east_africa,no,no,reptiles,389,116545,Yellow-necked Snake-Eater,Polemon fulvicollis,2,not_ranked,,,inaturalist-regional-frequency-v1,compare then edit workbook
east_africa,no,no,reptiles,390,28970,Beautiful Sand snake,Psammophis pulcher,2,not_ranked,,,inaturalist-regional-frequency-v1,compare then edit workbook
east_africa,no,no,reptiles,391,28966,Forskal Sand Snake,Psammophis schokari,2,not_ranked,,,inaturalist-regional-frequency-v1,compare then edit workbook
east_africa,no,no,reptiles,392,28948,Mole Snake,Pseudaspis cana,2,not_ranked,,,inaturalist-regional-frequency-v1,compare then edit workbook
east_africa,no,no,reptiles,393,32158,Ball Python,Python regius,2,not_ranked,,,inaturalist-regional-frequency-v1,compare then edit workbook
east_africa,no,no,reptiles,394,111635,Beraducci’s pygmy chameleon,Rhampholeon beraduccii,2,not_ranked,,,inaturalist-regional-frequency-v1,compare then edit workbook
east_africa,no,no,reptiles,395,1676761,Mountains of the Moon Pygmy Chameleon,Rhampholeon monteslunae,2,not_ranked,,,inaturalist-regional-frequency-v1,compare then edit workbook
east_africa,no,no,reptiles,396,32992,Zomba Beardless Pygmy Chameleon,Rieppeleon brachyurus,2,not_ranked,,,inaturalist-regional-frequency-v1,compare then edit workbook
east_africa,no,no,reptiles,397,28727,Ethiopian hook-nosed snake,Scaphiophis raffreyi,2,not_ranked,,,inaturalist-regional-frequency-v1,compare then edit workbook
east_africa,no,no,reptiles,398,114282,Guinea Mabuya,Trachylepis albilabris,2,not_ranked,,,inaturalist-regional-frequency-v1,compare then edit workbook
east_africa,no,no,reptiles,399,488688,Ituri Forest Chameleon,Trioceros ituriensis,2,not_ranked,,,inaturalist-regional-frequency-v1,compare then edit workbook
east_africa,no,no,reptiles,400,33548,Parker’s Pigmy Gecko,Tropiocolotes somalicus,2,not_ranked,,,inaturalist-regional-frequency-v1,compare then edit workbook
east_africa,no,no,reptiles,401,35437,Bosc’s Fringe-toed lizard,Acanthodactylus boskianus,1,not_ranked,,,inaturalist-regional-frequency-v1,compare then edit workbook
east_africa,no,no,reptiles,402,37297,Percival's Legless Skink,Acontias percivali,1,not_ranked,,,inaturalist-regional-frequency-v1,compare then edit workbook
east_africa,no,no,reptiles,403,32694,Blanfords Blind-snake,Afrotyphlops blanfordii,1,not_ranked,,,inaturalist-regional-frequency-v1,compare then edit workbook
east_africa,no,no,reptiles,404,68556,Ground Agama,Agama aculeata,1,not_ranked,,,inaturalist-regional-frequency-v1,compare then edit workbook
east_africa,no,no,reptiles,405,31136,Kirk's Rock Agama,Agama kirkii,1,not_ranked,,,inaturalist-regional-frequency-v1,compare then edit workbook
east_africa,no,no,reptiles,406,1250261,Marsabit Rock Agama,Agama wachirai,1,not_ranked,,,inaturalist-regional-frequency-v1,compare then edit workbook
east_africa,no,no,reptiles,407,26493,Mpwapwa Purple-glossed Snake,Amblyodipsas dimidiata,1,not_ranked,,,inaturalist-regional-frequency-v1,compare then edit workbook
east_africa,no,no,reptiles,408,26471,Dull Purple-glossed Snake,Amblyodipsas unicolor,1,not_ranked,,,inaturalist-regional-frequency-v1,compare then edit workbook
east_africa,no,no,reptiles,409,1403181,Chyulu Hills Hook-toed Gecko,Ancylodactylus chyuluensis,1,not_ranked,,,inaturalist-regional-frequency-v1,compare then edit workbook
east_africa,no,no,reptiles,410,1403176,Kenya Hook-toed Gecko,Ancylodactylus kenyaensis,1,not_ranked,,,inaturalist-regional-frequency-v1,compare then edit workbook
east_africa,no,no,reptiles,411,1403175,Ancylodactylus kituiensis,Ancylodactylus kituiensis,1,not_ranked,,,inaturalist-regional-frequency-v1,compare then edit workbook
east_africa,no,no,reptiles,412,1403173,Ancylodactylus laikipiensis,Ancylodactylus laikipiensis,1,not_ranked,,,inaturalist-regional-frequency-v1,compare then edit workbook
east_africa,no,no,reptiles,413,1403172,Ancylodactylus mathewsensis,Ancylodactylus mathewsensis,1,not_ranked,,,inaturalist-regional-frequency-v1,compare then edit workbook
east_africa,no,no,reptiles,414,1403169,Sternfeld's Gecko,Ancylodactylus quattuorseriatus,1,not_ranked,,,inaturalist-regional-frequency-v1,compare then edit workbook
east_africa,no,no,reptiles,415,36514,Green Anole,Anolis carolinensis,1,not_ranked,,,inaturalist-regional-frequency-v1,compare then edit workbook
east_africa,no,no,reptiles,416,29754,Olive House Snake,Boaedon olivaceus,1,not_ranked,,,inaturalist-regional-frequency-v1,compare then edit workbook
east_africa,no,no,reptiles,417,558844,Boaedon perisilvestris,Boaedon perisilvestris,1,not_ranked,,,inaturalist-regional-frequency-v1,compare then edit workbook
east_africa,no,no,reptiles,418,539397,Radford's House Snake,Boaedon radfordi,1,not_ranked,,,inaturalist-regional-frequency-v1,compare then edit workbook
east_africa,no,no,reptiles,419,39665,Loggerhead Sea Turtle,Caretta caretta,1,not_ranked,,,inaturalist-regional-frequency-v1,compare then edit workbook
east_africa,no,no,reptiles,420,27322,African Banded Snake,Chamaelycus fasciatus,1,not_ranked,,,inaturalist-regional-frequency-v1,compare then edit workbook
east_africa,no,no,reptiles,421,145996,Zambian Grass Lizard,Chamaesaura miopropus,1,not_ranked,,,inaturalist-regional-frequency-v1,compare then edit workbook
east_africa,no,no,reptiles,422,34161,Turner's Thick-toed Gecko,Chondrodactylus turneri,1,not_ranked,,,inaturalist-regional-frequency-v1,compare then edit workbook
east_africa,no,no,reptiles,423,33057,Ethiopian Girdled Lizard,Cordylus rivae,1,not_ranked,,,inaturalist-regional-frequency-v1,compare then edit workbook
east_africa,no,no,reptiles,424,39544,Senegal Flapshell Turtle,Cyclanorbis senegalensis,1,not_ranked,,,inaturalist-regional-frequency-v1,compare then edit workbook
east_africa,no,no,reptiles,425,35367,Rock Lizard,Darevskia saxicola,1,not_ranked,,,inaturalist-regional-frequency-v1,compare then edit workbook
east_africa,no,no,reptiles,426,99124,Confusing Egg Eater,Dasypeltis confusa,1,not_ranked,,,inaturalist-regional-frequency-v1,compare then edit workbook
east_africa,no,no,reptiles,427,26523,Shreve's Tree Snake,Dipsadoboa shrevei,1,not_ranked,,,inaturalist-regional-frequency-v1,compare then edit workbook
east_africa,no,no,reptiles,428,26508,Weiler's Tree Snake,Dipsadoboa weileri,1,not_ranked,,,inaturalist-regional-frequency-v1,compare then edit workbook
east_africa,no,no,reptiles,429,1403132,Dispholidus pembae,Dispholidus pembae,1,not_ranked,,,inaturalist-regional-frequency-v1,compare then edit workbook
east_africa,no,no,reptiles,430,797663,Roman's Carpet Viper,Echis romani,1,not_ranked,,,inaturalist-regional-frequency-v1,compare then edit workbook
east_africa,no,no,reptiles,431,99744,Boulenger's Garter Snake,Elapsoidea boulengeri,1,not_ranked,,,inaturalist-regional-frequency-v1,compare then edit workbook
east_africa,no,no,reptiles,432,38419,Western Forest Feylinia,Feylinia currori,1,not_ranked,,,inaturalist-regional-frequency-v1,compare then edit workbook
east_africa,no,no,reptiles,433,34570,Bridled Forest Gecko,Gonatodes humeralis,1,not_ranked,,,inaturalist-regional-frequency-v1,compare then edit workbook
east_africa,no,no,reptiles,434,34529,White-spotted Half-toed Gecko,Hemidactylus albopunctatus,1,not_ranked,,,inaturalist-regional-frequency-v1,compare then edit workbook
east_africa,no,no,reptiles,435,34487,Andersson's Leaf-toed Gecko,Hemidactylus laticaudatus,1,not_ranked,,,inaturalist-regional-frequency-v1,compare then edit workbook
east_africa,no,no,reptiles,436,34477,Farquhar Half-toed Gecko,Hemidactylus mercatorius,1,not_ranked,,,inaturalist-regional-frequency-v1,compare then edit workbook
east_africa,no,no,reptiles,437,518134,Galgala Half-toed Gecko,Hemidactylus pauciporosus,1,not_ranked,,,inaturalist-regional-frequency-v1,compare then edit workbook
east_africa,no,no,reptiles,438,34452,Smith's Leaf-toed Gecko,Hemidactylus smithi,1,not_ranked,,,inaturalist-regional-frequency-v1,compare then edit workbook
east_africa,no,no,reptiles,439,34443,Mocquard's Leaf-toed Gecko,Hemidactylus tropidolepis,1,not_ranked,,,inaturalist-regional-frequency-v1,compare then edit workbook
east_africa,no,no,reptiles,440,34435,Mediterranean House Gecko,Hemidactylus turcicus,1,not_ranked,,,inaturalist-regional-frequency-v1,compare then edit workbook
east_africa,no,no,reptiles,441,35969,Sawtail lizard,Holaspis guentheri,1,not_ranked,,,inaturalist-regional-frequency-v1,compare then edit workbook
east_africa,no,no,reptiles,442,35164,Yellow-bellied Sea Snake,Hydrophis platurus,1,not_ranked,,,inaturalist-regional-frequency-v1,compare then edit workbook
east_africa,no,no,reptiles,443,32946,Uthmöller's Chameleon,Kinyongia uthmoelleri,1,not_ranked,,,inaturalist-regional-frequency-v1,compare then edit workbook
east_africa,no,no,reptiles,444,35835,Doria’s Long-tailed Lizard,Latastia doriai,1,not_ranked,,,inaturalist-regional-frequency-v1,compare then edit workbook
east_africa,no,no,reptiles,445,38255,Ruwenzori Four Toed Skink,Leptosiaphos meleagris,1,not_ranked,,,inaturalist-regional-frequency-v1,compare then edit workbook
east_africa,no,no,reptiles,446,104369,Emin Pasha’s worm snake,Leptotyphlops emini,1,not_ranked,,,inaturalist-regional-frequency-v1,compare then edit workbook
east_africa,no,no,reptiles,447,734628,Letheobia akagerae,Letheobia akagerae,1,not_ranked,,,inaturalist-regional-frequency-v1,compare then edit workbook
east_africa,no,no,reptiles,448,104488,Swahili gracile blind-snake,Letheobia swahilica,1,not_ranked,,,inaturalist-regional-frequency-v1,compare then edit workbook
east_africa,no,no,reptiles,449,539942,Pemba Wolf Snake,Lycophidion pembanum,1,not_ranked,,,inaturalist-regional-frequency-v1,compare then edit workbook
east_africa,no,no,reptiles,450,104895,Taylor’s wolf snake,Lycophidion taylori,1,not_ranked,,,inaturalist-regional-frequency-v1,compare then edit workbook
east_africa,no,no,reptiles,451,34301,Bradfield's Dwarf Gecko,Lygodactylus bradfieldi,1,not_ranked,,,inaturalist-regional-frequency-v1,compare then edit workbook
east_africa,no,no,reptiles,452,558917,Copal Dwarf Gecko,Lygodactylus viscatus,1,not_ranked,,,inaturalist-regional-frequency-v1,compare then edit workbook
east_africa,no,no,reptiles,453,116533,Kenya Two-headed Snake,Micrelaps bicoloratus,1,not_ranked,,,inaturalist-regional-frequency-v1,compare then edit workbook
east_africa,no,no,reptiles,454,102934,Forest Gecko,Mokopirirakau granulatus,1,not_ranked,,,inaturalist-regional-frequency-v1,compare then edit workbook
east_africa,no,no,reptiles,455,539993,Parker’s worm snake,Myriopholis parkeri,1,not_ranked,,,inaturalist-regional-frequency-v1,compare then edit workbook
east_africa,no,no,reptiles,456,539998,Natriciteres pembana,Natriciteres pembana,1,not_ranked,,,inaturalist-regional-frequency-v1,compare then edit workbook
east_africa,no,no,reptiles,457,1031645,Panaspis tsavoensis,Panaspis tsavoensis,1,not_ranked,,,inaturalist-regional-frequency-v1,compare then edit workbook
east_africa,no,no,reptiles,458,40134,Adanson’s Turtle,Pelusios adansonii,1,not_ranked,,,inaturalist-regional-frequency-v1,compare then edit workbook
east_africa,no,no,reptiles,459,40133,Lake Turkana Hinged Terrapin,Pelusios broadleyi,1,not_ranked,,,inaturalist-regional-frequency-v1,compare then edit workbook
east_africa,no,no,reptiles,460,73895,Yellowbelly Mud Turtle,Pelusios castanoides,1,not_ranked,,,inaturalist-regional-frequency-v1,compare then edit workbook
east_africa,no,no,reptiles,461,40130,Gabon hinged terrapin,Pelusios gabonensis,1,not_ranked,,,inaturalist-regional-frequency-v1,compare then edit workbook
east_africa,no,no,reptiles,462,35781,Shield-backed ground lizard,Philochortus intermedius,1,not_ranked,,,inaturalist-regional-frequency-v1,compare then edit workbook
east_africa,no,no,reptiles,463,35776,Eritrea Orangetail Lizard,Philochortus spinalis,1,not_ranked,,,inaturalist-regional-frequency-v1,compare then edit workbook
east_africa,no,no,reptiles,464,29080,Eastern Green Snake,Philothamnus natalensis,1,not_ranked,,,inaturalist-regional-frequency-v1,compare then edit workbook
east_africa,no,no,reptiles,465,116543,Eastern Snake-eater,Polemon christyi,1,not_ranked,,,inaturalist-regional-frequency-v1,compare then edit workbook
east_africa,no,no,reptiles,466,116544,Collared Snake-eater,Polemon collaris,1,not_ranked,,,inaturalist-regional-frequency-v1,compare then edit workbook
east_africa,no,no,reptiles,467,29003,Angolan Shovel-snout,Prosymna ambigua,1,not_ranked,,,inaturalist-regional-frequency-v1,compare then edit workbook
east_africa,no,no,reptiles,468,28986,Elegant Sand Racer,Psammophis elegans,1,not_ranked,,,inaturalist-regional-frequency-v1,compare then edit workbook
east_africa,no,no,reptiles,469,30344,Lined Olympic Snake,Psammophis lineatus,1,not_ranked,,,inaturalist-regional-frequency-v1,compare then edit workbook
east_africa,no,no,reptiles,470,1031646,Tanzanian skaapsteker,Psammophylax kellyi,1,not_ranked,,,inaturalist-regional-frequency-v1,compare then edit workbook
east_africa,no,no,reptiles,471,28770,Western Rufous Beaked Snake,Rhamphiophis oxyrhynchus,1,not_ranked,,,inaturalist-regional-frequency-v1,compare then edit workbook
east_africa,no,no,reptiles,472,1474114,Rhampholeon nicolai,Rhampholeon nicolai,1,not_ranked,,,inaturalist-regional-frequency-v1,compare then edit workbook
east_africa,no,no,reptiles,473,37678,Uluguru fossorial skink,Scelotes uluguruensis,1,not_ranked,,,inaturalist-regional-frequency-v1,compare then edit workbook
east_africa,no,no,reptiles,474,1695405,Hargeisa Cat Snake,Telescopus mazuchi,1,not_ranked,,,inaturalist-regional-frequency-v1,compare then edit workbook
east_africa,no,no,reptiles,475,34723,Ellen's Whip Lizard,Tetradactylus ellenbergeri,1,not_ranked,,,inaturalist-regional-frequency-v1,compare then edit workbook
east_africa,no,no,reptiles,476,34720,Udzungwa long-tailed seps,Tetradactylus udzungwensis,1,not_ranked,,,inaturalist-regional-frequency-v1,compare then edit workbook
east_africa,no,no,reptiles,477,27722,Blandings Tree Snake,Toxicodryas blandingii,1,not_ranked,,,inaturalist-regional-frequency-v1,compare then edit workbook
east_africa,no,no,reptiles,478,37442,Boulenger's Mabuya,Trachylepis boulengeri,1,not_ranked,,,inaturalist-regional-frequency-v1,compare then edit workbook
east_africa,no,no,reptiles,479,734656,Damara Skink,Trachylepis damarana,1,not_ranked,,,inaturalist-regional-frequency-v1,compare then edit workbook
east_africa,no,no,reptiles,480,37422,Tropical Mabuya,Trachylepis polytropis,1,not_ranked,,,inaturalist-regional-frequency-v1,compare then edit workbook
east_africa,no,no,reptiles,481,31365,Brilliant ground agama,Trapelus agilis,1,not_ranked,,,inaturalist-regional-frequency-v1,compare then edit workbook
east_africa,no,no,reptiles,482,32840,Harenna Hornless Chameleon,Trioceros harennae,1,not_ranked,,,inaturalist-regional-frequency-v1,compare then edit workbook
east_africa,no,no,reptiles,483,114426,Mount Nyiru Chameleon,Trioceros ntunte,1,not_ranked,,,inaturalist-regional-frequency-v1,compare then edit workbook
