group,rank,recommended,taxon_id,common_name,scientific_name,countries_with_records,observation_count,review_note
mammals,1,yes,43694,African Savanna Elephant,Loxodonta africana,1,8871,"iNaturalist regional candidate only; review habitat fit, introduced status and game value before inclusion."
mammals,2,yes,42149,Common Hippopotamus,Hippopotamus amphibius,1,5666,"iNaturalist regional candidate only; review habitat fit, introduced status and game value before inclusion."
mammals,3,yes,74832,Olive Baboon,Papio anubis,1,5416,"iNaturalist regional candidate only; review habitat fit, introduced status and game value before inclusion."
mammals,4,yes,41886,Spotted Hyena,Crocuta crocuta,1,3977,"iNaturalist regional candidate only; review habitat fit, introduced status and game value before inclusion."
mammals,5,yes,68137,Vervet Monkey,Chlorocebus pygerythrus,1,2717,"iNaturalist regional candidate only; review habitat fit, introduced status and game value before inclusion."
mammals,6,yes,42122,Common Warthog,Phacochoerus africanus,1,1680,"iNaturalist regional candidate only; review habitat fit, introduced status and game value before inclusion."
mammals,7,yes,74321,Thomson's Gazelle,Eudorcas thomsonii,1,1659,"iNaturalist regional candidate only; review habitat fit, introduced status and game value before inclusion."
mammals,8,yes,43335,Plains Zebra,Equus quagga,1,1601,"iNaturalist regional candidate only; review habitat fit, introduced status and game value before inclusion."
mammals,9,yes,42278,Impala,Aepyceros melampus,1,1460,"iNaturalist regional candidate only; review habitat fit, introduced status and game value before inclusion."
mammals,10,yes,41921,Banded Mongoose,Mungos mungo,1,1435,"iNaturalist regional candidate only; review habitat fit, introduced status and game value before inclusion."
mammals,11,yes,43088,Bush Hyrax,Heterohyrax brucei,1,1338,"iNaturalist regional candidate only; review habitat fit, introduced status and game value before inclusion."
mammals,12,yes,42328,Waterbuck,Kobus ellipsiprymnus,1,1159,"iNaturalist regional candidate only; review habitat fit, introduced status and game value before inclusion."
mammals,13,yes,42405,African Buffalo,Syncerus caffer,1,1111,"iNaturalist regional candidate only; review habitat fit, introduced status and game value before inclusion."
mammals,14,yes,67683,Yellow Baboon,Papio cynocephalus,1,1108,"iNaturalist regional candidate only; review habitat fit, introduced status and game value before inclusion."
mammals,15,yes,1431867,Southern Bushbuck,Tragelaphus sylvaticus,1,1087,"iNaturalist regional candidate only; review habitat fit, introduced status and game value before inclusion."
mammals,16,yes,1510573,Reticulated Giraffe,Giraffa reticulata,1,1027,"iNaturalist regional candidate only; review habitat fit, introduced status and game value before inclusion."
mammals,17,yes,41906,Common Dwarf Mongoose,Helogale parvula,1,944,"iNaturalist regional candidate only; review habitat fit, introduced status and game value before inclusion."
mammals,18,yes,1430935,Cavendish's Dik-Dik,Madoqua cavendishi,1,942,"iNaturalist regional candidate only; review habitat fit, introduced status and game value before inclusion."
mammals,19,yes,43486,Blue Monkey,Cercopithecus mitis,1,838,"iNaturalist regional candidate only; review habitat fit, introduced status and game value before inclusion."
mammals,20,yes,1210966,Black-backed Jackal,Lupulella mesomelas,1,746,"iNaturalist regional candidate only; review habitat fit, introduced status and game value before inclusion."
mammals,21,yes,42280,Common Wildebeest,Connochaetes taurinus,1,720,"iNaturalist regional candidate only; review habitat fit, introduced status and game value before inclusion."
mammals,22,yes,43339,Grévy's Zebra,Equus grevyi,1,700,"iNaturalist regional candidate only; review habitat fit, introduced status and game value before inclusion."
mammals,23,yes,326032,Zanzibar Red Colobus Monkey,Piliocolobus kirkii,1,649,"iNaturalist regional candidate only; review habitat fit, introduced status and game value before inclusion."
mammals,24,yes,42304,Bohor Reedbuck,Redunca redunca,1,572,"iNaturalist regional candidate only; review habitat fit, introduced status and game value before inclusion."
mammals,25,yes,1430933,Hinde's Dik-Dik,Madoqua hindei,1,562,"iNaturalist regional candidate only; review habitat fit, introduced status and game value before inclusion."
mammals,26,yes,1643992,Rusty-spotted Genet,Genetta fieldiana,1,550,"iNaturalist regional candidate only; review habitat fit, introduced status and game value before inclusion."
mammals,27,yes,1510574,Maasai Giraffe,Giraffa tippelskirchi,1,535,"iNaturalist regional candidate only; review habitat fit, introduced status and game value before inclusion."
mammals,28,yes,46206,Unstriped Ground Squirrel,Xerus rutilus,1,531,"iNaturalist regional candidate only; review habitat fit, introduced status and game value before inclusion."
mammals,29,yes,46116,Ochre Bush Squirrel,Paraxerus ochraceus,1,524,"iNaturalist regional candidate only; review habitat fit, introduced status and game value before inclusion."
mammals,30,yes,74770,Suni,Nesotragus moschatus,1,489,"iNaturalist regional candidate only; review habitat fit, introduced status and game value before inclusion."
mammals,31,yes,566540,L'Hoest's Monkey,Allochrocebus lhoesti,1,464,"iNaturalist regional candidate only; review habitat fit, introduced status and game value before inclusion."
mammals,32,yes,41964,Lion,Panthera leo,1,462,"iNaturalist regional candidate only; review habitat fit, introduced status and game value before inclusion."
mammals,33,yes,1075512,Mount Kilimanjaro Guereza,Colobus caudatus,1,457,"iNaturalist regional candidate only; review habitat fit, introduced status and game value before inclusion."
mammals,34,yes,42360,Kirk's Dik-dik,Madoqua kirkii,1,439,"iNaturalist regional candidate only; review habitat fit, introduced status and game value before inclusion."
mammals,35,yes,40827,Straw-coloured Fruit Bat,Eidolon helvum,1,431,"iNaturalist regional candidate only; review habitat fit, introduced status and game value before inclusion."
mammals,36,yes,1075514,Mantled Guereza,Colobus guereza,1,428,"iNaturalist regional candidate only; review habitat fit, introduced status and game value before inclusion."
mammals,37,yes,1431331,Harvey's Duiker,Cephalophorus harveyi,1,420,"iNaturalist regional candidate only; review habitat fit, introduced status and game value before inclusion."
mammals,38,yes,41328,Yellow-winged Bat,Lavia frons,1,369,"iNaturalist regional candidate only; review habitat fit, introduced status and game value before inclusion."
mammals,39,yes,45671,Nile Grass Rat,Arvicanthis niloticus,1,354,"iNaturalist regional candidate only; review habitat fit, introduced status and game value before inclusion."
mammals,40,yes,502997,Ashy Red Colobus,Piliocolobus tephrosceles,1,350,"iNaturalist regional candidate only; review habitat fit, introduced status and game value before inclusion."
mammals,41,yes,825289,African Wolf,Canis lupaster,1,323,"iNaturalist regional candidate only; review habitat fit, introduced status and game value before inclusion."
mammals,42,yes,43523,Grivet Monkey,Chlorocebus aethiops,1,321,"iNaturalist regional candidate only; review habitat fit, introduced status and game value before inclusion."
mammals,43,yes,43226,Four-toed Sengi,Petrodromus tetradactylus,1,315,"iNaturalist regional candidate only; review habitat fit, introduced status and game value before inclusion."
mammals,44,yes,1558607,African Savanna Hare,Lepus microtis,1,314,"iNaturalist regional candidate only; review habitat fit, introduced status and game value before inclusion."
mammals,45,yes,43086,Rock Hyrax,Procavia capensis,1,310,"iNaturalist regional candidate only; review habitat fit, introduced status and game value before inclusion."
mammals,46,yes,1430932,Thomas's Dik-dik,Madoqua thomasi,1,297,"iNaturalist regional candidate only; review habitat fit, introduced status and game value before inclusion."
mammals,47,yes,74414,Common Slender Mongoose,Herpestes sanguineus,1,290,"iNaturalist regional candidate only; review habitat fit, introduced status and game value before inclusion."
mammals,48,yes,74191,Tantalus Monkey,Chlorocebus tantalus,1,275,"iNaturalist regional candidate only; review habitat fit, introduced status and game value before inclusion."
mammals,49,yes,43092,Southern Tree Hyrax,Dendrohyrax arboreus,1,262,"iNaturalist regional candidate only; review habitat fit, introduced status and game value before inclusion."
mammals,50,yes,42380,Oribi,Ourebia ourebi,1,260,"iNaturalist regional candidate only; review habitat fit, introduced status and game value before inclusion."
mammals,51,yes,1453959,Southern Giant Pouched Rat,Cricetomys ansorgei,1,259,"iNaturalist regional candidate only; review habitat fit, introduced status and game value before inclusion."
mammals,52,yes,42384,Klipspringer,Oreotragus oreotragus,1,256,"iNaturalist regional candidate only; review habitat fit, introduced status and game value before inclusion."
mammals,53,yes,74724,Grant's Gazelle,Nanger granti,1,242,"iNaturalist regional candidate only; review habitat fit, introduced status and game value before inclusion."
mammals,54,yes,44171,Crested Porcupine,Hystrix cristata,1,236,"iNaturalist regional candidate only; review habitat fit, introduced status and game value before inclusion."
mammals,55,yes,1596257,Ugandan grey-cheeked mangabey,Lophocebus ugandae,1,234,"iNaturalist regional candidate only; review habitat fit, introduced status and game value before inclusion."
mammals,56,yes,41939,White-tailed Mongoose,Ichneumia albicauda,1,231,"iNaturalist regional candidate only; review habitat fit, introduced status and game value before inclusion."
mammals,57,yes,42418,Hartebeest,Alcelaphus buselaphus,1,226,"iNaturalist regional candidate only; review habitat fit, introduced status and game value before inclusion."
mammals,58,yes,42120,Giant Forest Hog,Hylochoerus meinertzhageni,1,218,"iNaturalist regional candidate only; review habitat fit, introduced status and game value before inclusion."
mammals,59,yes,43055,Four-toed Hedgehog,Atelerix albiventris,1,215,"iNaturalist regional candidate only; review habitat fit, introduced status and game value before inclusion."
mammals,60,yes,42343,Mountain Nyala,Tragelaphus buxtoni,1,215,"iNaturalist regional candidate only; review habitat fit, introduced status and game value before inclusion."
mammals,61,yes,41955,Cheetah,Acinonyx jubatus,1,208,"iNaturalist regional candidate only; review habitat fit, introduced status and game value before inclusion."
mammals,62,yes,46196,Red-legged Sun Squirrel,Heliosciurus rufobrachium,1,196,"iNaturalist regional candidate only; review habitat fit, introduced status and game value before inclusion."
mammals,63,yes,41627,African Civet,Civettictis civetta,1,191,"iNaturalist regional candidate only; review habitat fit, introduced status and game value before inclusion."
mammals,64,yes,118552,Domestic Cat,Felis catus,1,178,"iNaturalist regional candidate only; review habitat fit, introduced status and game value before inclusion."
mammals,65,yes,925661,Northern Small-spotted Genet,Genetta genetta,1,178,"iNaturalist regional candidate only; review habitat fit, introduced status and game value before inclusion."
mammals,66,yes,46191,Zanj Sun Squirrel,Heliosciurus undulatus,1,177,"iNaturalist regional candidate only; review habitat fit, introduced status and game value before inclusion."
mammals,67,yes,46113,Red Bush Squirrel,Paraxerus palliatus,1,176,"iNaturalist regional candidate only; review habitat fit, introduced status and game value before inclusion."
mammals,68,yes,42045,Ethiopian Wolf,Canis simensis,1,174,"iNaturalist regional candidate only; review habitat fit, introduced status and game value before inclusion."
mammals,69,yes,871611,Striped Ground Squirrel,Euxerus erythropus,1,167,"iNaturalist regional candidate only; review habitat fit, introduced status and game value before inclusion."
mammals,70,yes,1210965,Side-striped Jackal,Lupulella adusta,1,159,"iNaturalist regional candidate only; review habitat fit, introduced status and game value before inclusion."
mammals,71,yes,42424,Bush Duiker,Sylvicapra grimmia,1,153,"iNaturalist regional candidate only; review habitat fit, introduced status and game value before inclusion."
mammals,72,yes,81542,Dromedary Camel,Camelus dromedarius,1,148,"iNaturalist regional candidate only; review habitat fit, introduced status and game value before inclusion."
mammals,73,yes,46114,Boehm's Bush Squirrel,Paraxerus boehmi,1,145,"iNaturalist regional candidate only; review habitat fit, introduced status and game value before inclusion."
mammals,74,yes,42359,Günther's Dik-dik,Madoqua guentheri,1,142,"iNaturalist regional candidate only; review habitat fit, introduced status and game value before inclusion."
mammals,75,yes,43568,Small-eared Greater Galago,Otolemur garnettii,1,134,"iNaturalist regional candidate only; review habitat fit, introduced status and game value before inclusion."
mammals,76,yes,75192,Common Eland,Tragelaphus oryx,1,131,"iNaturalist regional candidate only; review habitat fit, introduced status and game value before inclusion."
mammals,77,yes,41481,Indo-Pacific Bottlenose Dolphin,Tursiops aduncus,1,131,"iNaturalist regional candidate only; review habitat fit, introduced status and game value before inclusion."
mammals,78,yes,42157,Northern Giraffe,Giraffa camelopardalis,1,130,"iNaturalist regional candidate only; review habitat fit, introduced status and game value before inclusion."
mammals,79,yes,43350,Black Rhinoceros,Diceros bicornis,1,129,"iNaturalist regional candidate only; review habitat fit, introduced status and game value before inclusion."
mammals,80,yes,42025,Serval,Leptailurus serval,1,118,"iNaturalist regional candidate only; review habitat fit, introduced status and game value before inclusion."
mammals,81,yes,74725,Sömmerring's Gazelle,Nanger soemmerringii,1,112,"iNaturalist regional candidate only; review habitat fit, introduced status and game value before inclusion."
mammals,82,yes,47144,Domestic Dog,Canis familiaris,1,110,"iNaturalist regional candidate only; review habitat fit, introduced status and game value before inclusion."
mammals,83,yes,1431004,Kivu Duiker,Cephalophorus kivuensis,1,108,"iNaturalist regional candidate only; review habitat fit, introduced status and game value before inclusion."
mammals,84,yes,41380,Mauritian Tomb Bat,Taphozous mauritianus,1,108,"iNaturalist regional candidate only; review habitat fit, introduced status and game value before inclusion."
mammals,85,yes,42095,Bat-eared Fox,Otocyon megalotis,1,100,"iNaturalist regional candidate only; review habitat fit, introduced status and game value before inclusion."
mammals,86,yes,41324,Heart-nosed bat,Cardioderma cor,1,98,"iNaturalist regional candidate only; review habitat fit, introduced status and game value before inclusion."
mammals,87,yes,42138,Bushpig,Potamochoerus larvatus,1,98,"iNaturalist regional candidate only; review habitat fit, introduced status and game value before inclusion."
mammals,88,yes,57560,Cape Hare,Lepus capensis,1,97,"iNaturalist regional candidate only; review habitat fit, introduced status and game value before inclusion."
mammals,89,yes,43535,Hamadryas Baboon,Papio hamadryas,1,95,"iNaturalist regional candidate only; review habitat fit, introduced status and game value before inclusion."
mammals,90,yes,417389,Spotted-necked Otter,Hydrictis maculicollis,1,92,"iNaturalist regional candidate only; review habitat fit, introduced status and game value before inclusion."
mammals,91,yes,41907,Somali Dwarf Mongoose,Helogale hirtula,1,89,"iNaturalist regional candidate only; review habitat fit, introduced status and game value before inclusion."
mammals,92,yes,42093,African Wild Dog,Lycaon pictus,1,86,"iNaturalist regional candidate only; review habitat fit, introduced status and game value before inclusion."
mammals,93,yes,41888,Striped Hyaena,Hyaena hyaena,1,85,"iNaturalist regional candidate only; review habitat fit, introduced status and game value before inclusion."
mammals,94,yes,74113,Domestic Cattle,Bos taurus,1,84,"iNaturalist regional candidate only; review habitat fit, introduced status and game value before inclusion."
mammals,95,yes,75042,Egyptian Rousette,Rousettus aegyptiacus,1,84,"iNaturalist regional candidate only; review habitat fit, introduced status and game value before inclusion."
mammals,96,yes,47062,Aardvark,Orycteropus afer,1,83,"iNaturalist regional candidate only; review habitat fit, introduced status and game value before inclusion."
mammals,97,yes,43222,Golden-rumped Sengi,Rhynchocyon chrysopygus,1,83,"iNaturalist regional candidate only; review habitat fit, introduced status and game value before inclusion."
mammals,98,yes,42362,Salt's Dik-dik,Madoqua saltiana,1,79,"iNaturalist regional candidate only; review habitat fit, introduced status and game value before inclusion."
mammals,99,yes,42339,Greater Kudu,Tragelaphus strepsiceros,1,79,"iNaturalist regional candidate only; review habitat fit, introduced status and game value before inclusion."
mammals,100,yes,123070,Domestic Goat,Capra hircus,1,78,"iNaturalist regional candidate only; review habitat fit, introduced status and game value before inclusion."
mammals,101,yes,41919,Marsh Mongoose,Atilax paludinosus,1,76,"iNaturalist regional candidate only; review habitat fit, introduced status and game value before inclusion."
mammals,102,yes,43565,Northern Lesser Galago,Galago senegalensis,1,74,"iNaturalist regional candidate only; review habitat fit, introduced status and game value before inclusion."
mammals,103,yes,41963,Leopard,Panthera pardus,1,74,"iNaturalist regional candidate only; review habitat fit, introduced status and game value before inclusion."
mammals,104,yes,326023,Udzungwa Red Colobus,Piliocolobus gordonorum,1,73,"iNaturalist regional candidate only; review habitat fit, introduced status and game value before inclusion."
mammals,105,yes,43525,Angola Colobus,Colobus angolensis,1,72,"iNaturalist regional candidate only; review habitat fit, introduced status and game value before inclusion."
mammals,106,yes,46195,Gambian Sun Squirrel,Heliosciurus gambianus,1,72,"iNaturalist regional candidate only; review habitat fit, introduced status and game value before inclusion."
mammals,107,yes,148030,Donkey,Equus asinus,1,70,"iNaturalist regional candidate only; review habitat fit, introduced status and game value before inclusion."
mammals,108,yes,183180,Angolan Soft-furred Fruit Bat,Myonycteris angolensis,1,70,"iNaturalist regional candidate only; review habitat fit, introduced status and game value before inclusion."
mammals,109,yes,1453939,Mesic Four-striped Grass Rat,Rhabdomys dilectus,1,70,"iNaturalist regional candidate only; review habitat fit, introduced status and game value before inclusion."
mammals,110,yes,371414,African Wildcat,Felis lybica,1,68,"iNaturalist regional candidate only; review habitat fit, introduced status and game value before inclusion."
mammals,111,yes,41834,Ratel,Mellivora capensis,1,66,"iNaturalist regional candidate only; review habitat fit, introduced status and game value before inclusion."
mammals,112,yes,43530,Gelada,Theropithecus gelada,1,66,"iNaturalist regional candidate only; review habitat fit, introduced status and game value before inclusion."
mammals,113,yes,43567,Brown Greater Galago,Otolemur crassicaudatus,1,65,"iNaturalist regional candidate only; review habitat fit, introduced status and game value before inclusion."
mammals,114,yes,45669,Blick's Grass Rat,Arvicanthis blicki,1,59,"iNaturalist regional candidate only; review habitat fit, introduced status and game value before inclusion."
mammals,115,yes,45496,Typical Striped Grass Mouse,Lemniscomys striatus,1,59,"iNaturalist regional candidate only; review habitat fit, introduced status and game value before inclusion."
mammals,116,yes,1431008,Eastern Aardwolf,Proteles septentrionalis,1,59,"iNaturalist regional candidate only; review habitat fit, introduced status and game value before inclusion."
mammals,117,yes,43473,De Brazza's Monkey,Cercopithecus neglectus,1,56,"iNaturalist regional candidate only; review habitat fit, introduced status and game value before inclusion."
mammals,118,yes,41582,African Palm-civet,Nandinia binotata,1,56,"iNaturalist regional candidate only; review habitat fit, introduced status and game value before inclusion."
mammals,119,yes,43997,Coypu,Myocastor coypus,1,55,"iNaturalist regional candidate only; review habitat fit, introduced status and game value before inclusion."
mammals,120,yes,43480,Red-tailed Monkey,Cercopithecus ascanius,1,53,"iNaturalist regional candidate only; review habitat fit, introduced status and game value before inclusion."
mammals,121,yes,42340,Lesser Kudu,Tragelaphus imberbis,1,53,"iNaturalist regional candidate only; review habitat fit, introduced status and game value before inclusion."
mammals,122,yes,42375,Steenbok,Raphicerus campestris,1,52,"iNaturalist regional candidate only; review habitat fit, introduced status and game value before inclusion."
mammals,123,yes,40901,Pemba Flying-fox,Pteropus voeltzkowi,1,51,"iNaturalist regional candidate only; review habitat fit, introduced status and game value before inclusion."
mammals,124,yes,42354,Walia Ibex,Capra walie,1,49,"iNaturalist regional candidate only; review habitat fit, introduced status and game value before inclusion."
mammals,125,yes,469961,Indian Humpback Dolphin,Sousa plumbea,1,48,"iNaturalist regional candidate only; review habitat fit, introduced status and game value before inclusion."
mammals,126,yes,46192,Ruwenzori Sun Squirrel,Heliosciurus ruwenzorii,1,45,"iNaturalist regional candidate only; review habitat fit, introduced status and game value before inclusion."
mammals,127,yes,43224,Black-and-rufous Sengi,Rhynchocyon petersi,1,44,"iNaturalist regional candidate only; review habitat fit, introduced status and game value before inclusion."
mammals,128,yes,44990,Giant Root Rat,Tachyoryctes macrocephalus,1,44,"iNaturalist regional candidate only; review habitat fit, introduced status and game value before inclusion."
mammals,129,yes,43348,White Rhinoceros,Ceratotherium simum,1,43,"iNaturalist regional candidate only; review habitat fit, introduced status and game value before inclusion."
mammals,130,yes,74851,Eastern Springhare,Pedetes surdaster,1,43,"iNaturalist regional candidate only; review habitat fit, introduced status and game value before inclusion."
mammals,131,yes,46202,Forest Giant Squirrel,Protoxerus stangeri,1,43,"iNaturalist regional candidate only; review habitat fit, introduced status and game value before inclusion."
mammals,132,yes,42341,Northern Bushbuck,Tragelaphus scriptus,1,43,"iNaturalist regional candidate only; review habitat fit, introduced status and game value before inclusion."
mammals,133,yes,41900,Egyptian Mongoose,Herpestes ichneumon,1,42,"iNaturalist regional candidate only; review habitat fit, introduced status and game value before inclusion."
mammals,134,yes,40811,Wahlberg's Epauletted Fruit Bat,Epomophorus wahlbergi,1,41,"iNaturalist regional candidate only; review habitat fit, introduced status and game value before inclusion."
mammals,135,yes,43564,Somali Lesser Galago,Galago gallarum,1,39,"iNaturalist regional candidate only; review habitat fit, introduced status and game value before inclusion."
mammals,136,yes,43137,Ethiopian Highland Hare,Lepus starcki,1,39,"iNaturalist regional candidate only; review habitat fit, introduced status and game value before inclusion."
mammals,137,yes,42042,Caracal,Caracal caracal,1,37,"iNaturalist regional candidate only; review habitat fit, introduced status and game value before inclusion."
mammals,138,yes,42364,Gerenuk,Litocranius walleri,1,37,"iNaturalist regional candidate only; review habitat fit, introduced status and game value before inclusion."
mammals,139,yes,41195,Hairy Slit-faced Bat,Nycteris hispida,1,36,"iNaturalist regional candidate only; review habitat fit, introduced status and game value before inclusion."
mammals,140,yes,41925,Bushy-tailed Mongoose,Bdeogale crassicauda,1,35,"iNaturalist regional candidate only; review habitat fit, introduced status and game value before inclusion."
mammals,141,yes,74108,Hirola,Beatragus hunteri,1,34,"iNaturalist regional candidate only; review habitat fit, introduced status and game value before inclusion."
mammals,142,yes,1430996,Weyns's Duiker,Cephalophorus weynsi,1,34,"iNaturalist regional candidate only; review habitat fit, introduced status and game value before inclusion."
mammals,143,yes,74503,Abyssinian Hare,Lepus habessinicus,1,34,"iNaturalist regional candidate only; review habitat fit, introduced status and game value before inclusion."
mammals,144,yes,46109,Alexander's Bush Squirrel,Paraxerus alexandri,1,34,"iNaturalist regional candidate only; review habitat fit, introduced status and game value before inclusion."
mammals,145,yes,46107,Swynnerton's Bush Squirrel,Paraxerus vexillarius,1,34,"iNaturalist regional candidate only; review habitat fit, introduced status and game value before inclusion."
mammals,146,yes,183177,African Sheath-tailed Bat,Coleura afra,1,33,"iNaturalist regional candidate only; review habitat fit, introduced status and game value before inclusion."
mammals,147,yes,45962,Carruthers' Mountain Squirrel,Funisciurus carruthersi,1,33,"iNaturalist regional candidate only; review habitat fit, introduced status and game value before inclusion."
mammals,148,yes,42338,Sitatunga,Tragelaphus spekii,1,31,"iNaturalist regional candidate only; review habitat fit, introduced status and game value before inclusion."
mammals,149,yes,43746,Naked Molerat,Heterocephalus glaber,1,30,"iNaturalist regional candidate only; review habitat fit, introduced status and game value before inclusion."
mammals,150,yes,42332,Roan Antelope,Hippotragus equinus,1,30,"iNaturalist regional candidate only; review habitat fit, introduced status and game value before inclusion."
mammals,151,yes,43462,Patas Monkey,Erythrocebus patas,1,29,"iNaturalist regional candidate only; review habitat fit, introduced status and game value before inclusion."
mammals,152,yes,46111,Striped Bush Squirrel,Paraxerus flavovittis,1,29,"iNaturalist regional candidate only; review habitat fit, introduced status and game value before inclusion."
mammals,153,yes,549031,East African Potto,Perodicticus ibeanus,1,29,"iNaturalist regional candidate only; review habitat fit, introduced status and game value before inclusion."
mammals,154,yes,42330,Kob,Kobus kob,1,28,"iNaturalist regional candidate only; review habitat fit, introduced status and game value before inclusion."
mammals,155,yes,74866,White-bellied Pangolin,Phataginus tricuspis,1,28,"iNaturalist regional candidate only; review habitat fit, introduced status and game value before inclusion."
mammals,156,yes,43468,Tana River Crested Mangabey,Cercocebus galeritus,1,27,"iNaturalist regional candidate only; review habitat fit, introduced status and game value before inclusion."
mammals,157,yes,40843,Hammer-headed Fruit Bat,Hypsignathus monstrosus,1,27,"iNaturalist regional candidate only; review habitat fit, introduced status and game value before inclusion."
mammals,158,yes,44950,Maned Rat,Lophiomys imhausi,1,27,"iNaturalist regional candidate only; review habitat fit, introduced status and game value before inclusion."
mammals,159,yes,1275849,Rufous Sengi,Galegeeska rufescens,1,26,"iNaturalist regional candidate only; review habitat fit, introduced status and game value before inclusion."
mammals,160,yes,520070,Tana River Red Colobus,Piliocolobus rufomitratus,1,26,"iNaturalist regional candidate only; review habitat fit, introduced status and game value before inclusion."
mammals,161,no,75083,Temminck's Ground Pangolin,Smutsia temminckii,1,26,"iNaturalist regional candidate only; review habitat fit, introduced status and game value before inclusion."
mammals,162,no,154719,African Trident Bat,Triaenops afer,1,26,"iNaturalist regional candidate only; review habitat fit, introduced status and game value before inclusion."
mammals,163,no,566541,Dent’s Monkey,Cercopithecus denti,1,25,"iNaturalist regional candidate only; review habitat fit, introduced status and game value before inclusion."
mammals,164,no,41822,Zorilla,Ictonyx striatus,1,25,"iNaturalist regional candidate only; review habitat fit, introduced status and game value before inclusion."
mammals,165,no,43563,Spectacled Lesser Galago,Galago matschiei,1,24,"iNaturalist regional candidate only; review habitat fit, introduced status and game value before inclusion."
mammals,166,no,44173,Cape Porcupine,Hystrix africaeaustralis,1,24,"iNaturalist regional candidate only; review habitat fit, introduced status and game value before inclusion."
mammals,167,no,45414,Sundevall's Acacia Rat,Thallomys paedulcus,1,23,"iNaturalist regional candidate only; review habitat fit, introduced status and game value before inclusion."
mammals,168,no,74189,Bale Mountains Monkey,Chlorocebus djamdjamensis,1,22,"iNaturalist regional candidate only; review habitat fit, introduced status and game value before inclusion."
mammals,169,no,357910,Forest Elephant,Loxodonta cyclotis,1,21,"iNaturalist regional candidate only; review habitat fit, introduced status and game value before inclusion."
mammals,170,no,74164,Sanje Mangabey,Cercocebus sanjei,1,20,"iNaturalist regional candidate only; review habitat fit, introduced status and game value before inclusion."
mammals,171,no,45848,Woodland Dormouse,Graphiurus murinus,1,20,"iNaturalist regional candidate only; review habitat fit, introduced status and game value before inclusion."
mammals,172,no,42276,Tsessebe,Damaliscus lunatus,1,19,"iNaturalist regional candidate only; review habitat fit, introduced status and game value before inclusion."
mammals,173,no,74349,Thomas's Dwarf Galago,Galagoides thomasi,1,19,"iNaturalist regional candidate only; review habitat fit, introduced status and game value before inclusion."
mammals,174,no,1370990,Little Free-tailed Bat,Mops pumilus,1,18,"iNaturalist regional candidate only; review habitat fit, introduced status and game value before inclusion."
mammals,175,no,43577,Chimpanzee,Pan troglodytes,1,18,"iNaturalist regional candidate only; review habitat fit, introduced status and game value before inclusion."
mammals,176,no,43726,Derby's Anomalure,Anomalurus derbianus,1,17,"iNaturalist regional candidate only; review habitat fit, introduced status and game value before inclusion."
mammals,177,no,45670,Abyssinian Grass Rat,Arvicanthis abyssinicus,1,17,"iNaturalist regional candidate only; review habitat fit, introduced status and game value before inclusion."
mammals,178,no,851017,Striped leaf-nosed bat,Macronycteris vittata,1,17,"iNaturalist regional candidate only; review habitat fit, introduced status and game value before inclusion."
mammals,179,no,69991,East African Oryx,Oryx beisa,1,16,"iNaturalist regional candidate only; review habitat fit, introduced status and game value before inclusion."
mammals,180,no,41385,Hildegarde's Tomb Bat,Taphozous hildegardeae,1,16,"iNaturalist regional candidate only; review habitat fit, introduced status and game value before inclusion."
mammals,181,no,43093,Western Tree Hyrax,Dendrohyrax dorsalis,1,15,"iNaturalist regional candidate only; review habitat fit, introduced status and game value before inclusion."
mammals,182,no,1596260,Johnston's grey-cheeked mangabey,Lophocebus johnstoni,1,15,"iNaturalist regional candidate only; review habitat fit, introduced status and game value before inclusion."
mammals,183,no,45225,Black-clawed Brush-furred Rat,Lophuromys melanonyx,1,15,"iNaturalist regional candidate only; review habitat fit, introduced status and game value before inclusion."
mammals,184,no,557988,Kinda Baboon,Papio kindae,1,15,"iNaturalist regional candidate only; review habitat fit, introduced status and game value before inclusion."
mammals,185,no,44575,Black Rat,Rattus rattus,1,15,"iNaturalist regional candidate only; review habitat fit, introduced status and game value before inclusion."
mammals,186,no,44989,Northeast African Root Rat,Tachyoryctes splendens,1,15,"iNaturalist regional candidate only; review habitat fit, introduced status and game value before inclusion."
mammals,187,no,1638841,African Clawless Otter,Lutra capensis,1,14,"iNaturalist regional candidate only; review habitat fit, introduced status and game value before inclusion."
mammals,188,no,44716,Tiny Pygmy Mouse,Mus minutoides,1,13,"iNaturalist regional candidate only; review habitat fit, introduced status and game value before inclusion."
mammals,189,no,1431595,Zena Brush-furred Rat,Lophuromys zena,1,12,"iNaturalist regional candidate only; review habitat fit, introduced status and game value before inclusion."
mammals,190,no,41566,Humpback Whale,Megaptera novaeangliae,1,12,"iNaturalist regional candidate only; review habitat fit, introduced status and game value before inclusion."
mammals,191,no,45133,Common Rufous-nosed Rat,Oenomys hypoxanthus,1,12,"iNaturalist regional candidate only; review habitat fit, introduced status and game value before inclusion."
mammals,192,no,485417,Harrison's Large-eared Giant Mastiff Bat,Otomops harrisoni,1,12,"iNaturalist regional candidate only; review habitat fit, introduced status and game value before inclusion."
mammals,193,no,42123,Desert Warthog,Phacochoerus aethiopicus,1,12,"iNaturalist regional candidate only; review habitat fit, introduced status and game value before inclusion."
mammals,194,no,74870,Blue Duiker,Philantomba monticola,1,12,"iNaturalist regional candidate only; review habitat fit, introduced status and game value before inclusion."
mammals,195,no,45581,Wilson's Spiny Mouse,Acomys wilsoni,1,11,"iNaturalist regional candidate only; review habitat fit, introduced status and game value before inclusion."
mammals,196,no,43091,Eastern Tree Hyrax,Dendrohyrax validus,1,11,"iNaturalist regional candidate only; review habitat fit, introduced status and game value before inclusion."
mammals,197,no,44971,Grey Climbing Mouse,Dendromus melanotis,1,11,"iNaturalist regional candidate only; review habitat fit, introduced status and game value before inclusion."
mammals,198,no,74479,Heuglin's Striped Grass Mouse,Lemniscomys zebra,1,11,"iNaturalist regional candidate only; review habitat fit, introduced status and game value before inclusion."
mammals,199,no,1453927,Mount Kilimanjaro vlei rat,Otomys zinki,1,11,"iNaturalist regional candidate only; review habitat fit, introduced status and game value before inclusion."
mammals,200,no,1103823,Zanzibar Galago,Paragalago zanzibaricus,1,11,"iNaturalist regional candidate only; review habitat fit, introduced status and game value before inclusion."
mammals,201,no,44512,Northern Giant Pouched Rat,Cricetomys gambianus,1,10,"iNaturalist regional candidate only; review habitat fit, introduced status and game value before inclusion."
mammals,202,no,46194,Mutable Sun Squirrel,Heliosciurus mutabilis,1,10,"iNaturalist regional candidate only; review habitat fit, introduced status and game value before inclusion."
mammals,203,no,1430995,Aders' Duiker,Leucocephalophus adersi,1,10,"iNaturalist regional candidate only; review habitat fit, introduced status and game value before inclusion."
mammals,204,no,40696,Decken's horseshoe bat,Rhinolophus deckenii,1,10,"iNaturalist regional candidate only; review habitat fit, introduced status and game value before inclusion."
mammals,205,no,1430998,Rwenzori Red Duiker,Cephalophorus rubidus,1,9,"iNaturalist regional candidate only; review habitat fit, introduced status and game value before inclusion."
mammals,206,no,851034,Cyclops roundleaf bat,Doryrhina cyclops,1,9,"iNaturalist regional candidate only; review habitat fit, introduced status and game value before inclusion."
mammals,207,no,74318,Mongalla Gazelle,Eudorcas albonotata,1,9,"iNaturalist regional candidate only; review habitat fit, introduced status and game value before inclusion."
mammals,208,no,43135,Ethiopian Hare,Lepus fagani,1,9,"iNaturalist regional candidate only; review habitat fit, introduced status and game value before inclusion."
mammals,209,no,44705,House Mouse,Mus musculus,1,9,"iNaturalist regional candidate only; review habitat fit, introduced status and game value before inclusion."
mammals,210,no,43832,Speke's Gundi,Pectinator spekei,1,9,"iNaturalist regional candidate only; review habitat fit, introduced status and game value before inclusion."
mammals,211,no,42266,Dorcas Gazelle,Gazella dorcas,1,8,"iNaturalist regional candidate only; review habitat fit, introduced status and game value before inclusion."
mammals,212,no,41597,Servaline Genet,Genetta servalina,1,8,"iNaturalist regional candidate only; review habitat fit, introduced status and game value before inclusion."
mammals,213,no,1282034,East African Gerbil,Gerbilliscus vicinus,1,8,"iNaturalist regional candidate only; review habitat fit, introduced status and game value before inclusion."
mammals,214,no,1127568,Kenya Coast Galago,Paragalago cocos,1,8,"iNaturalist regional candidate only; review habitat fit, introduced status and game value before inclusion."
mammals,215,no,1127570,Uluguru Bushbaby,Paragalago orinus,1,8,"iNaturalist regional candidate only; review habitat fit, introduced status and game value before inclusion."
mammals,216,no,43166,Bunyoro Rabbit,Poelagus marjorita,1,8,"iNaturalist regional candidate only; review habitat fit, introduced status and game value before inclusion."
mammals,217,no,40680,Lander's horseshoe bat,Rhinolophus landeri,1,8,"iNaturalist regional candidate only; review habitat fit, introduced status and game value before inclusion."
mammals,218,no,46531,Asian House Shrew,Suncus murinus,1,8,"iNaturalist regional candidate only; review habitat fit, introduced status and game value before inclusion."
mammals,219,no,46279,Greater Cane Rat,Thryonomys swinderianus,1,8,"iNaturalist regional candidate only; review habitat fit, introduced status and game value before inclusion."
mammals,220,no,41482,Common Bottlenose Dolphin,Tursiops truncatus,1,8,"iNaturalist regional candidate only; review habitat fit, introduced status and game value before inclusion."
mammals,221,no,40813,Ethiopian Epauletted Fruit Bat,Epomophorus labiatus,1,7,"iNaturalist regional candidate only; review habitat fit, introduced status and game value before inclusion."
mammals,222,no,1431125,Peter's Dwarf Epauletted Fruit Bat,Epomophorus pusillus,1,7,"iNaturalist regional candidate only; review habitat fit, introduced status and game value before inclusion."
mammals,223,no,45253,Woodland Thicket Rat,Grammomys dolichurus,1,7,"iNaturalist regional candidate only; review habitat fit, introduced status and game value before inclusion."
mammals,224,no,46110,Smith's Bush Squirrel,Paraxerus cepapi,1,7,"iNaturalist regional candidate only; review habitat fit, introduced status and game value before inclusion."
mammals,225,no,884029,Semliki Red Colobus,Piliocolobus semlikiensis,1,7,"iNaturalist regional candidate only; review habitat fit, introduced status and game value before inclusion."
mammals,226,no,44576,Brown Rat,Rattus norvegicus,1,7,"iNaturalist regional candidate only; review habitat fit, introduced status and game value before inclusion."
mammals,227,no,183175,Hildebrandt's horseshoe bat,Rhinolophus hildebrandtii,1,7,"iNaturalist regional candidate only; review habitat fit, introduced status and game value before inclusion."
mammals,228,no,75019,Ruwenzori horseshoe bat,Rhinolophus ruwenzorii,1,7,"iNaturalist regional candidate only; review habitat fit, introduced status and game value before inclusion."
mammals,229,no,1123576,Checkered Sengi,Rhynchocyon cirnei,1,7,"iNaturalist regional candidate only; review habitat fit, introduced status and game value before inclusion."
mammals,230,no,40436,Yellow-bellied House Bat,Scotophilus dinganii,1,7,"iNaturalist regional candidate only; review habitat fit, introduced status and game value before inclusion."
mammals,231,no,41496,Spinner Dolphin,Stenella longirostris,1,7,"iNaturalist regional candidate only; review habitat fit, introduced status and game value before inclusion."
mammals,232,no,44528,Emin's Gerbil,Taterillus emini,1,7,"iNaturalist regional candidate only; review habitat fit, introduced status and game value before inclusion."
mammals,233,no,45592,Cairo Spiny Mouse,Acomys cahirinus,1,6,"iNaturalist regional candidate only; review habitat fit, introduced status and game value before inclusion."
mammals,234,no,45672,Nairobi Grass Rat,Arvicanthis nairobae,1,6,"iNaturalist regional candidate only; review habitat fit, introduced status and game value before inclusion."
mammals,235,no,45668,Neumann's Grass Rat,Arvicanthis neumanni,1,6,"iNaturalist regional candidate only; review habitat fit, introduced status and game value before inclusion."
mammals,236,no,44993,Long-tailed Pouched Rat,Beamys hindei,1,6,"iNaturalist regional candidate only; review habitat fit, introduced status and game value before inclusion."
mammals,237,no,560484,Minor Epauletted Fruit Bat,Epomophorus minor,1,6,"iNaturalist regional candidate only; review habitat fit, introduced status and game value before inclusion."
mammals,238,no,566537,Demidoff's Dwarf Galago,Galagoides demidoff,1,6,"iNaturalist regional candidate only; review habitat fit, introduced status and game value before inclusion."
mammals,239,no,74368,Black-tailed Gerbil,Gerbilliscus nigricaudus,1,6,"iNaturalist regional candidate only; review habitat fit, introduced status and game value before inclusion."
mammals,240,no,42334,Sable Antelope,Hippotragus niger,1,6,"iNaturalist regional candidate only; review habitat fit, introduced status and game value before inclusion."
mammals,241,no,45500,Single-striped Grass Mouse,Lemniscomys rosalia,1,6,"iNaturalist regional candidate only; review habitat fit, introduced status and game value before inclusion."
mammals,242,no,74698,Rufous mouse-eared bat,Myotis bocagii,1,6,"iNaturalist regional candidate only; review habitat fit, introduced status and game value before inclusion."
mammals,243,no,40279,Cape hairy bat,Myotis tricolor,1,6,"iNaturalist regional candidate only; review habitat fit, introduced status and game value before inclusion."
mammals,244,no,41192,Egyptian Slit-faced Bat,Nycteris thebaica,1,6,"iNaturalist regional candidate only; review habitat fit, introduced status and game value before inclusion."
mammals,245,no,1453934,Heller's Vlei Rat,Otomys helleri,1,6,"iNaturalist regional candidate only; review habitat fit, introduced status and game value before inclusion."
mammals,246,no,46108,Black-and-red Bush Squirrel,Paraxerus lucifer,1,6,"iNaturalist regional candidate only; review habitat fit, introduced status and game value before inclusion."
mammals,247,no,1431012,Rendall's serotine,Pseudoromicia rendalli,1,6,"iNaturalist regional candidate only; review habitat fit, introduced status and game value before inclusion."
mammals,248,no,320633,Geoffroy's horseshoe bat,Rhinolophus clivosus,1,6,"iNaturalist regional candidate only; review habitat fit, introduced status and game value before inclusion."
mammals,249,no,41381,Egyptian Tomb Bat,Taphozous perforatus,1,6,"iNaturalist regional candidate only; review habitat fit, introduced status and game value before inclusion."
mammals,250,no,45573,Red Veld Rat,Aethomys chrysophilus,1,5,"iNaturalist regional candidate only; review habitat fit, introduced status and game value before inclusion."
mammals,251,no,44513,Forest Giant Pouched Rat,Cricetomys emini,1,5,"iNaturalist regional candidate only; review habitat fit, introduced status and game value before inclusion."
mammals,252,no,43211,Short-snouted Sengi,Elephantulus brachyrhynchus,1,5,"iNaturalist regional candidate only; review habitat fit, introduced status and game value before inclusion."
mammals,253,no,1369318,Southern Patas Monkey,Erythrocebus baumstarki,1,5,"iNaturalist regional candidate only; review habitat fit, introduced status and game value before inclusion."
mammals,254,no,45957,Fire-footed Rope Squirrel,Funisciurus pyrropus,1,5,"iNaturalist regional candidate only; review habitat fit, introduced status and game value before inclusion."
mammals,255,no,45259,East African Thicket Rat,Grammomys ibeanus,1,5,"iNaturalist regional candidate only; review habitat fit, introduced status and game value before inclusion."
mammals,256,no,765544,Angolan Free-tailed Bat,Mops condylurus,1,5,"iNaturalist regional candidate only; review habitat fit, introduced status and game value before inclusion."
mammals,257,no,40336,Welwitsch's Mouse-eared Bat,Myotis welwitschii,1,5,"iNaturalist regional candidate only; review habitat fit, introduced status and game value before inclusion."
mammals,258,no,1431010,White-winged serotine,Pseudoromicia tenuipinnis,1,5,"iNaturalist regional candidate only; review habitat fit, introduced status and game value before inclusion."
mammals,259,no,75049,Kipunji,Rungwecebus kipunji,1,5,"iNaturalist regional candidate only; review habitat fit, introduced status and game value before inclusion."
mammals,260,no,45594,Percival's Spiny Mouse,Acomys percivali,1,4,"iNaturalist regional candidate only; review habitat fit, introduced status and game value before inclusion."
mammals,261,no,1431034,Banana Serotine,Afronycteris nanus,1,4,"iNaturalist regional candidate only; review habitat fit, introduced status and game value before inclusion."
mammals,262,no,42272,Dibatag,Ammodorcas clarkei,1,4,"iNaturalist regional candidate only; review habitat fit, introduced status and game value before inclusion."
mammals,263,no,42291,Abbott's Duiker,Cephalophus spadix,1,4,"iNaturalist regional candidate only; review habitat fit, introduced status and game value before inclusion."
mammals,264,no,46729,Hildegarde's Shrew,Crocidura hildegardeae,1,4,"iNaturalist regional candidate only; review habitat fit, introduced status and game value before inclusion."
mammals,265,no,68790,Eastern Gorilla,Gorilla beringei,1,4,"iNaturalist regional candidate only; review habitat fit, introduced status and game value before inclusion."
mammals,266,no,40716,Benito roundleaf bat,Hipposideros beatus,1,4,"iNaturalist regional candidate only; review habitat fit, introduced status and game value before inclusion."
mammals,267,no,42327,Nile Lechwe,Kobus megaceros,1,4,"iNaturalist regional candidate only; review habitat fit, introduced status and game value before inclusion."
mammals,268,no,485421,Large-eared Giant Mastiff Bat,Otomops martiensseni,1,4,"iNaturalist regional candidate only; review habitat fit, introduced status and game value before inclusion."
mammals,269,no,45439,Angoni vlei rat,Otomys angoniensis,1,4,"iNaturalist regional candidate only; review habitat fit, introduced status and game value before inclusion."
mammals,270,no,1123574,White-tailed Sengi,Rhynchocyon stuhlmanni,1,4,"iNaturalist regional candidate only; review habitat fit, introduced status and game value before inclusion."
mammals,271,no,40430,Dark-winged Lesser House Bat,Scotoecus hirundo,1,4,"iNaturalist regional candidate only; review habitat fit, introduced status and game value before inclusion."
mammals,272,no,40434,Nut-colored House Bat,Scotophilus nux,1,4,"iNaturalist regional candidate only; review habitat fit, introduced status and game value before inclusion."
mammals,273,no,75082,Giant Ground Pangolin,Smutsia gigantea,1,4,"iNaturalist regional candidate only; review habitat fit, introduced status and game value before inclusion."
mammals,274,no,44968,remarkable Climbing Mouse,Dendromus insignis,1,3,"iNaturalist regional candidate only; review habitat fit, introduced status and game value before inclusion."
mammals,275,no,1431857,Kivu climbing mouse,Dendromus nyasae,1,3,"iNaturalist regional candidate only; review habitat fit, introduced status and game value before inclusion."
mammals,276,no,57549,Variegated Butterfly Bat,Glauconycteris variegata,1,3,"iNaturalist regional candidate only; review habitat fit, introduced status and game value before inclusion."
mammals,277,no,45326,Natal Multimammate Mouse,Mastomys natalensis,1,3,"iNaturalist regional candidate only; review habitat fit, introduced status and game value before inclusion."
mammals,278,no,40623,Moloney's flat-headed bat,Mimetillus moloneyi,1,3,"iNaturalist regional candidate only; review habitat fit, introduced status and game value before inclusion."
mammals,279,no,40593,Greater Long-fingered Bat,Miniopterus inflatus,1,3,"iNaturalist regional candidate only; review habitat fit, introduced status and game value before inclusion."
mammals,280,no,40589,Least Long-fingered Bat,Miniopterus minor,1,3,"iNaturalist regional candidate only; review habitat fit, introduced status and game value before inclusion."
mammals,281,no,44686,Delicate Mouse,Mus tenellus,1,3,"iNaturalist regional candidate only; review habitat fit, introduced status and game value before inclusion."
mammals,282,no,1453932,Afroalpine Vlei Rat,Otomys orestes,1,3,"iNaturalist regional candidate only; review habitat fit, introduced status and game value before inclusion."
mammals,283,no,1103831,Rondo Bushbaby,Paragalago rondoensis,1,3,"iNaturalist regional candidate only; review habitat fit, introduced status and game value before inclusion."
mammals,284,no,74918,Peters's flat-headed bat,Platymops setiger,1,3,"iNaturalist regional candidate only; review habitat fit, introduced status and game value before inclusion."
mammals,285,no,40687,Eloquent horseshoe bat,Rhinolophus eloquens,1,3,"iNaturalist regional candidate only; review habitat fit, introduced status and game value before inclusion."
mammals,286,no,45471,Ethiopian Narrow-headed Rat,Stenocephalemys albocaudatus,1,3,"iNaturalist regional candidate only; review habitat fit, introduced status and game value before inclusion."
mammals,287,no,44181,African Brush-tailed Porcupine,Atherurus africanus,1,2,"iNaturalist regional candidate only; review habitat fit, introduced status and game value before inclusion."
mammals,288,no,74107,Sokoke Bushy-tailed Mongoose,Bdeogale omnivora,1,2,"iNaturalist regional candidate only; review habitat fit, introduced status and game value before inclusion."
mammals,289,no,851014,Golden Jackal,Canis aureus,1,2,"iNaturalist regional candidate only; review habitat fit, introduced status and game value before inclusion."
mammals,290,no,74146,African Golden Cat,Caracal auratus,1,2,"iNaturalist regional candidate only; review habitat fit, introduced status and game value before inclusion."
mammals,291,no,42514,Stuhlmann's Golden Mole,Chrysochloris stuhlmanni,1,2,"iNaturalist regional candidate only; review habitat fit, introduced status and game value before inclusion."
mammals,292,no,46621,Lesser Red White-toothed Shrew,Crocidura hirta,1,2,"iNaturalist regional candidate only; review habitat fit, introduced status and game value before inclusion."
mammals,293,no,44973,Lovat's climbing mouse,Dendromus lovati,1,2,"iNaturalist regional candidate only; review habitat fit, introduced status and game value before inclusion."
mammals,294,no,44976,chestnut climbing mouse,Dendromus mystacalis,1,2,"iNaturalist regional candidate only; review habitat fit, introduced status and game value before inclusion."
mammals,295,no,45779,Harrington's Scrub Rat,Desmomys harringtoni,1,2,"iNaturalist regional candidate only; review habitat fit, introduced status and game value before inclusion."
mammals,296,no,42270,Beira,Dorcatragus megalotis,1,2,"iNaturalist regional candidate only; review habitat fit, introduced status and game value before inclusion."
mammals,297,no,1114116,Greater roundleaf bat,Doryrhina camerunensis,1,2,"iNaturalist regional candidate only; review habitat fit, introduced status and game value before inclusion."
mammals,298,no,46311,Dugong,Dugong dugon,1,2,"iNaturalist regional candidate only; review habitat fit, introduced status and game value before inclusion."
mammals,299,no,40804,Franquet's Epauletted Bat,Epomops franqueti,1,2,"iNaturalist regional candidate only; review habitat fit, introduced status and game value before inclusion."
mammals,300,no,1275852,Somali Sengi,Galegeeska revoilii,1,2,"iNaturalist regional candidate only; review habitat fit, introduced status and game value before inclusion."
mammals,301,no,74361,Boehm's Gerbil,Gerbilliscus boehmi,1,2,"iNaturalist regional candidate only; review habitat fit, introduced status and game value before inclusion."
mammals,302,no,74369,Phillip's Gerbil,Gerbilliscus phillipsi,1,2,"iNaturalist regional candidate only; review habitat fit, introduced status and game value before inclusion."
mammals,303,no,44189,Cheesman's Gerbil,Gerbillus cheesmani,1,2,"iNaturalist regional candidate only; review habitat fit, introduced status and game value before inclusion."
mammals,304,no,44214,Least Gerbil,Gerbillus pusillus,1,2,"iNaturalist regional candidate only; review habitat fit, introduced status and game value before inclusion."
mammals,305,no,74374,Silvered Bat,Glauconycteris argentata,1,2,"iNaturalist regional candidate only; review habitat fit, introduced status and game value before inclusion."
mammals,306,no,45844,Kellen's African Dormouse,Graphiurus kelleni,1,2,"iNaturalist regional candidate only; review habitat fit, introduced status and game value before inclusion."
mammals,307,no,45842,Small-eared Dormouse,Graphiurus microtis,1,2,"iNaturalist regional candidate only; review habitat fit, introduced status and game value before inclusion."
mammals,308,no,45246,One-striped Forest Mouse,Hybomys univittatus,1,2,"iNaturalist regional candidate only; review habitat fit, introduced status and game value before inclusion."
mammals,309,no,40456,Damara woolly bat,Kerivoula argentata,1,2,"iNaturalist regional candidate only; review habitat fit, introduced status and game value before inclusion."
mammals,310,no,40475,Copper woolly bat,Kerivoula cuprosa,1,2,"iNaturalist regional candidate only; review habitat fit, introduced status and game value before inclusion."
mammals,311,no,40468,Lesser woolly bat,Kerivoula lanosa,1,2,"iNaturalist regional candidate only; review habitat fit, introduced status and game value before inclusion."
mammals,312,no,45499,Buffoon Striped Grass Mouse,Lemniscomys macculus,1,2,"iNaturalist regional candidate only; review habitat fit, introduced status and game value before inclusion."
mammals,313,no,959837,Machangu's Brush-furred Rat,Lophuromys machangui,1,2,"iNaturalist regional candidate only; review habitat fit, introduced status and game value before inclusion."
mammals,314,no,851015,Giant leaf-nosed bat,Macronycteris gigas,1,2,"iNaturalist regional candidate only; review habitat fit, introduced status and game value before inclusion."
mammals,315,no,765454,African Long-fingered Bat,Miniopterus africanus,1,2,"iNaturalist regional candidate only; review habitat fit, introduced status and game value before inclusion."
mammals,316,no,1431356,Lappet-eared Free-tailed Bat,Mops major,1,2,"iNaturalist regional candidate only; review habitat fit, introduced status and game value before inclusion."
mammals,317,no,765532,Zulu serotine,Neoromicia zuluensis,1,2,"iNaturalist regional candidate only; review habitat fit, introduced status and game value before inclusion."
mammals,318,no,41185,Bates's Slit-faced Bat,Nycteris arge,1,2,"iNaturalist regional candidate only; review habitat fit, introduced status and game value before inclusion."
mammals,319,no,41186,Large Slit-faced Bat,Nycteris grandis,1,2,"iNaturalist regional candidate only; review habitat fit, introduced status and game value before inclusion."
mammals,320,no,43151,European Rabbit,Oryctolagus cuniculus,1,2,"iNaturalist regional candidate only; review habitat fit, introduced status and game value before inclusion."
mammals,321,no,1453929,Udzungwa Vlei Rat,Otomys uzungwensis,1,2,"iNaturalist regional candidate only; review habitat fit, introduced status and game value before inclusion."
mammals,322,no,1127569,Mozambique Dwarf Galago,Paragalago granti,1,2,"iNaturalist regional candidate only; review habitat fit, introduced status and game value before inclusion."
mammals,323,no,74890,Sperm Whale,Physeter macrocephalus,1,2,"iNaturalist regional candidate only; review habitat fit, introduced status and game value before inclusion."
mammals,324,no,41827,Striped Weasel,Poecilogale albinucha,1,2,"iNaturalist regional candidate only; review habitat fit, introduced status and game value before inclusion."
mammals,325,no,45149,Tullberg's Praomys,Praomys tullbergi,1,2,"iNaturalist regional candidate only; review habitat fit, introduced status and game value before inclusion."
mammals,326,no,42305,Southern Reedbuck,Redunca arundinum,1,2,"iNaturalist regional candidate only; review habitat fit, introduced status and game value before inclusion."
mammals,327,no,40684,Rüppell's horseshoe bat,Rhinolophus fumigatus,1,2,"iNaturalist regional candidate only; review habitat fit, introduced status and game value before inclusion."
mammals,328,no,40693,Bushveld horseshoe bat,Rhinolophus simulator,1,2,"iNaturalist regional candidate only; review habitat fit, introduced status and game value before inclusion."
mammals,329,no,40435,White-bellied House Bat,Scotophilus leucogaster,1,2,"iNaturalist regional candidate only; review habitat fit, introduced status and game value before inclusion."
mammals,330,no,40433,Greenish House Bat,Scotophilus viridis,1,2,"iNaturalist regional candidate only; review habitat fit, introduced status and game value before inclusion."
mammals,331,no,1596164,Long-haired Rousette,Stenonycteris lanosa,1,2,"iNaturalist regional candidate only; review habitat fit, introduced status and game value before inclusion."
mammals,332,no,41377,Naked-rumped Tomb Bat,Taphozous nudiventris,1,2,"iNaturalist regional candidate only; review habitat fit, introduced status and game value before inclusion."
mammals,333,no,45411,Loring's Acacia Rat,Thallomys loringi,1,2,"iNaturalist regional candidate only; review habitat fit, introduced status and game value before inclusion."
mammals,334,no,154718,Persian Trident Bat,Triaenops persicus,1,2,"iNaturalist regional candidate only; review habitat fit, introduced status and game value before inclusion."
mammals,335,no,41618,Small Indian Civet,Viverricula indica,1,2,"iNaturalist regional candidate only; review habitat fit, introduced status and game value before inclusion."
mammals,336,no,74028,Gray Spiny Mouse,Acomys cineraceus,1,1,"iNaturalist regional candidate only; review habitat fit, introduced status and game value before inclusion."
mammals,337,no,901999,Muze Spiny Mouse,Acomys muzei,1,1,"iNaturalist regional candidate only; review habitat fit, introduced status and game value before inclusion."
mammals,338,no,45576,Hinde's Veld Rat,Aethomys hindei,1,1,"iNaturalist regional candidate only; review habitat fit, introduced status and game value before inclusion."
mammals,339,no,41753,Subantarctic Fur Seal,Arctocephalus tropicalis,1,1,"iNaturalist regional candidate only; review habitat fit, introduced status and game value before inclusion."
mammals,340,no,1453916,Bryde's Whale,Balaenoptera brydei,1,1,"iNaturalist regional candidate only; review habitat fit, introduced status and game value before inclusion."
mammals,341,no,1431002,Red Forest Duiker,Cephalophorus natalensis,1,1,"iNaturalist regional candidate only; review habitat fit, introduced status and game value before inclusion."
mammals,342,no,1431000,Black-fronted Duiker,Cephalophorus nigrifrons,1,1,"iNaturalist regional candidate only; review habitat fit, introduced status and game value before inclusion."
mammals,343,no,46668,greater gray-brown musk shrew,Crocidura luna,1,1,"iNaturalist regional candidate only; review habitat fit, introduced status and game value before inclusion."
mammals,344,no,46705,African Giant Shrew,Crocidura olivieri,1,1,"iNaturalist regional candidate only; review habitat fit, introduced status and game value before inclusion."
mammals,345,no,41915,Alexander's Kusimanse,Crossarchus alexandri,1,1,"iNaturalist regional candidate only; review habitat fit, introduced status and game value before inclusion."
mammals,346,no,43749,Common Molerat,Cryptomys hottentotus,1,1,"iNaturalist regional candidate only; review habitat fit, introduced status and game value before inclusion."
mammals,347,no,45632,Common Shaggy Rat,Dasymys incomtus,1,1,"iNaturalist regional candidate only; review habitat fit, introduced status and game value before inclusion."
mammals,348,no,44966,Congo forest mouse,Deomys ferrugineus,1,1,"iNaturalist regional candidate only; review habitat fit, introduced status and game value before inclusion."
mammals,349,no,41909,Pousargues' Mongoose,Dologale dybowskii,1,1,"iNaturalist regional candidate only; review habitat fit, introduced status and game value before inclusion."
mammals,350,no,64485,Peters's Epauletted Fruit Bat,Epomophorus crypturus,1,1,"iNaturalist regional candidate only; review habitat fit, introduced status and game value before inclusion."
mammals,351,no,560451,Eritrean Gazelle,Eudorcas tilonura,1,1,"iNaturalist regional candidate only; review habitat fit, introduced status and game value before inclusion."
mammals,352,no,43561,Southern Lesser Galago,Galago moholi,1,1,"iNaturalist regional candidate only; review habitat fit, introduced status and game value before inclusion."
mammals,353,no,41593,Miombo Genet,Genetta angolensis,1,1,"iNaturalist regional candidate only; review habitat fit, introduced status and game value before inclusion."
mammals,354,no,74366,Kemp's Gerbil,Gerbilliscus kempii,1,1,"iNaturalist regional candidate only; review habitat fit, introduced status and game value before inclusion."
mammals,355,no,74367,Bushveld Gerbil,Gerbilliscus leucogaster,1,1,"iNaturalist regional candidate only; review habitat fit, introduced status and game value before inclusion."
mammals,356,no,74371,Savannah Gerbil,Gerbilliscus validus,1,1,"iNaturalist regional candidate only; review habitat fit, introduced status and game value before inclusion."
mammals,357,no,74376,Bibundi Butterfly Bat,Glauconycteris egeria,1,1,"iNaturalist regional candidate only; review habitat fit, introduced status and game value before inclusion."
mammals,358,no,74377,Glen's Wattled Bat,Glauconycteris gleni,1,1,"iNaturalist regional candidate only; review habitat fit, introduced status and game value before inclusion."
mammals,359,no,74378,Allen's Spotted Bat,Glauconycteris humeralis,1,1,"iNaturalist regional candidate only; review habitat fit, introduced status and game value before inclusion."
mammals,360,no,74382,Pied Bat,Glauconycteris superba,1,1,"iNaturalist regional candidate only; review habitat fit, introduced status and game value before inclusion."
mammals,361,no,1595490,Grammomys surdaster,Grammomys surdaster,1,1,"iNaturalist regional candidate only; review habitat fit, introduced status and game value before inclusion."
mammals,362,no,40761,Sundevall's roundleaf bat,Hipposideros caffer,1,1,"iNaturalist regional candidate only; review habitat fit, introduced status and game value before inclusion."
mammals,363,no,607196,Arc Mountain Wood Mouse,Hylomyscus arcimontensis,1,1,"iNaturalist regional candidate only; review habitat fit, introduced status and game value before inclusion."
mammals,364,no,45279,Montane Wood Mouse,Hylomyscus denniae,1,1,"iNaturalist regional candidate only; review habitat fit, introduced status and game value before inclusion."
mammals,365,no,959501,Mount Kenya Wood Mouse,Hylomyscus endorobae,1,1,"iNaturalist regional candidate only; review habitat fit, introduced status and game value before inclusion."
mammals,366,no,42326,Puku,Kobus vardonii,1,1,"iNaturalist regional candidate only; review habitat fit, introduced status and game value before inclusion."
mammals,367,no,41465,Dwarf Sperm Whale,Kogia sima,1,1,"iNaturalist regional candidate only; review habitat fit, introduced status and game value before inclusion."
mammals,368,no,40529,De Winton's long-eared bat,Laephotis wintoni,1,1,"iNaturalist regional candidate only; review habitat fit, introduced status and game value before inclusion."
mammals,369,no,1431602,Dark-colored Brush-furred Rat,Lophuromys aquilus,1,1,"iNaturalist regional candidate only; review habitat fit, introduced status and game value before inclusion."
mammals,370,no,1370876,Kilonzo's Brush-furred Rat,Lophuromys kilonzoi,1,1,"iNaturalist regional candidate only; review habitat fit, introduced status and game value before inclusion."
mammals,371,no,45231,Rahm's Brush-furred Rat,Lophuromys rahmi,1,1,"iNaturalist regional candidate only; review habitat fit, introduced status and game value before inclusion."
mammals,372,no,1431596,Verhagen's Brush-furred Rat,Lophuromys verhageni,1,1,"iNaturalist regional candidate only; review habitat fit, introduced status and game value before inclusion."
mammals,373,no,45224,Woosnam's Brush-furred Rat,Lophuromys woosnami,1,1,"iNaturalist regional candidate only; review habitat fit, introduced status and game value before inclusion."
mammals,374,no,42361,Silver Dik-dik,Madoqua piacentinii,1,1,"iNaturalist regional candidate only; review habitat fit, introduced status and game value before inclusion."
mammals,375,no,45525,Big-eared Swamp Rat,Malacomys longipes,1,1,"iNaturalist regional candidate only; review habitat fit, introduced status and game value before inclusion."
mammals,376,no,183168,Woermann's fruit bat,Megaloglossus woermanni,1,1,"iNaturalist regional candidate only; review habitat fit, introduced status and game value before inclusion."
mammals,377,no,1398532,Delectable Soft-furred Mouse,Montemys delectorum,1,1,"iNaturalist regional candidate only; review habitat fit, introduced status and game value before inclusion."
mammals,378,no,765538,Bakari's Free-tailed Bat,Mops bakarii,1,1,"iNaturalist regional candidate only; review habitat fit, introduced status and game value before inclusion."
mammals,379,no,1431339,Spotted Free-tailed Bat,Mops bivittatus,1,1,"iNaturalist regional candidate only; review habitat fit, introduced status and game value before inclusion."
mammals,380,no,859271,Ethiopian Striped Mouse,Mus imberbis,1,1,"iNaturalist regional candidate only; review habitat fit, introduced status and game value before inclusion."
mammals,381,no,44711,West African Pygmy Mouse,Mus musculoides,1,1,"iNaturalist regional candidate only; review habitat fit, introduced status and game value before inclusion."
mammals,382,no,44685,Grey-bellied Pygmy Mouse,Mus triton,1,1,"iNaturalist regional candidate only; review habitat fit, introduced status and game value before inclusion."
mammals,383,no,40966,East African Collared Fruit Bat,Myonycteris relicta,1,1,"iNaturalist regional candidate only; review habitat fit, introduced status and game value before inclusion."
mammals,384,no,183167,Little Collared Fruit Bat,Myonycteris torquata,1,1,"iNaturalist regional candidate only; review habitat fit, introduced status and game value before inclusion."
mammals,385,no,41317,Daubenton's free-tailed bat,Myopterus daubentonii,1,1,"iNaturalist regional candidate only; review habitat fit, introduced status and game value before inclusion."
mammals,386,no,46796,Babault's Mouse Shrew,Myosorex babaulti,1,1,"iNaturalist regional candidate only; review habitat fit, introduced status and game value before inclusion."
mammals,387,no,40275,Morris' mouse-eared bat,Myotis morrisi,1,1,"iNaturalist regional candidate only; review habitat fit, introduced status and game value before inclusion."
mammals,388,no,1370984,Broad-headed pipistrelle,Nycticeinops crassulus,1,1,"iNaturalist regional candidate only; review habitat fit, introduced status and game value before inclusion."
mammals,389,no,57550,Schlieffen's bat,Nycticeinops schlieffenii,1,1,"iNaturalist regional candidate only; review habitat fit, introduced status and game value before inclusion."
mammals,390,no,1453936,Rwenzori Vlei Rat,Otomys dartmouthi,1,1,"iNaturalist regional candidate only; review habitat fit, introduced status and game value before inclusion."
mammals,391,no,45437,Southern Vlei Rat,Otomys irroratus,1,1,"iNaturalist regional candidate only; review habitat fit, introduced status and game value before inclusion."
mammals,392,no,74823,Tanzanian Vlei Rat,Otomys lacustris,1,1,"iNaturalist regional candidate only; review habitat fit, introduced status and game value before inclusion."
mammals,393,no,74924,Ethiopian Big-eared Bat,Plecotus balensis,1,1,"iNaturalist regional candidate only; review habitat fit, introduced status and game value before inclusion."
mammals,394,no,1431140,Nyika climbing mouse,Poemys nyikae,1,1,"iNaturalist regional candidate only; review habitat fit, introduced status and game value before inclusion."
mammals,395,no,45142,Jackson's Praomys,Praomys jacksoni,1,1,"iNaturalist regional candidate only; review habitat fit, introduced status and game value before inclusion."
mammals,396,no,1431013,Nyanza Serotine,Pseudoromicia nyanza,1,1,"iNaturalist regional candidate only; review habitat fit, introduced status and game value before inclusion."
mammals,397,no,1596161,Heuglin's Horseshoe Bat,Rhinolophus acrotis,1,1,"iNaturalist regional candidate only; review habitat fit, introduced status and game value before inclusion."
mammals,398,no,338548,Darling's horseshoe bat,Rhinolophus darlingi,1,1,"iNaturalist regional candidate only; review habitat fit, introduced status and game value before inclusion."
mammals,399,no,75017,Maendeleo horseshoe bat,Rhinolophus maendeleo,1,1,"iNaturalist regional candidate only; review habitat fit, introduced status and game value before inclusion."
mammals,400,no,46533,Ruwenzori Shrew,Ruwenzorisorex suncoides,1,1,"iNaturalist regional candidate only; review habitat fit, introduced status and game value before inclusion."
mammals,401,no,41344,Pel's pouched bat,Saccolaimus peli,1,1,"iNaturalist regional candidate only; review habitat fit, introduced status and game value before inclusion."
mammals,402,no,44510,East African Pouched Mouse,Saccostomus mearnsi,1,1,"iNaturalist regional candidate only; review habitat fit, introduced status and game value before inclusion."
mammals,403,no,429910,Andrew Rebori's House Bat,Scotophilus andrewreborii,1,1,"iNaturalist regional candidate only; review habitat fit, introduced status and game value before inclusion."
mammals,404,no,75105,Ethiopian White-footed Mouse,Stenocephalemys albipes,1,1,"iNaturalist regional candidate only; review habitat fit, introduced status and game value before inclusion."
mammals,405,no,46521,Lesser Dwarf Shrew,Suncus varilla,1,1,"iNaturalist regional candidate only; review habitat fit, introduced status and game value before inclusion."
mammals,406,no,46545,Howell's Forest Shrew,Sylvisorex howelli,1,1,"iNaturalist regional candidate only; review habitat fit, introduced status and game value before inclusion."
mammals,407,no,41300,Egyptian Free-tailed Bat,Tadarida aegyptiaca,1,1,"iNaturalist regional candidate only; review habitat fit, introduced status and game value before inclusion."
mammals,408,no,41299,African Giant Free-tailed Bat,Tadarida ventralis,1,1,"iNaturalist regional candidate only; review habitat fit, introduced status and game value before inclusion."
mammals,409,no,45531,Charming Thicket Rat,Thamnomys venustus,1,1,"iNaturalist regional candidate only; review habitat fit, introduced status and game value before inclusion."
mammals,410,no,1431041,Rüppell's pipistrelle,Vansonia rueppellii,1,1,"iNaturalist regional candidate only; review habitat fit, introduced status and game value before inclusion."
birds,1,yes,14939,Superb Starling,Lamprotornis superbus,1,4139,"iNaturalist regional candidate only; review habitat fit, introduced status and game value before inclusion."
birds,2,yes,201031,Marabou Stork,Leptoptilos crumenifer,1,4010,"iNaturalist regional candidate only; review habitat fit, introduced status and game value before inclusion."
birds,3,yes,72486,Egyptian Goose,Alopochen aegyptiaca,1,3211,"iNaturalist regional candidate only; review habitat fit, introduced status and game value before inclusion."
birds,4,yes,1505670,African Fish-Eagle,Icthyophaga vocifer,1,3125,"iNaturalist regional candidate only; review habitat fit, introduced status and game value before inclusion."
birds,5,yes,14588,Common Bulbul,Pycnonotus barbatus,1,3101,"iNaturalist regional candidate only; review habitat fit, introduced status and game value before inclusion."
birds,6,yes,2269,Lilac-breasted Roller,Coracias caudatus,1,2924,"iNaturalist regional candidate only; review habitat fit, introduced status and game value before inclusion."
birds,7,yes,3704,Speckled Mousebird,Colius striatus,1,2519,"iNaturalist regional candidate only; review habitat fit, introduced status and game value before inclusion."
birds,8,yes,53,Gray Crowned-Crane,Balearica regulorum,1,2496,"iNaturalist regional candidate only; review habitat fit, introduced status and game value before inclusion."
birds,9,yes,4972,Black-headed Heron,Ardea melanocephala,1,2489,"iNaturalist regional candidate only; review habitat fit, introduced status and game value before inclusion."
birds,10,yes,4744,Yellow-billed Stork,Mycteria ibis,1,2415,"iNaturalist regional candidate only; review habitat fit, introduced status and game value before inclusion."
birds,11,yes,3743,Hadada Ibis,Bostrychia hagedash,1,2398,"iNaturalist regional candidate only; review habitat fit, introduced status and game value before inclusion."
birds,12,yes,3739,African Sacred Ibis,Threskiornis aethiopicus,1,2354,"iNaturalist regional candidate only; review habitat fit, introduced status and game value before inclusion."
birds,13,yes,5079,Tawny Eagle,Aquila rapax,1,2346,"iNaturalist regional candidate only; review habitat fit, introduced status and game value before inclusion."
birds,14,yes,5363,White-backed Vulture,Gyps africanus,1,2326,"iNaturalist regional candidate only; review habitat fit, introduced status and game value before inclusion."
birds,15,yes,3834,Hamerkop,Scopus umbretta,1,2204,"iNaturalist regional candidate only; review habitat fit, introduced status and game value before inclusion."
birds,16,yes,13805,Baglafecht Weaver,Ploceus baglafecht,1,2090,"iNaturalist regional candidate only; review habitat fit, introduced status and game value before inclusion."
birds,17,yes,1428,Helmeted Guineafowl,Numida meleagris,1,2080,"iNaturalist regional candidate only; review habitat fit, introduced status and game value before inclusion."
birds,18,yes,13701,African Pied Wagtail,Motacilla aguimp,1,2061,"iNaturalist regional candidate only; review habitat fit, introduced status and game value before inclusion."
birds,19,yes,117214,Secretarybird,Sagittarius serpentarius,1,2023,"iNaturalist regional candidate only; review habitat fit, introduced status and game value before inclusion."
birds,20,yes,204471,Augur Buzzard,Buteo augur,1,1953,"iNaturalist regional candidate only; review habitat fit, introduced status and game value before inclusion."
birds,21,yes,2185,Little Bee-eater,Merops pusillus,1,1903,"iNaturalist regional candidate only; review habitat fit, introduced status and game value before inclusion."
birds,22,yes,411086,Western Cattle-Egret,Ardea ibis,1,1849,"iNaturalist regional candidate only; review habitat fit, introduced status and game value before inclusion."
birds,23,yes,2662,Pied Kingfisher,Ceryle rudis,1,1841,"iNaturalist regional candidate only; review habitat fit, introduced status and game value before inclusion."
birds,24,yes,145188,Variable Sunbird,Cinnyris venustus,1,1823,"iNaturalist regional candidate only; review habitat fit, introduced status and game value before inclusion."
birds,25,yes,4870,Blacksmith Lapwing,Vanellus armatus,1,1763,"iNaturalist regional candidate only; review habitat fit, introduced status and game value before inclusion."
birds,26,yes,4954,Grey Heron,Ardea cinerea,1,1756,"iNaturalist regional candidate only; review habitat fit, introduced status and game value before inclusion."
birds,27,yes,20526,Common Ostrich,Struthio camelus,1,1754,"iNaturalist regional candidate only; review habitat fit, introduced status and game value before inclusion."
birds,28,yes,4327,Great White Pelican,Pelecanus onocrotalus,1,1731,"iNaturalist regional candidate only; review habitat fit, introduced status and game value before inclusion."
birds,29,yes,72967,Rüppell's Starling,Lamprotornis purpuroptera,1,1707,"iNaturalist regional candidate only; review habitat fit, introduced status and game value before inclusion."
birds,30,yes,13796,Village Weaver,Ploceus cucullatus,1,1682,"iNaturalist regional candidate only; review habitat fit, introduced status and game value before inclusion."
birds,31,yes,14051,Red-billed Firefinch,Lagonosticta senegala,1,1644,"iNaturalist regional candidate only; review habitat fit, introduced status and game value before inclusion."
birds,32,yes,4259,Lesser Flamingo,Phoeniconaias minor,1,1624,"iNaturalist regional candidate only; review habitat fit, introduced status and game value before inclusion."
birds,33,yes,2328,Gray-headed Kingfisher,Halcyon leucocephala,1,1614,"iNaturalist regional candidate only; review habitat fit, introduced status and game value before inclusion."
birds,34,yes,14115,White-browed Sparrow-Weaver,Plocepasser mahali,1,1607,"iNaturalist regional candidate only; review habitat fit, introduced status and game value before inclusion."
birds,35,yes,4866,Spur-winged Lapwing,Vanellus spinosus,1,1602,"iNaturalist regional candidate only; review habitat fit, introduced status and game value before inclusion."
birds,36,yes,1630,White-browed Coucal,Centropus superciliosus,1,1558,"iNaturalist regional candidate only; review habitat fit, introduced status and game value before inclusion."
birds,37,yes,327608,Rüppell's Griffon,Gyps rueppelli,1,1542,"iNaturalist regional candidate only; review habitat fit, introduced status and game value before inclusion."
birds,38,yes,5268,Black Kite,Milvus migrans,1,1500,"iNaturalist regional candidate only; review habitat fit, introduced status and game value before inclusion."
birds,39,yes,4585,African Jacana,Actophilornis africanus,1,1488,"iNaturalist regional candidate only; review habitat fit, introduced status and game value before inclusion."
birds,40,yes,8038,Pied Crow,Corvus albus,1,1472,"iNaturalist regional candidate only; review habitat fit, introduced status and game value before inclusion."
birds,41,yes,558513,White-rumped Shrike,Eurocephalus ruppelli,1,1454,"iNaturalist regional candidate only; review habitat fit, introduced status and game value before inclusion."
birds,42,yes,4877,Crowned Lapwing,Vanellus coronatus,1,1452,"iNaturalist regional candidate only; review habitat fit, introduced status and game value before inclusion."
birds,43,yes,5401,Lappet-faced Vulture,Torgos tracheliotos,1,1433,"iNaturalist regional candidate only; review habitat fit, introduced status and game value before inclusion."
birds,44,yes,14027,Red-cheeked Cordonbleu,Uraeginthus bengalus,1,1399,"iNaturalist regional candidate only; review habitat fit, introduced status and game value before inclusion."
birds,45,yes,115,Kori Bustard,Ardeotis kori,1,1395,"iNaturalist regional candidate only; review habitat fit, introduced status and game value before inclusion."
birds,46,yes,203820,Northern Red-billed Hornbill,Tockus erythrorhynchus,1,1387,"iNaturalist regional candidate only; review habitat fit, introduced status and game value before inclusion."
birds,47,yes,8268,Fork-tailed Drongo,Dicrurus adsimilis,1,1383,"iNaturalist regional candidate only; review habitat fit, introduced status and game value before inclusion."
birds,48,yes,5231,Bateleur,Terathopius ecaudatus,1,1373,"iNaturalist regional candidate only; review habitat fit, introduced status and game value before inclusion."
birds,49,yes,508246,Reed Cormorant,Microcarbo africanus,1,1369,"iNaturalist regional candidate only; review habitat fit, introduced status and game value before inclusion."
birds,50,yes,12050,Grey-backed Fiscal,Lanius excubitoroides,1,1365,"iNaturalist regional candidate only; review habitat fit, introduced status and game value before inclusion."
birds,51,yes,4943,Little Egret,Egretta garzetta,1,1344,"iNaturalist regional candidate only; review habitat fit, introduced status and game value before inclusion."
birds,52,yes,5483,Von der Decken's Hornbill,Tockus deckeni,1,1341,"iNaturalist regional candidate only; review habitat fit, introduced status and game value before inclusion."
birds,53,yes,14087,White-headed Buffalo-Weaver,Dinemellia dinemelli,1,1329,"iNaturalist regional candidate only; review habitat fit, introduced status and game value before inclusion."
birds,54,yes,2988,Red-eyed Dove,Streptopelia semitorquata,1,1328,"iNaturalist regional candidate only; review habitat fit, introduced status and game value before inclusion."
birds,55,yes,4835,Black-winged Stilt,Himantopus himantopus,1,1313,"iNaturalist regional candidate only; review habitat fit, introduced status and game value before inclusion."
birds,56,yes,2959,Cape Turtle Dove,Streptopelia capicola,1,1250,"iNaturalist regional candidate only; review habitat fit, introduced status and game value before inclusion."
birds,57,yes,144651,Malachite Kingfisher,Corythornis cristatus,1,1246,"iNaturalist regional candidate only; review habitat fit, introduced status and game value before inclusion."
birds,58,yes,201149,Northern Fiscal,Lanius humeralis,1,1241,"iNaturalist regional candidate only; review habitat fit, introduced status and game value before inclusion."
birds,59,yes,5335,Long-crested Eagle,Lophaetus occipitalis,1,1239,"iNaturalist regional candidate only; review habitat fit, introduced status and game value before inclusion."
birds,60,yes,5344,Martial Eagle,Polemaetus bellicosus,1,1226,"iNaturalist regional candidate only; review habitat fit, introduced status and game value before inclusion."
birds,61,yes,3036,Speckled Pigeon,Columba guinea,1,1203,"iNaturalist regional candidate only; review habitat fit, introduced status and game value before inclusion."
birds,62,yes,8354,African Paradise-Flycatcher,Terpsiphone viridis,1,1175,"iNaturalist regional candidate only; review habitat fit, introduced status and game value before inclusion."
birds,63,yes,144281,Southern Ground Hornbill,Bucorvus leadbeateri,1,1126,"iNaturalist regional candidate only; review habitat fit, introduced status and game value before inclusion."
birds,64,yes,13350,Bronze Sunbird,Nectarinia kilimensis,1,1110,"iNaturalist regional candidate only; review habitat fit, introduced status and game value before inclusion."
birds,65,yes,12792,White-browed Robin-Chat,Cossypha heuglini,1,1104,"iNaturalist regional candidate only; review habitat fit, introduced status and game value before inclusion."
birds,66,yes,145143,Scarlet-chested Sunbird,Chalcomitra senegalensis,1,1093,"iNaturalist regional candidate only; review habitat fit, introduced status and game value before inclusion."
birds,67,yes,3734,African Spoonbill,Platalea alba,1,1085,"iNaturalist regional candidate only; review habitat fit, introduced status and game value before inclusion."
birds,68,yes,1584479,Red-billed Oxpecker,Buphagus erythroryncha,1,1083,"iNaturalist regional candidate only; review habitat fit, introduced status and game value before inclusion."
birds,69,yes,5426,Hooded Vulture,Necrosyrtes monachus,1,1061,"iNaturalist regional candidate only; review habitat fit, introduced status and game value before inclusion."
birds,70,yes,73222,Greater Flamingo,Phoenicopterus roseus,1,1060,"iNaturalist regional candidate only; review habitat fit, introduced status and game value before inclusion."
birds,71,yes,558619,Streaky Seedeater,Crithagra striolata,1,1057,"iNaturalist regional candidate only; review habitat fit, introduced status and game value before inclusion."
birds,72,yes,145018,White-eyed Slaty-Flycatcher,Melaenornis fischeri,1,1050,"iNaturalist regional candidate only; review habitat fit, introduced status and game value before inclusion."
birds,73,yes,495989,Yellow-necked Spurfowl,Pternistis leucoscepus,1,1048,"iNaturalist regional candidate only; review habitat fit, introduced status and game value before inclusion."
birds,74,yes,1506031,White-bellied Go-away-bird,Crinifer leucogaster,1,1039,"iNaturalist regional candidate only; review habitat fit, introduced status and game value before inclusion."
birds,75,yes,13870,Northern Grey-headed Sparrow,Passer griseus,1,1034,"iNaturalist regional candidate only; review habitat fit, introduced status and game value before inclusion."
birds,76,yes,4754,Saddle-billed Stork,Ephippiorhynchus senegalensis,1,1031,"iNaturalist regional candidate only; review habitat fit, introduced status and game value before inclusion."
birds,77,yes,367700,Bronze Mannikin,Spermestes cucullata,1,980,"iNaturalist regional candidate only; review habitat fit, introduced status and game value before inclusion."
birds,78,yes,5339,Eastern Chanting-Goshawk,Melierax poliopterus,1,967,"iNaturalist regional candidate only; review habitat fit, introduced status and game value before inclusion."
birds,79,yes,144455,Great Egret,Ardea alba,1,964,"iNaturalist regional candidate only; review habitat fit, introduced status and game value before inclusion."
birds,80,yes,116831,Yellow-billed Oxpecker,Buphagus africanus,1,964,"iNaturalist regional candidate only; review habitat fit, introduced status and game value before inclusion."
birds,81,yes,14011,Pin-tailed Whydah,Vidua macroura,1,939,"iNaturalist regional candidate only; review habitat fit, introduced status and game value before inclusion."
birds,82,yes,145081,Abyssinian Thrush,Turdus abyssinicus,1,933,"iNaturalist regional candidate only; review habitat fit, introduced status and game value before inclusion."
birds,83,yes,14923,Greater Blue-eared Starling,Lamprotornis chalybaeus,1,932,"iNaturalist regional candidate only; review habitat fit, introduced status and game value before inclusion."
birds,84,yes,15032,Wattled Starling,Creatophora cinerea,1,931,"iNaturalist regional candidate only; review habitat fit, introduced status and game value before inclusion."
birds,85,yes,13798,Speke's Weaver,Ploceus spekei,1,921,"iNaturalist regional candidate only; review habitat fit, introduced status and game value before inclusion."
birds,86,yes,1455922,Laughing Dove,Spilopelia senegalensis,1,910,"iNaturalist regional candidate only; review habitat fit, introduced status and game value before inclusion."
birds,87,yes,3888,Wood Sandpiper,Tringa glareola,1,910,"iNaturalist regional candidate only; review habitat fit, introduced status and game value before inclusion."
birds,88,yes,4969,Goliath Heron,Ardea goliath,1,895,"iNaturalist regional candidate only; review habitat fit, introduced status and game value before inclusion."
birds,89,yes,495994,Red-necked Spurfowl,Pternistis afer,1,890,"iNaturalist regional candidate only; review habitat fit, introduced status and game value before inclusion."
birds,90,yes,95,White-bellied Korhaan,Eupodotis senegalensis,1,878,"iNaturalist regional candidate only; review habitat fit, introduced status and game value before inclusion."
birds,91,yes,12799,African Gray Flycatcher,Bradornis microrhynchus,1,869,"iNaturalist regional candidate only; review habitat fit, introduced status and game value before inclusion."
birds,92,yes,3978,Common Sandpiper,Actitis hypoleucos,1,868,"iNaturalist regional candidate only; review habitat fit, introduced status and game value before inclusion."
birds,93,yes,2337,Woodland Kingfisher,Halcyon senegalensis,1,845,"iNaturalist regional candidate only; review habitat fit, introduced status and game value before inclusion."
birds,94,yes,5418,Palm-nut Vulture,Gypohierax angolensis,1,840,"iNaturalist regional candidate only; review habitat fit, introduced status and game value before inclusion."
birds,95,yes,4994,Squacco Heron,Ardeola ralloides,1,838,"iNaturalist regional candidate only; review habitat fit, introduced status and game value before inclusion."
birds,96,yes,144795,Lesser Striped Swallow,Cecropis abyssinica,1,835,"iNaturalist regional candidate only; review habitat fit, introduced status and game value before inclusion."
birds,97,yes,4270,Great Cormorant,Phalacrocorax carbo,1,834,"iNaturalist regional candidate only; review habitat fit, introduced status and game value before inclusion."
birds,98,yes,8031,House Crow,Corvus splendens,1,828,"iNaturalist regional candidate only; review habitat fit, introduced status and game value before inclusion."
birds,99,yes,6898,White-faced Whistling-Duck,Dendrocygna viduata,1,827,"iNaturalist regional candidate only; review habitat fit, introduced status and game value before inclusion."
birds,100,yes,145337,Purple Grenadier,Granatina ianthinogaster,1,826,"iNaturalist regional candidate only; review habitat fit, introduced status and game value before inclusion."
birds,101,yes,507912,Silvery-cheeked Hornbill,Bycanistes brevis,1,812,"iNaturalist regional candidate only; review habitat fit, introduced status and game value before inclusion."
birds,102,yes,512166,African Gray Hornbill,Lophoceros nasutus,1,799,"iNaturalist regional candidate only; review habitat fit, introduced status and game value before inclusion."
birds,103,yes,2239,Cinnamon-chested Bee-eater,Merops oreobates,1,798,"iNaturalist regional candidate only; review habitat fit, introduced status and game value before inclusion."
birds,104,yes,1580335,Three-banded Plover,Thinornis tricollaris,1,794,"iNaturalist regional candidate only; review habitat fit, introduced status and game value before inclusion."
birds,105,yes,5275,Black-winged Kite,Elanus caeruleus,1,792,"iNaturalist regional candidate only; review habitat fit, introduced status and game value before inclusion."
birds,106,yes,12048,Long-tailed Fiscal,Lanius cabanisi,1,790,"iNaturalist regional candidate only; review habitat fit, introduced status and game value before inclusion."
birds,107,yes,117130,D'Arnaud's Barbet,Trachyphonus darnaudii,1,785,"iNaturalist regional candidate only; review habitat fit, introduced status and game value before inclusion."
birds,108,yes,72729,Rattling Cisticola,Cisticola chiniana,1,784,"iNaturalist regional candidate only; review habitat fit, introduced status and game value before inclusion."
birds,109,yes,13865,Kenya Rufous Sparrow,Passer rufocinctus,1,776,"iNaturalist regional candidate only; review habitat fit, introduced status and game value before inclusion."
birds,110,yes,1506033,Bare-faced Go-away-bird,Crinifer personatus,1,774,"iNaturalist regional candidate only; review habitat fit, introduced status and game value before inclusion."
birds,111,yes,12978,African Dusky Flycatcher,Muscicapa adusta,1,774,"iNaturalist regional candidate only; review habitat fit, introduced status and game value before inclusion."
birds,112,yes,13858,House Sparrow,Passer domesticus,1,772,"iNaturalist regional candidate only; review habitat fit, introduced status and game value before inclusion."
birds,113,yes,14934,Hildebrandt's Starling,Lamprotornis hildebrandti,1,754,"iNaturalist regional candidate only; review habitat fit, introduced status and game value before inclusion."
birds,114,yes,4926,Water Thick-knee,Burhinus vermiculatus,1,743,"iNaturalist regional candidate only; review habitat fit, introduced status and game value before inclusion."
birds,115,yes,4868,Wattled Lapwing,Vanellus senegallus,1,739,"iNaturalist regional candidate only; review habitat fit, introduced status and game value before inclusion."
birds,116,yes,14104,Yellow-throated Longclaw,Macronyx croceus,1,719,"iNaturalist regional candidate only; review habitat fit, introduced status and game value before inclusion."
birds,117,yes,144472,Black-bellied Bustard,Lissotis melanogaster,1,708,"iNaturalist regional candidate only; review habitat fit, introduced status and game value before inclusion."
birds,118,yes,5246,African Harrier-Hawk,Polyboroides typus,1,703,"iNaturalist regional candidate only; review habitat fit, introduced status and game value before inclusion."
birds,119,yes,2951,Mourning Collared Dove,Streptopelia decipiens,1,699,"iNaturalist regional candidate only; review habitat fit, introduced status and game value before inclusion."
birds,120,yes,4776,African Openbill,Anastomus lamelligerus,1,692,"iNaturalist regional candidate only; review habitat fit, introduced status and game value before inclusion."
birds,121,yes,1572860,Rufous-naped Lark,Corypha africana,1,679,"iNaturalist regional candidate only; review habitat fit, introduced status and game value before inclusion."
birds,122,yes,145122,Collared Sunbird,Hedydipna collaris,1,679,"iNaturalist regional candidate only; review habitat fit, introduced status and game value before inclusion."
birds,123,yes,4335,Pink-backed Pelican,Pelecanus rufescens,1,677,"iNaturalist regional candidate only; review habitat fit, introduced status and game value before inclusion."
birds,124,yes,339593,Ruff,Calidris pugnax,1,672,"iNaturalist regional candidate only; review habitat fit, introduced status and game value before inclusion."
birds,125,yes,4862,Long-toed Lapwing,Vanellus crassirostris,1,666,"iNaturalist regional candidate only; review habitat fit, introduced status and game value before inclusion."
birds,126,yes,145332,Rufous-tailed Weaver,Histurgops ruficauda,1,658,"iNaturalist regional candidate only; review habitat fit, introduced status and game value before inclusion."
birds,127,yes,11896,Wire-tailed Swallow,Hirundo smithii,1,652,"iNaturalist regional candidate only; review habitat fit, introduced status and game value before inclusion."
birds,128,yes,508918,Black Crake,Zapornia flavirostra,1,651,"iNaturalist regional candidate only; review habitat fit, introduced status and game value before inclusion."
birds,129,yes,1449,Vulturine Guineafowl,Acryllium vulturinum,1,650,"iNaturalist regional candidate only; review habitat fit, introduced status and game value before inclusion."
birds,130,yes,3838,Little Stint,Calidris minuta,1,642,"iNaturalist regional candidate only; review habitat fit, introduced status and game value before inclusion."
birds,131,yes,1289692,Crested Francolin,Ortygornis sephaena,1,633,"iNaturalist regional candidate only; review habitat fit, introduced status and game value before inclusion."
birds,132,yes,13872,Gray-capped Social-Weaver,Pseudonigrita arnaudi,1,625,"iNaturalist regional candidate only; review habitat fit, introduced status and game value before inclusion."
birds,133,yes,5241,Brown Snake-Eagle,Circaetus cinereus,1,615,"iNaturalist regional candidate only; review habitat fit, introduced status and game value before inclusion."
birds,134,yes,14005,Red-billed Quelea,Quelea quelea,1,612,"iNaturalist regional candidate only; review habitat fit, introduced status and game value before inclusion."
birds,135,yes,5340,Dark Chanting-Goshawk,Melierax metabates,1,611,"iNaturalist regional candidate only; review habitat fit, introduced status and game value before inclusion."
birds,136,yes,1441745,Verreaux's Eagle-Owl,Ketupa lactea,1,601,"iNaturalist regional candidate only; review habitat fit, introduced status and game value before inclusion."
birds,137,yes,979641,Green-backed Camaroptera,Camaroptera brachyura,1,596,"iNaturalist regional candidate only; review habitat fit, introduced status and game value before inclusion."
birds,138,yes,7372,Fischer's Sparrow-Lark,Eremopterix leucopareia,1,593,"iNaturalist regional candidate only; review habitat fit, introduced status and game value before inclusion."
birds,139,yes,2240,White-throated Bee-eater,Merops albicollis,1,593,"iNaturalist regional candidate only; review habitat fit, introduced status and game value before inclusion."
birds,140,yes,507916,Black-and-white-casqued Hornbill,Bycanistes subcylindricus,1,592,"iNaturalist regional candidate only; review habitat fit, introduced status and game value before inclusion."
birds,141,yes,117131,Red-and-yellow Barbet,Trachyphonus erythrocephalus,1,592,"iNaturalist regional candidate only; review habitat fit, introduced status and game value before inclusion."
birds,142,yes,144508,Gray-hooded Gull,Chroicocephalus cirrocephalus,1,587,"iNaturalist regional candidate only; review habitat fit, introduced status and game value before inclusion."
birds,143,yes,512160,Crowned Hornbill,Lophoceros alboterminatus,1,583,"iNaturalist regional candidate only; review habitat fit, introduced status and game value before inclusion."
birds,144,yes,1505668,Kittlitz's Plover,Anarhynchus pecuarius,1,579,"iNaturalist regional candidate only; review habitat fit, introduced status and game value before inclusion."
birds,145,yes,8214,Slate-colored Boubou,Laniarius funebris,1,578,"iNaturalist regional candidate only; review habitat fit, introduced status and game value before inclusion."
birds,146,yes,3878,Common Greenshank,Tringa nebularia,1,578,"iNaturalist regional candidate only; review habitat fit, introduced status and game value before inclusion."
birds,147,yes,1636180,Little Heron,Butorides atricapilla,1,577,"iNaturalist regional candidate only; review habitat fit, introduced status and game value before inclusion."
birds,148,yes,5240,Black-chested Snake-Eagle,Circaetus pectoralis,1,576,"iNaturalist regional candidate only; review habitat fit, introduced status and game value before inclusion."
birds,149,yes,145208,African Pipit,Anthus cinnamomeus,1,575,"iNaturalist regional candidate only; review habitat fit, introduced status and game value before inclusion."
birds,150,yes,11901,Barn Swallow,Hirundo rustica,1,572,"iNaturalist regional candidate only; review habitat fit, introduced status and game value before inclusion."
birds,151,yes,17634,Nubian Woodpecker,Campethera nubica,1,568,"iNaturalist regional candidate only; review habitat fit, introduced status and game value before inclusion."
birds,152,yes,2334,Striped Kingfisher,Halcyon chelicuti,1,562,"iNaturalist regional candidate only; review habitat fit, introduced status and game value before inclusion."
birds,153,yes,5066,African Darter,Anhinga rufa,1,561,"iNaturalist regional candidate only; review habitat fit, introduced status and game value before inclusion."
birds,154,yes,3327,Emerald-spotted Wood-Dove,Turtur chalcospilos,1,561,"iNaturalist regional candidate only; review habitat fit, introduced status and game value before inclusion."
birds,155,yes,3652,Namaqua Dove,Oena capensis,1,549,"iNaturalist regional candidate only; review habitat fit, introduced status and game value before inclusion."
birds,156,yes,55371,African Stonechat,Saxicola torquatus,1,545,"iNaturalist regional candidate only; review habitat fit, introduced status and game value before inclusion."
birds,157,yes,13920,Speckle-fronted Weaver,Sporopipes frontalis,1,538,"iNaturalist regional candidate only; review habitat fit, introduced status and game value before inclusion."
birds,158,yes,13084,Spotted Morning-Thrush,Cichladusa guttata,1,536,"iNaturalist regional candidate only; review habitat fit, introduced status and game value before inclusion."
birds,159,yes,7146,Spur-winged Goose,Plectropterus gambensis,1,533,"iNaturalist regional candidate only; review habitat fit, introduced status and game value before inclusion."
birds,160,yes,13842,Lesser Masked Weaver,Ploceus intermedius,1,531,"iNaturalist regional candidate only; review habitat fit, introduced status and game value before inclusion."
birds,161,yes,7729,Tawny-flanked Prinia,Prinia subflava,1,531,"iNaturalist regional candidate only; review habitat fit, introduced status and game value before inclusion."
birds,162,yes,117082,Black-faced Sandgrouse,Pterocles decoratus,1,529,"iNaturalist regional candidate only; review habitat fit, introduced status and game value before inclusion."
birds,163,yes,13235,Silverbird,Empidornis semipartitus,1,525,"iNaturalist regional candidate only; review habitat fit, introduced status and game value before inclusion."
birds,164,yes,3756,Glossy Ibis,Plegadis falcinellus,1,525,"iNaturalist regional candidate only; review habitat fit, introduced status and game value before inclusion."
birds,165,yes,4732,Abdim's Stork,Ciconia abdimii,1,510,"iNaturalist regional candidate only; review habitat fit, introduced status and game value before inclusion."
birds,166,yes,12709,African Thrush,Turdus pelios,1,508,"iNaturalist regional candidate only; review habitat fit, introduced status and game value before inclusion."
birds,167,yes,204545,Western Yellow Wagtail,Motacilla flava,1,502,"iNaturalist regional candidate only; review habitat fit, introduced status and game value before inclusion."
birds,168,yes,7250,Great Blue Turaco,Corythaeola cristata,1,501,"iNaturalist regional candidate only; review habitat fit, introduced status and game value before inclusion."
birds,169,yes,472777,Somali Ostrich,Struthio molybdophanes,1,501,"iNaturalist regional candidate only; review habitat fit, introduced status and game value before inclusion."
birds,170,yes,6965,Yellow-billed Duck,Anas undulata,1,499,"iNaturalist regional candidate only; review habitat fit, introduced status and game value before inclusion."
birds,171,yes,13791,Vitelline Masked-Weaver,Ploceus vitellinus,1,489,"iNaturalist regional candidate only; review habitat fit, introduced status and game value before inclusion."
birds,172,yes,516943,Ashy Starling,Lamprotornis unicolor,1,485,"iNaturalist regional candidate only; review habitat fit, introduced status and game value before inclusion."
birds,173,yes,7247,Eastern Plantain-eater,Crinifer zonurus,1,483,"iNaturalist regional candidate only; review habitat fit, introduced status and game value before inclusion."
birds,174,yes,12868,Northern Anteater-Chat,Myrmecocichla aethiops,1,483,"iNaturalist regional candidate only; review habitat fit, introduced status and game value before inclusion."
birds,175,yes,4237,Little Grebe,Tachybaptus ruficollis,1,481,"iNaturalist regional candidate only; review habitat fit, introduced status and game value before inclusion."
birds,176,yes,487,Red-knobbed Coot,Fulica cristata,1,478,"iNaturalist regional candidate only; review habitat fit, introduced status and game value before inclusion."
birds,177,yes,6984,Red-billed Teal,Anas erythrorhyncha,1,474,"iNaturalist regional candidate only; review habitat fit, introduced status and game value before inclusion."
birds,178,yes,597463,Tropical Boubou,Laniarius major,1,474,"iNaturalist regional candidate only; review habitat fit, introduced status and game value before inclusion."
birds,179,yes,15030,Violet-backed Starling,Cinnyricinclus leucogaster,1,473,"iNaturalist regional candidate only; review habitat fit, introduced status and game value before inclusion."
birds,180,yes,1429237,African Woolly-necked Stork,Ciconia microscelis,1,468,"iNaturalist regional candidate only; review habitat fit, introduced status and game value before inclusion."
birds,181,yes,20969,Common Hoopoe,Upupa epops,1,468,"iNaturalist regional candidate only; review habitat fit, introduced status and game value before inclusion."
birds,182,yes,13793,Black-headed Weaver,Ploceus melanocephalus,1,466,"iNaturalist regional candidate only; review habitat fit, introduced status and game value before inclusion."
birds,183,yes,558613,White-bellied Canary,Crithagra dorsostriata,1,465,"iNaturalist regional candidate only; review habitat fit, introduced status and game value before inclusion."
birds,184,yes,3695,Blue-naped Mousebird,Urocolius macrourus,1,464,"iNaturalist regional candidate only; review habitat fit, introduced status and game value before inclusion."
birds,185,yes,73010,Giant Kingfisher,Megaceryle maxima,1,461,"iNaturalist regional candidate only; review habitat fit, introduced status and game value before inclusion."
birds,186,yes,6986,Cape Teal,Anas capensis,1,458,"iNaturalist regional candidate only; review habitat fit, introduced status and game value before inclusion."
birds,187,yes,2248,White-fronted Bee-eater,Merops bullockoides,1,457,"iNaturalist regional candidate only; review habitat fit, introduced status and game value before inclusion."
birds,188,yes,2989,Dusky Turtle-Dove,Streptopelia lugens,1,455,"iNaturalist regional candidate only; review habitat fit, introduced status and game value before inclusion."
birds,189,yes,145173,Red-chested Sunbird,Cinnyris erythrocercus,1,454,"iNaturalist regional candidate only; review habitat fit, introduced status and game value before inclusion."
birds,190,yes,144655,African Pygmy Kingfisher,Ispidina picta,1,450,"iNaturalist regional candidate only; review habitat fit, introduced status and game value before inclusion."
birds,191,yes,4688,Gray Kestrel,Falco ardosiaceus,1,449,"iNaturalist regional candidate only; review habitat fit, introduced status and game value before inclusion."
birds,192,yes,2220,Northern Carmine Bee-eater,Merops nubicus,1,449,"iNaturalist regional candidate only; review habitat fit, introduced status and game value before inclusion."
birds,193,yes,558601,Yellow-fronted Canary,Crithagra mozambica,1,448,"iNaturalist regional candidate only; review habitat fit, introduced status and game value before inclusion."
birds,194,yes,19075,Fischer's Lovebird,Agapornis fischeri,1,443,"iNaturalist regional candidate only; review habitat fit, introduced status and game value before inclusion."
birds,195,yes,13970,Fan-tailed Widowbird,Euplectes axillaris,1,442,"iNaturalist regional candidate only; review habitat fit, introduced status and game value before inclusion."
birds,196,yes,145030,White-browed Scrub-Robin,Cercotrichas leucophrys,1,434,"iNaturalist regional candidate only; review habitat fit, introduced status and game value before inclusion."
birds,197,yes,2266,European Roller,Coracias garrulus,1,433,"iNaturalist regional candidate only; review habitat fit, introduced status and game value before inclusion."
birds,198,yes,204554,Red-winged Starling,Onychognathus morio,1,433,"iNaturalist regional candidate only; review habitat fit, introduced status and game value before inclusion."
birds,199,yes,15063,Black-lored Babbler,Turdoides sharpei,1,432,"iNaturalist regional candidate only; review habitat fit, introduced status and game value before inclusion."
birds,200,yes,5437,Abyssinian Ground-Hornbill,Bucorvus abyssinicus,1,430,"iNaturalist regional candidate only; review habitat fit, introduced status and game value before inclusion."
birds,201,yes,8004,White-necked Raven,Corvus albicollis,1,423,"iNaturalist regional candidate only; review habitat fit, introduced status and game value before inclusion."
birds,202,yes,14148,Red-headed Weaver,Anaplectes rubriceps,1,417,"iNaturalist regional candidate only; review habitat fit, introduced status and game value before inclusion."
birds,203,yes,12874,Sooty Chat,Myrmecocichla nigra,1,416,"iNaturalist regional candidate only; review habitat fit, introduced status and game value before inclusion."
birds,204,yes,14143,Red-billed Buffalo-Weaver,Bubalornis niger,1,415,"iNaturalist regional candidate only; review habitat fit, introduced status and game value before inclusion."
birds,205,yes,8208,Black-headed Gonolek,Laniarius erythrogaster,1,413,"iNaturalist regional candidate only; review habitat fit, introduced status and game value before inclusion."
birds,206,yes,12985,Swamp Flycatcher,Muscicapa aquatica,1,413,"iNaturalist regional candidate only; review habitat fit, introduced status and game value before inclusion."
birds,207,yes,117083,Chestnut-bellied Sandgrouse,Pterocles exustus,1,413,"iNaturalist regional candidate only; review habitat fit, introduced status and game value before inclusion."
birds,208,yes,1506260,Cardinal Woodpecker,Dendropicos fuscescens,1,411,"iNaturalist regional candidate only; review habitat fit, introduced status and game value before inclusion."
birds,209,yes,72762,Magpie Shrike,Urolestes melanoleucus,1,411,"iNaturalist regional candidate only; review habitat fit, introduced status and game value before inclusion."
birds,210,yes,2288,Broad-billed Roller,Eurystomus glaucurus,1,410,"iNaturalist regional candidate only; review habitat fit, introduced status and game value before inclusion."
birds,211,yes,1585912,Cape Robin-Chat,Dessonornis caffer,1,409,"iNaturalist regional candidate only; review habitat fit, introduced status and game value before inclusion."
birds,212,yes,1584771,African red-rumped swallow,Cecropis melanocrissus,1,405,"iNaturalist regional candidate only; review habitat fit, introduced status and game value before inclusion."
birds,213,yes,12971,Spotted Flycatcher,Muscicapa striata,1,402,"iNaturalist regional candidate only; review habitat fit, introduced status and game value before inclusion."
birds,214,yes,1506400,Eastern Grey Woodpecker,Dendropicos spodocephalus,1,401,"iNaturalist regional candidate only; review habitat fit, introduced status and game value before inclusion."
birds,215,yes,144469,Wahlberg's Eagle,Hieraaetus wahlbergi,1,398,"iNaturalist regional candidate only; review habitat fit, introduced status and game value before inclusion."
birds,216,yes,14030,Blue-capped Cordonbleu,Uraeginthus cyanocephalus,1,397,"iNaturalist regional candidate only; review habitat fit, introduced status and game value before inclusion."
birds,217,yes,4338,Shoebill,Balaeniceps rex,1,393,"iNaturalist regional candidate only; review habitat fit, introduced status and game value before inclusion."
birds,218,yes,569791,Winding Cisticola,Cisticola marginatus,1,384,"iNaturalist regional candidate only; review habitat fit, introduced status and game value before inclusion."
birds,219,yes,4724,Pygmy Falcon,Polihierax semitorquatus,1,384,"iNaturalist regional candidate only; review habitat fit, introduced status and game value before inclusion."
birds,220,yes,2245,Blue-cheeked Bee-eater,Merops persicus,1,378,"iNaturalist regional candidate only; review habitat fit, introduced status and game value before inclusion."
birds,221,yes,13820,Holub's Golden-Weaver,Ploceus xanthops,1,377,"iNaturalist regional candidate only; review habitat fit, introduced status and game value before inclusion."
birds,222,yes,7876,Black-headed Oriole,Oriolus larvatus,1,376,"iNaturalist regional candidate only; review habitat fit, introduced status and game value before inclusion."
birds,223,yes,1505778,Yellow-billed Egret,Ardea brachyrhyncha,1,375,"iNaturalist regional candidate only; review habitat fit, introduced status and game value before inclusion."
birds,224,yes,144536,Gull-billed Tern,Gelochelidon nilotica,1,365,"iNaturalist regional candidate only; review habitat fit, introduced status and game value before inclusion."
birds,225,yes,13837,Spectacled Weaver,Ploceus ocularis,1,365,"iNaturalist regional candidate only; review habitat fit, introduced status and game value before inclusion."
birds,226,yes,4922,Spotted Thick-knee,Burhinus capensis,1,361,"iNaturalist regional candidate only; review habitat fit, introduced status and game value before inclusion."
birds,227,yes,13188,Northern Black-Flycatcher,Melaenornis edolioides,1,361,"iNaturalist regional candidate only; review habitat fit, introduced status and game value before inclusion."
birds,228,yes,13708,Plain-backed Pipit,Anthus leucophrys,1,360,"iNaturalist regional candidate only; review habitat fit, introduced status and game value before inclusion."
birds,229,yes,19076,Yellow-collared Lovebird,Agapornis personatus,1,359,"iNaturalist regional candidate only; review habitat fit, introduced status and game value before inclusion."
birds,230,yes,19055,Meyer's Parrot,Poicephalus meyeri,1,358,"iNaturalist regional candidate only; review habitat fit, introduced status and game value before inclusion."
birds,231,yes,14064,Grosbeak Weaver,Amblyospiza albifrons,1,356,"iNaturalist regional candidate only; review habitat fit, introduced status and game value before inclusion."
birds,232,yes,13964,Yellow Bishop,Euplectes capensis,1,356,"iNaturalist regional candidate only; review habitat fit, introduced status and game value before inclusion."
birds,233,yes,204473,Red-capped Lark,Calandrella cinerea,1,350,"iNaturalist regional candidate only; review habitat fit, introduced status and game value before inclusion."
birds,234,yes,117084,Yellow-throated Sandgrouse,Pterocles gutturalis,1,350,"iNaturalist regional candidate only; review habitat fit, introduced status and game value before inclusion."
birds,235,yes,4883,Pied Avocet,Recurvirostra avosetta,1,350,"iNaturalist regional candidate only; review habitat fit, introduced status and game value before inclusion."
birds,236,yes,12837,Isabelline Wheatear,Oenanthe isabellina,1,347,"iNaturalist regional candidate only; review habitat fit, introduced status and game value before inclusion."
birds,237,yes,117139,Spot-flanked Barbet,Tricholaema lacrymosa,1,347,"iNaturalist regional candidate only; review habitat fit, introduced status and game value before inclusion."
birds,238,yes,6612,Little Swift,Apus affinis,1,340,"iNaturalist regional candidate only; review habitat fit, introduced status and game value before inclusion."
birds,239,yes,1505964,Buff-crested Bustard,Lophotis gindiana,1,340,"iNaturalist regional candidate only; review habitat fit, introduced status and game value before inclusion."
birds,240,yes,3881,Marsh Sandpiper,Tringa stagnatilis,1,340,"iNaturalist regional candidate only; review habitat fit, introduced status and game value before inclusion."
birds,241,yes,4801,Common Ringed Plover,Charadrius hiaticula,1,336,"iNaturalist regional candidate only; review habitat fit, introduced status and game value before inclusion."
birds,242,yes,145170,Marico Sunbird,Cinnyris mariquensis,1,334,"iNaturalist regional candidate only; review habitat fit, introduced status and game value before inclusion."
birds,243,yes,14010,Village Indigobird,Vidua chalybeata,1,333,"iNaturalist regional candidate only; review habitat fit, introduced status and game value before inclusion."
birds,244,yes,4951,Purple Heron,Ardea purpurea,1,332,"iNaturalist regional candidate only; review habitat fit, introduced status and game value before inclusion."
birds,245,yes,13291,Tacazze Sunbird,Nectarinia tacazze,1,332,"iNaturalist regional candidate only; review habitat fit, introduced status and game value before inclusion."
birds,246,yes,20934,Green Woodhoopoe,Phoeniculus purpureus,1,332,"iNaturalist regional candidate only; review habitat fit, introduced status and game value before inclusion."
birds,247,yes,1573679,Red-throated Crag-Martin,Ptyonoprogne rufigula,1,330,"iNaturalist regional candidate only; review habitat fit, introduced status and game value before inclusion."
birds,248,yes,980208,Moorland Chat,Pinarochroa sordida,1,326,"iNaturalist regional candidate only; review habitat fit, introduced status and game value before inclusion."
birds,249,yes,15052,Arrow-marked Babbler,Turdoides jardineii,1,325,"iNaturalist regional candidate only; review habitat fit, introduced status and game value before inclusion."
birds,250,yes,8399,Chinspot Batis,Batis molitor,1,322,"iNaturalist regional candidate only; review habitat fit, introduced status and game value before inclusion."
birds,251,yes,1289689,Coqui Francolin,Campocolinus coqui,1,321,"iNaturalist regional candidate only; review habitat fit, introduced status and game value before inclusion."
birds,252,yes,12022,Taita Fiscal,Lanius dorsalis,1,320,"iNaturalist regional candidate only; review habitat fit, introduced status and game value before inclusion."
birds,253,yes,1506317,Double-toothed Barbet,Pogonornis bidentatus,1,319,"iNaturalist regional candidate only; review habitat fit, introduced status and game value before inclusion."
birds,254,yes,5083,Steppe Eagle,Aquila nipalensis,1,317,"iNaturalist regional candidate only; review habitat fit, introduced status and game value before inclusion."
birds,255,yes,558610,Reichenow's Seedeater,Crithagra reichenowi,1,315,"iNaturalist regional candidate only; review habitat fit, introduced status and game value before inclusion."
birds,256,yes,7749,Yellow-breasted Apalis,Apalis flavida,1,313,"iNaturalist regional candidate only; review habitat fit, introduced status and game value before inclusion."
birds,257,yes,558618,Brimstone Canary,Crithagra sulphurata,1,313,"iNaturalist regional candidate only; review habitat fit, introduced status and game value before inclusion."
birds,258,yes,5430,Lizard Buzzard,Kaupifalco monogrammicus,1,310,"iNaturalist regional candidate only; review habitat fit, introduced status and game value before inclusion."
birds,259,yes,145142,Amethyst Sunbird,Chalcomitra amethystina,1,309,"iNaturalist regional candidate only; review habitat fit, introduced status and game value before inclusion."
birds,260,yes,1738,Diederik Cuckoo,Chrysococcyx caprius,1,309,"iNaturalist regional candidate only; review habitat fit, introduced status and game value before inclusion."
birds,261,yes,8296,Black-backed Puffback,Dryoscopus cubla,1,309,"iNaturalist regional candidate only; review habitat fit, introduced status and game value before inclusion."
birds,262,yes,201282,Common Moorhen,Gallinula chloropus,1,308,"iNaturalist regional candidate only; review habitat fit, introduced status and game value before inclusion."
birds,263,yes,4514,White-winged Tern,Chlidonias leucopterus,1,307,"iNaturalist regional candidate only; review habitat fit, introduced status and game value before inclusion."
birds,264,yes,3405,African Green-Pigeon,Treron calvus,1,305,"iNaturalist regional candidate only; review habitat fit, introduced status and game value before inclusion."
birds,265,yes,8593,Rosy-patched Bushshrike,Rhodophoneus cruentus,1,296,"iNaturalist regional candidate only; review habitat fit, introduced status and game value before inclusion."
birds,266,yes,979726,Yellow-spotted Bush Sparrow,Gymnoris pyrgita,1,292,"iNaturalist regional candidate only; review habitat fit, introduced status and game value before inclusion."
birds,267,yes,144460,Gabar Goshawk,Micronisus gabar,1,291,"iNaturalist regional candidate only; review habitat fit, introduced status and game value before inclusion."
birds,268,yes,2346,Brown-hooded Kingfisher,Halcyon albiventris,1,288,"iNaturalist regional candidate only; review habitat fit, introduced status and game value before inclusion."
birds,269,yes,1585429,Ross's Turaco,Tauraco rossae,1,288,"iNaturalist regional candidate only; review habitat fit, introduced status and game value before inclusion."
birds,270,yes,13834,Northern Brown-throated Weaver,Ploceus castanops,1,286,"iNaturalist regional candidate only; review habitat fit, introduced status and game value before inclusion."
birds,271,yes,13825,Black-necked Weaver,Ploceus nigricollis,1,285,"iNaturalist regional candidate only; review habitat fit, introduced status and game value before inclusion."
birds,272,yes,13999,Green-winged Pytilia,Pytilia melba,1,285,"iNaturalist regional candidate only; review habitat fit, introduced status and game value before inclusion."
birds,273,yes,13821,Slender-billed Weaver,Ploceus pelzelni,1,284,"iNaturalist regional candidate only; review habitat fit, introduced status and game value before inclusion."
birds,274,yes,558430,Blue-billed Teal,Spatula hottentota,1,284,"iNaturalist regional candidate only; review habitat fit, introduced status and game value before inclusion."
birds,275,yes,13770,Common Waxbill,Estrilda astrild,1,283,"iNaturalist regional candidate only; review habitat fit, introduced status and game value before inclusion."
birds,276,yes,8046,Fan-tailed Raven,Corvus rhipidurus,1,282,"iNaturalist regional candidate only; review habitat fit, introduced status and game value before inclusion."
birds,277,yes,13962,Southern Red Bishop,Euplectes orix,1,282,"iNaturalist regional candidate only; review habitat fit, introduced status and game value before inclusion."
birds,278,yes,13836,African Golden-Weaver,Ploceus subaureus,1,282,"iNaturalist regional candidate only; review habitat fit, introduced status and game value before inclusion."
birds,279,yes,1572871,Sentinel Lark,Corypha athi,1,281,"iNaturalist regional candidate only; review habitat fit, introduced status and game value before inclusion."
birds,280,yes,145162,Northern Double-collared Sunbird,Cinnyris reichenowi,1,280,"iNaturalist regional candidate only; review habitat fit, introduced status and game value before inclusion."
birds,281,yes,13787,Vieillot's Black Weaver,Ploceus nigerrimus,1,277,"iNaturalist regional candidate only; review habitat fit, introduced status and game value before inclusion."
birds,282,yes,7204,Hartlaub's Turaco,Tauraco hartlaubi,1,276,"iNaturalist regional candidate only; review habitat fit, introduced status and game value before inclusion."
birds,283,yes,13862,Parrot-billed Sparrow,Passer gongonensis,1,272,"iNaturalist regional candidate only; review habitat fit, introduced status and game value before inclusion."
birds,284,yes,1578607,Gorgeous Sunbird,Cinnyris melanogastrus,1,271,"iNaturalist regional candidate only; review habitat fit, introduced status and game value before inclusion."
birds,285,yes,12822,Northern Wheatear,Oenanthe oenanthe,1,270,"iNaturalist regional candidate only; review habitat fit, introduced status and game value before inclusion."
birds,286,yes,4604,Collared Pratincole,Glareola pratincola,1,269,"iNaturalist regional candidate only; review habitat fit, introduced status and game value before inclusion."
birds,287,yes,19051,Red-bellied Parrot,Poicephalus rufiventris,1,269,"iNaturalist regional candidate only; review habitat fit, introduced status and game value before inclusion."
birds,288,yes,8454,Brown-throated Wattle-eye,Platysteira cyanea,1,267,"iNaturalist regional candidate only; review habitat fit, introduced status and game value before inclusion."
birds,289,yes,4733,White Stork,Ciconia ciconia,1,266,"iNaturalist regional candidate only; review habitat fit, introduced status and game value before inclusion."
birds,290,yes,13869,Swainson's Sparrow,Passer swainsonii,1,266,"iNaturalist regional candidate only; review habitat fit, introduced status and game value before inclusion."
birds,291,yes,8446,Brown-crowned Tchagra,Tchagra australis,1,266,"iNaturalist regional candidate only; review habitat fit, introduced status and game value before inclusion."
birds,292,yes,7160,Knob-billed Duck,Sarkidiornis melanotos,1,265,"iNaturalist regional candidate only; review habitat fit, introduced status and game value before inclusion."
birds,293,yes,144498,Double-banded Courser,Smutsornis africanus,1,264,"iNaturalist regional candidate only; review habitat fit, introduced status and game value before inclusion."
birds,294,yes,1903,Red-chested Cuckoo,Cuculus solitarius,1,263,"iNaturalist regional candidate only; review habitat fit, introduced status and game value before inclusion."
birds,295,yes,1730,Klaas's Cuckoo,Chrysococcyx klaas,1,261,"iNaturalist regional candidate only; review habitat fit, introduced status and game value before inclusion."
birds,296,yes,13861,Chestnut Sparrow,Passer eminibey,1,261,"iNaturalist regional candidate only; review habitat fit, introduced status and game value before inclusion."
birds,297,yes,5392,White-headed Vulture,Trigonoceps occipitalis,1,261,"iNaturalist regional candidate only; review habitat fit, introduced status and game value before inclusion."
birds,298,yes,558602,African Citril,Crithagra citrinelloides,1,260,"iNaturalist regional candidate only; review habitat fit, introduced status and game value before inclusion."
birds,299,yes,6681,African Palm Swift,Cypsiurus parvus,1,258,"iNaturalist regional candidate only; review habitat fit, introduced status and game value before inclusion."
birds,300,yes,19882,Pearl-spotted Owlet,Glaucidium perlatum,1,258,"iNaturalist regional candidate only; review habitat fit, introduced status and game value before inclusion."
birds,301,yes,4981,Black-crowned Night Heron,Nycticorax nycticorax,1,256,"iNaturalist regional candidate only; review habitat fit, introduced status and game value before inclusion."
birds,302,yes,2191,European Bee-eater,Merops apiaster,1,253,"iNaturalist regional candidate only; review habitat fit, introduced status and game value before inclusion."
birds,303,yes,144468,African Hawk-Eagle,Aquila spilogaster,1,250,"iNaturalist regional candidate only; review habitat fit, introduced status and game value before inclusion."
birds,304,yes,2223,Red-throated Bee-eater,Merops bulocki,1,249,"iNaturalist regional candidate only; review habitat fit, introduced status and game value before inclusion."
birds,305,yes,13704,Mountain Wagtail,Motacilla clara,1,249,"iNaturalist regional candidate only; review habitat fit, introduced status and game value before inclusion."
birds,306,yes,13811,Taveta Golden-Weaver,Ploceus castaneiceps,1,248,"iNaturalist regional candidate only; review habitat fit, introduced status and game value before inclusion."
birds,307,yes,145175,Purple-banded Sunbird,Cinnyris bifasciatus,1,247,"iNaturalist regional candidate only; review habitat fit, introduced status and game value before inclusion."
birds,308,yes,9202,Golden-breasted Bunting,Emberiza flaviventris,1,246,"iNaturalist regional candidate only; review habitat fit, introduced status and game value before inclusion."
birds,309,yes,144298,Mocking Cliff-Chat,Thamnolaea cinnamomeiventris,1,246,"iNaturalist regional candidate only; review habitat fit, introduced status and game value before inclusion."
birds,310,yes,495992,Gray-breasted Spurfowl,Pternistis rufopictus,1,245,"iNaturalist regional candidate only; review habitat fit, introduced status and game value before inclusion."
birds,311,yes,204449,Eastern Paradise-Whydah,Vidua paradisaea,1,242,"iNaturalist regional candidate only; review habitat fit, introduced status and game value before inclusion."
birds,312,yes,472766,Eurasian Kestrel,Falco tinnunculus,1,239,"iNaturalist regional candidate only; review habitat fit, introduced status and game value before inclusion."
birds,313,yes,11945,Brown-throated Martin,Riparia paludicola,1,239,"iNaturalist regional candidate only; review habitat fit, introduced status and game value before inclusion."
birds,314,yes,13366,Eastern Violet-backed Sunbird,Anthreptes orientalis,1,237,"iNaturalist regional candidate only; review habitat fit, introduced status and game value before inclusion."
birds,315,yes,12839,Capped Wheatear,Oenanthe pileata,1,237,"iNaturalist regional candidate only; review habitat fit, introduced status and game value before inclusion."
birds,316,yes,8313,Black Cuckooshrike,Campephaga flava,1,236,"iNaturalist regional candidate only; review habitat fit, introduced status and game value before inclusion."
birds,317,yes,13835,Golden-backed Weaver,Ploceus jacksoni,1,235,"iNaturalist regional candidate only; review habitat fit, introduced status and game value before inclusion."
birds,318,yes,4864,Black-winged Lapwing,Vanellus melanopterus,1,234,"iNaturalist regional candidate only; review habitat fit, introduced status and game value before inclusion."
birds,319,yes,12795,Rüppell's Robin-Chat,Cossypha semirufa,1,233,"iNaturalist regional candidate only; review habitat fit, introduced status and game value before inclusion."
birds,320,yes,15253,Red-faced Crombec,Sylvietta whytii,1,232,"iNaturalist regional candidate only; review habitat fit, introduced status and game value before inclusion."
birds,321,yes,5167,Montagu's Harrier,Circus pygargus,1,231,"iNaturalist regional candidate only; review habitat fit, introduced status and game value before inclusion."
birds,322,yes,13965,White-winged Widowbird,Euplectes albonotatus,1,231,"iNaturalist regional candidate only; review habitat fit, introduced status and game value before inclusion."
birds,323,yes,8371,Piapiac,Ptilostomus afer,1,231,"iNaturalist regional candidate only; review habitat fit, introduced status and game value before inclusion."
birds,324,yes,145348,Black-and-white Mannikin,Spermestes bicolor,1,231,"iNaturalist regional candidate only; review habitat fit, introduced status and game value before inclusion."
birds,325,yes,13966,Northern Red Bishop,Euplectes franciscanus,1,229,"iNaturalist regional candidate only; review habitat fit, introduced status and game value before inclusion."
birds,326,yes,11909,Angola Swallow,Hirundo angolensis,1,228,"iNaturalist regional candidate only; review habitat fit, introduced status and game value before inclusion."
birds,327,yes,19965,African Wood-Owl,Strix woodfordii,1,228,"iNaturalist regional candidate only; review habitat fit, introduced status and game value before inclusion."
birds,328,yes,5484,Eastern Yellow-billed Hornbill,Tockus flavirostris,1,227,"iNaturalist regional candidate only; review habitat fit, introduced status and game value before inclusion."
birds,329,yes,145131,Green-headed Sunbird,Cyanomitra verticalis,1,226,"iNaturalist regional candidate only; review habitat fit, introduced status and game value before inclusion."
birds,330,yes,145335,Yellow-bellied Waxbill,Coccopygia quartinia,1,224,"iNaturalist regional candidate only; review habitat fit, introduced status and game value before inclusion."
birds,331,yes,979654,Eastern Double-collared Sunbird,Cinnyris mediocris,1,223,"iNaturalist regional candidate only; review habitat fit, introduced status and game value before inclusion."
birds,332,yes,3901,Eurasian Whimbrel,Numenius phaeopus,1,223,"iNaturalist regional candidate only; review habitat fit, introduced status and game value before inclusion."
birds,333,yes,62148,Whiskered Tern,Chlidonias hybrida,1,222,"iNaturalist regional candidate only; review habitat fit, introduced status and game value before inclusion."
birds,334,yes,14096,Cut-throat Finch,Amadina fasciata,1,221,"iNaturalist regional candidate only; review habitat fit, introduced status and game value before inclusion."
birds,335,yes,144659,Purple Roller,Coracias naevius,1,221,"iNaturalist regional candidate only; review habitat fit, introduced status and game value before inclusion."
birds,336,yes,145169,Beautiful Sunbird,Cinnyris pulchellus,1,220,"iNaturalist regional candidate only; review habitat fit, introduced status and game value before inclusion."
birds,337,yes,73533,Northern Pied-Babbler,Turdoides hypoleuca,1,220,"iNaturalist regional candidate only; review habitat fit, introduced status and game value before inclusion."
birds,338,yes,1435814,Ethiopian Bee-eater,Merops lafresnayii,1,217,"iNaturalist regional candidate only; review habitat fit, introduced status and game value before inclusion."
birds,339,yes,367672,Abyssinian Wheatear,Oenanthe lugubris,1,214,"iNaturalist regional candidate only; review habitat fit, introduced status and game value before inclusion."
birds,340,yes,3746,Wattled Ibis,Bostrychia carunculata,1,213,"iNaturalist regional candidate only; review habitat fit, introduced status and game value before inclusion."
birds,341,yes,793461,Yellow-rumped Tinkerbird,Pogoniulus bilineatus,1,211,"iNaturalist regional candidate only; review habitat fit, introduced status and game value before inclusion."
birds,342,yes,145154,Olive-bellied Sunbird,Cinnyris chloropygius,1,208,"iNaturalist regional candidate only; review habitat fit, introduced status and game value before inclusion."
birds,343,yes,13786,Chestnut Weaver,Ploceus rubiginosus,1,208,"iNaturalist regional candidate only; review habitat fit, introduced status and game value before inclusion."
birds,344,yes,4861,Senegal Lapwing,Vanellus lugubris,1,208,"iNaturalist regional candidate only; review habitat fit, introduced status and game value before inclusion."
birds,345,yes,2265,Abyssinian Roller,Coracias abyssinicus,1,207,"iNaturalist regional candidate only; review habitat fit, introduced status and game value before inclusion."
birds,346,yes,495976,Hildebrandt's Spurfowl,Pternistis hildebrandti,1,207,"iNaturalist regional candidate only; review habitat fit, introduced status and game value before inclusion."
birds,347,yes,144763,Pink-breasted Lark,Calendulauda poecilosterna,1,206,"iNaturalist regional candidate only; review habitat fit, introduced status and game value before inclusion."
birds,348,yes,12830,Pied Wheatear,Oenanthe pleschanka,1,206,"iNaturalist regional candidate only; review habitat fit, introduced status and game value before inclusion."
birds,349,yes,558628,Brown-rumped Seedeater,Crithagra tristriata,1,205,"iNaturalist regional candidate only; review habitat fit, introduced status and game value before inclusion."
birds,350,yes,204472,Common Buzzard,Buteo buteo,1,202,"iNaturalist regional candidate only; review habitat fit, introduced status and game value before inclusion."
birds,351,yes,339680,Red-tailed Shrike,Lanius phoenicuroides,1,201,"iNaturalist regional candidate only; review habitat fit, introduced status and game value before inclusion."
birds,352,yes,1289421,Rufous Chatterer,Argya rubiginosa,1,200,"iNaturalist regional candidate only; review habitat fit, introduced status and game value before inclusion."
birds,353,yes,3885,Green Sandpiper,Tringa ochropus,1,199,"iNaturalist regional candidate only; review habitat fit, introduced status and game value before inclusion."
birds,354,yes,204470,Spotted Eagle-Owl,Bubo africanus,1,198,"iNaturalist regional candidate only; review habitat fit, introduced status and game value before inclusion."
birds,355,yes,4934,Black Heron,Egretta ardesiaca,1,197,"iNaturalist regional candidate only; review habitat fit, introduced status and game value before inclusion."
birds,356,yes,5323,Crowned Eagle,Stephanoaetus coronatus,1,197,"iNaturalist regional candidate only; review habitat fit, introduced status and game value before inclusion."
birds,357,yes,7689,Hunter's Cisticola,Cisticola hunteri,1,196,"iNaturalist regional candidate only; review habitat fit, introduced status and game value before inclusion."
birds,358,yes,4593,Temminck's Courser,Cursorius temminckii,1,195,"iNaturalist regional candidate only; review habitat fit, introduced status and game value before inclusion."
birds,359,yes,117055,Willow Warbler,Phylloscopus trochilus,1,193,"iNaturalist regional candidate only; review habitat fit, introduced status and game value before inclusion."
birds,360,yes,5178,Pallid Harrier,Circus macrourus,1,192,"iNaturalist regional candidate only; review habitat fit, introduced status and game value before inclusion."
birds,361,yes,4616,Crab-Plover,Dromas ardeola,1,192,"iNaturalist regional candidate only; review habitat fit, introduced status and game value before inclusion."
birds,362,yes,12038,Red-backed Shrike,Lanius collurio,1,192,"iNaturalist regional candidate only; review habitat fit, introduced status and game value before inclusion."
birds,363,yes,1286819,Green White-eye,Zosterops stuhlmanni,1,192,"iNaturalist regional candidate only; review habitat fit, introduced status and game value before inclusion."
birds,364,yes,8050,Thick-billed Raven,Corvus crassirostris,1,191,"iNaturalist regional candidate only; review habitat fit, introduced status and game value before inclusion."
birds,365,yes,144473,Hartlaub's Bustard,Lissotis hartlaubii,1,191,"iNaturalist regional candidate only; review habitat fit, introduced status and game value before inclusion."
birds,366,yes,117136,Red-fronted Barbet,Tricholaema diademata,1,188,"iNaturalist regional candidate only; review habitat fit, introduced status and game value before inclusion."
birds,367,yes,3328,Tambourine Dove,Turtur tympanistria,1,188,"iNaturalist regional candidate only; review habitat fit, introduced status and game value before inclusion."
birds,368,yes,145136,Olive Sunbird,Cyanomitra olivacea,1,186,"iNaturalist regional candidate only; review habitat fit, introduced status and game value before inclusion."
birds,369,yes,12053,Mackinnon's Shrike,Lanius mackinnoni,1,186,"iNaturalist regional candidate only; review habitat fit, introduced status and game value before inclusion."
birds,370,yes,8006,Cape Crow,Corvus capensis,1,185,"iNaturalist regional candidate only; review habitat fit, introduced status and game value before inclusion."
birds,371,yes,11953,Black Sawwing,Psalidoprocne pristoptera,1,184,"iNaturalist regional candidate only; review habitat fit, introduced status and game value before inclusion."
birds,372,yes,1653,Blue-headed Coucal,Centropus monachus,1,183,"iNaturalist regional candidate only; review habitat fit, introduced status and game value before inclusion."
birds,373,yes,4499,African Skimmer,Rynchops flavirostris,1,183,"iNaturalist regional candidate only; review habitat fit, introduced status and game value before inclusion."
birds,374,yes,145110,Golden-breasted Starling,Lamprotornis regius,1,181,"iNaturalist regional candidate only; review habitat fit, introduced status and game value before inclusion."
birds,375,yes,14103,Rosy-throated Longclaw,Macronyx ameliae,1,180,"iNaturalist regional candidate only; review habitat fit, introduced status and game value before inclusion."
birds,376,yes,73475,Black-crowned Tchagra,Tchagra senegalus,1,180,"iNaturalist regional candidate only; review habitat fit, introduced status and game value before inclusion."
birds,377,yes,13185,Southern Black-Flycatcher,Melaenornis pammelaina,1,178,"iNaturalist regional candidate only; review habitat fit, introduced status and game value before inclusion."
birds,378,yes,7784,Gray-capped Warbler,Eminia lepida,1,177,"iNaturalist regional candidate only; review habitat fit, introduced status and game value before inclusion."
birds,379,yes,15621,Buff-bellied Warbler,Phyllolais pulchella,1,177,"iNaturalist regional candidate only; review habitat fit, introduced status and game value before inclusion."
birds,380,yes,14708,Sombre Greenbul,Andropadus importunus,1,176,"iNaturalist regional candidate only; review habitat fit, introduced status and game value before inclusion."
birds,381,yes,13971,Black Bishop,Euplectes gierowii,1,176,"iNaturalist regional candidate only; review habitat fit, introduced status and game value before inclusion."
birds,382,yes,13806,Golden Palm Weaver,Ploceus bojeri,1,175,"iNaturalist regional candidate only; review habitat fit, introduced status and game value before inclusion."
birds,383,yes,3326,Blue-spotted Wood-Dove,Turtur afer,1,175,"iNaturalist regional candidate only; review habitat fit, introduced status and game value before inclusion."
birds,384,yes,5244,Western Banded Snake-Eagle,Circaetus cinerascens,1,174,"iNaturalist regional candidate only; review habitat fit, introduced status and game value before inclusion."
birds,385,yes,116882,African Blue Flycatcher,Elminia longicauda,1,174,"iNaturalist regional candidate only; review habitat fit, introduced status and game value before inclusion."
birds,386,yes,4613,Three-banded Courser,Rhinoptilus cinctus,1,174,"iNaturalist regional candidate only; review habitat fit, introduced status and game value before inclusion."
birds,387,yes,8580,Brubru,Nilaus afer,1,172,"iNaturalist regional candidate only; review habitat fit, introduced status and game value before inclusion."
birds,388,yes,2226,Olive Bee-eater,Merops superciliosus,1,171,"iNaturalist regional candidate only; review habitat fit, introduced status and game value before inclusion."
birds,389,yes,13773,Black-crowned Waxbill,Estrilda nonnula,1,170,"iNaturalist regional candidate only; review habitat fit, introduced status and game value before inclusion."
birds,390,yes,145153,Golden-winged Sunbird,Drepanorhynchus reichenowi,1,169,"iNaturalist regional candidate only; review habitat fit, introduced status and game value before inclusion."
birds,391,yes,144662,Tanzanian Red-billed Hornbill,Tockus ruahae,1,168,"iNaturalist regional candidate only; review habitat fit, introduced status and game value before inclusion."
birds,392,yes,558604,Southern Citril,Crithagra hyposticta,1,167,"iNaturalist regional candidate only; review habitat fit, introduced status and game value before inclusion."
birds,393,yes,522887,Pale Flycatcher,Agricola pallidus,1,165,"iNaturalist regional candidate only; review habitat fit, introduced status and game value before inclusion."
birds,394,yes,1440669,Red-cowled Widowbird,Euplectes laticauda,1,165,"iNaturalist regional candidate only; review habitat fit, introduced status and game value before inclusion."
birds,395,yes,20836,Narina Trogon,Apaloderma narina,1,164,"iNaturalist regional candidate only; review habitat fit, introduced status and game value before inclusion."
birds,396,yes,19074,Black-winged Lovebird,Agapornis taranta,1,163,"iNaturalist regional candidate only; review habitat fit, introduced status and game value before inclusion."
birds,397,yes,13272,White-starred Robin,Pogonocichla stellata,1,163,"iNaturalist regional candidate only; review habitat fit, introduced status and game value before inclusion."
birds,398,yes,474333,African Swamphen,Porphyrio madagascariensis,1,163,"iNaturalist regional candidate only; review habitat fit, introduced status and game value before inclusion."
birds,399,yes,144765,Fawn-colored Lark,Calendulauda africanoides,1,162,"iNaturalist regional candidate only; review habitat fit, introduced status and game value before inclusion."
birds,400,yes,4892,Black-bellied Plover,Pluvialis squatarola,1,162,"iNaturalist regional candidate only; review habitat fit, introduced status and game value before inclusion."
birds,401,yes,116946,White-headed Barbet,Lybius leucocephalus,1,161,"iNaturalist regional candidate only; review habitat fit, introduced status and game value before inclusion."
birds,402,yes,792926,Bearded Woodpecker,Chloropicus namaquus,1,160,"iNaturalist regional candidate only; review habitat fit, introduced status and game value before inclusion."
birds,403,yes,13785,Rüppell's Weaver,Ploceus galbula,1,160,"iNaturalist regional candidate only; review habitat fit, introduced status and game value before inclusion."
birds,404,yes,980043,Pale White-eye,Zosterops flavilateralis,1,160,"iNaturalist regional candidate only; review habitat fit, introduced status and game value before inclusion."
birds,405,yes,13767,Crimson-rumped Waxbill,Estrilda rhodopyga,1,159,"iNaturalist regional candidate only; review habitat fit, introduced status and game value before inclusion."
birds,406,yes,4684,Lanner Falcon,Falco biarmicus,1,159,"iNaturalist regional candidate only; review habitat fit, introduced status and game value before inclusion."
birds,407,yes,1583576,Northern Red-fronted Tinkerbird,Pogoniulus uropygialis,1,159,"iNaturalist regional candidate only; review habitat fit, introduced status and game value before inclusion."
birds,408,yes,7676,Croaking Cisticola,Cisticola natalensis,1,158,"iNaturalist regional candidate only; review habitat fit, introduced status and game value before inclusion."
birds,409,yes,13963,Black-winged Bishop,Euplectes hordeaceus,1,158,"iNaturalist regional candidate only; review habitat fit, introduced status and game value before inclusion."
birds,410,yes,4876,Black-headed Lapwing,Vanellus tectus,1,158,"iNaturalist regional candidate only; review habitat fit, introduced status and game value before inclusion."
birds,411,yes,7661,Chubb's Cisticola,Cisticola chubbi,1,157,"iNaturalist regional candidate only; review habitat fit, introduced status and game value before inclusion."
birds,412,yes,59845,Lesser Kestrel,Falco naumanni,1,157,"iNaturalist regional candidate only; review habitat fit, introduced status and game value before inclusion."
birds,413,yes,144520,Sooty Gull,Ichthyaetus hemprichii,1,156,"iNaturalist regional candidate only; review habitat fit, introduced status and game value before inclusion."
birds,414,yes,14101,Pangani Longclaw,Macronyx aurantiigula,1,155,"iNaturalist regional candidate only; review habitat fit, introduced status and game value before inclusion."
birds,415,yes,117070,White-crested Helmetshrike,Prionops plumatus,1,153,"iNaturalist regional candidate only; review habitat fit, introduced status and game value before inclusion."
birds,416,yes,517005,Fischer's Starling,Lamprotornis fischeri,1,152,"iNaturalist regional candidate only; review habitat fit, introduced status and game value before inclusion."
birds,417,yes,145019,Abyssinian Slaty-Flycatcher,Melaenornis chocolatinus,1,152,"iNaturalist regional candidate only; review habitat fit, introduced status and game value before inclusion."
birds,418,yes,3863,Curlew Sandpiper,Calidris ferruginea,1,151,"iNaturalist regional candidate only; review habitat fit, introduced status and game value before inclusion."
birds,419,yes,5165,African Marsh Harrier,Circus ranivorus,1,151,"iNaturalist regional candidate only; review habitat fit, introduced status and game value before inclusion."
birds,420,yes,12784,Red-capped Robin-Chat,Cossypha natalensis,1,151,"iNaturalist regional candidate only; review habitat fit, introduced status and game value before inclusion."
birds,421,no,558603,Western Citril,Crithagra frontalis,1,150,"iNaturalist regional candidate only; review habitat fit, introduced status and game value before inclusion."
birds,422,no,1578999,Black Goshawk,Astur melanoleucus,1,149,"iNaturalist regional candidate only; review habitat fit, introduced status and game value before inclusion."
birds,423,no,13140,Rufous-tailed Rock-Thrush,Monticola saxatilis,1,148,"iNaturalist regional candidate only; review habitat fit, introduced status and game value before inclusion."
birds,424,no,19269,Gray Parrot,Psittacus erithacus,1,145,"iNaturalist regional candidate only; review habitat fit, introduced status and game value before inclusion."
birds,425,no,4689,Greater Kestrel,Falco rupicoloides,1,143,"iNaturalist regional candidate only; review habitat fit, introduced status and game value before inclusion."
birds,426,no,1586878,Sulphur-breasted Bushshrike,Chlorophoneus sulfureopectus,1,142,"iNaturalist regional candidate only; review habitat fit, introduced status and game value before inclusion."
birds,427,no,144894,Yellow-whiskered Greenbul,Eurillas latirostris,1,141,"iNaturalist regional candidate only; review habitat fit, introduced status and game value before inclusion."
birds,428,no,14013,Straw-tailed Whydah,Vidua fischeri,1,141,"iNaturalist regional candidate only; review habitat fit, introduced status and game value before inclusion."
birds,429,no,144797,Mosque Swallow,Cecropis senegalensis,1,140,"iNaturalist regional candidate only; review habitat fit, introduced status and game value before inclusion."
birds,430,no,512165,Hemprich's Hornbill,Lophoceros hemprichii,1,139,"iNaturalist regional candidate only; review habitat fit, introduced status and game value before inclusion."
birds,431,no,116945,Black-billed Barbet,Lybius guifsobalito,1,137,"iNaturalist regional candidate only; review habitat fit, introduced status and game value before inclusion."
birds,432,no,1578973,African Goshawk,Aerospiza tachiro,1,136,"iNaturalist regional candidate only; review habitat fit, introduced status and game value before inclusion."
birds,433,no,367712,Cinnamon-breasted Bunting,Emberiza tahapisi,1,134,"iNaturalist regional candidate only; review habitat fit, introduced status and game value before inclusion."
birds,434,no,73154,Swahili Sparrow,Passer suahelicus,1,134,"iNaturalist regional candidate only; review habitat fit, introduced status and game value before inclusion."
birds,435,no,20956,Abyssinian Scimitarbill,Rhinopomastus minor,1,134,"iNaturalist regional candidate only; review habitat fit, introduced status and game value before inclusion."
birds,436,no,4928,Senegal Thick-knee,Burhinus senegalensis,1,133,"iNaturalist regional candidate only; review habitat fit, introduced status and game value before inclusion."
birds,437,no,13873,Black-capped Social-Weaver,Pseudonigrita cabanisi,1,132,"iNaturalist regional candidate only; review habitat fit, introduced status and game value before inclusion."
birds,438,no,507913,Trumpeter Hornbill,Bycanistes bucinator,1,130,"iNaturalist regional candidate only; review habitat fit, introduced status and game value before inclusion."
birds,439,no,8626,Black-and-white Shrike-flycatcher,Bias musicus,1,129,"iNaturalist regional candidate only; review habitat fit, introduced status and game value before inclusion."
birds,440,no,5173,Western Marsh Harrier,Circus aeruginosus,1,129,"iNaturalist regional candidate only; review habitat fit, introduced status and game value before inclusion."
birds,441,no,1789,Pied Cuckoo,Clamator jacobinus,1,129,"iNaturalist regional candidate only; review habitat fit, introduced status and game value before inclusion."
birds,442,no,12708,African Bare-eyed Thrush,Turdus tephronotus,1,127,"iNaturalist regional candidate only; review habitat fit, introduced status and game value before inclusion."
birds,443,no,1578621,Pale-throated Greenbul,Atimastillas flavigula,1,126,"iNaturalist regional candidate only; review habitat fit, introduced status and game value before inclusion."
birds,444,no,19530,Slender-tailed Nightjar,Caprimulgus clarus,1,126,"iNaturalist regional candidate only; review habitat fit, introduced status and game value before inclusion."
birds,445,no,3027,White-collared Pigeon,Columba albitorques,1,126,"iNaturalist regional candidate only; review habitat fit, introduced status and game value before inclusion."
birds,446,no,73094,Grey-headed Nigrita,Nigrita canicapillus,1,126,"iNaturalist regional candidate only; review habitat fit, introduced status and game value before inclusion."
birds,447,no,12908,Whinchat,Saxicola rubetra,1,126,"iNaturalist regional candidate only; review habitat fit, introduced status and game value before inclusion."
birds,448,no,1917,African Cuckoo,Cuculus gularis,1,125,"iNaturalist regional candidate only; review habitat fit, introduced status and game value before inclusion."
birds,449,no,14942,Splendid Starling,Lamprotornis splendidus,1,125,"iNaturalist regional candidate only; review habitat fit, introduced status and game value before inclusion."
birds,450,no,116879,White-tailed Blue Flycatcher,Elminia albicauda,1,124,"iNaturalist regional candidate only; review habitat fit, introduced status and game value before inclusion."
birds,451,no,144836,White-bellied Tit,Melaniparus albiventris,1,124,"iNaturalist regional candidate only; review habitat fit, introduced status and game value before inclusion."
birds,452,no,20301,African Scops-Owl,Otus senegalensis,1,123,"iNaturalist regional candidate only; review habitat fit, introduced status and game value before inclusion."
birds,453,no,145192,Copper Sunbird,Cinnyris cupreus,1,122,"iNaturalist regional candidate only; review habitat fit, introduced status and game value before inclusion."
birds,454,no,6976,African Black Duck,Anas sparsa,1,121,"iNaturalist regional candidate only; review habitat fit, introduced status and game value before inclusion."
birds,455,no,8295,Northern Puffback,Dryoscopus gambensis,1,121,"iNaturalist regional candidate only; review habitat fit, introduced status and game value before inclusion."
birds,456,no,1289377,Black-faced Waxbill,Brunhilda erythronotos,1,120,"iNaturalist regional candidate only; review habitat fit, introduced status and game value before inclusion."
birds,457,no,13146,Little Rock-Thrush,Monticola rufocinereus,1,120,"iNaturalist regional candidate only; review habitat fit, introduced status and game value before inclusion."
birds,458,no,1506315,Brown-breasted Barbet,Pogonornis melanopterus,1,120,"iNaturalist regional candidate only; review habitat fit, introduced status and game value before inclusion."
birds,459,no,73391,Yellow-crowned Canary,Serinus flavivertex,1,120,"iNaturalist regional candidate only; review habitat fit, introduced status and game value before inclusion."
birds,460,no,1583224,Shikra,Tachyspiza badia,1,119,"iNaturalist regional candidate only; review habitat fit, introduced status and game value before inclusion."
birds,461,no,1587291,Kikuyu Mountain Greenbul,Arizelocichla kikuyuensis,1,118,"iNaturalist regional candidate only; review habitat fit, introduced status and game value before inclusion."
birds,462,no,1506279,African Grey Woodpecker,Dendropicos goertae,1,118,"iNaturalist regional candidate only; review habitat fit, introduced status and game value before inclusion."
birds,463,no,3999,Greater Painted-Snipe,Rostratula benghalensis,1,118,"iNaturalist regional candidate only; review habitat fit, introduced status and game value before inclusion."
birds,464,no,144543,Lesser Crested Tern,Thalasseus bengalensis,1,118,"iNaturalist regional candidate only; review habitat fit, introduced status and game value before inclusion."
birds,465,no,980051,Kilimanjaro White-eye,Zosterops eurycricotus,1,118,"iNaturalist regional candidate only; review habitat fit, introduced status and game value before inclusion."
birds,466,no,6619,White-rumped Swift,Apus caffer,1,117,"iNaturalist regional candidate only; review habitat fit, introduced status and game value before inclusion."
birds,467,no,117141,Black-throated Barbet,Tricholaema melanocephala,1,117,"iNaturalist regional candidate only; review habitat fit, introduced status and game value before inclusion."
birds,468,no,3723,White-headed Mousebird,Colius leucocephalus,1,116,"iNaturalist regional candidate only; review habitat fit, introduced status and game value before inclusion."
birds,469,no,423554,Moustached Grass-Warbler,Melocichla mentalis,1,116,"iNaturalist regional candidate only; review habitat fit, introduced status and game value before inclusion."
birds,470,no,2192,Blue-breasted Bee-eater,Merops variegatus,1,116,"iNaturalist regional candidate only; review habitat fit, introduced status and game value before inclusion."
birds,471,no,14130,Golden Pipit,Tmetothylacus tenellus,1,116,"iNaturalist regional candidate only; review habitat fit, introduced status and game value before inclusion."
birds,472,no,144593,Grayish Eagle-Owl,Bubo cinerascens,1,115,"iNaturalist regional candidate only; review habitat fit, introduced status and game value before inclusion."
birds,473,no,5361,Egyptian Vulture,Neophron percnopterus,1,115,"iNaturalist regional candidate only; review habitat fit, introduced status and game value before inclusion."
birds,474,no,979832,Black-bellied Starling,Notopholia corusca,1,115,"iNaturalist regional candidate only; review habitat fit, introduced status and game value before inclusion."
birds,475,no,3012,Rameron Pigeon,Columba arquatrix,1,113,"iNaturalist regional candidate only; review habitat fit, introduced status and game value before inclusion."
birds,476,no,8257,Grey-headed Bushshrike,Malaconotus blanchoti,1,113,"iNaturalist regional candidate only; review habitat fit, introduced status and game value before inclusion."
birds,477,no,7697,Zitting Cisticola,Cisticola juncidis,1,112,"iNaturalist regional candidate only; review habitat fit, introduced status and game value before inclusion."
birds,478,no,1787,Great Spotted Cuckoo,Clamator glandarius,1,112,"iNaturalist regional candidate only; review habitat fit, introduced status and game value before inclusion."
birds,479,no,116913,Grey-throated Barbet,Gymnobucco bonapartei,1,112,"iNaturalist regional candidate only; review habitat fit, introduced status and game value before inclusion."
birds,480,no,17570,Greater Honeyguide,Indicator indicator,1,112,"iNaturalist regional candidate only; review habitat fit, introduced status and game value before inclusion."
birds,481,no,72775,Blue-winged Goose,Cyanochen cyanoptera,1,111,"iNaturalist regional candidate only; review habitat fit, introduced status and game value before inclusion."
birds,482,no,13823,Brown-capped Weaver,Ploceus insignis,1,111,"iNaturalist regional candidate only; review habitat fit, introduced status and game value before inclusion."
birds,483,no,145164,Regal Sunbird,Cinnyris regius,1,110,"iNaturalist regional candidate only; review habitat fit, introduced status and game value before inclusion."
birds,484,no,7123,Southern Pochard,Netta erythrophthalma,1,108,"iNaturalist regional candidate only; review habitat fit, introduced status and game value before inclusion."
birds,485,no,116999,Osprey,Pandion haliaetus,1,108,"iNaturalist regional candidate only; review habitat fit, introduced status and game value before inclusion."
birds,486,no,14026,Southern Cordonbleu,Uraeginthus angolensis,1,107,"iNaturalist regional candidate only; review habitat fit, introduced status and game value before inclusion."
birds,487,no,144895,Little Greenbul,Eurillas virens,1,106,"iNaturalist regional candidate only; review habitat fit, introduced status and game value before inclusion."
birds,488,no,14688,Yellow-bellied Greenbul,Chlorocichla flaviventris,1,105,"iNaturalist regional candidate only; review habitat fit, introduced status and game value before inclusion."
birds,489,no,12785,Snowy-crowned Robin-Chat,Cossypha niveicapilla,1,105,"iNaturalist regional candidate only; review habitat fit, introduced status and game value before inclusion."
birds,490,no,15247,Northern Crombec,Sylvietta brachyura,1,105,"iNaturalist regional candidate only; review habitat fit, introduced status and game value before inclusion."
birds,491,no,7664,Singing Cisticola,Cisticola cantans,1,104,"iNaturalist regional candidate only; review habitat fit, introduced status and game value before inclusion."
birds,492,no,2351,Mangrove Kingfisher,Halcyon senegaloides,1,104,"iNaturalist regional candidate only; review habitat fit, introduced status and game value before inclusion."
birds,493,no,495977,Jackson's Spurfowl,Pternistis jacksoni,1,104,"iNaturalist regional candidate only; review habitat fit, introduced status and game value before inclusion."
birds,494,no,4995,Rufous-bellied Heron,Ardeola rufiventris,1,103,"iNaturalist regional candidate only; review habitat fit, introduced status and game value before inclusion."
birds,495,no,6899,Fulvous Whistling-Duck,Dendrocygna bicolor,1,103,"iNaturalist regional candidate only; review habitat fit, introduced status and game value before inclusion."
birds,496,no,558621,Thick-billed Seedeater,Crithagra burtoni,1,102,"iNaturalist regional candidate only; review habitat fit, introduced status and game value before inclusion."
birds,497,no,204526,Lesser Honeyguide,Indicator minor,1,102,"iNaturalist regional candidate only; review habitat fit, introduced status and game value before inclusion."
birds,498,no,20842,Bar-tailed Trogon,Apaloderma vittatum,1,101,"iNaturalist regional candidate only; review habitat fit, introduced status and game value before inclusion."
birds,499,no,13699,Cape Wagtail,Motacilla capensis,1,101,"iNaturalist regional candidate only; review habitat fit, introduced status and game value before inclusion."
birds,500,no,5482,Jackson's Hornbill,Tockus jacksoni,1,101,"iNaturalist regional candidate only; review habitat fit, introduced status and game value before inclusion."
birds,501,no,1440652,Ethiopian Thrush,Turdus simensis,1,101,"iNaturalist regional candidate only; review habitat fit, introduced status and game value before inclusion."
birds,502,no,17458,Northern Yellow White-eye,Zosterops senegalensis,1,101,"iNaturalist regional candidate only; review habitat fit, introduced status and game value before inclusion."
birds,503,no,1583762,Flappet Lark,Amirafra rufocinnamomea,1,100,"iNaturalist regional candidate only; review habitat fit, introduced status and game value before inclusion."
birds,504,no,8408,Pygmy Batis,Batis perkeo,1,100,"iNaturalist regional candidate only; review habitat fit, introduced status and game value before inclusion."
birds,505,no,5221,Mountain Buzzard,Buteo oreophilus,1,100,"iNaturalist regional candidate only; review habitat fit, introduced status and game value before inclusion."
birds,506,no,980050,Kikuyu White-eye,Zosterops kikuyuensis,1,100,"iNaturalist regional candidate only; review habitat fit, introduced status and game value before inclusion."
birds,507,no,144946,Gray Wren-Warbler,Calamonastes simplex,1,99,"iNaturalist regional candidate only; review habitat fit, introduced status and game value before inclusion."
birds,508,no,1289486,Banded Warbler,Curruca boehmi,1,99,"iNaturalist regional candidate only; review habitat fit, introduced status and game value before inclusion."
birds,509,no,117115,White-eared Barbet,Stactolaema leucotis,1,98,"iNaturalist regional candidate only; review habitat fit, introduced status and game value before inclusion."
birds,510,no,1289383,Gray-headed Silverbill,Spermestes griseicapilla,1,97,"iNaturalist regional candidate only; review habitat fit, introduced status and game value before inclusion."
birds,511,no,14113,Donaldson Smith's Sparrow-Weaver,Plocepasser donaldsoni,1,96,"iNaturalist regional candidate only; review habitat fit, introduced status and game value before inclusion."
birds,512,no,13788,Dark-backed Weaver,Ploceus bicolor,1,96,"iNaturalist regional candidate only; review habitat fit, introduced status and game value before inclusion."
birds,513,no,1505774,Chestnut-banded Plover,Anarhynchus pallidus,1,94,"iNaturalist regional candidate only; review habitat fit, introduced status and game value before inclusion."
birds,514,no,522872,Ashy Flycatcher,Fraseria caerulescens,1,94,"iNaturalist regional candidate only; review habitat fit, introduced status and game value before inclusion."
birds,515,no,117135,Crested Barbet,Trachyphonus vaillantii,1,94,"iNaturalist regional candidate only; review habitat fit, introduced status and game value before inclusion."
birds,516,no,563,Rouget's Rail,Rougetius rougetii,1,93,"iNaturalist regional candidate only; review habitat fit, introduced status and game value before inclusion."
birds,517,no,5077,Verreaux's Eagle,Aquila verreauxii,1,92,"iNaturalist regional candidate only; review habitat fit, introduced status and game value before inclusion."
birds,518,no,5376,Grasshopper Buzzard,Butastur rufipennis,1,92,"iNaturalist regional candidate only; review habitat fit, introduced status and game value before inclusion."
birds,519,no,145144,Hunter's Sunbird,Chalcomitra hunteri,1,92,"iNaturalist regional candidate only; review habitat fit, introduced status and game value before inclusion."
birds,520,no,1736,African Emerald Cuckoo,Chrysococcyx cupreus,1,92,"iNaturalist regional candidate only; review habitat fit, introduced status and game value before inclusion."
birds,521,no,1573649,Red-winged Lark,Corypha hypermetra,1,92,"iNaturalist regional candidate only; review habitat fit, introduced status and game value before inclusion."
birds,522,no,12042,Isabelline Shrike,Lanius isabellinus,1,92,"iNaturalist regional candidate only; review habitat fit, introduced status and game value before inclusion."
birds,523,no,62,African Finfoot,Podica senegalensis,1,92,"iNaturalist regional candidate only; review habitat fit, introduced status and game value before inclusion."
birds,524,no,7359,Thekla's Lark,Galerida theklae,1,90,"iNaturalist regional candidate only; review habitat fit, introduced status and game value before inclusion."
birds,525,no,144949,White-chinned Prinia,Schistolais leucopogon,1,90,"iNaturalist regional candidate only; review habitat fit, introduced status and game value before inclusion."
birds,526,no,13969,Jackson's Widowbird,Euplectes jacksoni,1,89,"iNaturalist regional candidate only; review habitat fit, introduced status and game value before inclusion."
birds,527,no,1505994,White-cheeked Turaco,Menelikornis leucotis,1,86,"iNaturalist regional candidate only; review habitat fit, introduced status and game value before inclusion."
birds,528,no,1582755,Little Sparrowhawk,Tachyspiza minulla,1,86,"iNaturalist regional candidate only; review habitat fit, introduced status and game value before inclusion."
birds,529,no,73535,White-rumped Babbler,Turdoides leucopygia,1,86,"iNaturalist regional candidate only; review habitat fit, introduced status and game value before inclusion."
birds,530,no,1505629,Greater Sand-Plover,Anarhynchus leschenaultii,1,85,"iNaturalist regional candidate only; review habitat fit, introduced status and game value before inclusion."
birds,531,no,7653,Red-faced Cisticola,Cisticola erythrops,1,85,"iNaturalist regional candidate only; review habitat fit, introduced status and game value before inclusion."
birds,532,no,72851,Yellow-mantled Widowbird,Euplectes macroura,1,85,"iNaturalist regional candidate only; review habitat fit, introduced status and game value before inclusion."
birds,533,no,13977,Long-tailed Widowbird,Euplectes progne,1,85,"iNaturalist regional candidate only; review habitat fit, introduced status and game value before inclusion."
birds,534,no,4643,Eurasian Hobby,Falco subbuteo,1,85,"iNaturalist regional candidate only; review habitat fit, introduced status and game value before inclusion."
birds,535,no,3340,Bruce's Green-Pigeon,Treron waalia,1,84,"iNaturalist regional candidate only; review habitat fit, introduced status and game value before inclusion."
birds,536,no,13082,Collared Palm-Thrush,Cichladusa arquata,1,83,"iNaturalist regional candidate only; review habitat fit, introduced status and game value before inclusion."
birds,537,no,4736,Black Stork,Ciconia nigra,1,83,"iNaturalist regional candidate only; review habitat fit, introduced status and game value before inclusion."
birds,538,no,7655,Stout Cisticola,Cisticola robustus,1,83,"iNaturalist regional candidate only; review habitat fit, introduced status and game value before inclusion."
birds,539,no,204508,Yellow-bellied Eremomela,Eremomela icteropygialis,1,83,"iNaturalist regional candidate only; review habitat fit, introduced status and game value before inclusion."
birds,540,no,980052,Ethiopian white-eye,Zosterops poliogastrus,1,83,"iNaturalist regional candidate only; review habitat fit, introduced status and game value before inclusion."
birds,541,no,117062,Yellow-fronted Tinkerbird,Pogoniulus chrysoconus,1,82,"iNaturalist regional candidate only; review habitat fit, introduced status and game value before inclusion."
birds,542,no,4855,White-crowned Lapwing,Vanellus albiceps,1,82,"iNaturalist regional candidate only; review habitat fit, introduced status and game value before inclusion."
birds,543,no,144211,Western Black-headed Batis,Batis erlangeri,1,80,"iNaturalist regional candidate only; review habitat fit, introduced status and game value before inclusion."
birds,544,no,13300,Malachite Sunbird,Nectarinia famosa,1,80,"iNaturalist regional candidate only; review habitat fit, introduced status and game value before inclusion."
birds,545,no,11950,White-headed Sawwing,Psalidoprocne albiceps,1,80,"iNaturalist regional candidate only; review habitat fit, introduced status and game value before inclusion."
birds,546,no,204463,Long-billed Pipit,Anthus similis,1,79,"iNaturalist regional candidate only; review habitat fit, introduced status and game value before inclusion."
birds,547,no,1793,Levaillant's Cuckoo,Clamator levaillantii,1,79,"iNaturalist regional candidate only; review habitat fit, introduced status and game value before inclusion."
birds,548,no,8453,Black-throated Wattle-eye,Platysteira peltata,1,79,"iNaturalist regional candidate only; review habitat fit, introduced status and game value before inclusion."
birds,549,no,144884,Slender-billed Greenbul,Stelgidillas gracilirostris,1,79,"iNaturalist regional candidate only; review habitat fit, introduced status and game value before inclusion."
birds,550,no,9209,Somali Bunting,Emberiza poliopleura,1,78,"iNaturalist regional candidate only; review habitat fit, introduced status and game value before inclusion."
birds,551,no,13973,Zanzibar Red Bishop,Euplectes nigroventris,1,78,"iNaturalist regional candidate only; review habitat fit, introduced status and game value before inclusion."
birds,552,no,117086,Lichtenstein's Sandgrouse,Pterocles lichtensteinii,1,78,"iNaturalist regional candidate only; review habitat fit, introduced status and game value before inclusion."
birds,553,no,20964,Common Scimitarbill,Rhinopomastus cyanomelas,1,78,"iNaturalist regional candidate only; review habitat fit, introduced status and game value before inclusion."
birds,554,no,116819,Cinnamon Bracken-Warbler,Bradypterus cinnamomeus,1,77,"iNaturalist regional candidate only; review habitat fit, introduced status and game value before inclusion."
birds,555,no,1585528,Grey Cuckooshrike,Ceblepyris caesius,1,77,"iNaturalist regional candidate only; review habitat fit, introduced status and game value before inclusion."
birds,556,no,8207,Lühder's Bushshrike,Laniarius luehderi,1,77,"iNaturalist regional candidate only; review habitat fit, introduced status and game value before inclusion."
birds,557,no,117056,Brown Woodland-Warbler,Phylloscopus umbrovirens,1,76,"iNaturalist regional candidate only; review habitat fit, introduced status and game value before inclusion."
birds,558,no,793230,Red-fronted Prinia,Prinia rufifrons,1,76,"iNaturalist regional candidate only; review habitat fit, introduced status and game value before inclusion."
birds,559,no,145351,African Silverbill,Euodice cantans,1,75,"iNaturalist regional candidate only; review habitat fit, introduced status and game value before inclusion."
birds,560,no,98811,Somali Courser,Cursorius somalensis,1,74,"iNaturalist regional candidate only; review habitat fit, introduced status and game value before inclusion."
birds,561,no,7127,African Pygmy-Goose,Nettapus auritus,1,74,"iNaturalist regional candidate only; review habitat fit, introduced status and game value before inclusion."
birds,562,no,5325,European Honey-buzzard,Pernis apivorus,1,74,"iNaturalist regional candidate only; review habitat fit, introduced status and game value before inclusion."
birds,563,no,6902,White-backed Duck,Thalassornis leuconotus,1,74,"iNaturalist regional candidate only; review habitat fit, introduced status and game value before inclusion."
birds,564,no,1685,Black Coucal,Centropus grillii,1,73,"iNaturalist regional candidate only; review habitat fit, introduced status and game value before inclusion."
birds,565,no,5152,Ayres's Hawk-Eagle,Hieraaetus ayresii,1,73,"iNaturalist regional candidate only; review habitat fit, introduced status and game value before inclusion."
birds,566,no,1204,Indian Peafowl,Pavo cristatus,1,73,"iNaturalist regional candidate only; review habitat fit, introduced status and game value before inclusion."
birds,567,no,3947,Black-tailed Godwit,Limosa limosa,1,72,"iNaturalist regional candidate only; review habitat fit, introduced status and game value before inclusion."
birds,568,no,8221,Papyrus Gonolek,Laniarius mufumbiri,1,71,"iNaturalist regional candidate only; review habitat fit, introduced status and game value before inclusion."
birds,569,no,4381,Lesser Black-backed Gull,Larus fuscus,1,71,"iNaturalist regional candidate only; review habitat fit, introduced status and game value before inclusion."
birds,570,no,1289491,Banded Martin,Neophedina cincta,1,71,"iNaturalist regional candidate only; review habitat fit, introduced status and game value before inclusion."
birds,571,no,13792,Little Weaver,Ploceus luteolus,1,71,"iNaturalist regional candidate only; review habitat fit, introduced status and game value before inclusion."
birds,572,no,1439,Eastern Crested Guineafowl,Guttera pucherani,1,70,"iNaturalist regional candidate only; review habitat fit, introduced status and game value before inclusion."
birds,573,no,14569,Cabanis's Greenbul,Phyllastrephus cabanisi,1,70,"iNaturalist regional candidate only; review habitat fit, introduced status and game value before inclusion."
birds,574,no,9234,Ethiopian Siskin,Serinus nigriceps,1,70,"iNaturalist regional candidate only; review habitat fit, introduced status and game value before inclusion."
birds,575,no,423536,Ethiopian Cisticola,Cisticola lugubris,1,69,"iNaturalist regional candidate only; review habitat fit, introduced status and game value before inclusion."
birds,576,no,13974,Yellow-crowned Bishop,Euplectes afer,1,69,"iNaturalist regional candidate only; review habitat fit, introduced status and game value before inclusion."
birds,577,no,116798,Lesser Swamp Warbler,Acrocephalus gracilirostris,1,68,"iNaturalist regional candidate only; review habitat fit, introduced status and game value before inclusion."
birds,578,no,2200,Somali Bee-eater,Merops revoilii,1,68,"iNaturalist regional candidate only; review habitat fit, introduced status and game value before inclusion."
birds,579,no,14024,Steel-blue Whydah,Vidua hypocherina,1,68,"iNaturalist regional candidate only; review habitat fit, introduced status and game value before inclusion."
birds,580,no,201182,African Yellow-Warbler,Iduna natalensis,1,67,"iNaturalist regional candidate only; review habitat fit, introduced status and game value before inclusion."
birds,581,no,18455,Red-throated Wryneck,Jynx ruficollis,1,67,"iNaturalist regional candidate only; review habitat fit, introduced status and game value before inclusion."
birds,582,no,12047,Somali Fiscal,Lanius somalicus,1,67,"iNaturalist regional candidate only; review habitat fit, introduced status and game value before inclusion."
birds,583,no,14970,Waller's Starling,Onychognathus walleri,1,66,"iNaturalist regional candidate only; review habitat fit, introduced status and game value before inclusion."
birds,584,no,144540,Great Crested Tern,Thalasseus bergii,1,66,"iNaturalist regional candidate only; review habitat fit, introduced status and game value before inclusion."
birds,585,no,4670,Red-necked Falcon,Falco chicquera,1,65,"iNaturalist regional candidate only; review habitat fit, introduced status and game value before inclusion."
birds,586,no,4639,African Hobby,Falco cuvierii,1,65,"iNaturalist regional candidate only; review habitat fit, introduced status and game value before inclusion."
birds,587,no,204556,Eurasian Golden Oriole,Oriolus oriolus,1,65,"iNaturalist regional candidate only; review habitat fit, introduced status and game value before inclusion."
birds,588,no,7763,Black-throated Apalis,Apalis jacksoni,1,64,"iNaturalist regional candidate only; review habitat fit, introduced status and game value before inclusion."
birds,589,no,522873,Dusky-blue Flycatcher,Bradornis comitatus,1,64,"iNaturalist regional candidate only; review habitat fit, introduced status and game value before inclusion."
birds,590,no,145174,Black-bellied Sunbird,Cinnyris nectarinioides,1,64,"iNaturalist regional candidate only; review habitat fit, introduced status and game value before inclusion."
birds,591,no,1907,Common Cuckoo,Cuculus canorus,1,64,"iNaturalist regional candidate only; review habitat fit, introduced status and game value before inclusion."
birds,592,no,72840,Chestnut-headed Sparrow-Lark,Eremopterix signatus,1,64,"iNaturalist regional candidate only; review habitat fit, introduced status and game value before inclusion."
birds,593,no,7887,Black-tailed Oriole,Oriolus percivali,1,64,"iNaturalist regional candidate only; review habitat fit, introduced status and game value before inclusion."
birds,594,no,495972,Scaly Spurfowl,Pternistis squamatus,1,64,"iNaturalist regional candidate only; review habitat fit, introduced status and game value before inclusion."
birds,595,no,8363,Black-headed Paradise-Flycatcher,Terpsiphone rufiventer,1,64,"iNaturalist regional candidate only; review habitat fit, introduced status and game value before inclusion."
birds,596,no,19447,Square-tailed Nightjar,Caprimulgus fossii,1,63,"iNaturalist regional candidate only; review habitat fit, introduced status and game value before inclusion."
birds,597,no,820,Harlequin Quail,Coturnix delegorguei,1,63,"iNaturalist regional candidate only; review habitat fit, introduced status and game value before inclusion."
birds,598,no,2241,Black Bee-eater,Merops gularis,1,63,"iNaturalist regional candidate only; review habitat fit, introduced status and game value before inclusion."
birds,599,no,20948,White-headed Woodhoopoe,Phoeniculus bollei,1,63,"iNaturalist regional candidate only; review habitat fit, introduced status and game value before inclusion."
birds,600,no,4863,Spot-breasted Lapwing,Vanellus melanocephalus,1,63,"iNaturalist regional candidate only; review habitat fit, introduced status and game value before inclusion."
reptiles,1,yes,32854,Flap-necked Chameleon,Chamaeleo dilepis,1,2900,"iNaturalist regional candidate only; review habitat fit, introduced status and game value before inclusion."
reptiles,2,yes,341972,Nile Crocodile,Crocodylus niloticus,1,2853,"iNaturalist regional candidate only; review habitat fit, introduced status and game value before inclusion."
reptiles,3,yes,31155,Kenyan Rock Agama,Agama lionotus,1,1913,"iNaturalist regional candidate only; review habitat fit, introduced status and game value before inclusion."
reptiles,4,yes,71085,Nile Monitor,Varanus niloticus,1,1621,"iNaturalist regional candidate only; review habitat fit, introduced status and game value before inclusion."
reptiles,5,yes,37418,African Striped Skink,Trachylepis striata,1,1579,"iNaturalist regional candidate only; review habitat fit, introduced status and game value before inclusion."
reptiles,6,yes,68492,Tropical House Gecko,Hemidactylus mabouia,1,1552,"iNaturalist regional candidate only; review habitat fit, introduced status and game value before inclusion."
reptiles,7,yes,31132,Mwanza Flat-headed Rock Agama,Agama mwanzae,1,1480,"iNaturalist regional candidate only; review habitat fit, introduced status and game value before inclusion."
reptiles,8,yes,40092,Leopard Tortoise,Stigmochelys pardalis,1,1195,"iNaturalist regional candidate only; review habitat fit, introduced status and game value before inclusion."
reptiles,9,yes,34238,Painted Dwarf Gecko,Lygodactylus picturatus,1,841,"iNaturalist regional candidate only; review habitat fit, introduced status and game value before inclusion."
reptiles,10,yes,495184,Speckle-lipped Mabuya,Trachylepis maculilabris,1,783,"iNaturalist regional candidate only; review habitat fit, introduced status and game value before inclusion."
reptiles,11,yes,797594,Uganda blue-headed tree agama,Acanthocercus ugandaensis,1,530,"iNaturalist regional candidate only; review habitat fit, introduced status and game value before inclusion."
reptiles,12,yes,466218,Rough-scaled Plated Lizard,Broadleysaurus major,1,522,"iNaturalist regional candidate only; review habitat fit, introduced status and game value before inclusion."
reptiles,13,yes,32842,Helmeted Chameleon,Trioceros hoehnelii,1,519,"iNaturalist regional candidate only; review habitat fit, introduced status and game value before inclusion."
reptiles,14,yes,93500,Finch’s agama,Agama finchi,1,515,"iNaturalist regional candidate only; review habitat fit, introduced status and game value before inclusion."
reptiles,15,yes,32994,Pygmy Grass Chameleon,Rieppeleon kerstenii,1,471,"iNaturalist regional candidate only; review habitat fit, introduced status and game value before inclusion."
reptiles,16,yes,32807,Jackson's Chameleon,Trioceros jacksonii,1,382,"iNaturalist regional candidate only; review habitat fit, introduced status and game value before inclusion."
reptiles,17,yes,37421,African Five-lined Skink,Trachylepis quinquetaeniata,1,378,"iNaturalist regional candidate only; review habitat fit, introduced status and game value before inclusion."
reptiles,18,yes,32949,Kilimanjaro two-horned chamaeleon,Kinyongia tavetana,1,365,"iNaturalist regional candidate only; review habitat fit, introduced status and game value before inclusion."
reptiles,19,yes,34463,Flathead Leaf-toed Gecko,Hemidactylus platycephalus,1,357,"iNaturalist regional candidate only; review habitat fit, introduced status and game value before inclusion."
reptiles,20,yes,32977,West Usambara two-horned chamaeleon,Kinyongia multituberculata,1,350,"iNaturalist regional candidate only; review habitat fit, introduced status and game value before inclusion."
reptiles,21,yes,146246,White-headed Dwarf Gecko,Lygodactylus mombasicus,1,340,"iNaturalist regional candidate only; review habitat fit, introduced status and game value before inclusion."
reptiles,22,yes,29074,Spotted Green Snake,Philothamnus punctatus,1,326,"iNaturalist regional candidate only; review habitat fit, introduced status and game value before inclusion."
reptiles,23,yes,32837,Johnston's Chameleon,Trioceros johnstoni,1,306,"iNaturalist regional candidate only; review habitat fit, introduced status and game value before inclusion."
reptiles,24,yes,1439535,Dodoma Rock Agama,Agama dodomae,1,295,"iNaturalist regional candidate only; review habitat fit, introduced status and game value before inclusion."
reptiles,25,yes,39659,Green Sea Turtle,Chelonia mydas,1,276,"iNaturalist regional candidate only; review habitat fit, introduced status and game value before inclusion."
reptiles,26,yes,32983,East Usambara Pitted Pygmy Chameleon,Rhampholeon temporalis,1,271,"iNaturalist regional candidate only; review habitat fit, introduced status and game value before inclusion."
reptiles,27,yes,32852,Montane side-striped chameleon,Trioceros ellioti,1,269,"iNaturalist regional candidate only; review habitat fit, introduced status and game value before inclusion."
reptiles,28,yes,32861,Wavy Chameleon,Trioceros deremensis,1,265,"iNaturalist regional candidate only; review habitat fit, introduced status and game value before inclusion."
reptiles,29,yes,30851,Puff Adder,Bitis arietans,1,258,"iNaturalist regional candidate only; review habitat fit, introduced status and game value before inclusion."
reptiles,30,yes,797591,Gregory's Blue-headed Agama,Acanthocercus gregorii,1,243,"iNaturalist regional candidate only; review habitat fit, introduced status and game value before inclusion."
reptiles,31,yes,98703,East-African Snake-eyed Skink,Cryptoblepharus africanus,1,226,"iNaturalist regional candidate only; review habitat fit, introduced status and game value before inclusion."
reptiles,32,yes,29760,Brown House Snake,Boaedon fuliginosus,1,219,"iNaturalist regional candidate only; review habitat fit, introduced status and game value before inclusion."
reptiles,33,yes,85377,Helmeted Turtle,Pelomedusa subrufa,1,218,"iNaturalist regional candidate only; review habitat fit, introduced status and game value before inclusion."
reptiles,34,yes,111810,Bearded Pygmy Chameleon,Rieppeleon brevicaudatus,1,211,"iNaturalist regional candidate only; review habitat fit, introduced status and game value before inclusion."
reptiles,35,yes,32152,African Rock Python,Python sebae,1,201,"iNaturalist regional candidate only; review habitat fit, introduced status and game value before inclusion."
reptiles,36,yes,82808,Red-lipped Snake,Crotaphopeltis hotamboeia,1,195,"iNaturalist regional candidate only; review habitat fit, introduced status and game value before inclusion."
reptiles,37,yes,35397,Jackson's Forest Lizard,Adolfus jacksoni,1,182,"iNaturalist regional candidate only; review habitat fit, introduced status and game value before inclusion."
reptiles,38,yes,29073,Spotted Bush Snake,Philothamnus semivariegatus,1,175,"iNaturalist regional candidate only; review habitat fit, introduced status and game value before inclusion."
reptiles,39,yes,28964,Eastern Stripe-bellied Sand Snake,Psammophis orientalis,1,169,"iNaturalist regional candidate only; review habitat fit, introduced status and game value before inclusion."
reptiles,40,yes,889688,Adolfus kibonotensis,Adolfus kibonotensis,1,167,"iNaturalist regional candidate only; review habitat fit, introduced status and game value before inclusion."
reptiles,41,yes,32820,Coarse Chameleon,Trioceros rudis,1,162,"iNaturalist regional candidate only; review habitat fit, introduced status and game value before inclusion."
reptiles,42,yes,34496,West African House Gecko,Hemidactylus angulatus,1,161,"iNaturalist regional candidate only; review habitat fit, introduced status and game value before inclusion."
reptiles,43,yes,39672,Hawksbill Sea Turtle,Eretmochelys imbricata,1,156,"iNaturalist regional candidate only; review habitat fit, introduced status and game value before inclusion."
reptiles,44,yes,34303,Common Dwarf Gecko,Lygodactylus capensis,1,155,"iNaturalist regional candidate only; review habitat fit, introduced status and game value before inclusion."
reptiles,45,yes,797733,Brown Forest Cobra,Naja subfulva,1,142,"iNaturalist regional candidate only; review habitat fit, introduced status and game value before inclusion."
reptiles,46,yes,37415,Variable Skink,Trachylepis varia,1,140,"iNaturalist regional candidate only; review habitat fit, introduced status and game value before inclusion."
reptiles,47,yes,35972,Speke’s sand lizard,Heliobolus spekii,1,125,"iNaturalist regional candidate only; review habitat fit, introduced status and game value before inclusion."
reptiles,48,yes,37423,Tree skink,Trachylepis planifrons,1,125,"iNaturalist regional candidate only; review habitat fit, introduced status and game value before inclusion."
reptiles,49,yes,28333,Usambara Vine Snake,Thelotornis usambaricus,1,121,"iNaturalist regional candidate only; review habitat fit, introduced status and game value before inclusion."
reptiles,50,yes,34059,Zanzibar Day Gecko,Phelsuma dubia,1,119,"iNaturalist regional candidate only; review habitat fit, introduced status and game value before inclusion."
reptiles,51,yes,40126,Serrated Hinged Terrapin,Pelusios sinuatus,1,118,"iNaturalist regional candidate only; review habitat fit, introduced status and game value before inclusion."
reptiles,52,yes,30476,Black-necked Spitting Cobra,Naja nigricollis,1,115,"iNaturalist regional candidate only; review habitat fit, introduced status and game value before inclusion."
reptiles,53,yes,37932,Sundevall's Writhing Skink,Mochlus sundevallii,1,106,"iNaturalist regional candidate only; review habitat fit, introduced status and game value before inclusion."
reptiles,54,yes,30358,Boomslang,Dispholidus typus,1,101,"iNaturalist regional candidate only; review habitat fit, introduced status and game value before inclusion."
reptiles,55,yes,539233,Aldabra Giant Tortoise,Aldabrachelys gigantea,1,95,"iNaturalist regional candidate only; review habitat fit, introduced status and game value before inclusion."
reptiles,56,yes,109304,Battersby's Green Snake,Philothamnus battersbyi,1,92,"iNaturalist regional candidate only; review habitat fit, introduced status and game value before inclusion."
reptiles,57,yes,29084,Green Water Snake,Philothamnus hoplogaster,1,92,"iNaturalist regional candidate only; review habitat fit, introduced status and game value before inclusion."
reptiles,58,yes,103682,Matschie’s two-horned chamaeleon,Kinyongia matschiei,1,90,"iNaturalist regional candidate only; review habitat fit, introduced status and game value before inclusion."
reptiles,59,yes,37439,Sudan Mabuya,Trachylepis brevicollis,1,88,"iNaturalist regional candidate only; review habitat fit, introduced status and game value before inclusion."
reptiles,60,yes,32950,Böhme’s two-horned chamaeleon,Kinyongia boehmei,1,87,"iNaturalist regional candidate only; review habitat fit, introduced status and game value before inclusion."
reptiles,61,yes,32871,Side-striped Chameleon,Trioceros bitaeniatus,1,87,"iNaturalist regional candidate only; review habitat fit, introduced status and game value before inclusion."
reptiles,62,yes,1630133,Rainbow Skink,Trachylepis margaritifer,1,81,"iNaturalist regional candidate only; review habitat fit, introduced status and game value before inclusion."
reptiles,63,yes,32947,Matschie's Dwarf Chameleon,Kinyongia tenuis,1,79,"iNaturalist regional candidate only; review habitat fit, introduced status and game value before inclusion."
reptiles,64,yes,40065,Bell’s Hingeback Tortoise,Kinixys belliana,1,75,"iNaturalist regional candidate only; review habitat fit, introduced status and game value before inclusion."
reptiles,65,yes,67433,Speke's Hinge-back Tortoise,Kinixys spekii,1,75,"iNaturalist regional candidate only; review habitat fit, introduced status and game value before inclusion."
reptiles,66,yes,32845,Graceful Chameleon,Chamaeleo gracilis,1,72,"iNaturalist regional candidate only; review habitat fit, introduced status and game value before inclusion."
reptiles,67,yes,56629,Olive Whip Snake,Psammophis mossambicus,1,69,"iNaturalist regional candidate only; review habitat fit, introduced status and game value before inclusion."
reptiles,68,yes,111451,Southern African Python,Python natalensis,1,69,"iNaturalist regional candidate only; review habitat fit, introduced status and game value before inclusion."
reptiles,69,yes,34273,Kenya Dwarf Gecko,Lygodactylus keniensis,1,68,"iNaturalist regional candidate only; review habitat fit, introduced status and game value before inclusion."
reptiles,70,yes,964785,Wahlberg's Snake-eyed Skink,Panaspis wahlbergii,1,68,"iNaturalist regional candidate only; review habitat fit, introduced status and game value before inclusion."
reptiles,71,yes,32818,Tanzanian Montane Dwarf Chameleon,Trioceros sternfeldi,1,63,"iNaturalist regional candidate only; review habitat fit, introduced status and game value before inclusion."
reptiles,72,yes,539884,Merker's thread Snake,Leptotyphlops merkeri,1,58,"iNaturalist regional candidate only; review habitat fit, introduced status and game value before inclusion."
reptiles,73,yes,29508,Cape Wolf Snake,Lycophidion capense,1,58,"iNaturalist regional candidate only; review habitat fit, introduced status and game value before inclusion."
reptiles,74,yes,110765,Link-marked Sand Snake,Psammophis biseriatus,1,58,"iNaturalist regional candidate only; review habitat fit, introduced status and game value before inclusion."
reptiles,75,yes,30880,Great Lakes Bush Viper,Atheris nitschei,1,57,"iNaturalist regional candidate only; review habitat fit, introduced status and game value before inclusion."
reptiles,76,yes,28338,Eastern Twig Snake,Thelotornis mossambicanus,1,55,"iNaturalist regional candidate only; review habitat fit, introduced status and game value before inclusion."
reptiles,77,yes,30855,Rhinoceros Viper,Bitis nasicornis,1,53,"iNaturalist regional candidate only; review habitat fit, introduced status and game value before inclusion."
reptiles,78,yes,28771,Eastern Rufous Beaked Snake,Rhamphiophis rostratus,1,53,"iNaturalist regional candidate only; review habitat fit, introduced status and game value before inclusion."
reptiles,79,yes,34312,Angulate dwarf gecko,Lygodactylus angularis,1,52,"iNaturalist regional candidate only; review habitat fit, introduced status and game value before inclusion."
reptiles,80,yes,32988,Nchisi Pitless Pygmy Chameleon,Rhampholeon nchisiensis,1,50,"iNaturalist regional candidate only; review habitat fit, introduced status and game value before inclusion."
reptiles,81,yes,30853,Gaboon Viper,Bitis gabonica,1,49,"iNaturalist regional candidate only; review habitat fit, introduced status and game value before inclusion."
reptiles,82,yes,26717,Egg-eating Snake,Dasypeltis scabra,1,49,"iNaturalist regional candidate only; review habitat fit, introduced status and game value before inclusion."
reptiles,83,yes,318701,Eastern Hinged-Back Tortoise,Kinixys zombensis,1,49,"iNaturalist regional candidate only; review habitat fit, introduced status and game value before inclusion."
reptiles,84,yes,40063,Crevice Tortoise,Malacochersus tornieri,1,48,"iNaturalist regional candidate only; review habitat fit, introduced status and game value before inclusion."
reptiles,85,yes,32819,Mount Kenya Side-striped Chameleon,Trioceros schubotzi,1,48,"iNaturalist regional candidate only; review habitat fit, introduced status and game value before inclusion."
reptiles,86,yes,32610,Common Lined Worm Snake,Afrotyphlops lineolatus,1,47,"iNaturalist regional candidate only; review habitat fit, introduced status and game value before inclusion."
reptiles,87,yes,1403184,African Gecko,Ancylodactylus africanus,1,47,"iNaturalist regional candidate only; review habitat fit, introduced status and game value before inclusion."
reptiles,88,yes,30877,African Bush Viper,Atheris squamigera,1,47,"iNaturalist regional candidate only; review habitat fit, introduced status and game value before inclusion."
reptiles,89,yes,82807,Ashe's Spitting Cobra,Naja ashei,1,47,"iNaturalist regional candidate only; review habitat fit, introduced status and game value before inclusion."
reptiles,90,yes,32814,Tanzania Mountain Chameleon,Trioceros tempeli,1,47,"iNaturalist regional candidate only; review habitat fit, introduced status and game value before inclusion."
reptiles,91,yes,488396,Southern Highlands One-horned Chameleon,Kinyongia msuyae,1,46,"iNaturalist regional candidate only; review habitat fit, introduced status and game value before inclusion."
reptiles,92,yes,35827,Common Long-tailed Lizard,Latastia longicaudata,1,46,"iNaturalist regional candidate only; review habitat fit, introduced status and game value before inclusion."
reptiles,93,yes,30405,Black Mamba,Dendroaspis polylepis,1,45,"iNaturalist regional candidate only; review habitat fit, introduced status and game value before inclusion."
reptiles,94,yes,30486,Red Spitting Cobra,Naja pallida,1,45,"iNaturalist regional candidate only; review habitat fit, introduced status and game value before inclusion."
reptiles,95,yes,34454,Nyika Gecko,Hemidactylus squamulatus,1,44,"iNaturalist regional candidate only; review habitat fit, introduced status and game value before inclusion."
reptiles,96,yes,30411,Eastern Green Mamba,Dendroaspis angusticeps,1,43,"iNaturalist regional candidate only; review habitat fit, introduced status and game value before inclusion."
reptiles,97,yes,28971,Speckled Sand Racer,Psammophis punctulatus,1,43,"iNaturalist regional candidate only; review habitat fit, introduced status and game value before inclusion."
reptiles,98,yes,797597,Peters's Rock Agama,Agama picticauda,1,42,"iNaturalist regional candidate only; review habitat fit, introduced status and game value before inclusion."
reptiles,99,yes,35510,Brenner’s Sand Racer,Pseuderemias brenneri,1,42,"iNaturalist regional candidate only; review habitat fit, introduced status and game value before inclusion."
reptiles,100,yes,965969,Tsavo dwarf gecko,Lygodactylus tsavoensis,1,41,"iNaturalist regional candidate only; review habitat fit, introduced status and game value before inclusion."
reptiles,101,yes,38256,Kilimanjaro Five-toed Skink,Leptosiaphos kilimensis,1,38,"iNaturalist regional candidate only; review habitat fit, introduced status and game value before inclusion."
reptiles,102,yes,540043,Neumann's Marsh Terrapin,Pelomedusa neumanni,1,38,"iNaturalist regional candidate only; review habitat fit, introduced status and game value before inclusion."
reptiles,103,yes,32816,Werner's Chameleon,Trioceros werneri,1,38,"iNaturalist regional candidate only; review habitat fit, introduced status and game value before inclusion."
reptiles,104,yes,341973,West African Crocodile,Crocodylus suchus,1,37,"iNaturalist regional candidate only; review habitat fit, introduced status and game value before inclusion."
reptiles,105,yes,30654,East African Garter Snake,Elapsoidea loveridgei,1,37,"iNaturalist regional candidate only; review habitat fit, introduced status and game value before inclusion."
reptiles,106,yes,28965,Northern Stripe-bellied Sand Snake,Psammophis sudanensis,1,37,"iNaturalist regional candidate only; review habitat fit, introduced status and game value before inclusion."
reptiles,107,yes,31147,Elmenteita Rock Agama,Agama caudospinosa,1,36,"iNaturalist regional candidate only; review habitat fit, introduced status and game value before inclusion."
reptiles,108,yes,31120,Spiny Agama,Agama spinosa,1,36,"iNaturalist regional candidate only; review habitat fit, introduced status and game value before inclusion."
reptiles,109,yes,32208,East African Sand Boa,Eryx colubrinus,1,36,"iNaturalist regional candidate only; review habitat fit, introduced status and game value before inclusion."
reptiles,110,yes,31088,Egyptian Saw-scaled Viper,Echis pyramidum,1,34,"iNaturalist regional candidate only; review habitat fit, introduced status and game value before inclusion."
reptiles,111,no,32999,Moyer's Pygmy Chameleon,Rhampholeon moyeri,1,32,"iNaturalist regional candidate only; review habitat fit, introduced status and game value before inclusion."
reptiles,112,no,540249,Pemba Speckle-lipped Skink,Trachylepis albotaeniata,1,32,"iNaturalist regional candidate only; review habitat fit, introduced status and game value before inclusion."
reptiles,113,no,31153,Tropical Spiny Agama,Agama armata,1,31,"iNaturalist regional candidate only; review habitat fit, introduced status and game value before inclusion."
reptiles,114,no,31134,Montane rock agama,Agama montana,1,31,"iNaturalist regional candidate only; review habitat fit, introduced status and game value before inclusion."
reptiles,115,no,29005,East African Shovel-Snout,Prosymna stuhlmanni,1,31,"iNaturalist regional candidate only; review habitat fit, introduced status and game value before inclusion."
reptiles,116,no,35970,Eastern Blue-tailed Gliding Lizard,Holaspis laevis,1,30,"iNaturalist regional candidate only; review habitat fit, introduced status and game value before inclusion."
reptiles,117,no,29359,Olive Marsh Snake,Natriciteres olivacea,1,30,"iNaturalist regional candidate only; review habitat fit, introduced status and game value before inclusion."
reptiles,118,no,28769,Red-spotted Beaked Snake,Rhamphiophis rubropunctatus,1,30,"iNaturalist regional candidate only; review habitat fit, introduced status and game value before inclusion."
reptiles,119,no,37425,Grass-top skink,Trachylepis megalura,1,30,"iNaturalist regional candidate only; review habitat fit, introduced status and game value before inclusion."
reptiles,120,no,31116,Benoue Agama,Agama doriae,1,29,"iNaturalist regional candidate only; review habitat fit, introduced status and game value before inclusion."
reptiles,121,no,102594,Kenyan Bark Snake,Hemirhagerrhis hildebrandtii,1,29,"iNaturalist regional candidate only; review habitat fit, introduced status and game value before inclusion."
reptiles,122,no,32943,Strange-horned Chameleon,Kinyongia xenorhina,1,29,"iNaturalist regional candidate only; review habitat fit, introduced status and game value before inclusion."
reptiles,123,no,34741,Yellow-throated Plated Lizard,Gerrhosaurus flavigularis,1,28,"iNaturalist regional candidate only; review habitat fit, introduced status and game value before inclusion."
reptiles,124,no,30479,Egyptian Cobra,Naja haje,1,28,"iNaturalist regional candidate only; review habitat fit, introduced status and game value before inclusion."
reptiles,125,no,33874,Ragazzi’s Fan-footed gecko,Ptyodactylus ragazzii,1,28,"iNaturalist regional candidate only; review habitat fit, introduced status and game value before inclusion."
reptiles,126,no,30883,Usambara Eyelash Viper,Atheris ceratophora,1,27,"iNaturalist regional candidate only; review habitat fit, introduced status and game value before inclusion."
reptiles,127,no,94805,African Hairy Bush Viper,Atheris hispida,1,27,"iNaturalist regional candidate only; review habitat fit, introduced status and game value before inclusion."
reptiles,128,no,33615,Ringed Wall Gecko,Tarentola annularis,1,27,"iNaturalist regional candidate only; review habitat fit, introduced status and game value before inclusion."
reptiles,129,no,32877,Rüppell's Desert Chameleon,Trioceros affinis,1,27,"iNaturalist regional candidate only; review habitat fit, introduced status and game value before inclusion."
reptiles,130,no,31437,Blue-bellied Ridgeback agama,Acanthocercus cyanogaster,1,26,"iNaturalist regional candidate only; review habitat fit, introduced status and game value before inclusion."
reptiles,131,no,31436,Philipps’ Ridgeback Agama,Acanthocercus phillipsii,1,26,"iNaturalist regional candidate only; review habitat fit, introduced status and game value before inclusion."
reptiles,132,no,34111,Warty Thick-toed Gecko,Elasmodactylus tuberculosus,1,26,"iNaturalist regional candidate only; review habitat fit, introduced status and game value before inclusion."
reptiles,133,no,32998,Rosette-nosed Pygmy Chameleon,Rhampholeon spinosus,1,26,"iNaturalist regional candidate only; review habitat fit, introduced status and game value before inclusion."
reptiles,134,no,26735,Montane Egg-eater,Dasypeltis atra,1,25,"iNaturalist regional candidate only; review habitat fit, introduced status and game value before inclusion."
reptiles,135,no,103684,Vosseler's Blade-horned Chameleon,Kinyongia vosseleri,1,25,"iNaturalist regional candidate only; review habitat fit, introduced status and game value before inclusion."
reptiles,136,no,558840,Eritrean Ridgeback Agama,Acanthocercus annectans,1,24,"iNaturalist regional candidate only; review habitat fit, introduced status and game value before inclusion."
reptiles,137,no,1630796,Zambezi Blind Snake,Afrotyphlops dinga,1,24,"iNaturalist regional candidate only; review habitat fit, introduced status and game value before inclusion."
reptiles,138,no,26865,Werner's Water Snake,Crotaphopeltis tornieri,1,24,"iNaturalist regional candidate only; review habitat fit, introduced status and game value before inclusion."
reptiles,139,no,116505,Peters' Burrowing Asp,Atractaspis fallax,1,23,"iNaturalist regional candidate only; review habitat fit, introduced status and game value before inclusion."
reptiles,140,no,35509,Sinai Racerunner,Pseuderemias mucronata,1,23,"iNaturalist regional candidate only; review habitat fit, introduced status and game value before inclusion."
reptiles,141,no,28780,Large-eyed Green Treesnake,Rhamnophis aethiopissa,1,23,"iNaturalist regional candidate only; review habitat fit, introduced status and game value before inclusion."
reptiles,142,no,28447,Common Tiger Snake,Telescopus semiannulatus,1,23,"iNaturalist regional candidate only; review habitat fit, introduced status and game value before inclusion."
reptiles,143,no,37428,Alpine Meadow Mabuya,Trachylepis irregularis,1,23,"iNaturalist regional candidate only; review habitat fit, introduced status and game value before inclusion."
reptiles,144,no,30878,Mt Rungwe bush viper,Atheris rungweensis,1,21,"iNaturalist regional candidate only; review habitat fit, introduced status and game value before inclusion."
reptiles,145,no,34320,Chevron-throated dwarf gecko,Lygodactylus gutturalis,1,21,"iNaturalist regional candidate only; review habitat fit, introduced status and game value before inclusion."
reptiles,146,no,29079,Usambara Green Snake,Philothamnus macrops,1,21,"iNaturalist regional candidate only; review habitat fit, introduced status and game value before inclusion."
reptiles,147,no,146516,Aberdare Mountains Dwarf Chameleon,Trioceros kinangopensis,1,21,"iNaturalist regional candidate only; review habitat fit, introduced status and game value before inclusion."
reptiles,148,no,33056,Tropical Girdled Lizard,Cordylus tropidosternum,1,20,"iNaturalist regional candidate only; review habitat fit, introduced status and game value before inclusion."
reptiles,149,no,32965,Rednose Dwarf Chameleon,Kinyongia oxyrhina,1,20,"iNaturalist regional candidate only; review habitat fit, introduced status and game value before inclusion."
reptiles,150,no,31037,Kenya Montane Viper,Montatheris hindii,1,20,"iNaturalist regional candidate only; review habitat fit, introduced status and game value before inclusion."
reptiles,151,no,28961,Tanganyika Sand Snake,Psammophis tanganicus,1,20,"iNaturalist regional candidate only; review habitat fit, introduced status and game value before inclusion."
reptiles,152,no,26726,East African Egg Eater,Dasypeltis medici,1,19,"iNaturalist regional candidate only; review habitat fit, introduced status and game value before inclusion."
reptiles,153,no,34535,African Whole-toed Gecko,Holodactylus africanus,1,19,"iNaturalist regional candidate only; review habitat fit, introduced status and game value before inclusion."
reptiles,154,no,539844,Brahminy Blindsnake,Indotyphlops braminus,1,19,"iNaturalist regional candidate only; review habitat fit, introduced status and game value before inclusion."
reptiles,155,no,35399,Multi-scaled Forest Lizard,Adolfus africanus,1,18,"iNaturalist regional candidate only; review habitat fit, introduced status and game value before inclusion."
reptiles,156,no,26360,Reticulated Centipede-Eater,Aparallactus lunulatus,1,18,"iNaturalist regional candidate only; review habitat fit, introduced status and game value before inclusion."
reptiles,157,no,35795,Uganda Savannah Lizard,Nucras boulengeri,1,18,"iNaturalist regional candidate only; review habitat fit, introduced status and game value before inclusion."
reptiles,158,no,32835,Meller's Chameleon,Trioceros melleri,1,18,"iNaturalist regional candidate only; review habitat fit, introduced status and game value before inclusion."
reptiles,159,no,26373,Black Centipede-Eater,Aparallactus guentheri,1,17,"iNaturalist regional candidate only; review habitat fit, introduced status and game value before inclusion."
reptiles,160,no,30822,Snouted Night Adder,Causus defilippii,1,17,"iNaturalist regional candidate only; review habitat fit, introduced status and game value before inclusion."
reptiles,161,no,97247,Smooth Chameleon,Chamaeleo laevigatus,1,17,"iNaturalist regional candidate only; review habitat fit, introduced status and game value before inclusion."
reptiles,162,no,539766,Emerald Snake,Hapsidophrys smaragdina,1,17,"iNaturalist regional candidate only; review habitat fit, introduced status and game value before inclusion."
reptiles,163,no,34505,Northern House Gecko,Hemidactylus flaviviridis,1,17,"iNaturalist regional candidate only; review habitat fit, introduced status and game value before inclusion."
reptiles,164,no,539943,Mikindani Dwarf Gecko,Lygodactylus grotei,1,17,"iNaturalist regional candidate only; review habitat fit, introduced status and game value before inclusion."
reptiles,165,no,1545824,Lygodactylus kibera,Lygodactylus kibera,1,17,"iNaturalist regional candidate only; review habitat fit, introduced status and game value before inclusion."
reptiles,166,no,34271,Mann's Dwarf Gecko,Lygodactylus manni,1,17,"iNaturalist regional candidate only; review habitat fit, introduced status and game value before inclusion."
reptiles,167,no,33918,Middle Eastern Rock Gecko,Pristurus flavipunctatus,1,17,"iNaturalist regional candidate only; review habitat fit, introduced status and game value before inclusion."
reptiles,168,no,1250149,Fierce Night Stalker,Toxicodryas vexator,1,17,"iNaturalist regional candidate only; review habitat fit, introduced status and game value before inclusion."
reptiles,169,no,32849,Ngosi Volcano Chameleon,Trioceros fuelleborni,1,17,"iNaturalist regional candidate only; review habitat fit, introduced status and game value before inclusion."
reptiles,170,no,31133,Mozambique Agama,Agama mossambica,1,16,"iNaturalist regional candidate only; review habitat fit, introduced status and game value before inclusion."
reptiles,171,no,539396,Cape House Snake,Boaedon capensis,1,16,"iNaturalist regional candidate only; review habitat fit, introduced status and game value before inclusion."
reptiles,172,no,30408,Jameson's Mamba,Dendroaspis jamesoni,1,16,"iNaturalist regional candidate only; review habitat fit, introduced status and game value before inclusion."
reptiles,173,no,30326,Common Slug-eater,Duberria lutrix,1,16,"iNaturalist regional candidate only; review habitat fit, introduced status and game value before inclusion."
reptiles,174,no,34481,Boulenger’s gecko,Hemidactylus macropholis,1,15,"iNaturalist regional candidate only; review habitat fit, introduced status and game value before inclusion."
reptiles,175,no,29093,Western Green Snake,Philothamnus angolensis,1,15,"iNaturalist regional candidate only; review habitat fit, introduced status and game value before inclusion."
reptiles,176,no,29011,Ruspoli's Shovelsnout Snake,Prosymna ruspolii,1,15,"iNaturalist regional candidate only; review habitat fit, introduced status and game value before inclusion."
reptiles,177,no,111636,Green pygmy chameleon,Rhampholeon viridis,1,15,"iNaturalist regional candidate only; review habitat fit, introduced status and game value before inclusion."
reptiles,178,no,1250147,Dinsho Mountain Chameleon,Trioceros wolfgangboehmei,1,15,"iNaturalist regional candidate only; review habitat fit, introduced status and game value before inclusion."
reptiles,179,no,29932,Mopane Snake,Hemirhagerrhis nototaenia,1,14,"iNaturalist regional candidate only; review habitat fit, introduced status and game value before inclusion."
reptiles,180,no,32975,Nguru Two-horned Chameleon,Kinyongia fischeri,1,14,"iNaturalist regional candidate only; review habitat fit, introduced status and game value before inclusion."
reptiles,181,no,797592,Kivu blue-headed tree agama,Acanthocercus kiwuensis,1,13,"iNaturalist regional candidate only; review habitat fit, introduced status and game value before inclusion."
reptiles,182,no,797593,Shewa Ridgeback Agama,Acanthocercus minutus,1,13,"iNaturalist regional candidate only; review habitat fit, introduced status and game value before inclusion."
reptiles,183,no,116506,Variable Burrowing Asp,Atractaspis irregularis,1,13,"iNaturalist regional candidate only; review habitat fit, introduced status and game value before inclusion."
reptiles,184,no,30819,Green Night Adder,Causus resimus,1,13,"iNaturalist regional candidate only; review habitat fit, introduced status and game value before inclusion."
reptiles,185,no,30661,Black Garter Snake,Elapsoidea nigra,1,13,"iNaturalist regional candidate only; review habitat fit, introduced status and game value before inclusion."
reptiles,186,no,606499,Kigezi Highlands Chameleon,Kinyongia tolleyae,1,13,"iNaturalist regional candidate only; review habitat fit, introduced status and game value before inclusion."
reptiles,187,no,34032,Parker's Day Gecko,Phelsuma parkeri,1,13,"iNaturalist regional candidate only; review habitat fit, introduced status and game value before inclusion."
reptiles,188,no,29085,Slender Green Snake,Philothamnus heterolepidotus,1,13,"iNaturalist regional candidate only; review habitat fit, introduced status and game value before inclusion."
reptiles,189,no,35398,Alpine Meadow Lizard,Adolfus alleni,1,12,"iNaturalist regional candidate only; review habitat fit, introduced status and game value before inclusion."
reptiles,190,no,31128,Somali Painted Agama,Agama persimilis,1,12,"iNaturalist regional candidate only; review habitat fit, introduced status and game value before inclusion."
reptiles,191,no,30823,Forest Night Adder,Causus lichtensteinii,1,12,"iNaturalist regional candidate only; review habitat fit, introduced status and game value before inclusion."
reptiles,192,no,797605,Fischer's Thick-toed Gecko,Chondrodactylus laevigatus,1,12,"iNaturalist regional candidate only; review habitat fit, introduced status and game value before inclusion."
reptiles,193,no,34274,Tanga Dwarf Gecko,Lygodactylus kimhowelli,1,12,"iNaturalist regional candidate only; review habitat fit, introduced status and game value before inclusion."
reptiles,194,no,539944,Side-spotted Dwarf Gecko,Lygodactylus laterimaculatus,1,12,"iNaturalist regional candidate only; review habitat fit, introduced status and game value before inclusion."
reptiles,195,no,33922,Cross-marked Semaphore Gecko,Pristurus crucifer,1,12,"iNaturalist regional candidate only; review habitat fit, introduced status and game value before inclusion."
reptiles,196,no,32982,Uluguru pygmy chameleon,Rhampholeon uluguruensis,1,12,"iNaturalist regional candidate only; review habitat fit, introduced status and game value before inclusion."
reptiles,197,no,114425,Mount Hanang Chameleon,Trioceros hanangensis,1,12,"iNaturalist regional candidate only; review habitat fit, introduced status and game value before inclusion."
reptiles,198,no,30820,Rhombic Night Adder,Causus rhombeatus,1,11,"iNaturalist regional candidate only; review habitat fit, introduced status and game value before inclusion."
reptiles,199,no,34514,Brook's House Gecko,Hemidactylus brookii,1,11,"iNaturalist regional candidate only; review habitat fit, introduced status and game value before inclusion."
reptiles,200,no,29518,Ornate Wolf Snake,Lycophidion ornatum,1,11,"iNaturalist regional candidate only; review habitat fit, introduced status and game value before inclusion."
reptiles,201,no,34236,Somali Dwarf Gecko,Lygodactylus somalicus,1,11,"iNaturalist regional candidate only; review habitat fit, introduced status and game value before inclusion."
reptiles,202,no,34246,Williams' Dwarf Gecko,Lygodactylus williamsi,1,11,"iNaturalist regional candidate only; review habitat fit, introduced status and game value before inclusion."
reptiles,203,no,566490,Mount Kenya Dwarf Gecko,Lygodactylus wojnowskii,1,11,"iNaturalist regional candidate only; review habitat fit, introduced status and game value before inclusion."
reptiles,204,no,116537,Black-headed Micrelaps,Micrelaps vaillanti,1,11,"iNaturalist regional candidate only; review habitat fit, introduced status and game value before inclusion."
reptiles,205,no,26376,Cape Centipede-Eater,Aparallactus capensis,1,10,"iNaturalist regional candidate only; review habitat fit, introduced status and game value before inclusion."
reptiles,206,no,26873,Degen’s Herald Snake,Crotaphopeltis degeni,1,10,"iNaturalist regional candidate only; review habitat fit, introduced status and game value before inclusion."
reptiles,207,no,34524,Abyssinian Half-toed Gecko,Hemidactylus barodanus,1,10,"iNaturalist regional candidate only; review habitat fit, introduced status and game value before inclusion."
reptiles,208,no,27156,Short Racer,Platyceps brevis,1,10,"iNaturalist regional candidate only; review habitat fit, introduced status and game value before inclusion."
reptiles,209,no,28938,Striped Ethiopian Snake,Pseudoboodon lemniscatus,1,10,"iNaturalist regional candidate only; review habitat fit, introduced status and game value before inclusion."
reptiles,210,no,39553,African Softshell Turtle,Trionyx triunguis,1,10,"iNaturalist regional candidate only; review habitat fit, introduced status and game value before inclusion."
reptiles,211,no,31122,Rüppell’s Agama,Agama rueppelli,1,9,"iNaturalist regional candidate only; review habitat fit, introduced status and game value before inclusion."
reptiles,212,no,26370,Jackson’s centipede-eater,Aparallactus jacksonii,1,9,"iNaturalist regional candidate only; review habitat fit, introduced status and game value before inclusion."
reptiles,213,no,116496,Southern Stiletto Snake,Atractaspis bibronii,1,9,"iNaturalist regional candidate only; review habitat fit, introduced status and game value before inclusion."
reptiles,214,no,39541,Zambezi Flapshell Turtle,Cycloderma frenatum,1,9,"iNaturalist regional candidate only; review habitat fit, introduced status and game value before inclusion."
reptiles,215,no,26529,Northern Marbled Nocturnal Tree Snake,Dipsadoboa flavida,1,9,"iNaturalist regional candidate only; review habitat fit, introduced status and game value before inclusion."
reptiles,216,no,34513,Speedy Leaf-toed Gecko,Hemidactylus citernii,1,9,"iNaturalist regional candidate only; review habitat fit, introduced status and game value before inclusion."
reptiles,217,no,34493,Scaly Leaf-toed Gecko,Hemidactylus isolepis,1,9,"iNaturalist regional candidate only; review habitat fit, introduced status and game value before inclusion."
reptiles,218,no,32974,Mount Kenya Hornless Chameleon,Kinyongia excubitor,1,9,"iNaturalist regional candidate only; review habitat fit, introduced status and game value before inclusion."
reptiles,219,no,104891,Flat-snouted Wolf Snake,Lycophidion depressirostre,1,9,"iNaturalist regional candidate only; review habitat fit, introduced status and game value before inclusion."
reptiles,220,no,29374,Semiornate Snake,Meizodon semiornatus,1,9,"iNaturalist regional candidate only; review habitat fit, introduced status and game value before inclusion."
reptiles,221,no,1148912,Mochlus hinkeli,Mochlus hinkeli,1,9,"iNaturalist regional candidate only; review habitat fit, introduced status and game value before inclusion."
reptiles,222,no,32870,Bale Two-horned Chameleon,Trioceros balebicornutus,1,9,"iNaturalist regional candidate only; review habitat fit, introduced status and game value before inclusion."
reptiles,223,no,39420,Rock Monitor,Varanus albigularis,1,9,"iNaturalist regional candidate only; review habitat fit, introduced status and game value before inclusion."
reptiles,224,no,566124,Ngong Agama,Agama hulbertorum,1,8,"iNaturalist regional candidate only; review habitat fit, introduced status and game value before inclusion."
reptiles,225,no,1403166,Udzungwa Round-eyed Gecko,Ancylodactylus uzungwae,1,8,"iNaturalist regional candidate only; review habitat fit, introduced status and game value before inclusion."
reptiles,226,no,30856,Ethiopia Viper,Bitis parviocula,1,8,"iNaturalist regional candidate only; review habitat fit, introduced status and game value before inclusion."
reptiles,227,no,1474166,Boaedon montanus,Boaedon montanus,1,8,"iNaturalist regional candidate only; review habitat fit, introduced status and game value before inclusion."
reptiles,228,no,146039,Sparse-scaled Forest Lizard,Congolacerta vauereselli,1,8,"iNaturalist regional candidate only; review habitat fit, introduced status and game value before inclusion."
reptiles,229,no,99383,Günther's Green Tree Snake,Dipsadoboa unicolor,1,8,"iNaturalist regional candidate only; review habitat fit, introduced status and game value before inclusion."
reptiles,230,no,1225664,Kenyan Coastal Half-toed Gecko,Hemidactylus barbouri,1,8,"iNaturalist regional candidate only; review habitat fit, introduced status and game value before inclusion."
reptiles,231,no,38258,Rwanda Five-toed Skink,Leptosiaphos graueri,1,8,"iNaturalist regional candidate only; review habitat fit, introduced status and game value before inclusion."
reptiles,232,no,32487,Goggle-eyed worm snake,Leptotyphlops macrops,1,8,"iNaturalist regional candidate only; review habitat fit, introduced status and game value before inclusion."
reptiles,233,no,1031644,Panaspis massaiensis,Panaspis massaiensis,1,8,"iNaturalist regional candidate only; review habitat fit, introduced status and game value before inclusion."
reptiles,234,no,29083,Hughes' Green Snake,Philothamnus hughesi,1,8,"iNaturalist regional candidate only; review habitat fit, introduced status and game value before inclusion."
reptiles,235,no,28967,Rukwa Sand Racer,Psammophis rukwae,1,8,"iNaturalist regional candidate only; review habitat fit, introduced status and game value before inclusion."
reptiles,236,no,28952,Grey-bellied Skaapsteker,Psammophylax variabilis,1,8,"iNaturalist regional candidate only; review habitat fit, introduced status and game value before inclusion."
reptiles,237,no,540179,Kenya Beaked Snake,Rhinotyphlops unitaeniatus,1,8,"iNaturalist regional candidate only; review habitat fit, introduced status and game value before inclusion."
reptiles,238,no,114036,Bird Snake,Thelotornis kirtlandii,1,8,"iNaturalist regional candidate only; review habitat fit, introduced status and game value before inclusion."
reptiles,239,no,32838,Poroto Mountain Chameleon,Trioceros incornutus,1,8,"iNaturalist regional candidate only; review habitat fit, introduced status and game value before inclusion."
reptiles,240,no,32833,Spiny-flanked Chameleon,Trioceros laterispinis,1,8,"iNaturalist regional candidate only; review habitat fit, introduced status and game value before inclusion."
reptiles,241,no,63995,Common Purple-glossed Snake,Amblyodipsas polylepis,1,7,"iNaturalist regional candidate only; review habitat fit, introduced status and game value before inclusion."
reptiles,242,no,1403180,Four-lined Forest Gecko,Ancylodactylus dickersonae,1,7,"iNaturalist regional candidate only; review habitat fit, introduced status and game value before inclusion."
reptiles,243,no,29987,Smith's African Water Snake,Grayia smithii,1,7,"iNaturalist regional candidate only; review habitat fit, introduced status and game value before inclusion."
reptiles,244,no,103681,Magombera chameleon,Kinyongia magomberae,1,7,"iNaturalist regional candidate only; review habitat fit, introduced status and game value before inclusion."
reptiles,245,no,797700,Cape File Snake,Limaformosa capensis,1,7,"iNaturalist regional candidate only; review habitat fit, introduced status and game value before inclusion."
reptiles,246,no,40120,Williams’ African Mud Turtle,Pelusios williamsi,1,7,"iNaturalist regional candidate only; review habitat fit, introduced status and game value before inclusion."
reptiles,247,no,28993,Dwarf Sand Snake,Psammophis angolensis,1,7,"iNaturalist regional candidate only; review habitat fit, introduced status and game value before inclusion."
reptiles,248,no,93502,Kakamega Agama,Agama kaimosae,1,6,"iNaturalist regional candidate only; review habitat fit, introduced status and game value before inclusion."
reptiles,249,no,539230,Las Geel Agama,Agama somalica,1,6,"iNaturalist regional candidate only; review habitat fit, introduced status and game value before inclusion."
reptiles,250,no,145997,East African Highland Grass Lizard,Chamaesaura tenuior,1,6,"iNaturalist regional candidate only; review habitat fit, introduced status and game value before inclusion."
reptiles,251,no,26511,Werner's Green Tree Snake,Dipsadoboa werneri,1,6,"iNaturalist regional candidate only; review habitat fit, introduced status and game value before inclusion."
reptiles,252,no,30328,Shire Slug-eater,Duberria shirana,1,6,"iNaturalist regional candidate only; review habitat fit, introduced status and game value before inclusion."
reptiles,253,no,1633018,Eastern Black-lined Plated Lizard,Gerrhosaurus intermedius,1,6,"iNaturalist regional candidate only; review habitat fit, introduced status and game value before inclusion."
reptiles,254,no,34460,Farm Leaf-toed Gecko,Hemidactylus ruspolii,1,6,"iNaturalist regional candidate only; review habitat fit, introduced status and game value before inclusion."
reptiles,255,no,34397,Banded Velvet Gecko,Homopholis fasciata,1,6,"iNaturalist regional candidate only; review habitat fit, introduced status and game value before inclusion."
reptiles,256,no,34257,Scheffler's Dwarf Gecko,Lygodactylus scheffleri,1,6,"iNaturalist regional candidate only; review habitat fit, introduced status and game value before inclusion."
reptiles,257,no,40123,East African Black Mud Turtle,Pelusios subniger,1,6,"iNaturalist regional candidate only; review habitat fit, introduced status and game value before inclusion."
reptiles,258,no,29012,Banded shovel-snout,Prosymna semifasciata,1,6,"iNaturalist regional candidate only; review habitat fit, introduced status and game value before inclusion."
reptiles,259,no,540138,Kenyan Striped Skaapsteker,Psammophylax multisquamis,1,6,"iNaturalist regional candidate only; review habitat fit, introduced status and game value before inclusion."
reptiles,260,no,35505,Smith's Racerunner,Pseuderemias smithii,1,6,"iNaturalist regional candidate only; review habitat fit, introduced status and game value before inclusion."
reptiles,261,no,1474113,Rhampholeon princeeai,Rhampholeon princeeai,1,6,"iNaturalist regional candidate only; review habitat fit, introduced status and game value before inclusion."
reptiles,262,no,28327,Black Tree Snake,Thrasops jacksonii,1,6,"iNaturalist regional candidate only; review habitat fit, introduced status and game value before inclusion."
reptiles,263,no,32846,Ilolo Chameleon,Trioceros goetzei,1,6,"iNaturalist regional candidate only; review habitat fit, introduced status and game value before inclusion."
reptiles,264,no,318773,Jijiga Shield-tailed Agama,Xenagama wilmsi,1,6,"iNaturalist regional candidate only; review habitat fit, introduced status and game value before inclusion."
reptiles,265,no,539199,Adolfus masavaensis,Adolfus masavaensis,1,5,"iNaturalist regional candidate only; review habitat fit, introduced status and game value before inclusion."
reptiles,266,no,68056,Rainbow Agama,Agama agama,1,5,"iNaturalist regional candidate only; review habitat fit, introduced status and game value before inclusion."
reptiles,267,no,30881,Ashe's Bush Viper,Atheris desaixi,1,5,"iNaturalist regional candidate only; review habitat fit, introduced status and game value before inclusion."
reptiles,268,no,30860,Kenya Horned Viper,Bitis worthingtoni,1,5,"iNaturalist regional candidate only; review habitat fit, introduced status and game value before inclusion."
reptiles,269,no,27563,Usambara forest snake,Buhoma vauerocegae,1,5,"iNaturalist regional candidate only; review habitat fit, introduced status and game value before inclusion."
reptiles,270,no,96895,Spotted Night Adder,Causus maculatus,1,5,"iNaturalist regional candidate only; review habitat fit, introduced status and game value before inclusion."
reptiles,271,no,40089,African Spurred Tortoise,Centrochelys sulcata,1,5,"iNaturalist regional candidate only; review habitat fit, introduced status and game value before inclusion."
reptiles,272,no,32872,Spurless Basilisk Chameleon,Chamaeleo calcaricarens,1,5,"iNaturalist regional candidate only; review habitat fit, introduced status and game value before inclusion."
reptiles,273,no,797660,Pemba Island Clawless Gecko,Ebenavia safari,1,5,"iNaturalist regional candidate only; review habitat fit, introduced status and game value before inclusion."
reptiles,274,no,38431,Western Serpentiform Skink,Eumecia anchietae,1,5,"iNaturalist regional candidate only; review habitat fit, introduced status and game value before inclusion."
reptiles,275,no,30010,Black-lined Green Snake,Hapsidophrys lineata,1,5,"iNaturalist regional candidate only; review habitat fit, introduced status and game value before inclusion."
reptiles,276,no,29543,Tanganyika Water Snake,Lycodonomorphus bicolor,1,5,"iNaturalist regional candidate only; review habitat fit, introduced status and game value before inclusion."
reptiles,277,no,1304754,Lycophidion jacksoni,Lycophidion jacksoni,1,5,"iNaturalist regional candidate only; review habitat fit, introduced status and game value before inclusion."
reptiles,278,no,29516,Red-snouted Wolf Snake,Lycophidion uzungwense,1,5,"iNaturalist regional candidate only; review habitat fit, introduced status and game value before inclusion."
reptiles,279,no,34255,Scortecci's Dwarf Gecko,Lygodactylus scorteccii,1,5,"iNaturalist regional candidate only; review habitat fit, introduced status and game value before inclusion."
reptiles,280,no,29356,Forest Marsh Snake,Natriciteres sylvatica,1,5,"iNaturalist regional candidate only; review habitat fit, introduced status and game value before inclusion."
reptiles,281,no,560429,Tanzanian Helmeted Terrapin,Pelomedusa kobe,1,5,"iNaturalist regional candidate only; review habitat fit, introduced status and game value before inclusion."
reptiles,282,no,32997,Boulenger’s pygmy chameleon,Rhampholeon boulengeri,1,5,"iNaturalist regional candidate only; review habitat fit, introduced status and game value before inclusion."
reptiles,283,no,1250150,Diamondback Night Stalker,Toxicodryas adamantea,1,5,"iNaturalist regional candidate only; review habitat fit, introduced status and game value before inclusion."
reptiles,284,no,39782,Pond Slider,Trachemys scripta,1,5,"iNaturalist regional candidate only; review habitat fit, introduced status and game value before inclusion."
reptiles,285,no,114292,Fire-sided Skink,Trachylepis perrotetii,1,5,"iNaturalist regional candidate only; review habitat fit, introduced status and game value before inclusion."
reptiles,286,no,32862,Sudanese Cone-horned Chameleon,Trioceros conirostratus,1,5,"iNaturalist regional candidate only; review habitat fit, introduced status and game value before inclusion."
reptiles,287,no,32883,Mount Kulal Chameleon,Trioceros narraioca,1,5,"iNaturalist regional candidate only; review habitat fit, introduced status and game value before inclusion."
reptiles,288,no,121141,Pokot Chameleon,Trioceros nyirit,1,5,"iNaturalist regional candidate only; review habitat fit, introduced status and game value before inclusion."
reptiles,289,no,33529,Wolterstorff's Gecko,Urocotyledon wolterstorffi,1,5,"iNaturalist regional candidate only; review habitat fit, introduced status and game value before inclusion."
reptiles,290,no,114809,Eyed Dabb Lizard,Uromastyx ocellata,1,5,"iNaturalist regional candidate only; review habitat fit, introduced status and game value before inclusion."
reptiles,291,no,93489,Angola blind snake,Afrotyphlops angolensis,1,4,"iNaturalist regional candidate only; review habitat fit, introduced status and game value before inclusion."
reptiles,292,no,539217,Somali Giant Blind-snake,Afrotyphlops brevis,1,4,"iNaturalist regional candidate only; review habitat fit, introduced status and game value before inclusion."
reptiles,293,no,27566,Pale-headed forest snake,Buhoma depressiceps,1,4,"iNaturalist regional candidate only; review habitat fit, introduced status and game value before inclusion."
reptiles,294,no,97246,African Chameleon,Chamaeleo africanus,1,4,"iNaturalist regional candidate only; review habitat fit, introduced status and game value before inclusion."
reptiles,295,no,35986,Green keel-bellied lizard,Gastropholis prasina,1,4,"iNaturalist regional candidate only; review habitat fit, introduced status and game value before inclusion."
reptiles,296,no,797682,Black File Snake,Gracililima nyassae,1,4,"iNaturalist regional candidate only; review habitat fit, introduced status and game value before inclusion."
reptiles,297,no,1119944,Afar Half-toed Gecko,Hemidactylus afarensis,1,4,"iNaturalist regional candidate only; review habitat fit, introduced status and game value before inclusion."
reptiles,298,no,518131,Awash Half-toed Gecko,Hemidactylus awashensis,1,4,"iNaturalist regional candidate only; review habitat fit, introduced status and game value before inclusion."
reptiles,299,no,34474,Moderate Leaf-toed Gecko,Hemidactylus modestus,1,4,"iNaturalist regional candidate only; review habitat fit, introduced status and game value before inclusion."
reptiles,300,no,102553,Heyden’s gecko,Hemidactylus robustus,1,4,"iNaturalist regional candidate only; review habitat fit, introduced status and game value before inclusion."
reptiles,301,no,29933,Keller's Bark Snake,Hemirhagerrhis kelleri,1,4,"iNaturalist regional candidate only; review habitat fit, introduced status and game value before inclusion."
reptiles,302,no,554937,Rugege Highlands Forest Chameleon,Kinyongia rugegensis,1,4,"iNaturalist regional candidate only; review habitat fit, introduced status and game value before inclusion."
reptiles,303,no,35833,Johnston’s long-tailed lizard,Latastia johnstonii,1,4,"iNaturalist regional candidate only; review habitat fit, introduced status and game value before inclusion."
reptiles,304,no,104377,Black-tip worm snake,Leptotyphlops nigroterminus,1,4,"iNaturalist regional candidate only; review habitat fit, introduced status and game value before inclusion."
reptiles,305,no,797701,Unicolor File Snake,Limaformosa chanleri,1,4,"iNaturalist regional candidate only; review habitat fit, introduced status and game value before inclusion."
reptiles,306,no,29533,Whyte's Water Snake,Lycodonomorphus whytii,1,4,"iNaturalist regional candidate only; review habitat fit, introduced status and game value before inclusion."
reptiles,307,no,34293,Chobe Dwarf Gecko,Lygodactylus chobiensis,1,4,"iNaturalist regional candidate only; review habitat fit, introduced status and game value before inclusion."
reptiles,308,no,106360,Hook-snouted worm snake,Myriopholis macrorhyncha,1,4,"iNaturalist regional candidate only; review habitat fit, introduced status and game value before inclusion."
reptiles,309,no,29091,Thirteen-scaled Green Snake,Philothamnus carinatus,1,4,"iNaturalist regional candidate only; review habitat fit, introduced status and game value before inclusion."
reptiles,310,no,27082,Flowered Whip Snake,Platyceps florulentus,1,4,"iNaturalist regional candidate only; review habitat fit, introduced status and game value before inclusion."
reptiles,311,no,28958,Hissing Sand Snake,Psammophis sibilans,1,4,"iNaturalist regional candidate only; review habitat fit, introduced status and game value before inclusion."
reptiles,312,no,35506,Peters' Sand Lizard,Pseuderemias striata,1,4,"iNaturalist regional candidate only; review habitat fit, introduced status and game value before inclusion."
reptiles,313,no,28940,Böhme's Ethiopian Mountain Snake,Pseudoboodon boehmei,1,4,"iNaturalist regional candidate only; review habitat fit, introduced status and game value before inclusion."
reptiles,314,no,28728,African Hook-nosed Snake,Scaphiophis albopunctatus,1,4,"iNaturalist regional candidate only; review habitat fit, introduced status and game value before inclusion."
reptiles,315,no,33629,Elegant Short-fingered Gecko,Stenodactylus sthenodactylus,1,4,"iNaturalist regional candidate only; review habitat fit, introduced status and game value before inclusion."
reptiles,316,no,114284,Braun's Mabuya,Trachylepis brauni,1,4,"iNaturalist regional candidate only; review habitat fit, introduced status and game value before inclusion."
reptiles,317,no,39456,Savannah Monitor,Varanus exanthematicus,1,4,"iNaturalist regional candidate only; review habitat fit, introduced status and game value before inclusion."
reptiles,318,no,93047,Peter’s Ridgeback Agama,Acanthocercus guentherpetersi,1,3,"iNaturalist regional candidate only; review habitat fit, introduced status and game value before inclusion."
reptiles,319,no,32679,Blotched blind snake,Afrotyphlops congestus,1,3,"iNaturalist regional candidate only; review habitat fit, introduced status and game value before inclusion."
reptiles,320,no,1403178,Elgon Round-eyed Gecko,Ancylodactylus elgonensis,1,3,"iNaturalist regional candidate only; review habitat fit, introduced status and game value before inclusion."
reptiles,321,no,1403168,Ancylodactylus spawlsi,Ancylodactylus spawlsi,1,3,"iNaturalist regional candidate only; review habitat fit, introduced status and game value before inclusion."
reptiles,322,no,30817,Uzungwe Mountain Bush Viper,Atheris barbouri,1,3,"iNaturalist regional candidate only; review habitat fit, introduced status and game value before inclusion."
reptiles,323,no,27605,Red-Black Striped Snake,Bothrophthalmus lineatus,1,3,"iNaturalist regional candidate only; review habitat fit, introduced status and game value before inclusion."
reptiles,324,no,102544,Lake Turkana Half-toed Gecko,Hemidactylus barbierii,1,3,"iNaturalist regional candidate only; review habitat fit, introduced status and game value before inclusion."
reptiles,325,no,51940,Asian House Gecko,Hemidactylus frenatus,1,3,"iNaturalist regional candidate only; review habitat fit, introduced status and game value before inclusion."
reptiles,326,no,40071,Eroded Hingeback Tortoise,Kinixys erosa,1,3,"iNaturalist regional candidate only; review habitat fit, introduced status and game value before inclusion."
reptiles,327,no,103683,Poroto Single-horned Chameleon,Kinyongia vanheygeni,1,3,"iNaturalist regional candidate only; review habitat fit, introduced status and game value before inclusion."
reptiles,328,no,318703,Peters' Longtail Lizard,Latastia caeruleopunctata,1,3,"iNaturalist regional candidate only; review habitat fit, introduced status and game value before inclusion."
reptiles,329,no,39670,Olive Ridley Sea Turtle,Lepidochelys olivacea,1,3,"iNaturalist regional candidate only; review habitat fit, introduced status and game value before inclusion."
reptiles,330,no,34311,Angola Dwarf Gecko,Lygodactylus angolensis,1,3,"iNaturalist regional candidate only; review habitat fit, introduced status and game value before inclusion."
reptiles,331,no,1473450,Lygodactylus heeneni,Lygodactylus heeneni,1,3,"iNaturalist regional candidate only; review habitat fit, introduced status and game value before inclusion."
reptiles,332,no,1545823,Karamoja Dwarf Gecko,Lygodactylus karamoja,1,3,"iNaturalist regional candidate only; review habitat fit, introduced status and game value before inclusion."
reptiles,333,no,37958,Longtail Limbless Skink,Melanoseps ater,1,3,"iNaturalist regional candidate only; review habitat fit, introduced status and game value before inclusion."
reptiles,334,no,37957,Loveridge’s limbless skink,Melanoseps loveridgei,1,3,"iNaturalist regional candidate only; review habitat fit, introduced status and game value before inclusion."
reptiles,335,no,797726,Pemba Island Writhing Skink,Mochlus pembanus,1,3,"iNaturalist regional candidate only; review habitat fit, introduced status and game value before inclusion."
reptiles,336,no,200417,Somali Writhing Skink,Mochlus somalicus,1,3,"iNaturalist regional candidate only; review habitat fit, introduced status and game value before inclusion."
reptiles,337,no,73896,Mashona Hinged Terrapin,Pelusios rhodesianus,1,3,"iNaturalist regional candidate only; review habitat fit, introduced status and game value before inclusion."
reptiles,338,no,29087,Ruanda Emerald Green Snake,Philothamnus ruandae,1,3,"iNaturalist regional candidate only; review habitat fit, introduced status and game value before inclusion."
reptiles,339,no,1672945,Smith's Racer,Platyceps smithii,1,3,"iNaturalist regional candidate only; review habitat fit, introduced status and game value before inclusion."
reptiles,340,no,111014,African Tree Cobra,Pseudohaje goldii,1,3,"iNaturalist regional candidate only; review habitat fit, introduced status and game value before inclusion."
reptiles,341,no,111634,Nguru pygmy chameleon,Rhampholeon acuminatus,1,3,"iNaturalist regional candidate only; review habitat fit, introduced status and game value before inclusion."
reptiles,342,no,1676764,Plumptre’s Pygmy Chameleon,Rhampholeon plumptrei,1,3,"iNaturalist regional candidate only; review habitat fit, introduced status and game value before inclusion."
reptiles,343,no,1474112,Rhampholeon rubeho,Rhampholeon rubeho,1,3,"iNaturalist regional candidate only; review habitat fit, introduced status and game value before inclusion."
reptiles,344,no,1474110,Rhampholeon waynelotteri,Rhampholeon waynelotteri,1,3,"iNaturalist regional candidate only; review habitat fit, introduced status and game value before inclusion."
reptiles,345,no,113855,Arabian Cat Snake,Telescopus dhara,1,3,"iNaturalist regional candidate only; review habitat fit, introduced status and game value before inclusion."
reptiles,346,no,146473,Egyptian catsnake,Telescopus obtusus,1,3,"iNaturalist regional candidate only; review habitat fit, introduced status and game value before inclusion."
reptiles,347,no,1695399,Somali Cat Snake,Telescopus somalicus,1,3,"iNaturalist regional candidate only; review habitat fit, introduced status and game value before inclusion."
reptiles,348,no,114112,Schmidt’s Bold-eyed Tree Snake,Thrasops schmidti,1,3,"iNaturalist regional candidate only; review habitat fit, introduced status and game value before inclusion."
reptiles,349,no,114286,Two-coloured skink,Trachylepis dichroma,1,3,"iNaturalist regional candidate only; review habitat fit, introduced status and game value before inclusion."
reptiles,350,no,114785,Rasmussen's Gecko,Urocotyledon rasmusseni,1,3,"iNaturalist regional candidate only; review habitat fit, introduced status and game value before inclusion."
reptiles,351,no,318774,Ethiopian Ridgeback Agama,Xenagama zonura,1,3,"iNaturalist regional candidate only; review habitat fit, introduced status and game value before inclusion."
reptiles,352,no,28009,Dagger-tooth Vine Snake,Xyelodontophis uluguruensis,1,3,"iNaturalist regional candidate only; review habitat fit, introduced status and game value before inclusion."
reptiles,353,no,539218,Calabresi’s blind-snake,Afrotyphlops calabresii,1,2,"iNaturalist regional candidate only; review habitat fit, introduced status and game value before inclusion."
reptiles,354,no,93492,Afrotyphlops nigrocandidus,Afrotyphlops nigrocandidus,1,2,"iNaturalist regional candidate only; review habitat fit, introduced status and game value before inclusion."
reptiles,355,no,93501,Hartmann's Agama,Agama hartmanni,1,2,"iNaturalist regional candidate only; review habitat fit, introduced status and game value before inclusion."
reptiles,356,no,93504,Tanzanian Rainbow Agama,Agama turuensis,1,2,"iNaturalist regional candidate only; review habitat fit, introduced status and game value before inclusion."
reptiles,357,no,1403182,Uluguru Round-eyed Gecko,Ancylodactylus barbouri,1,2,"iNaturalist regional candidate only; review habitat fit, introduced status and game value before inclusion."
reptiles,358,no,26342,Usambara Centipede-eater,Aparallactus werneri,1,2,"iNaturalist regional candidate only; review habitat fit, introduced status and game value before inclusion."
reptiles,359,no,145958,Matilda's horned viper,Atheris matildae,1,2,"iNaturalist regional candidate only; review habitat fit, introduced status and game value before inclusion."
reptiles,360,no,145961,Phillips' Burrowing Asp,Atractaspis phillipsi,1,2,"iNaturalist regional candidate only; review habitat fit, introduced status and game value before inclusion."
reptiles,361,no,1439489,Ethiopian House Snake,Bofa erlangeri,1,2,"iNaturalist regional candidate only; review habitat fit, introduced status and game value before inclusion."
reptiles,362,no,31281,Indian Garden Lizard,Calotes versicolor,1,2,"iNaturalist regional candidate only; review habitat fit, introduced status and game value before inclusion."
reptiles,363,no,53644,Chew Bahir Cylindrical Skink,Chalcides bottegi,1,2,"iNaturalist regional candidate only; review habitat fit, introduced status and game value before inclusion."
reptiles,364,no,33071,Large-scale Snake Lizard,Chamaesaura macrolepis,1,2,"iNaturalist regional candidate only; review habitat fit, introduced status and game value before inclusion."
reptiles,365,no,33036,Maasai Girdled Lizard,Cordylus beraduccii,1,2,"iNaturalist regional candidate only; review habitat fit, introduced status and game value before inclusion."
reptiles,366,no,30666,Werner's Garter Snake,Elapsoidea laticincta,1,2,"iNaturalist regional candidate only; review habitat fit, introduced status and game value before inclusion."
reptiles,367,no,35983,Keelbelly Ground Lizard,Gastropholis vittata,1,2,"iNaturalist regional candidate only; review habitat fit, introduced status and game value before inclusion."
reptiles,368,no,29988,Tholloni's African Water Snake,Grayia tholloni,1,2,"iNaturalist regional candidate only; review habitat fit, introduced status and game value before inclusion."
reptiles,369,no,1119942,Lake Chew Bahir Half-toed Gecko,Hemidactylus lanzai,1,2,"iNaturalist regional candidate only; review habitat fit, introduced status and game value before inclusion."
reptiles,370,no,539812,Kaya Gecko,Hemidactylus mrimaensis,1,2,"iNaturalist regional candidate only; review habitat fit, introduced status and game value before inclusion."
reptiles,371,no,34517,Spotted House Gecko,Hemidactylus parvimaculatus,1,2,"iNaturalist regional candidate only; review habitat fit, introduced status and game value before inclusion."
reptiles,372,no,29908,Uganda House Snake,Hormonotus modestus,1,2,"iNaturalist regional candidate only; review habitat fit, introduced status and game value before inclusion."
reptiles,373,no,103680,Mount-Nyiro Bearded Chameleon,Kinyongia asheorum,1,2,"iNaturalist regional candidate only; review habitat fit, introduced status and game value before inclusion."
reptiles,374,no,32976,Uluguru Two-horned Chameleon,Kinyongia uluguruensis,1,2,"iNaturalist regional candidate only; review habitat fit, introduced status and game value before inclusion."
reptiles,375,no,38264,Uganda Five-toed Skink,Leptosiaphos aloysiisabaudiae,1,2,"iNaturalist regional candidate only; review habitat fit, introduced status and game value before inclusion."
reptiles,376,no,32439,Peter's Thread Snake,Leptotyphlops scutifrons,1,2,"iNaturalist regional candidate only; review habitat fit, introduced status and game value before inclusion."
reptiles,377,no,104487,Ethiopian Blind Snake,Letheobia somalica,1,2,"iNaturalist regional candidate only; review habitat fit, introduced status and game value before inclusion."
reptiles,378,no,797704,Central African Forest File Snake,Limaformosa savorgnani,1,2,"iNaturalist regional candidate only; review habitat fit, introduced status and game value before inclusion."
reptiles,379,no,539940,Speckled wolf snake,Lycophidion meleagre,1,2,"iNaturalist regional candidate only; review habitat fit, introduced status and game value before inclusion."
reptiles,380,no,34302,Broadley’s dwarf gecko,Lygodactylus broadleyi,1,2,"iNaturalist regional candidate only; review habitat fit, introduced status and game value before inclusion."
reptiles,381,no,29373,Eastern crowned smooth snake,Meizodon regularis,1,2,"iNaturalist regional candidate only; review habitat fit, introduced status and game value before inclusion."
reptiles,382,no,30488,Mozambique Spitting Cobra,Naja mossambica,1,2,"iNaturalist regional candidate only; review habitat fit, introduced status and game value before inclusion."
reptiles,383,no,1129117,Panaspis annettesabinae,Panaspis annettesabinae,1,2,"iNaturalist regional candidate only; review habitat fit, introduced status and game value before inclusion."
reptiles,384,no,560432,Somalian Helmeted Terrapin,Pelomedusa somalica,1,2,"iNaturalist regional candidate only; review habitat fit, introduced status and game value before inclusion."
reptiles,385,no,35775,Philipps’ Shield-backed Lizard,Philochortus phillipsi,1,2,"iNaturalist regional candidate only; review habitat fit, introduced status and game value before inclusion."
reptiles,386,no,35782,Southern Shield-backed Lizard,Philochortus rudolfensis,1,2,"iNaturalist regional candidate only; review habitat fit, introduced status and game value before inclusion."
reptiles,387,no,29092,Bequaert's Green Snake,Philothamnus bequaerti,1,2,"iNaturalist regional candidate only; review habitat fit, introduced status and game value before inclusion."
reptiles,388,no,540113,Taylor’s Racer,Platyceps taylori,1,2,"iNaturalist regional candidate only; review habitat fit, introduced status and game value before inclusion."
reptiles,389,no,116545,Yellow-necked Snake-Eater,Polemon fulvicollis,1,2,"iNaturalist regional candidate only; review habitat fit, introduced status and game value before inclusion."
reptiles,390,no,28970,Beautiful Sand snake,Psammophis pulcher,1,2,"iNaturalist regional candidate only; review habitat fit, introduced status and game value before inclusion."
reptiles,391,no,28966,Forskal Sand Snake,Psammophis schokari,1,2,"iNaturalist regional candidate only; review habitat fit, introduced status and game value before inclusion."
reptiles,392,no,28948,Mole Snake,Pseudaspis cana,1,2,"iNaturalist regional candidate only; review habitat fit, introduced status and game value before inclusion."
reptiles,393,no,32158,Ball Python,Python regius,1,2,"iNaturalist regional candidate only; review habitat fit, introduced status and game value before inclusion."
reptiles,394,no,111635,Beraducci’s pygmy chameleon,Rhampholeon beraduccii,1,2,"iNaturalist regional candidate only; review habitat fit, introduced status and game value before inclusion."
reptiles,395,no,1676761,Mountains of the Moon Pygmy Chameleon,Rhampholeon monteslunae,1,2,"iNaturalist regional candidate only; review habitat fit, introduced status and game value before inclusion."
reptiles,396,no,32992,Zomba Beardless Pygmy Chameleon,Rieppeleon brachyurus,1,2,"iNaturalist regional candidate only; review habitat fit, introduced status and game value before inclusion."
reptiles,397,no,28727,Ethiopian hook-nosed snake,Scaphiophis raffreyi,1,2,"iNaturalist regional candidate only; review habitat fit, introduced status and game value before inclusion."
reptiles,398,no,114282,Guinea Mabuya,Trachylepis albilabris,1,2,"iNaturalist regional candidate only; review habitat fit, introduced status and game value before inclusion."
reptiles,399,no,488688,Ituri Forest Chameleon,Trioceros ituriensis,1,2,"iNaturalist regional candidate only; review habitat fit, introduced status and game value before inclusion."
reptiles,400,no,33548,Parker’s Pigmy Gecko,Tropiocolotes somalicus,1,2,"iNaturalist regional candidate only; review habitat fit, introduced status and game value before inclusion."
reptiles,401,no,35437,Bosc’s Fringe-toed lizard,Acanthodactylus boskianus,1,1,"iNaturalist regional candidate only; review habitat fit, introduced status and game value before inclusion."
reptiles,402,no,37297,Percival's Legless Skink,Acontias percivali,1,1,"iNaturalist regional candidate only; review habitat fit, introduced status and game value before inclusion."
reptiles,403,no,32694,Blanfords Blind-snake,Afrotyphlops blanfordii,1,1,"iNaturalist regional candidate only; review habitat fit, introduced status and game value before inclusion."
reptiles,404,no,68556,Ground Agama,Agama aculeata,1,1,"iNaturalist regional candidate only; review habitat fit, introduced status and game value before inclusion."
reptiles,405,no,31136,Kirk's Rock Agama,Agama kirkii,1,1,"iNaturalist regional candidate only; review habitat fit, introduced status and game value before inclusion."
reptiles,406,no,1250261,Marsabit Rock Agama,Agama wachirai,1,1,"iNaturalist regional candidate only; review habitat fit, introduced status and game value before inclusion."
reptiles,407,no,26493,Mpwapwa Purple-glossed Snake,Amblyodipsas dimidiata,1,1,"iNaturalist regional candidate only; review habitat fit, introduced status and game value before inclusion."
reptiles,408,no,26471,Dull Purple-glossed Snake,Amblyodipsas unicolor,1,1,"iNaturalist regional candidate only; review habitat fit, introduced status and game value before inclusion."
reptiles,409,no,1403181,Chyulu Hills Hook-toed Gecko,Ancylodactylus chyuluensis,1,1,"iNaturalist regional candidate only; review habitat fit, introduced status and game value before inclusion."
reptiles,410,no,1403176,Kenya Hook-toed Gecko,Ancylodactylus kenyaensis,1,1,"iNaturalist regional candidate only; review habitat fit, introduced status and game value before inclusion."
reptiles,411,no,1403175,Ancylodactylus kituiensis,Ancylodactylus kituiensis,1,1,"iNaturalist regional candidate only; review habitat fit, introduced status and game value before inclusion."
reptiles,412,no,1403173,Ancylodactylus laikipiensis,Ancylodactylus laikipiensis,1,1,"iNaturalist regional candidate only; review habitat fit, introduced status and game value before inclusion."
reptiles,413,no,1403172,Ancylodactylus mathewsensis,Ancylodactylus mathewsensis,1,1,"iNaturalist regional candidate only; review habitat fit, introduced status and game value before inclusion."
reptiles,414,no,1403169,Sternfeld's Gecko,Ancylodactylus quattuorseriatus,1,1,"iNaturalist regional candidate only; review habitat fit, introduced status and game value before inclusion."
reptiles,415,no,36514,Green Anole,Anolis carolinensis,1,1,"iNaturalist regional candidate only; review habitat fit, introduced status and game value before inclusion."
reptiles,416,no,29754,Olive House Snake,Boaedon olivaceus,1,1,"iNaturalist regional candidate only; review habitat fit, introduced status and game value before inclusion."
reptiles,417,no,558844,Boaedon perisilvestris,Boaedon perisilvestris,1,1,"iNaturalist regional candidate only; review habitat fit, introduced status and game value before inclusion."
reptiles,418,no,539397,Radford's House Snake,Boaedon radfordi,1,1,"iNaturalist regional candidate only; review habitat fit, introduced status and game value before inclusion."
reptiles,419,no,39665,Loggerhead Sea Turtle,Caretta caretta,1,1,"iNaturalist regional candidate only; review habitat fit, introduced status and game value before inclusion."
reptiles,420,no,27322,African Banded Snake,Chamaelycus fasciatus,1,1,"iNaturalist regional candidate only; review habitat fit, introduced status and game value before inclusion."
reptiles,421,no,145996,Zambian Grass Lizard,Chamaesaura miopropus,1,1,"iNaturalist regional candidate only; review habitat fit, introduced status and game value before inclusion."
reptiles,422,no,34161,Turner's Thick-toed Gecko,Chondrodactylus turneri,1,1,"iNaturalist regional candidate only; review habitat fit, introduced status and game value before inclusion."
reptiles,423,no,33057,Ethiopian Girdled Lizard,Cordylus rivae,1,1,"iNaturalist regional candidate only; review habitat fit, introduced status and game value before inclusion."
reptiles,424,no,39544,Senegal Flapshell Turtle,Cyclanorbis senegalensis,1,1,"iNaturalist regional candidate only; review habitat fit, introduced status and game value before inclusion."
reptiles,425,no,35367,Rock Lizard,Darevskia saxicola,1,1,"iNaturalist regional candidate only; review habitat fit, introduced status and game value before inclusion."
reptiles,426,no,99124,Confusing Egg Eater,Dasypeltis confusa,1,1,"iNaturalist regional candidate only; review habitat fit, introduced status and game value before inclusion."
reptiles,427,no,26523,Shreve's Tree Snake,Dipsadoboa shrevei,1,1,"iNaturalist regional candidate only; review habitat fit, introduced status and game value before inclusion."
reptiles,428,no,26508,Weiler's Tree Snake,Dipsadoboa weileri,1,1,"iNaturalist regional candidate only; review habitat fit, introduced status and game value before inclusion."
reptiles,429,no,1403132,Dispholidus pembae,Dispholidus pembae,1,1,"iNaturalist regional candidate only; review habitat fit, introduced status and game value before inclusion."
reptiles,430,no,797663,Roman's Carpet Viper,Echis romani,1,1,"iNaturalist regional candidate only; review habitat fit, introduced status and game value before inclusion."
reptiles,431,no,99744,Boulenger's Garter Snake,Elapsoidea boulengeri,1,1,"iNaturalist regional candidate only; review habitat fit, introduced status and game value before inclusion."
reptiles,432,no,38419,Western Forest Feylinia,Feylinia currori,1,1,"iNaturalist regional candidate only; review habitat fit, introduced status and game value before inclusion."
reptiles,433,no,34570,Bridled Forest Gecko,Gonatodes humeralis,1,1,"iNaturalist regional candidate only; review habitat fit, introduced status and game value before inclusion."
reptiles,434,no,34529,White-spotted Half-toed Gecko,Hemidactylus albopunctatus,1,1,"iNaturalist regional candidate only; review habitat fit, introduced status and game value before inclusion."
reptiles,435,no,34487,Andersson's Leaf-toed Gecko,Hemidactylus laticaudatus,1,1,"iNaturalist regional candidate only; review habitat fit, introduced status and game value before inclusion."
reptiles,436,no,34477,Farquhar Half-toed Gecko,Hemidactylus mercatorius,1,1,"iNaturalist regional candidate only; review habitat fit, introduced status and game value before inclusion."
reptiles,437,no,518134,Galgala Half-toed Gecko,Hemidactylus pauciporosus,1,1,"iNaturalist regional candidate only; review habitat fit, introduced status and game value before inclusion."
reptiles,438,no,34452,Smith's Leaf-toed Gecko,Hemidactylus smithi,1,1,"iNaturalist regional candidate only; review habitat fit, introduced status and game value before inclusion."
reptiles,439,no,34443,Mocquard's Leaf-toed Gecko,Hemidactylus tropidolepis,1,1,"iNaturalist regional candidate only; review habitat fit, introduced status and game value before inclusion."
reptiles,440,no,34435,Mediterranean House Gecko,Hemidactylus turcicus,1,1,"iNaturalist regional candidate only; review habitat fit, introduced status and game value before inclusion."
reptiles,441,no,35969,Sawtail lizard,Holaspis guentheri,1,1,"iNaturalist regional candidate only; review habitat fit, introduced status and game value before inclusion."
reptiles,442,no,35164,Yellow-bellied Sea Snake,Hydrophis platurus,1,1,"iNaturalist regional candidate only; review habitat fit, introduced status and game value before inclusion."
reptiles,443,no,32946,Uthmöller's Chameleon,Kinyongia uthmoelleri,1,1,"iNaturalist regional candidate only; review habitat fit, introduced status and game value before inclusion."
reptiles,444,no,35835,Doria’s Long-tailed Lizard,Latastia doriai,1,1,"iNaturalist regional candidate only; review habitat fit, introduced status and game value before inclusion."
reptiles,445,no,38255,Ruwenzori Four Toed Skink,Leptosiaphos meleagris,1,1,"iNaturalist regional candidate only; review habitat fit, introduced status and game value before inclusion."
reptiles,446,no,104369,Emin Pasha’s worm snake,Leptotyphlops emini,1,1,"iNaturalist regional candidate only; review habitat fit, introduced status and game value before inclusion."
reptiles,447,no,734628,Letheobia akagerae,Letheobia akagerae,1,1,"iNaturalist regional candidate only; review habitat fit, introduced status and game value before inclusion."
reptiles,448,no,104488,Swahili gracile blind-snake,Letheobia swahilica,1,1,"iNaturalist regional candidate only; review habitat fit, introduced status and game value before inclusion."
reptiles,449,no,539942,Pemba Wolf Snake,Lycophidion pembanum,1,1,"iNaturalist regional candidate only; review habitat fit, introduced status and game value before inclusion."
reptiles,450,no,104895,Taylor’s wolf snake,Lycophidion taylori,1,1,"iNaturalist regional candidate only; review habitat fit, introduced status and game value before inclusion."
reptiles,451,no,34301,Bradfield's Dwarf Gecko,Lygodactylus bradfieldi,1,1,"iNaturalist regional candidate only; review habitat fit, introduced status and game value before inclusion."
reptiles,452,no,558917,Copal Dwarf Gecko,Lygodactylus viscatus,1,1,"iNaturalist regional candidate only; review habitat fit, introduced status and game value before inclusion."
reptiles,453,no,116533,Kenya Two-headed Snake,Micrelaps bicoloratus,1,1,"iNaturalist regional candidate only; review habitat fit, introduced status and game value before inclusion."
reptiles,454,no,102934,Forest Gecko,Mokopirirakau granulatus,1,1,"iNaturalist regional candidate only; review habitat fit, introduced status and game value before inclusion."
reptiles,455,no,539993,Parker’s worm snake,Myriopholis parkeri,1,1,"iNaturalist regional candidate only; review habitat fit, introduced status and game value before inclusion."
reptiles,456,no,539998,Natriciteres pembana,Natriciteres pembana,1,1,"iNaturalist regional candidate only; review habitat fit, introduced status and game value before inclusion."
reptiles,457,no,1031645,Panaspis tsavoensis,Panaspis tsavoensis,1,1,"iNaturalist regional candidate only; review habitat fit, introduced status and game value before inclusion."
reptiles,458,no,40134,Adanson’s Turtle,Pelusios adansonii,1,1,"iNaturalist regional candidate only; review habitat fit, introduced status and game value before inclusion."
reptiles,459,no,40133,Lake Turkana Hinged Terrapin,Pelusios broadleyi,1,1,"iNaturalist regional candidate only; review habitat fit, introduced status and game value before inclusion."
reptiles,460,no,73895,Yellowbelly Mud Turtle,Pelusios castanoides,1,1,"iNaturalist regional candidate only; review habitat fit, introduced status and game value before inclusion."
reptiles,461,no,40130,Gabon hinged terrapin,Pelusios gabonensis,1,1,"iNaturalist regional candidate only; review habitat fit, introduced status and game value before inclusion."
reptiles,462,no,35781,Shield-backed ground lizard,Philochortus intermedius,1,1,"iNaturalist regional candidate only; review habitat fit, introduced status and game value before inclusion."
reptiles,463,no,35776,Eritrea Orangetail Lizard,Philochortus spinalis,1,1,"iNaturalist regional candidate only; review habitat fit, introduced status and game value before inclusion."
reptiles,464,no,29080,Eastern Green Snake,Philothamnus natalensis,1,1,"iNaturalist regional candidate only; review habitat fit, introduced status and game value before inclusion."
reptiles,465,no,116543,Eastern Snake-eater,Polemon christyi,1,1,"iNaturalist regional candidate only; review habitat fit, introduced status and game value before inclusion."
reptiles,466,no,116544,Collared Snake-eater,Polemon collaris,1,1,"iNaturalist regional candidate only; review habitat fit, introduced status and game value before inclusion."
reptiles,467,no,29003,Angolan Shovel-snout,Prosymna ambigua,1,1,"iNaturalist regional candidate only; review habitat fit, introduced status and game value before inclusion."
reptiles,468,no,28986,Elegant Sand Racer,Psammophis elegans,1,1,"iNaturalist regional candidate only; review habitat fit, introduced status and game value before inclusion."
reptiles,469,no,30344,Lined Olympic Snake,Psammophis lineatus,1,1,"iNaturalist regional candidate only; review habitat fit, introduced status and game value before inclusion."
reptiles,470,no,1031646,Tanzanian skaapsteker,Psammophylax kellyi,1,1,"iNaturalist regional candidate only; review habitat fit, introduced status and game value before inclusion."
reptiles,471,no,28770,Western Rufous Beaked Snake,Rhamphiophis oxyrhynchus,1,1,"iNaturalist regional candidate only; review habitat fit, introduced status and game value before inclusion."
reptiles,472,no,1474114,Rhampholeon nicolai,Rhampholeon nicolai,1,1,"iNaturalist regional candidate only; review habitat fit, introduced status and game value before inclusion."
reptiles,473,no,37678,Uluguru fossorial skink,Scelotes uluguruensis,1,1,"iNaturalist regional candidate only; review habitat fit, introduced status and game value before inclusion."
reptiles,474,no,1695405,Hargeisa Cat Snake,Telescopus mazuchi,1,1,"iNaturalist regional candidate only; review habitat fit, introduced status and game value before inclusion."
reptiles,475,no,34723,Ellen's Whip Lizard,Tetradactylus ellenbergeri,1,1,"iNaturalist regional candidate only; review habitat fit, introduced status and game value before inclusion."
reptiles,476,no,34720,Udzungwa long-tailed seps,Tetradactylus udzungwensis,1,1,"iNaturalist regional candidate only; review habitat fit, introduced status and game value before inclusion."
reptiles,477,no,27722,Blandings Tree Snake,Toxicodryas blandingii,1,1,"iNaturalist regional candidate only; review habitat fit, introduced status and game value before inclusion."
reptiles,478,no,37442,Boulenger's Mabuya,Trachylepis boulengeri,1,1,"iNaturalist regional candidate only; review habitat fit, introduced status and game value before inclusion."
reptiles,479,no,734656,Damara Skink,Trachylepis damarana,1,1,"iNaturalist regional candidate only; review habitat fit, introduced status and game value before inclusion."
reptiles,480,no,37422,Tropical Mabuya,Trachylepis polytropis,1,1,"iNaturalist regional candidate only; review habitat fit, introduced status and game value before inclusion."
reptiles,481,no,31365,Brilliant ground agama,Trapelus agilis,1,1,"iNaturalist regional candidate only; review habitat fit, introduced status and game value before inclusion."
reptiles,482,no,32840,Harenna Hornless Chameleon,Trioceros harennae,1,1,"iNaturalist regional candidate only; review habitat fit, introduced status and game value before inclusion."
reptiles,483,no,114426,Mount Nyiru Chameleon,Trioceros ntunte,1,1,"iNaturalist regional candidate only; review habitat fit, introduced status and game value before inclusion."
fish,1,yes,102823,Spiny Seahorse,Hippocampus histrix,1,566,"iNaturalist regional candidate only; review habitat fit, introduced status and game value before inclusion."
fish,2,yes,49303,Three-spot Dascyllus,Dascyllus trimaculatus,1,278,"iNaturalist regional candidate only; review habitat fit, introduced status and game value before inclusion."
fish,3,yes,180787,Allard's Anemonefish,Amphiprion allardi,1,275,"iNaturalist regional candidate only; review habitat fit, introduced status and game value before inclusion."
fish,4,yes,123459,Indian Lionfish,Pterois miles,1,225,"iNaturalist regional candidate only; review habitat fit, introduced status and game value before inclusion."
fish,5,yes,84970,Common Seahorse,Hippocampus kuda,1,209,"iNaturalist regional candidate only; review habitat fit, introduced status and game value before inclusion."
fish,6,yes,121324,Nile Tilapia,Oreochromis niloticus,1,203,"iNaturalist regional candidate only; review habitat fit, introduced status and game value before inclusion."
fish,7,yes,49401,Scissortail Sergeant,Abudefduf sexfasciatus,1,202,"iNaturalist regional candidate only; review habitat fit, introduced status and game value before inclusion."
fish,8,yes,49403,Indo-Pacific Sergeant Major,Abudefduf vaigiensis,1,187,"iNaturalist regional candidate only; review habitat fit, introduced status and game value before inclusion."
fish,9,yes,121375,Leaf Scorpionfish,Taenianotus triacanthus,1,187,"iNaturalist regional candidate only; review habitat fit, introduced status and game value before inclusion."
fish,10,yes,113976,Goldbar Wrasse,Thalassoma hebraicum,1,181,"iNaturalist regional candidate only; review habitat fit, introduced status and game value before inclusion."
fish,11,yes,48744,Indian Redfin Butterflyfish,Chaetodon trifasciatus,1,167,"iNaturalist regional candidate only; review habitat fit, introduced status and game value before inclusion."
fish,12,yes,129549,Blacksaddle Toby,Canthigaster valentini,1,166,"iNaturalist regional candidate only; review habitat fit, introduced status and game value before inclusion."
fish,13,yes,83290,Moorish Idol,Zanclus cornutus,1,157,"iNaturalist regional candidate only; review habitat fit, introduced status and game value before inclusion."
fish,14,yes,123269,Powder Blue Tang,Acanthurus leucosternon,1,151,"iNaturalist regional candidate only; review habitat fit, introduced status and game value before inclusion."
fish,15,yes,338765,Blackspotted Rubberlip,Plectorhinchus gaterinus,1,144,"iNaturalist regional candidate only; review habitat fit, introduced status and game value before inclusion."
fish,16,yes,103901,Bluestreak Cleaner Wrasse,Labroides dimidiatus,1,140,"iNaturalist regional candidate only; review habitat fit, introduced status and game value before inclusion."
fish,17,yes,154702,Skunk Anemonefish,Amphiprion akallopisos,1,138,"iNaturalist regional candidate only; review habitat fit, introduced status and game value before inclusion."
fish,18,yes,47239,Pacific Trumpetfish,Aulostomus chinensis,1,138,"iNaturalist regional candidate only; review habitat fit, introduced status and game value before inclusion."
fish,19,yes,127538,Geometric Moray,Gymnothorax griseus,1,137,"iNaturalist regional candidate only; review habitat fit, introduced status and game value before inclusion."
fish,20,yes,102045,Checkerboard Wrasse,Halichoeres hortulanus,1,137,"iNaturalist regional candidate only; review habitat fit, introduced status and game value before inclusion."
fish,21,yes,196837,Longbarbel Goatfish,Parupeneus macronemus,1,130,"iNaturalist regional candidate only; review habitat fit, introduced status and game value before inclusion."
fish,22,yes,68028,Indian Bullethead Parrotfish,Chlorurus sordidus,1,129,"iNaturalist regional candidate only; review habitat fit, introduced status and game value before inclusion."
fish,23,yes,52457,Threadfin Butterflyfish,Chaetodon auriga,1,124,"iNaturalist regional candidate only; review habitat fit, introduced status and game value before inclusion."
fish,24,yes,67963,Sixbar Wrasse,Thalassoma hardwicke,1,124,"iNaturalist regional candidate only; review habitat fit, introduced status and game value before inclusion."
fish,25,yes,474803,False-eye Sergeant,Abudefduf sparoides,1,117,"iNaturalist regional candidate only; review habitat fit, introduced status and game value before inclusion."
fish,26,yes,82779,Sharptooth Catfish,Clarias gariepinus,1,115,"iNaturalist regional candidate only; review habitat fit, introduced status and game value before inclusion."
fish,27,yes,67658,Freckled Hawkfish,Paracirrhites forsteri,1,113,"iNaturalist regional candidate only; review habitat fit, introduced status and game value before inclusion."
fish,28,yes,123268,Blackblotched Porcupinefish,Diodon liturosus,1,112,"iNaturalist regional candidate only; review habitat fit, introduced status and game value before inclusion."
fish,29,yes,53567,Crown Squirrelfish,Sargocentron diadema,1,112,"iNaturalist regional candidate only; review habitat fit, introduced status and game value before inclusion."
fish,30,yes,152996,Painted Frogfish,Antennarius pictus,1,110,"iNaturalist regional candidate only; review habitat fit, introduced status and game value before inclusion."
fish,31,yes,354111,Arabian Monocle Bream,Scolopsis ghanam,1,109,"iNaturalist regional candidate only; review habitat fit, introduced status and game value before inclusion."
fish,32,yes,52509,Green Bird Wrasse,Gomphosus caeruleus,1,107,"iNaturalist regional candidate only; review habitat fit, introduced status and game value before inclusion."
fish,33,yes,69859,Longfin Batfish,Platax teira,1,105,"iNaturalist regional candidate only; review habitat fit, introduced status and game value before inclusion."
fish,34,yes,201024,Thumbprint Emperor,Lethrinus harak,1,104,"iNaturalist regional candidate only; review habitat fit, introduced status and game value before inclusion."
fish,35,yes,54441,Snowflake Moray,Echidna nebulosa,1,103,"iNaturalist regional candidate only; review habitat fit, introduced status and game value before inclusion."
fish,36,yes,144017,White-spotted Puffer,Arothron hispidus,1,100,"iNaturalist regional candidate only; review habitat fit, introduced status and game value before inclusion."
fish,37,yes,49922,Dusky Gregory,Stegastes nigricans,1,100,"iNaturalist regional candidate only; review habitat fit, introduced status and game value before inclusion."
fish,38,yes,84175,Blue-barred Parrotfish,Scarus ghobban,1,99,"iNaturalist regional candidate only; review habitat fit, introduced status and game value before inclusion."
fish,39,yes,47316,Raccoon Butterflyfish,Chaetodon lunula,1,97,"iNaturalist regional candidate only; review habitat fit, introduced status and game value before inclusion."
fish,40,yes,1325088,Jewel Damsel,Stegastes lacrymatus,1,97,"iNaturalist regional candidate only; review habitat fit, introduced status and game value before inclusion."
fish,41,yes,179873,Indian Dascyllus,Dascyllus carneus,1,96,"iNaturalist regional candidate only; review habitat fit, introduced status and game value before inclusion."
fish,42,yes,121321,Giant Frogfish,Antennarius commerson,1,95,"iNaturalist regional candidate only; review habitat fit, introduced status and game value before inclusion."
fish,43,yes,84116,Crescent-tail Bigeye,Priacanthus hamrur,1,93,"iNaturalist regional candidate only; review habitat fit, introduced status and game value before inclusion."
fish,44,yes,49378,Yellow Boxfish,Ostracion cubicum,1,92,"iNaturalist regional candidate only; review habitat fit, introduced status and game value before inclusion."
fish,45,yes,84181,Emperor Angelfish,Pomacanthus imperator,1,92,"iNaturalist regional candidate only; review habitat fit, introduced status and game value before inclusion."
fish,46,yes,113980,Moon Wrasse,Thalassoma lunare,1,91,"iNaturalist regional candidate only; review habitat fit, introduced status and game value before inclusion."
fish,47,yes,1314828,Indian Half-and-half Chromis,Pycnochromis fieldi,1,90,"iNaturalist regional candidate only; review habitat fit, introduced status and game value before inclusion."
fish,48,yes,143046,Robust Ghostpipefish,Solenostomus cyanopterus,1,88,"iNaturalist regional candidate only; review habitat fit, introduced status and game value before inclusion."
fish,49,yes,123525,Peppered Moray,Gymnothorax pictus,1,86,"iNaturalist regional candidate only; review habitat fit, introduced status and game value before inclusion."
fish,50,yes,98511,Queen Coris,Coris formosa,1,85,"iNaturalist regional candidate only; review habitat fit, introduced status and game value before inclusion."
fish,51,yes,97167,Blacklip Butterflyfish,Chaetodon kleinii,1,84,"iNaturalist regional candidate only; review habitat fit, introduced status and game value before inclusion."
fish,52,yes,187283,Indian Gold-ring Bristletooth,Ctenochaetus truncatus,1,83,"iNaturalist regional candidate only; review habitat fit, introduced status and game value before inclusion."
fish,53,yes,127530,Lyretail Anthias,Pseudanthias squamipinnis,1,83,"iNaturalist regional candidate only; review habitat fit, introduced status and game value before inclusion."
fish,54,yes,107885,Blue-spotted Tilapia,Oreochromis leucostictus,1,81,"iNaturalist regional candidate only; review habitat fit, introduced status and game value before inclusion."
fish,55,yes,52456,Peacock Grouper,Cephalopholis argus,1,80,"iNaturalist regional candidate only; review habitat fit, introduced status and game value before inclusion."
fish,56,yes,196574,Spotted Sandperch,Parapercis hexophtalma,1,79,"iNaturalist regional candidate only; review habitat fit, introduced status and game value before inclusion."
fish,57,yes,118574,Bluestriped Snapper,Lutjanus kasmira,1,77,"iNaturalist regional candidate only; review habitat fit, introduced status and game value before inclusion."
fish,58,yes,54679,Tiger Snake Eel,Myrichthys maculosus,1,77,"iNaturalist regional candidate only; review habitat fit, introduced status and game value before inclusion."
fish,59,yes,59931,Convict Surgeonfish,Acanthurus triostegus,1,76,"iNaturalist regional candidate only; review habitat fit, introduced status and game value before inclusion."
fish,60,yes,69858,Round Batfish,Platax orbicularis,1,75,"iNaturalist regional candidate only; review habitat fit, introduced status and game value before inclusion."
fish,61,yes,204571,Blackspot Snapper,Lutjanus fulviflamma,1,74,"iNaturalist regional candidate only; review habitat fit, introduced status and game value before inclusion."
fish,62,yes,57743,Orangestripe Triggerfish,Balistapus undulatus,1,73,"iNaturalist regional candidate only; review habitat fit, introduced status and game value before inclusion."
fish,63,yes,199600,Thornback Cowfish,Lactoria fornasini,1,73,"iNaturalist regional candidate only; review habitat fit, introduced status and game value before inclusion."
fish,64,yes,47527,Spotted Boxfish,Ostracion meleagris,1,72,"iNaturalist regional candidate only; review habitat fit, introduced status and game value before inclusion."
fish,65,yes,119310,Sulfur Damsel,Pomacentrus sulfureus,1,72,"iNaturalist regional candidate only; review habitat fit, introduced status and game value before inclusion."
fish,66,yes,49641,Brown Tang,Zebrasoma scopas,1,71,"iNaturalist regional candidate only; review habitat fit, introduced status and game value before inclusion."
fish,67,yes,110019,Semicircle Angelfish,Pomacanthus semicirculatus,1,70,"iNaturalist regional candidate only; review habitat fit, introduced status and game value before inclusion."
fish,68,yes,119385,Blackspotted Puffer,Arothron nigropunctatus,1,68,"iNaturalist regional candidate only; review habitat fit, introduced status and game value before inclusion."
fish,69,yes,97311,Tripletail Maori Wrasse,Cheilinus trilobatus,1,68,"iNaturalist regional candidate only; review habitat fit, introduced status and game value before inclusion."
fish,70,yes,914304,Indian Ocean Humbug,Dascyllus abudafur,1,68,"iNaturalist regional candidate only; review habitat fit, introduced status and game value before inclusion."
fish,71,yes,102080,Zigzag Wrasse,Halichoeres scapularis,1,68,"iNaturalist regional candidate only; review habitat fit, introduced status and game value before inclusion."
fish,72,yes,112145,Sixband Parrotfish,Scarus frenatus,1,68,"iNaturalist regional candidate only; review habitat fit, introduced status and game value before inclusion."
fish,73,yes,123124,Variegated Lizardfish,Synodus variegatus,1,67,"iNaturalist regional candidate only; review habitat fit, introduced status and game value before inclusion."
fish,74,yes,100099,Blacktip Grouper,Epinephelus fasciatus,1,66,"iNaturalist regional candidate only; review habitat fit, introduced status and game value before inclusion."
fish,75,yes,173412,Guppy,Poecilia reticulata,1,64,"iNaturalist regional candidate only; review habitat fit, introduced status and game value before inclusion."
fish,76,yes,83318,Guineafowl Puffer,Arothron meleagris,1,62,"iNaturalist regional candidate only; review habitat fit, introduced status and game value before inclusion."
fish,77,yes,135280,Black-and-white Snapper,Macolor niger,1,62,"iNaturalist regional candidate only; review habitat fit, introduced status and game value before inclusion."
fish,78,yes,130526,Spotfin Squirrelfish,Neoniphon sammara,1,62,"iNaturalist regional candidate only; review habitat fit, introduced status and game value before inclusion."
fish,79,yes,111389,Regal Angelfish,Pygoplites diacanthus,1,62,"iNaturalist regional candidate only; review habitat fit, introduced status and game value before inclusion."
fish,80,yes,1556597,Smallscale Scorpionfish,Scorpaenopsis oxycephala,1,62,"iNaturalist regional candidate only; review habitat fit, introduced status and game value before inclusion."
fish,81,yes,98505,Spot-tail Wrasse,Coris caudimacula,1,61,"iNaturalist regional candidate only; review habitat fit, introduced status and game value before inclusion."
fish,82,yes,180389,Lined Bristletooth,Ctenochaetus striatus,1,61,"iNaturalist regional candidate only; review habitat fit, introduced status and game value before inclusion."
fish,83,yes,372161,Indian Ocean Crocodilefish,Papilloculiceps longiceps,1,61,"iNaturalist regional candidate only; review habitat fit, introduced status and game value before inclusion."
fish,84,yes,1571801,Spotfin Lionfish,Pteropterus antennatus,1,61,"iNaturalist regional candidate only; review habitat fit, introduced status and game value before inclusion."
fish,85,yes,196931,Shortspine Porcupinefish,Cyclichthys orbicularis,1,60,"iNaturalist regional candidate only; review habitat fit, introduced status and game value before inclusion."
fish,86,yes,471653,Whitespotted Rabbitfish,Siganus sutor,1,59,"iNaturalist regional candidate only; review habitat fit, introduced status and game value before inclusion."
fish,87,yes,52465,Flagtail Triggerfish,Sufflamen chrysopterum,1,57,"iNaturalist regional candidate only; review habitat fit, introduced status and game value before inclusion."
fish,88,yes,196933,Whitebelly Toby,Canthigaster bennetti,1,56,"iNaturalist regional candidate only; review habitat fit, introduced status and game value before inclusion."
fish,89,yes,445728,Peter's Toby,Canthigaster petersii,1,56,"iNaturalist regional candidate only; review habitat fit, introduced status and game value before inclusion."
fish,90,yes,116736,Whitemouth Moray,Gymnothorax meleagris,1,56,"iNaturalist regional candidate only; review habitat fit, introduced status and game value before inclusion."
fish,91,yes,417616,Red Sea Moses Sole,Pardachirus marmoratus,1,56,"iNaturalist regional candidate only; review habitat fit, introduced status and game value before inclusion."
fish,92,yes,341863,Caerulean Damsel,Pomacentrus caeruleus,1,55,"iNaturalist regional candidate only; review habitat fit, introduced status and game value before inclusion."
fish,93,yes,1561489,Blue-headed Wrasse,Thalassoma amblycephalum,1,55,"iNaturalist regional candidate only; review habitat fit, introduced status and game value before inclusion."
fish,94,yes,132687,Pixy Hawkfish,Cirrhitichthys oxycephalus,1,54,"iNaturalist regional candidate only; review habitat fit, introduced status and game value before inclusion."
fish,95,yes,129552,Network Pipefish,Corythoichthys flavofasciatus,1,54,"iNaturalist regional candidate only; review habitat fit, introduced status and game value before inclusion."
fish,96,yes,117459,Humpnose Bigeye Bream,Monotaxis grandoculis,1,54,"iNaturalist regional candidate only; review habitat fit, introduced status and game value before inclusion."
fish,97,yes,338073,Onespot Demoiselle,Chrysiptera unimaculata,1,53,"iNaturalist regional candidate only; review habitat fit, introduced status and game value before inclusion."
fish,98,yes,49269,Longspined Porcupinefish,Diodon holocanthus,1,52,"iNaturalist regional candidate only; review habitat fit, introduced status and game value before inclusion."
fish,99,yes,196838,Dot-and-dash Goatfish,Parupeneus barberinus,1,52,"iNaturalist regional candidate only; review habitat fit, introduced status and game value before inclusion."
fish,100,yes,49210,Striped Eel Catfish,Plotosus lineatus,1,52,"iNaturalist regional candidate only; review habitat fit, introduced status and game value before inclusion."
fish,101,yes,179880,Blue-green Chromis,Chromis viridis,1,51,"iNaturalist regional candidate only; review habitat fit, introduced status and game value before inclusion."
fish,102,yes,64490,Reef Stonefish,Synanceia verrucosa,1,51,"iNaturalist regional candidate only; review habitat fit, introduced status and game value before inclusion."
fish,103,yes,113200,Whiteline Wrasse,Stethojulis albovittata,1,50,"iNaturalist regional candidate only; review habitat fit, introduced status and game value before inclusion."
fish,104,yes,311609,Green Damselfish,Amblyglyphidodon indicus,1,49,"iNaturalist regional candidate only; review habitat fit, introduced status and game value before inclusion."
fish,105,yes,181019,Ternate Chromis,Chromis ternatensis,1,49,"iNaturalist regional candidate only; review habitat fit, introduced status and game value before inclusion."
fish,106,yes,208535,Rufigi Tilapia,Oreochromis urolepis,1,49,"iNaturalist regional candidate only; review habitat fit, introduced status and game value before inclusion."
fish,107,yes,96498,Star-eye Parrotfish,Calotomus carolinus,1,48,"iNaturalist regional candidate only; review habitat fit, introduced status and game value before inclusion."
fish,108,yes,97211,Yellowhead Butterflyfish,Chaetodon xanthocephalus,1,48,"iNaturalist regional candidate only; review habitat fit, introduced status and game value before inclusion."
fish,109,yes,49364,Richardson's Moray,Gymnothorax richardsonii,1,48,"iNaturalist regional candidate only; review habitat fit, introduced status and game value before inclusion."
fish,110,yes,83879,Paletail Unicornfish,Naso brevirostris,1,48,"iNaturalist regional candidate only; review habitat fit, introduced status and game value before inclusion."
fish,111,yes,52399,Undulated Moray,Gymnothorax undulatus,1,47,"iNaturalist regional candidate only; review habitat fit, introduced status and game value before inclusion."
fish,112,yes,51376,Oriental Flying Gurnard,Dactyloptena orientalis,1,46,"iNaturalist regional candidate only; review habitat fit, introduced status and game value before inclusion."
fish,113,yes,57399,Blue-spotted Cornetfish,Fistularia commersonii,1,46,"iNaturalist regional candidate only; review habitat fit, introduced status and game value before inclusion."
fish,114,yes,123392,Titan Triggerfish,Balistoides viridescens,1,45,"iNaturalist regional candidate only; review habitat fit, introduced status and game value before inclusion."
fish,115,yes,97312,Cigar Wrasse,Cheilio inermis,1,45,"iNaturalist regional candidate only; review habitat fit, introduced status and game value before inclusion."
fish,116,yes,52313,Spotted Porcupinefish,Diodon hystrix,1,45,"iNaturalist regional candidate only; review habitat fit, introduced status and game value before inclusion."
fish,117,yes,121740,Yellowmargin Moray,Gymnothorax flavimarginatus,1,45,"iNaturalist regional candidate only; review habitat fit, introduced status and game value before inclusion."
fish,118,yes,208069,Yellowback Fusilier,Caesio xanthonota,1,44,"iNaturalist regional candidate only; review habitat fit, introduced status and game value before inclusion."
fish,119,yes,49639,Coral Grouper,Cephalopholis miniata,1,44,"iNaturalist regional candidate only; review habitat fit, introduced status and game value before inclusion."
fish,120,yes,194784,Fiveline Cardinalfish,Cheilodipterus quinquelineatus,1,44,"iNaturalist regional candidate only; review habitat fit, introduced status and game value before inclusion."
fish,121,yes,100990,Forceps Butterflyfish,Forcipiger flavissimus,1,44,"iNaturalist regional candidate only; review habitat fit, introduced status and game value before inclusion."
fish,122,yes,47578,Arc-eye Hawkfish,Paracirrhites arcatus,1,44,"iNaturalist regional candidate only; review habitat fit, introduced status and game value before inclusion."
fish,123,yes,97165,Spotted Butterflyfish,Chaetodon guttatissimus,1,43,"iNaturalist regional candidate only; review habitat fit, introduced status and game value before inclusion."
fish,124,yes,95813,Axilspot Hogfish,Bodianus axillaris,1,42,"iNaturalist regional candidate only; review habitat fit, introduced status and game value before inclusion."
fish,125,yes,132396,Painted Sweetlips,Diagramma pictum,1,42,"iNaturalist regional candidate only; review habitat fit, introduced status and game value before inclusion."
fish,126,yes,49979,Zebra Moray,Gymnomuraena zebra,1,41,"iNaturalist regional candidate only; review habitat fit, introduced status and game value before inclusion."
fish,127,yes,82355,Napoleon Wrasse,Cheilinus undulatus,1,40,"iNaturalist regional candidate only; review habitat fit, introduced status and game value before inclusion."
fish,128,yes,334629,Weber's Puller,Chromis weberi,1,40,"iNaturalist regional candidate only; review habitat fit, introduced status and game value before inclusion."
fish,129,yes,142704,Humpback Snapper,Lutjanus gibbus,1,40,"iNaturalist regional candidate only; review habitat fit, introduced status and game value before inclusion."
fish,130,yes,194743,Violet Soldierfish,Myripristis violacea,1,40,"iNaturalist regional candidate only; review habitat fit, introduced status and game value before inclusion."
fish,131,yes,1571793,African Lionfish,Pteropterus mombasae,1,40,"iNaturalist regional candidate only; review habitat fit, introduced status and game value before inclusion."
fish,132,yes,341387,Twospot Demoiselle,Chrysiptera biocellata,1,39,"iNaturalist regional candidate only; review habitat fit, introduced status and game value before inclusion."
fish,133,yes,102631,Longfin Bannerfish,Heniochus acuminatus,1,39,"iNaturalist regional candidate only; review habitat fit, introduced status and game value before inclusion."
fish,134,yes,103900,Bicolor Cleaner Wrasse,Labroides bicolor,1,39,"iNaturalist regional candidate only; review habitat fit, introduced status and game value before inclusion."
fish,135,yes,125802,Mangrove Red Snapper,Lutjanus argentimaculatus,1,39,"iNaturalist regional candidate only; review habitat fit, introduced status and game value before inclusion."
fish,136,yes,1571758,Red Sea Dwarf Lionfish,Neochirus hemprichi,1,39,"iNaturalist regional candidate only; review habitat fit, introduced status and game value before inclusion."
fish,137,yes,108076,Linedcheek Wrasse,Oxycheilinus digramma,1,39,"iNaturalist regional candidate only; review habitat fit, introduced status and game value before inclusion."
fish,138,yes,341862,Goldspotted Sweetlips,Plectorhinchus flavomaculatus,1,39,"iNaturalist regional candidate only; review habitat fit, introduced status and game value before inclusion."
fish,139,yes,425272,Iridescent Cardinalfish,Pristiapogon kallopterus,1,39,"iNaturalist regional candidate only; review habitat fit, introduced status and game value before inclusion."
fish,140,yes,272548,Bentstick Pipefish,Trachyrhamphus bicoarctatus,1,39,"iNaturalist regional candidate only; review habitat fit, introduced status and game value before inclusion."
fish,141,yes,56559,Flowery Rockcod,Epinephelus fuscoguttatus,1,38,"iNaturalist regional candidate only; review habitat fit, introduced status and game value before inclusion."
fish,142,yes,196628,Shoulderspot Sandgoby,Gnatholepis anjerensis,1,38,"iNaturalist regional candidate only; review habitat fit, introduced status and game value before inclusion."
fish,143,yes,52498,Palenose Parrotfish,Scarus psittacus,1,38,"iNaturalist regional candidate only; review habitat fit, introduced status and game value before inclusion."
fish,144,yes,52460,Houndfish,Tylosurus crocodilus,1,38,"iNaturalist regional candidate only; review habitat fit, introduced status and game value before inclusion."
fish,145,yes,121597,Eyestripe Surgeonfish,Acanthurus dussumieri,1,37,"iNaturalist regional candidate only; review habitat fit, introduced status and game value before inclusion."
fish,146,yes,94736,Bloyet's Cichlid,Astatotilapia bloyeti,1,37,"iNaturalist regional candidate only; review habitat fit, introduced status and game value before inclusion."
fish,147,yes,123690,Bluefin Trevally,Caranx melampygus,1,37,"iNaturalist regional candidate only; review habitat fit, introduced status and game value before inclusion."
fish,148,yes,83884,Lagoon Triggerfish,Rhinecanthus aculeatus,1,37,"iNaturalist regional candidate only; review habitat fit, introduced status and game value before inclusion."
fish,149,yes,97207,Chevron Butterflyfish,Chaetodon trifascialis,1,36,"iNaturalist regional candidate only; review habitat fit, introduced status and game value before inclusion."
fish,150,yes,102579,Barred Thicklip,Hemigymnus fasciatus,1,36,"iNaturalist regional candidate only; review habitat fit, introduced status and game value before inclusion."
fish,151,yes,180388,Indian Sailfin Tang,Zebrasoma desjardinii,1,36,"iNaturalist regional candidate only; review habitat fit, introduced status and game value before inclusion."
fish,152,yes,196936,Starry Puffer,Arothron stellatus,1,35,"iNaturalist regional candidate only; review habitat fit, introduced status and game value before inclusion."
fish,153,yes,136416,Reeftop Pipefish,Corythoichthys haematopterus,1,35,"iNaturalist regional candidate only; review habitat fit, introduced status and game value before inclusion."
fish,154,yes,180786,Harlequin Snake Eel,Myrichthys colubrinus,1,35,"iNaturalist regional candidate only; review habitat fit, introduced status and game value before inclusion."
fish,155,yes,121705,Lieutenant Surgeonfish,Acanthurus tennentii,1,34,"iNaturalist regional candidate only; review habitat fit, introduced status and game value before inclusion."
fish,156,yes,415123,Yellow-eyed Puffer,Arothron immaculatus,1,34,"iNaturalist regional candidate only; review habitat fit, introduced status and game value before inclusion."
fish,157,yes,612804,Redspot barb,Enteromius kerstenii,1,34,"iNaturalist regional candidate only; review habitat fit, introduced status and game value before inclusion."
fish,158,yes,100121,Honeycomb Grouper,Epinephelus merra,1,34,"iNaturalist regional candidate only; review habitat fit, introduced status and game value before inclusion."
fish,159,yes,196904,Mimic Filefish,Paraluteres prionurus,1,34,"iNaturalist regional candidate only; review habitat fit, introduced status and game value before inclusion."
fish,160,yes,68720,Barred Mudskipper,Periophthalmus argentilineatus,1,34,"iNaturalist regional candidate only; review habitat fit, introduced status and game value before inclusion."
fish,161,no,121194,Eyeline Surgeonfish,Acanthurus nigricauda,1,33,"iNaturalist regional candidate only; review habitat fit, introduced status and game value before inclusion."
fish,162,no,96956,Brown Pygmy Angelfish,Centropyge multispinis,1,33,"iNaturalist regional candidate only; review habitat fit, introduced status and game value before inclusion."
fish,163,no,97178,Meyer's Butterflyfish,Chaetodon meyeri,1,33,"iNaturalist regional candidate only; review habitat fit, introduced status and game value before inclusion."
fish,164,no,194896,Golden Trevally,Gnathanodon speciosus,1,33,"iNaturalist regional candidate only; review habitat fit, introduced status and game value before inclusion."
fish,165,no,51028,Laced Moray,Gymnothorax favagineus,1,33,"iNaturalist regional candidate only; review habitat fit, introduced status and game value before inclusion."
fish,166,no,121000,Giant Moray,Gymnothorax javanicus,1,33,"iNaturalist regional candidate only; review habitat fit, introduced status and game value before inclusion."
fish,167,no,210173,Brassy Drummer,Kyphosus vaigiensis,1,33,"iNaturalist regional candidate only; review habitat fit, introduced status and game value before inclusion."
fish,168,no,83297,Redlip Parrotfish,Scarus rubroviolaceus,1,33,"iNaturalist regional candidate only; review habitat fit, introduced status and game value before inclusion."
fish,169,no,112167,Tricolour Parrotfish,Scarus tricolor,1,33,"iNaturalist regional candidate only; review habitat fit, introduced status and game value before inclusion."
fish,170,no,119419,Devil Scorpionfish,Scorpaenopsis diabolus,1,33,"iNaturalist regional candidate only; review habitat fit, introduced status and game value before inclusion."
fish,171,no,97174,Blackback Butterflyfish,Chaetodon melannotus,1,32,"iNaturalist regional candidate only; review habitat fit, introduced status and game value before inclusion."
fish,172,no,51356,Highfin Chub,Kyphosus cinerascens,1,32,"iNaturalist regional candidate only; review habitat fit, introduced status and game value before inclusion."
fish,173,no,103769,Redeye Labeo,Labeo cylindricus,1,32,"iNaturalist regional candidate only; review habitat fit, introduced status and game value before inclusion."
fish,174,no,109742,Blacksaddle Coralgrouper,Plectropomus laevis,1,32,"iNaturalist regional candidate only; review habitat fit, introduced status and game value before inclusion."
fish,175,no,1316754,Blacktail Chromis,Pycnochromis nigrurus,1,32,"iNaturalist regional candidate only; review habitat fit, introduced status and game value before inclusion."
fish,176,no,111716,Ribbon Eel,Rhinomuraena quaesita,1,32,"iNaturalist regional candidate only; review habitat fit, introduced status and game value before inclusion."
fish,177,no,128155,Striate Anglerfish,Antennarius striatus,1,31,"iNaturalist regional candidate only; review habitat fit, introduced status and game value before inclusion."
fish,178,no,121001,Onespot Snapper,Lutjanus monostigma,1,31,"iNaturalist regional candidate only; review habitat fit, introduced status and game value before inclusion."
fish,179,no,123346,Yellowstripe Goatfish,Mulloidichthys flavolineatus,1,31,"iNaturalist regional candidate only; review habitat fit, introduced status and game value before inclusion."
fish,180,no,196710,Bluestriped Fangblenny,Plagiotremus rhinorhynchos,1,31,"iNaturalist regional candidate only; review habitat fit, introduced status and game value before inclusion."
fish,181,no,93453,Redmouth Grouper,Aethaloperca rogaa,1,30,"iNaturalist regional candidate only; review habitat fit, introduced status and game value before inclusion."
fish,182,no,611400,Redbelly Tilapia,Coptodon zillii,1,30,"iNaturalist regional candidate only; review habitat fit, introduced status and game value before inclusion."
fish,183,no,100088,Whitespotted Grouper,Epinephelus coeruleopunctatus,1,30,"iNaturalist regional candidate only; review habitat fit, introduced status and game value before inclusion."
fish,184,no,102808,Bellybar Pipefish,Hippichthys spicifer,1,30,"iNaturalist regional candidate only; review habitat fit, introduced status and game value before inclusion."
fish,185,no,104102,Nile Perch,Lates niloticus,1,30,"iNaturalist regional candidate only; review habitat fit, introduced status and game value before inclusion."
fish,186,no,47251,Great Barracuda,Sphyraena barracuda,1,30,"iNaturalist regional candidate only; review habitat fit, introduced status and game value before inclusion."
fish,187,no,124906,Map Puffer,Arothron mappa,1,29,"iNaturalist regional candidate only; review habitat fit, introduced status and game value before inclusion."
fish,188,no,97647,Roundhead Parrotfish,Chlorurus strongylocephalus,1,29,"iNaturalist regional candidate only; review habitat fit, introduced status and game value before inclusion."
fish,189,no,120999,Oriental Sweetlips,Plectorhinchus vittatus,1,29,"iNaturalist regional candidate only; review habitat fit, introduced status and game value before inclusion."
fish,190,no,121659,Clearfin Lionfish,Pteropterus radiatus,1,29,"iNaturalist regional candidate only; review habitat fit, introduced status and game value before inclusion."
fish,191,no,114560,Blue-eyed Tropheus,Tropheus brichardi,1,29,"iNaturalist regional candidate only; review habitat fit, introduced status and game value before inclusion."
fish,192,no,142921,Dwarf Pipehorse,Acentronura tentaculata,1,28,"iNaturalist regional candidate only; review habitat fit, introduced status and game value before inclusion."
fish,193,no,97158,Saddleback Butterflyfish,Chaetodon falcula,1,28,"iNaturalist regional candidate only; review habitat fit, introduced status and game value before inclusion."
fish,194,no,97172,Seychelles Butterflyfish,Chaetodon madagaskariensis,1,28,"iNaturalist regional candidate only; review habitat fit, introduced status and game value before inclusion."
fish,195,no,528869,Redbreast Tilapia,Coptodon rendalli,1,28,"iNaturalist regional candidate only; review habitat fit, introduced status and game value before inclusion."
fish,196,no,194619,Lined Soapfish,Grammistes sexlineatus,1,28,"iNaturalist regional candidate only; review habitat fit, introduced status and game value before inclusion."
fish,197,no,104344,Marbled Parrotfish,Leptoscarus vaigiensis,1,28,"iNaturalist regional candidate only; review habitat fit, introduced status and game value before inclusion."
fish,198,no,104615,Latticed Cichlid,Limnotilapia dardennii,1,28,"iNaturalist regional candidate only; review habitat fit, introduced status and game value before inclusion."
fish,199,no,68030,Two-spot Red Snapper,Lutjanus bohar,1,28,"iNaturalist regional candidate only; review habitat fit, introduced status and game value before inclusion."
fish,200,no,446199,Mozambique Fangblenny,Meiacanthus mossambicus,1,28,"iNaturalist regional candidate only; review habitat fit, introduced status and game value before inclusion."
fish,201,no,357466,Crimson Soldierfish,Myripristis murdjan,1,28,"iNaturalist regional candidate only; review habitat fit, introduced status and game value before inclusion."
fish,202,no,196723,Weedy Scorpionfish,Rhinopias frondosa,1,28,"iNaturalist regional candidate only; review habitat fit, introduced status and game value before inclusion."
fish,203,no,68025,Swarthy Parrotfish,Scarus niger,1,28,"iNaturalist regional candidate only; review habitat fit, introduced status and game value before inclusion."
fish,204,no,132366,Yellowfin Surgeonfish,Acanthurus xanthopterus,1,27,"iNaturalist regional candidate only; review habitat fit, introduced status and game value before inclusion."
fish,205,no,94016,Bluespotted Wrasse,Anampses caeruleopunctatus,1,27,"iNaturalist regional candidate only; review habitat fit, introduced status and game value before inclusion."
fish,206,no,368493,Ornate Sandgoby,Istigobius ornatus,1,27,"iNaturalist regional candidate only; review habitat fit, introduced status and game value before inclusion."
fish,207,no,105059,Vermiculate Wrasse,Macropharyngodon bipartitus,1,27,"iNaturalist regional candidate only; review habitat fit, introduced status and game value before inclusion."
fish,208,no,196571,Slender Lizardfish,Saurida gracilis,1,27,"iNaturalist regional candidate only; review habitat fit, introduced status and game value before inclusion."
fish,209,no,196905,Wirenet Filefish,Cantherhines pardalis,1,26,"iNaturalist regional candidate only; review habitat fit, introduced status and game value before inclusion."
fish,210,no,102580,Blackeye Thicklip,Hemigymnus melapterus,1,26,"iNaturalist regional candidate only; review habitat fit, introduced status and game value before inclusion."
fish,211,no,108074,Twospot Wrasse,Oxycheilinus bimaculatus,1,26,"iNaturalist regional candidate only; review habitat fit, introduced status and game value before inclusion."
fish,212,no,130879,Palette Tang,Paracanthurus hepatus,1,26,"iNaturalist regional candidate only; review habitat fit, introduced status and game value before inclusion."
fish,213,no,204597,Blackbar Damselfish,Plectroglyphidodon dickii,1,26,"iNaturalist regional candidate only; review habitat fit, introduced status and game value before inclusion."
fish,214,no,110015,Goldtail Angelfish,Pomacanthus chrysurus,1,26,"iNaturalist regional candidate only; review habitat fit, introduced status and game value before inclusion."
fish,215,no,119717,Peacock Damsel,Pomacentrus pavo,1,26,"iNaturalist regional candidate only; review habitat fit, introduced status and game value before inclusion."
fish,216,no,621567,Redskinfish,Ablabys binotatus,1,25,"iNaturalist regional candidate only; review habitat fit, introduced status and game value before inclusion."
fish,217,no,47228,Bigeye Trevally,Caranx sexfasciatus,1,25,"iNaturalist regional candidate only; review habitat fit, introduced status and game value before inclusion."
fish,218,no,121426,Leopard Blenny,Exallias brevis,1,25,"iNaturalist regional candidate only; review habitat fit, introduced status and game value before inclusion."
fish,219,no,85297,Striped Large-eye Bream,Gnathodentex aureolineatus,1,25,"iNaturalist regional candidate only; review habitat fit, introduced status and game value before inclusion."
fish,220,no,104187,Elongate Lamprologus Cichlid,Lepidiolamprologus elongatus,1,25,"iNaturalist regional candidate only; review habitat fit, introduced status and game value before inclusion."
fish,221,no,196712,Piano Fangblenny,Plagiotremus tapeinosoma,1,25,"iNaturalist regional candidate only; review habitat fit, introduced status and game value before inclusion."
fish,222,no,53573,Tailspot Squirrelfish,Sargocentron caudimaculatum,1,25,"iNaturalist regional candidate only; review habitat fit, introduced status and game value before inclusion."
fish,223,no,121499,Panther Flounder,Bothus pantherinus,1,24,"iNaturalist regional candidate only; review habitat fit, introduced status and game value before inclusion."
fish,224,no,98507,African Coris,Coris cuvieri,1,24,"iNaturalist regional candidate only; review habitat fit, introduced status and game value before inclusion."
fish,225,no,612855,Straightfin Barb,Enteromius paludinosus,1,24,"iNaturalist regional candidate only; review habitat fit, introduced status and game value before inclusion."
fish,226,no,100036,Slingjaw Wrasse,Epibulus insidiator,1,24,"iNaturalist regional candidate only; review habitat fit, introduced status and game value before inclusion."
fish,227,no,516388,Mahsena Emperor,Lethrinus mahsena,1,24,"iNaturalist regional candidate only; review habitat fit, introduced status and game value before inclusion."
fish,228,no,106696,Fire Dartfish,Nemateleotris magnifica,1,24,"iNaturalist regional candidate only; review habitat fit, introduced status and game value before inclusion."
fish,229,no,63597,Rockmover Wrasse,Novaculichthys taeniourus,1,24,"iNaturalist regional candidate only; review habitat fit, introduced status and game value before inclusion."
fish,230,no,566148,Common Mudskipper,Periophthalmus kalolo,1,24,"iNaturalist regional candidate only; review habitat fit, introduced status and game value before inclusion."
fish,231,no,500370,Orangelined Cardinalfish,Taeniamia fucata,1,24,"iNaturalist regional candidate only; review habitat fit, introduced status and game value before inclusion."
fish,232,no,98501,Clown Coris,Coris aygula,1,23,"iNaturalist regional candidate only; review habitat fit, introduced status and game value before inclusion."
fish,233,no,187279,Twospot Bristletooth,Ctenochaetus binotatus,1,23,"iNaturalist regional candidate only; review habitat fit, introduced status and game value before inclusion."
fish,234,no,1316574,Lobochilotes labiatus,Lobochilotes labiatus,1,23,"iNaturalist regional candidate only; review habitat fit, introduced status and game value before inclusion."
fish,235,no,446260,Chevron Blenny,Omobranchus elongatus,1,23,"iNaturalist regional candidate only; review habitat fit, introduced status and game value before inclusion."
fish,236,no,127710,Longnose Filefish,Oxymonacanthus longirostris,1,23,"iNaturalist regional candidate only; review habitat fit, introduced status and game value before inclusion."
fish,237,no,337753,Banded Sergeant,Abudefduf septemfasciatus,1,22,"iNaturalist regional candidate only; review habitat fit, introduced status and game value before inclusion."
fish,238,no,609958,Speckled Shrimpfish,Aeoliscus punctulatus,1,22,"iNaturalist regional candidate only; review habitat fit, introduced status and game value before inclusion."
fish,239,no,355401,Goldsash Fusilier,Caesio xanthalytos,1,22,"iNaturalist regional candidate only; review habitat fit, introduced status and game value before inclusion."
fish,240,no,338255,Brassy Trevally,Caranx papuensis,1,22,"iNaturalist regional candidate only; review habitat fit, introduced status and game value before inclusion."
fish,241,no,187213,Darkfin Hind,Cephalopholis nigripinnis,1,22,"iNaturalist regional candidate only; review habitat fit, introduced status and game value before inclusion."
fish,242,no,102040,Cosmetic Wrasse,Halichoeres cosmetus,1,22,"iNaturalist regional candidate only; review habitat fit, introduced status and game value before inclusion."
fish,243,no,102620,Black Pyramid Butterflyfish,Hemitaurichthys zoster,1,22,"iNaturalist regional candidate only; review habitat fit, introduced status and game value before inclusion."
fish,244,no,523135,Paddle-flap Scorpionfish,Rhinopias eschmeyeri,1,22,"iNaturalist regional candidate only; review habitat fit, introduced status and game value before inclusion."
fish,245,no,49498,Scrawled Filefish,Aluterus scriptus,1,21,"iNaturalist regional candidate only; review habitat fit, introduced status and game value before inclusion."
fish,246,no,94025,Yellowtail Wrasse,Anampses meleagrides,1,21,"iNaturalist regional candidate only; review habitat fit, introduced status and game value before inclusion."
fish,247,no,97098,Spotted Parrotfish,Cetoscarus ocellatus,1,21,"iNaturalist regional candidate only; review habitat fit, introduced status and game value before inclusion."
fish,248,no,100111,Giant Grouper,Epinephelus lanceolatus,1,21,"iNaturalist regional candidate only; review habitat fit, introduced status and game value before inclusion."
fish,249,no,100136,Foursaddle Grouper,Epinephelus spilotoceps,1,21,"iNaturalist regional candidate only; review habitat fit, introduced status and game value before inclusion."
fish,250,no,102635,Masked Bannerfish,Heniochus monoceros,1,21,"iNaturalist regional candidate only; review habitat fit, introduced status and game value before inclusion."
fish,251,no,578044,Snubnose Emperor Bream,Lethrinus borbonicus,1,21,"iNaturalist regional candidate only; review habitat fit, introduced status and game value before inclusion."
fish,252,no,51323,silver moony,Monodactylus argenteus,1,21,"iNaturalist regional candidate only; review habitat fit, introduced status and game value before inclusion."
fish,253,no,500372,Cook's Cardinalfish,Ostorhinchus cookii,1,21,"iNaturalist regional candidate only; review habitat fit, introduced status and game value before inclusion."
fish,254,no,188048,Tailspot Dartfish,Parioglossus palustris,1,21,"iNaturalist regional candidate only; review habitat fit, introduced status and game value before inclusion."
fish,255,no,110764,Sleepy Goby,Psammogobius biocellatus,1,21,"iNaturalist regional candidate only; review habitat fit, introduced status and game value before inclusion."
fish,256,no,320624,Orbicular Cardinalfish,Sphaeramia orbicularis,1,21,"iNaturalist regional candidate only; review habitat fit, introduced status and game value before inclusion."
fish,257,no,135283,Striped Surgeonfish,Acanthurus lineatus,1,20,"iNaturalist regional candidate only; review habitat fit, introduced status and game value before inclusion."
fish,258,no,94027,Yellowbreast Wrasse,Anampses twistii,1,20,"iNaturalist regional candidate only; review habitat fit, introduced status and game value before inclusion."
fish,259,no,94738,Eastern Happy,Astatotilapia calliptera,1,20,"iNaturalist regional candidate only; review habitat fit, introduced status and game value before inclusion."
fish,260,no,359360,Starry Goby,Asterropteryx semipunctata,1,20,"iNaturalist regional candidate only; review habitat fit, introduced status and game value before inclusion."
fish,261,no,94929,Dewindt's Cichlid,Aulonocranus dewindti,1,20,"iNaturalist regional candidate only; review habitat fit, introduced status and game value before inclusion."
fish,262,no,102860,Indian Longnose Parrotfish,Hipposcarus harid,1,20,"iNaturalist regional candidate only; review habitat fit, introduced status and game value before inclusion."
fish,263,no,119392,Warty Anglerfish,Antennarius maculatus,1,19,"iNaturalist regional candidate only; review habitat fit, introduced status and game value before inclusion."
fish,264,no,95812,Lyretail Hogfish,Bodianus anthioides,1,19,"iNaturalist regional candidate only; review habitat fit, introduced status and game value before inclusion."
fish,265,no,95952,Giant Tanganyika Cichlid,Boulengerochromis microlepis,1,19,"iNaturalist regional candidate only; review habitat fit, introduced status and game value before inclusion."
fish,266,no,447714,Doublebar Chromis,Chromis opercularis,1,19,"iNaturalist regional candidate only; review habitat fit, introduced status and game value before inclusion."
fish,267,no,612843,Neumayer's barb,Enteromius neumayeri,1,19,"iNaturalist regional candidate only; review habitat fit, introduced status and game value before inclusion."
fish,268,no,103983,Tanganyika Killifish,Lamprichthys tanganicanus,1,19,"iNaturalist regional candidate only; review habitat fit, introduced status and game value before inclusion."
fish,269,no,341864,Redspot Emperor,Lethrinus lentjan,1,19,"iNaturalist regional candidate only; review habitat fit, introduced status and game value before inclusion."
fish,270,no,122505,Pearly Soldierfish,Myripristis kuntee,1,19,"iNaturalist regional candidate only; review habitat fit, introduced status and game value before inclusion."
fish,271,no,121658,Bluespine Unicornfish,Naso unicornis,1,19,"iNaturalist regional candidate only; review habitat fit, introduced status and game value before inclusion."
fish,272,no,106768,Neolamprologus mondabu,Neolamprologus mondabu,1,19,"iNaturalist regional candidate only; review habitat fit, introduced status and game value before inclusion."
fish,273,no,425255,Goldbelly Cardinalfish,Ostorhinchus apogonoides,1,19,"iNaturalist regional candidate only; review habitat fit, introduced status and game value before inclusion."
fish,274,no,123394,Blue Triggerfish,Pseudobalistes fuscus,1,19,"iNaturalist regional candidate only; review habitat fit, introduced status and game value before inclusion."
fish,275,no,180751,Snubnose Dart,Trachinotus blochii,1,19,"iNaturalist regional candidate only; review habitat fit, introduced status and game value before inclusion."
fish,276,no,132410,Dusky Surgeonfish,Acanthurus nigrofuscus,1,18,"iNaturalist regional candidate only; review habitat fit, introduced status and game value before inclusion."
fish,277,no,93077,Mbaraga,Acapoeta tanganicae,1,18,"iNaturalist regional candidate only; review habitat fit, introduced status and game value before inclusion."
fish,278,no,196714,False Cleanerfish,Aspidontus taeniatus,1,18,"iNaturalist regional candidate only; review habitat fit, introduced status and game value before inclusion."
fish,279,no,123146,Honeycomb Toby,Canthigaster janthinoptera,1,18,"iNaturalist regional candidate only; review habitat fit, introduced status and game value before inclusion."
fish,280,no,96996,Leopard Grouper,Cephalopholis leopardus,1,18,"iNaturalist regional candidate only; review habitat fit, introduced status and game value before inclusion."
fish,281,no,48844,Sharksucker,Echeneis naucrates,1,18,"iNaturalist regional candidate only; review habitat fit, introduced status and game value before inclusion."
fish,282,no,446125,Rippled Rockskipper,Istiblennius edentulus,1,18,"iNaturalist regional candidate only; review habitat fit, introduced status and game value before inclusion."
fish,283,no,121661,Longhorn Cowfish,Lactoria cornuta,1,18,"iNaturalist regional candidate only; review habitat fit, introduced status and game value before inclusion."
fish,284,no,53669,Redtooth Triggerfish,Odonus niger,1,18,"iNaturalist regional candidate only; review habitat fit, introduced status and game value before inclusion."
fish,285,no,425254,Ringtail Cardinalfish,Ostorhinchus aureus,1,18,"iNaturalist regional candidate only; review habitat fit, introduced status and game value before inclusion."
fish,286,no,425284,Blackstriped Cardinalfish,Ostorhinchus nigrofasciatus,1,18,"iNaturalist regional candidate only; review habitat fit, introduced status and game value before inclusion."
fish,287,no,196487,Twotone Dartfish,Ptereleotris evides,1,18,"iNaturalist regional candidate only; review habitat fit, introduced status and game value before inclusion."
fish,288,no,121500,Tiger Snakemoray,Scuticaria tigrina,1,18,"iNaturalist regional candidate only; review habitat fit, introduced status and game value before inclusion."
fish,289,no,1360115,Yellow Spotted Trevally,Turrum fulvoguttatum,1,18,"iNaturalist regional candidate only; review habitat fit, introduced status and game value before inclusion."
fish,290,no,94416,Threespot Angelfish,Apolemichthys trimaculatus,1,17,"iNaturalist regional candidate only; review habitat fit, introduced status and game value before inclusion."
fish,291,no,94737,Burton's Mouthbrooder,Astatotilapia burtoni,1,17,"iNaturalist regional candidate only; review habitat fit, introduced status and game value before inclusion."
fish,292,no,1315988,Astatotilapia gigliolii,Astatotilapia gigliolii,1,17,"iNaturalist regional candidate only; review habitat fit, introduced status and game value before inclusion."
fish,293,no,1316757,Scaly Puller,Azurina lepidolepis,1,17,"iNaturalist regional candidate only; review habitat fit, introduced status and game value before inclusion."
fish,294,no,97169,Somali Butterflyfish,Chaetodon leucopleura,1,17,"iNaturalist regional candidate only; review habitat fit, introduced status and game value before inclusion."
fish,295,no,181020,Black-axil Chromis,Chromis atripectoralis,1,17,"iNaturalist regional candidate only; review habitat fit, introduced status and game value before inclusion."
fish,296,no,1313992,Highfin Shrimpgoby,Cryptocentrus altipinna,1,17,"iNaturalist regional candidate only; review habitat fit, introduced status and game value before inclusion."
fish,297,no,99207,Smooth Grouper,Dermatolepis striolata,1,17,"iNaturalist regional candidate only; review habitat fit, introduced status and game value before inclusion."
fish,298,no,101233,Dembea Stone Lapper,Garra dembeensis,1,17,"iNaturalist regional candidate only; review habitat fit, introduced status and game value before inclusion."
fish,299,no,1356516,Yellowback Anthias,Mirolabrichthys evansi,1,17,"iNaturalist regional candidate only; review habitat fit, introduced status and game value before inclusion."
fish,300,no,122682,Yellowfin Goatfish,Mulloidichthys vanicolensis,1,17,"iNaturalist regional candidate only; review habitat fit, introduced status and game value before inclusion."
fish,301,no,532638,Shiranus Tilapia,Oreochromis shiranus,1,17,"iNaturalist regional candidate only; review habitat fit, introduced status and game value before inclusion."
fish,302,no,122514,Goldsaddle Goatfish,Parupeneus cyclostomus,1,17,"iNaturalist regional candidate only; review habitat fit, introduced status and game value before inclusion."
fish,303,no,112163,Five-saddle Parrotfish,Scarus scaber,1,17,"iNaturalist regional candidate only; review habitat fit, introduced status and game value before inclusion."
fish,304,no,183186,Lunar Fusilier,Caesio lunaris,1,16,"iNaturalist regional candidate only; review habitat fit, introduced status and game value before inclusion."
fish,305,no,97147,Eclipse Butterflyfish,Chaetodon bennetti,1,16,"iNaturalist regional candidate only; review habitat fit, introduced status and game value before inclusion."
fish,306,no,194781,Tiger Cardinalfish,Cheilodipterus arabicus,1,16,"iNaturalist regional candidate only; review habitat fit, introduced status and game value before inclusion."
fish,307,no,97840,Exquisite Wrasse,Cirrhilabrus exquisitus,1,16,"iNaturalist regional candidate only; review habitat fit, introduced status and game value before inclusion."
fish,308,no,612734,East African Red-finned Barb,Enteromius apleurogramma,1,16,"iNaturalist regional candidate only; review habitat fit, introduced status and game value before inclusion."
fish,309,no,100101,Blue-and-yellow Grouper,Epinephelus flavocaeruleus,1,16,"iNaturalist regional candidate only; review habitat fit, introduced status and game value before inclusion."
fish,310,no,100114,Longspine Grouper,Epinephelus longispinis,1,16,"iNaturalist regional candidate only; review habitat fit, introduced status and game value before inclusion."
fish,311,no,100118,Malabar Grouper,Epinephelus malabaricus,1,16,"iNaturalist regional candidate only; review habitat fit, introduced status and game value before inclusion."
fish,312,no,100778,Dragon Seamoth,Eurypegasus draconis,1,16,"iNaturalist regional candidate only; review habitat fit, introduced status and game value before inclusion."
fish,313,no,153191,Spotted Garden Eel,Heteroconger hassi,1,16,"iNaturalist regional candidate only; review habitat fit, introduced status and game value before inclusion."
fish,314,no,196858,Fourbar Porcupinefish,Lophodiodon calori,1,16,"iNaturalist regional candidate only; review habitat fit, introduced status and game value before inclusion."
fish,315,no,153277,Golden Sweeper,Parapriacanthus ransonneti,1,16,"iNaturalist regional candidate only; review habitat fit, introduced status and game value before inclusion."
fish,316,no,357464,Grey Sweetlips,Plectorhinchus schotaf,1,16,"iNaturalist regional candidate only; review habitat fit, introduced status and game value before inclusion."
fish,317,no,132409,Yellowmask Surgeonfish,Acanthurus mata,1,15,"iNaturalist regional candidate only; review habitat fit, introduced status and game value before inclusion."
fish,318,no,1316624,Leptura Cichlid,Asprotilapia leptura,1,15,"iNaturalist regional candidate only; review habitat fit, introduced status and game value before inclusion."
fish,319,no,95819,Diana's Hogfish,Bodianus diana,1,15,"iNaturalist regional candidate only; review habitat fit, introduced status and game value before inclusion."
fish,320,no,96990,Chocolate Grouper,Cephalopholis boenak,1,15,"iNaturalist regional candidate only; review habitat fit, introduced status and game value before inclusion."
fish,321,no,97166,Indian Teardrop Butterflyfish,Chaetodon interruptus,1,15,"iNaturalist regional candidate only; review habitat fit, introduced status and game value before inclusion."
fish,322,no,121257,Bluestripe Pipefish,Doryrhamphus excisus,1,15,"iNaturalist regional candidate only; review habitat fit, introduced status and game value before inclusion."
fish,323,no,142970,Barred Moray,Echidna polyzona,1,15,"iNaturalist regional candidate only; review habitat fit, introduced status and game value before inclusion."
fish,324,no,100089,Goldspotted Rockcod,Epinephelus coioides,1,15,"iNaturalist regional candidate only; review habitat fit, introduced status and game value before inclusion."
fish,325,no,474557,Whitelip Moray,Gymnothorax chilospilus,1,15,"iNaturalist regional candidate only; review habitat fit, introduced status and game value before inclusion."
fish,326,no,127711,Sargassumfish,Histrio histrio,1,15,"iNaturalist regional candidate only; review habitat fit, introduced status and game value before inclusion."
fish,327,no,102898,Ringed Slender Wrasse,Hologymnosus annulatus,1,15,"iNaturalist regional candidate only; review habitat fit, introduced status and game value before inclusion."
fish,328,no,613109,Labeobarbus oxyrhynchus,Labeobarbus oxyrhynchus,1,15,"iNaturalist regional candidate only; review habitat fit, introduced status and game value before inclusion."
fish,329,no,344594,Orangestriped Emperor,Lethrinus obsoletus,1,15,"iNaturalist regional candidate only; review habitat fit, introduced status and game value before inclusion."
fish,330,no,311253,Bigeye Snapper,Lutjanus lutjanus,1,15,"iNaturalist regional candidate only; review habitat fit, introduced status and game value before inclusion."
fish,331,no,154723,Speckled Snapper,Lutjanus rivulatus,1,15,"iNaturalist regional candidate only; review habitat fit, introduced status and game value before inclusion."
fish,332,no,107877,Singida Tilapia,Oreochromis esculentus,1,15,"iNaturalist regional candidate only; review habitat fit, introduced status and game value before inclusion."
fish,333,no,425261,Yellowstriped Cardinalfish,Ostorhinchus cyanosoma,1,15,"iNaturalist regional candidate only; review habitat fit, introduced status and game value before inclusion."
fish,334,no,446380,Crested Sabretooth Blenny,Petroscirtes mitratus,1,15,"iNaturalist regional candidate only; review habitat fit, introduced status and game value before inclusion."
fish,335,no,199248,Giant Sweetlips,Plectorhinchus albovittatus,1,15,"iNaturalist regional candidate only; review habitat fit, introduced status and game value before inclusion."
fish,336,no,615156,Barred Rubberlip,Plectorhinchus plagiodesmus,1,15,"iNaturalist regional candidate only; review habitat fit, introduced status and game value before inclusion."
fish,337,no,551943,Whitebarred Rubberlip,Plectorhinchus playfairi,1,15,"iNaturalist regional candidate only; review habitat fit, introduced status and game value before inclusion."
fish,338,no,452501,Yellowspotted Scorpionfish,Sebastapistes cyanostigma,1,15,"iNaturalist regional candidate only; review habitat fit, introduced status and game value before inclusion."
fish,339,no,182586,Yellowtail Barracuda,Sphyraena flavicauda,1,15,"iNaturalist regional candidate only; review habitat fit, introduced status and game value before inclusion."
fish,340,no,69675,Yellowfin Tuna,Thunnus albacares,1,15,"iNaturalist regional candidate only; review habitat fit, introduced status and game value before inclusion."
fish,341,no,114930,Yellow-edged Lyretail,Variola louti,1,15,"iNaturalist regional candidate only; review habitat fit, introduced status and game value before inclusion."
fish,342,no,608312,Twobelt Cardinalfish,Apogonichthyoides taeniatus,1,14,"iNaturalist regional candidate only; review habitat fit, introduced status and game value before inclusion."
fish,343,no,119393,Marbled Snake Eel,Callechelys marmorata,1,14,"iNaturalist regional candidate only; review habitat fit, introduced status and game value before inclusion."
fish,344,no,97310,Snooty Wrasse,Cheilinus oxycephalus,1,14,"iNaturalist regional candidate only; review habitat fit, introduced status and game value before inclusion."
fish,345,no,194782,Tiger Cardinalfish,Cheilodipterus macrodon,1,14,"iNaturalist regional candidate only; review habitat fit, introduced status and game value before inclusion."
fish,346,no,97636,Bluemoon Parrotfish,Chlorurus atrilunula,1,14,"iNaturalist regional candidate only; review habitat fit, introduced status and game value before inclusion."
fish,347,no,267263,Ninebar Prawn-goby,Cryptocentrus cryptocentrus,1,14,"iNaturalist regional candidate only; review habitat fit, introduced status and game value before inclusion."
fish,348,no,100115,Snubnose Grouper,Epinephelus macrospilos,1,14,"iNaturalist regional candidate only; review habitat fit, introduced status and game value before inclusion."
fish,349,no,603159,Northern Tanganyika Clown,Eretmodus marksmithi,1,14,"iNaturalist regional candidate only; review habitat fit, introduced status and game value before inclusion."
fish,350,no,429399,Black-barred Halfbeak,Hemiramphus far,1,14,"iNaturalist regional candidate only; review habitat fit, introduced status and game value before inclusion."
fish,351,no,446132,Istiblennius steindachneri,Istiblennius steindachneri,1,14,"iNaturalist regional candidate only; review habitat fit, introduced status and game value before inclusion."
fish,352,no,103910,Yellowback Tubelip,Labropsis xanthonota,1,14,"iNaturalist regional candidate only; review habitat fit, introduced status and game value before inclusion."
fish,353,no,132389,Spangled Emperor,Lethrinus nebulosus,1,14,"iNaturalist regional candidate only; review habitat fit, introduced status and game value before inclusion."
fish,354,no,1632158,Callipterus Cichlid,Neolamprologus callipterus,1,14,"iNaturalist regional candidate only; review habitat fit, introduced status and game value before inclusion."
fish,355,no,619659,African Demoiselle,Neopomacentrus fuliginosus,1,14,"iNaturalist regional candidate only; review habitat fit, introduced status and game value before inclusion."
fish,356,no,47516,Rainbow Trout,Oncorhynchus mykiss,1,14,"iNaturalist regional candidate only; review habitat fit, introduced status and game value before inclusion."
fish,357,no,121673,Sidespot Goatfish,Parupeneus pleurostigma,1,14,"iNaturalist regional candidate only; review habitat fit, introduced status and game value before inclusion."
fish,358,no,109144,Perissodus microlepis,Perissodus microlepis,1,14,"iNaturalist regional candidate only; review habitat fit, introduced status and game value before inclusion."
fish,359,no,112585,Simochromis diagramma,Simochromis diagramma,1,14,"iNaturalist regional candidate only; review habitat fit, introduced status and game value before inclusion."
fish,360,no,366591,African Spadefish,Tripterodon orbis,1,14,"iNaturalist regional candidate only; review habitat fit, introduced status and game value before inclusion."
fish,361,no,614292,Pinkbar Goby,Amblyeleotris aurora,1,13,"iNaturalist regional candidate only; review habitat fit, introduced status and game value before inclusion."
fish,362,no,1315921,Blackbarred Demoiselle,Amblypomacentrus annulatus,1,13,"iNaturalist regional candidate only; review habitat fit, introduced status and game value before inclusion."
fish,363,no,94231,Slender Grouper,Anyperodon leucogrammicus,1,13,"iNaturalist regional candidate only; review habitat fit, introduced status and game value before inclusion."
fish,364,no,94733,Allauad's Haplo,Astatoreochromis alluaudi,1,13,"iNaturalist regional candidate only; review habitat fit, introduced status and game value before inclusion."
fish,365,no,95044,Semutundu,Bagrus docmak,1,13,"iNaturalist regional candidate only; review habitat fit, introduced status and game value before inclusion."
fish,366,no,95815,Saddleback Hogfish,Bodianus bilunulatus,1,13,"iNaturalist regional candidate only; review habitat fit, introduced status and game value before inclusion."
fish,367,no,1702299,Redbreast Maori Wrasse,Concholabrus fasciatus,1,13,"iNaturalist regional candidate only; review habitat fit, introduced status and game value before inclusion."
fish,368,no,53857,Potato Rockcod,Epinephelus tukula,1,13,"iNaturalist regional candidate only; review habitat fit, introduced status and game value before inclusion."
fish,369,no,103024,Blue Tigerfish,Hydrocynus tanzaniae,1,13,"iNaturalist regional candidate only; review habitat fit, introduced status and game value before inclusion."
fish,370,no,196654,Decorated Sandgoby,Istigobius decoratus,1,13,"iNaturalist regional candidate only; review habitat fit, introduced status and game value before inclusion."
fish,371,no,52452,Elegant Unicornfish,Naso elegans,1,13,"iNaturalist regional candidate only; review habitat fit, introduced status and game value before inclusion."
fish,372,no,358376,Regal Demoiselle,Neopomacentrus cyanomos,1,13,"iNaturalist regional candidate only; review habitat fit, introduced status and game value before inclusion."
fish,373,no,347600,Dotted Sweetlips,Plectorhinchus pica,1,13,"iNaturalist regional candidate only; review habitat fit, introduced status and game value before inclusion."
fish,374,no,354587,Paletail Damsel,Pomacentrus trichrourus,1,13,"iNaturalist regional candidate only; review habitat fit, introduced status and game value before inclusion."
fish,375,no,196870,Yellowmargin Triggerfish,Pseudobalistes flavimarginatus,1,13,"iNaturalist regional candidate only; review habitat fit, introduced status and game value before inclusion."
fish,376,no,188210,Rhinohorn Goby,Redigobius balteatus,1,13,"iNaturalist regional candidate only; review habitat fit, introduced status and game value before inclusion."
fish,377,no,113879,Telmatochromis bifrenatus,Telmatochromis bifrenatus,1,13,"iNaturalist regional candidate only; review habitat fit, introduced status and game value before inclusion."
fish,378,no,114563,Blunthead Cichlid,Tropheus moorii,1,13,"iNaturalist regional candidate only; review habitat fit, introduced status and game value before inclusion."
fish,379,no,272555,Blacklined Glidergoby,Valenciennea helsdingenii,1,13,"iNaturalist regional candidate only; review habitat fit, introduced status and game value before inclusion."
fish,380,no,123922,Blackspot Sergeant,Abudefduf sordidus,1,12,"iNaturalist regional candidate only; review habitat fit, introduced status and game value before inclusion."
fish,381,no,445731,Bicolored Toby,Canthigaster smithae,1,12,"iNaturalist regional candidate only; review habitat fit, introduced status and game value before inclusion."
fish,382,no,120963,Mustache Conger,Conger cinereus,1,12,"iNaturalist regional candidate only; review habitat fit, introduced status and game value before inclusion."
fish,383,no,612800,Enteromius jacksoni,Enteromius jacksoni,1,12,"iNaturalist regional candidate only; review habitat fit, introduced status and game value before inclusion."
fish,384,no,613063,Labeobarbus altianalis,Labeobarbus altianalis,1,12,"iNaturalist regional candidate only; review habitat fit, introduced status and game value before inclusion."
fish,385,no,121459,Blacktail Snapper,Lutjanus fulvus,1,12,"iNaturalist regional candidate only; review habitat fit, introduced status and game value before inclusion."
fish,386,no,132370,Black Damsel,Neoglyphidodon melas,1,12,"iNaturalist regional candidate only; review habitat fit, introduced status and game value before inclusion."
fish,387,no,1508396,Snakehead Gudgeon,Ophiocara porocephalum,1,12,"iNaturalist regional candidate only; review habitat fit, introduced status and game value before inclusion."
fish,388,no,530067,Pretty Lagoongoby,Oplopomus oplopomus,1,12,"iNaturalist regional candidate only; review habitat fit, introduced status and game value before inclusion."
fish,389,no,333879,Sabaki Tilapia,Oreochromis spilurus,1,12,"iNaturalist regional candidate only; review habitat fit, introduced status and game value before inclusion."
fish,390,no,1415130,Shuja horei,Shuja horei,1,12,"iNaturalist regional candidate only; review habitat fit, introduced status and game value before inclusion."
fish,391,no,121576,Lei Triggerfish,Sufflamen bursa,1,12,"iNaturalist regional candidate only; review habitat fit, introduced status and game value before inclusion."
fish,392,no,113882,Temporalis Cichlid,Telmatochromis temporalis,1,12,"iNaturalist regional candidate only; review habitat fit, introduced status and game value before inclusion."
fish,393,no,113902,Crescent Grunter,Terapon jarbua,1,12,"iNaturalist regional candidate only; review habitat fit, introduced status and game value before inclusion."
fish,394,no,1315975,Altolamprologus fasciatus,Altolamprologus fasciatus,1,11,"iNaturalist regional candidate only; review habitat fit, introduced status and game value before inclusion."
fish,395,no,347599,Tailspot Goby,Amblygobius albimaculatus,1,11,"iNaturalist regional candidate only; review habitat fit, introduced status and game value before inclusion."
fish,396,no,445696,Striped Rockskipper,Blenniella cyanostigma,1,11,"iNaturalist regional candidate only; review habitat fit, introduced status and game value before inclusion."
fish,397,no,57339,Indian Surge Demoiselle,Chrysiptera brownriggii,1,11,"iNaturalist regional candidate only; review habitat fit, introduced status and game value before inclusion."
fish,398,no,204591,Grey Demoiselle,Chrysiptera glauca,1,11,"iNaturalist regional candidate only; review habitat fit, introduced status and game value before inclusion."
fish,399,no,614429,Arabian goby,Cryptocentroides arabicus,1,11,"iNaturalist regional candidate only; review habitat fit, introduced status and game value before inclusion."
fish,400,no,98887,Frontosa Cichlid,Cyphotilapia frontosa,1,11,"iNaturalist regional candidate only; review habitat fit, introduced status and game value before inclusion."
fish,401,no,529422,Pinstripe Cardinalfish,Fibramia lateralis,1,11,"iNaturalist regional candidate only; review habitat fit, introduced status and game value before inclusion."
fish,402,no,205007,Masked Moray,Gymnothorax breedeni,1,11,"iNaturalist regional candidate only; review habitat fit, introduced status and game value before inclusion."
fish,403,no,102063,Cloud Wrasse,Halichoeres nebulosus,1,11,"iNaturalist regional candidate only; review habitat fit, introduced status and game value before inclusion."
fish,404,no,64502,Two-stick Stingfish,Inimicus filamentosus,1,11,"iNaturalist regional candidate only; review habitat fit, introduced status and game value before inclusion."
fish,405,no,103826,Labeo victorianus,Labeo victorianus,1,11,"iNaturalist regional candidate only; review habitat fit, introduced status and game value before inclusion."
fish,406,no,106184,Elephant-snout Fish,Mormyrus kannume,1,11,"iNaturalist regional candidate only; review habitat fit, introduced status and game value before inclusion."
fish,407,no,106777,Daffodil Cichlid,Neolamprologus pulcher,1,11,"iNaturalist regional candidate only; review habitat fit, introduced status and game value before inclusion."
fish,408,no,107302,Seagrass Wrasse,Novaculoides macrolepidotus,1,11,"iNaturalist regional candidate only; review habitat fit, introduced status and game value before inclusion."
fish,409,no,608381,Blackfoot Cardinalfish,Ostorhinchus nigripes,1,11,"iNaturalist regional candidate only; review habitat fit, introduced status and game value before inclusion."
fish,410,no,1314776,Orange Sweeper,Pempheris flavicycla,1,11,"iNaturalist regional candidate only; review habitat fit, introduced status and game value before inclusion."
fish,411,no,110972,Sixline Wrasse,Pseudocheilinus hexataenia,1,11,"iNaturalist regional candidate only; review habitat fit, introduced status and game value before inclusion."
fish,412,no,110996,Egyptian Mouthbrooder,Pseudocrenilabrus multicolor,1,11,"iNaturalist regional candidate only; review habitat fit, introduced status and game value before inclusion."
fish,413,no,131491,Cobia,Rachycentron canadum,1,11,"iNaturalist regional candidate only; review habitat fit, introduced status and game value before inclusion."
fish,414,no,618195,Thumbprint Monocle Bream,Scolopsis bimaculata,1,11,"iNaturalist regional candidate only; review habitat fit, introduced status and game value before inclusion."
fish,415,no,120634,Dusky Spinefoot,Siganus luridus,1,11,"iNaturalist regional candidate only; review habitat fit, introduced status and game value before inclusion."
fish,416,no,1315821,Hairfin Goby,Yongeichthys nebulosus,1,11,"iNaturalist regional candidate only; review habitat fit, introduced status and game value before inclusion."
fish,417,no,121340,Wire Coral Goby,Bryaninops yongei,1,10,"iNaturalist regional candidate only; review habitat fit, introduced status and game value before inclusion."
fish,418,no,96940,Two-spined Angelfish,Centropyge bispinosa,1,10,"iNaturalist regional candidate only; review habitat fit, introduced status and game value before inclusion."
fish,419,no,122033,Rainbow Runner,Elagatis bipinnulata,1,10,"iNaturalist regional candidate only; review habitat fit, introduced status and game value before inclusion."
fish,420,no,100077,Areolate Grouper,Epinephelus areolatus,1,10,"iNaturalist regional candidate only; review habitat fit, introduced status and game value before inclusion."
fish,421,no,64099,Blacktip Silverbiddy,Gerres oyena,1,10,"iNaturalist regional candidate only; review habitat fit, introduced status and game value before inclusion."
fish,422,no,64500,Devil Stinger,Inimicus didactylus,1,10,"iNaturalist regional candidate only; review habitat fit, introduced status and game value before inclusion."
fish,423,no,103763,Purple Labeo,Labeo congoro,1,10,"iNaturalist regional candidate only; review habitat fit, introduced status and game value before inclusion."
fish,424,no,196482,Blue Blanquillo,Malacanthus latovittatus,1,10,"iNaturalist regional candidate only; review habitat fit, introduced status and game value before inclusion."
fish,425,no,179886,Threadfin Anthias,Nemanthias carberryi,1,10,"iNaturalist regional candidate only; review habitat fit, introduced status and game value before inclusion."
fish,426,no,107681,Gold Nasuta,Ophthalmotilapia nasuta,1,10,"iNaturalist regional candidate only; review habitat fit, introduced status and game value before inclusion."
fish,427,no,123343,Cardinal Goatfish,Parupeneus ciliatus,1,10,"iNaturalist regional candidate only; review habitat fit, introduced status and game value before inclusion."
fish,428,no,109747,Marbled Coralgrouper,Plectropomus punctatus,1,10,"iNaturalist regional candidate only; review habitat fit, introduced status and game value before inclusion."
fish,429,no,619671,Baensch's Damsel,Pomacentrus baenschi,1,10,"iNaturalist regional candidate only; review habitat fit, introduced status and game value before inclusion."
fish,430,no,359893,Bloch's Bigeye,Priacanthus blochii,1,10,"iNaturalist regional candidate only; review habitat fit, introduced status and game value before inclusion."
fish,431,no,111000,Chiseltooth Wrasse,Pseudodax moluccanus,1,10,"iNaturalist regional candidate only; review habitat fit, introduced status and game value before inclusion."
fish,432,no,183187,Neon Fusilier,Pterocaesio tile,1,10,"iNaturalist regional candidate only; review habitat fit, introduced status and game value before inclusion."
fish,433,no,84095,Forktail Rabbitfish,Siganus argenteus,1,10,"iNaturalist regional candidate only; review habitat fit, introduced status and game value before inclusion."
fish,434,no,115066,Yellow Sand Cichlid,Xenotilapia flavipinnis,1,10,"iNaturalist regional candidate only; review habitat fit, introduced status and game value before inclusion."
fish,435,no,366317,Northern River Garfish,Zenarchopterus buffonis,1,10,"iNaturalist regional candidate only; review habitat fit, introduced status and game value before inclusion."
fish,436,no,49508,Green Jobfish,Aprion virescens,1,9,"iNaturalist regional candidate only; review habitat fit, introduced status and game value before inclusion."
fish,437,no,95478,Dusky Frillgoby,Bathygobius fuscus,1,9,"iNaturalist regional candidate only; review habitat fit, introduced status and game value before inclusion."
fish,438,no,1520917,Red-fin Robber,Brachyalestes affinis,1,9,"iNaturalist regional candidate only; review habitat fit, introduced status and game value before inclusion."
fish,439,no,96400,Scissor-tailed Fusilier,Caesio caerulaurea,1,9,"iNaturalist regional candidate only; review habitat fit, introduced status and game value before inclusion."
fish,440,no,97170,Lined Butterflyfish,Chaetodon lineolatus,1,9,"iNaturalist regional candidate only; review habitat fit, introduced status and game value before inclusion."
fish,441,no,97940,Smoothhead Catfish,Clarias liocephalus,1,9,"iNaturalist regional candidate only; review habitat fit, introduced status and game value before inclusion."
fish,442,no,357826,Schultz's Pipefish,Corythoichthys schultzi,1,9,"iNaturalist regional candidate only; review habitat fit, introduced status and game value before inclusion."
fish,443,no,194620,Lyretail Hawkfish,Cyprinocirrhites polyactis,1,9,"iNaturalist regional candidate only; review habitat fit, introduced status and game value before inclusion."
fish,444,no,100123,Rankin Cod,Epinephelus multinotatus,1,9,"iNaturalist regional candidate only; review habitat fit, introduced status and game value before inclusion."
fish,445,no,102813,Réunion Seahorse,Hippocampus borboniensis,1,9,"iNaturalist regional candidate only; review habitat fit, introduced status and game value before inclusion."
fish,446,no,102899,Pastel Ring Wrasse,Hologymnosus doliatus,1,9,"iNaturalist regional candidate only; review habitat fit, introduced status and game value before inclusion."
fish,447,no,103891,Tubelip Wrasse,Labrichthys unilineatus,1,9,"iNaturalist regional candidate only; review habitat fit, introduced status and game value before inclusion."
fish,448,no,132393,Longnose Emperor,Lethrinus olivaceus,1,9,"iNaturalist regional candidate only; review habitat fit, introduced status and game value before inclusion."
fish,449,no,617592,Bluestriped Goatfish,Mulloidichthys ayliffe,1,9,"iNaturalist regional candidate only; review habitat fit, introduced status and game value before inclusion."
fish,450,no,196835,Indian Doublebar Goatfish,Parupeneus trifasciatus,1,9,"iNaturalist regional candidate only; review habitat fit, introduced status and game value before inclusion."
fish,451,no,196591,Blue-eye Damsel,Plectroglyphidodon johnstonianus,1,9,"iNaturalist regional candidate only; review habitat fit, introduced status and game value before inclusion."
fish,452,no,121460,Sabre Squirrelfish,Sargocentron spiniferum,1,9,"iNaturalist regional candidate only; review habitat fit, introduced status and game value before inclusion."
fish,453,no,112197,Silver Butter Catfish,Schilbe intermedius,1,9,"iNaturalist regional candidate only; review habitat fit, introduced status and game value before inclusion."
fish,454,no,1376776,Cinnamon Monocle Bream,Scolopsis curite,1,9,"iNaturalist regional candidate only; review habitat fit, introduced status and game value before inclusion."
fish,455,no,113207,Three-line Wrasse,Stethojulis strigiventer,1,9,"iNaturalist regional candidate only; review habitat fit, introduced status and game value before inclusion."
fish,456,no,69834,Double-end Pipehorse,Syngnathoides biaculeatus,1,9,"iNaturalist regional candidate only; review habitat fit, introduced status and game value before inclusion."
fish,457,no,1474189,Mangrove Goby,Yongeichthys audax,1,9,"iNaturalist regional candidate only; review habitat fit, introduced status and game value before inclusion."
fish,458,no,1360074,Cale Cale Trevally,Atropus mentalis,1,8,"iNaturalist regional candidate only; review habitat fit, introduced status and game value before inclusion."
fish,459,no,97005,Strawberry Grouper,Cephalopholis spiloparaea,1,8,"iNaturalist regional candidate only; review habitat fit, introduced status and game value before inclusion."
fish,460,no,98531,Common Dolphinfish,Coryphaena hippurus,1,8,"iNaturalist regional candidate only; review habitat fit, introduced status and game value before inclusion."
fish,461,no,267261,Barred Shrimpgoby,Cryptocentrus fasciatus,1,8,"iNaturalist regional candidate only; review habitat fit, introduced status and game value before inclusion."
fish,462,no,615139,Sailfin Rubberlip,Diagramma centurio,1,8,"iNaturalist regional candidate only; review habitat fit, introduced status and game value before inclusion."
fish,463,no,100342,Tanganyika Clown,Eretmodus cyanostictus,1,8,"iNaturalist regional candidate only; review habitat fit, introduced status and game value before inclusion."
fish,464,no,369185,Tropical Garfish,Hyporhamphus affinis,1,8,"iNaturalist regional candidate only; review habitat fit, introduced status and game value before inclusion."
fish,465,no,104097,Tanganyika Lates,Lates angustifrons,1,8,"iNaturalist regional candidate only; review habitat fit, introduced status and game value before inclusion."
fish,466,no,204570,Ehrenberg's Snapper,Lutjanus ehrenbergii,1,8,"iNaturalist regional candidate only; review habitat fit, introduced status and game value before inclusion."
fish,467,no,52466,Black-finned Triggerfish,Melichthys indicus,1,8,"iNaturalist regional candidate only; review habitat fit, introduced status and game value before inclusion."
fish,468,no,122504,Shadowfin Soldierfish,Myripristis adusta,1,8,"iNaturalist regional candidate only; review habitat fit, introduced status and game value before inclusion."
fish,469,no,107893,Lake Rukwa Tilapia,Oreochromis rukwaensis,1,8,"iNaturalist regional candidate only; review habitat fit, introduced status and game value before inclusion."
fish,470,no,107897,Tanganyikan Tilapia,Oreochromis tanganicae,1,8,"iNaturalist regional candidate only; review habitat fit, introduced status and game value before inclusion."
fish,471,no,47256,Pickhandle Barracuda,Sphyraena jello,1,8,"iNaturalist regional candidate only; review habitat fit, introduced status and game value before inclusion."
fish,472,no,136601,Blackfin Barracuda,Sphyraena qenie,1,8,"iNaturalist regional candidate only; review habitat fit, introduced status and game value before inclusion."
fish,473,no,113450,Bridled Triggerfish,Sufflamen fraenatum,1,8,"iNaturalist regional candidate only; review habitat fit, introduced status and game value before inclusion."
fish,474,no,188522,Cuckoo Squeaker,Synodontis multipunctatus,1,8,"iNaturalist regional candidate only; review habitat fit, introduced status and game value before inclusion."
fish,475,no,121227,Bluestripe Lizardfish,Synodus dermatogenys,1,8,"iNaturalist regional candidate only; review habitat fit, introduced status and game value before inclusion."
fish,476,no,530137,Ornate Shrimpgoby,Vanderhorstia ornatissima,1,8,"iNaturalist regional candidate only; review habitat fit, introduced status and game value before inclusion."
fish,477,no,1316765,Xenotilapia spilopterus,Xenotilapia spilopterus,1,8,"iNaturalist regional candidate only; review habitat fit, introduced status and game value before inclusion."
fish,478,no,93723,Compressed Cichlid,Altolamprologus compressiceps,1,7,"iNaturalist regional candidate only; review habitat fit, introduced status and game value before inclusion."
fish,479,no,199172,Twinspot Hawkfish,Amblycirrhitus bimacula,1,7,"iNaturalist regional candidate only; review habitat fit, introduced status and game value before inclusion."
fish,480,no,194618,Arrowhead Soapfish,Belonoperca chabanaudi,1,7,"iNaturalist regional candidate only; review habitat fit, introduced status and game value before inclusion."
fish,481,no,95867,Bumphead Parrotfish,Bolbometopon muricatum,1,7,"iNaturalist regional candidate only; review habitat fit, introduced status and game value before inclusion."
fish,482,no,153280,Giant Trevally,Caranx ignobilis,1,7,"iNaturalist regional candidate only; review habitat fit, introduced status and game value before inclusion."
fish,483,no,49927,Spotfin Burrfish,Chilomycterus reticulatus,1,7,"iNaturalist regional candidate only; review habitat fit, introduced status and game value before inclusion."
fish,484,no,196597,Target Shrimpgoby,Cryptocentrus strigilliceps,1,7,"iNaturalist regional candidate only; review habitat fit, introduced status and game value before inclusion."
fish,485,no,1360116,Barred Trevally,Ferdauia ferdau,1,7,"iNaturalist regional candidate only; review habitat fit, introduced status and game value before inclusion."
fish,486,no,123521,Yellowmouth Moray,Gymnothorax nudivomer,1,7,"iNaturalist regional candidate only; review habitat fit, introduced status and game value before inclusion."
fish,487,no,102091,Goldstripe Wrasse,Halichoeres zeylonicus,1,7,"iNaturalist regional candidate only; review habitat fit, introduced status and game value before inclusion."
fish,488,no,102692,Vundu,Heterobranchus longifilis,1,7,"iNaturalist regional candidate only; review habitat fit, introduced status and game value before inclusion."
fish,489,no,102814,Giraffe Seahorse,Hippocampus camelopardalis,1,7,"iNaturalist regional candidate only; review habitat fit, introduced status and game value before inclusion."
fish,490,no,102826,Great Seahorse,Hippocampus kelloggi,1,7,"iNaturalist regional candidate only; review habitat fit, introduced status and game value before inclusion."
fish,491,no,103436,Peacock Razorfish,Iniistius pavo,1,7,"iNaturalist regional candidate only; review habitat fit, introduced status and game value before inclusion."
fish,492,no,104614,Lake Tanganyika Sardine,Limnothrissa miodon,1,7,"iNaturalist regional candidate only; review habitat fit, introduced status and game value before inclusion."
fish,493,no,105269,Mastacembelus moorii,Mastacembelus moorii,1,7,"iNaturalist regional candidate only; review habitat fit, introduced status and game value before inclusion."
fish,494,no,52464,Black Triggerfish,Melichthys niger,1,7,"iNaturalist regional candidate only; review habitat fit, introduced status and game value before inclusion."
fish,495,no,494752,Redfin Bream,Monotaxis heterodon,1,7,"iNaturalist regional candidate only; review habitat fit, introduced status and game value before inclusion."
fish,496,no,106624,Bignose Unicornfish,Naso vlamingii,1,7,"iNaturalist regional candidate only; review habitat fit, introduced status and game value before inclusion."
fish,497,no,619661,Twin Demoiselle,Neopomacentrus sororius,1,7,"iNaturalist regional candidate only; review habitat fit, introduced status and game value before inclusion."
fish,498,no,471233,Mozambique Scorpionfish,Parascorpaena mossambica,1,7,"iNaturalist regional candidate only; review habitat fit, introduced status and game value before inclusion."
fish,499,no,180170,Yellowspot Goatfish,Parupeneus indicus,1,7,"iNaturalist regional candidate only; review habitat fit, introduced status and game value before inclusion."
fish,500,no,446377,Petroscirtes ancylodon,Petroscirtes ancylodon,1,7,"iNaturalist regional candidate only; review habitat fit, introduced status and game value before inclusion."
fish,501,no,359837,Stony Coral Ghostgoby,Pleurosicya micheli,1,7,"iNaturalist regional candidate only; review habitat fit, introduced status and game value before inclusion."
fish,502,no,110971,Disappearing Wrasse,Pseudocheilinus evanidus,1,7,"iNaturalist regional candidate only; review habitat fit, introduced status and game value before inclusion."
fish,503,no,611661,Pseudosimochromis babaulti,Pseudosimochromis babaulti,1,7,"iNaturalist regional candidate only; review habitat fit, introduced status and game value before inclusion."
fish,504,no,127131,Lesser Queenfish,Scomberoides lysan,1,7,"iNaturalist regional candidate only; review habitat fit, introduced status and game value before inclusion."
fish,505,no,119394,Ornate Ghostpipefish,Solenostomus paradoxus,1,7,"iNaturalist regional candidate only; review habitat fit, introduced status and game value before inclusion."
fish,506,no,196564,Starry Dragonet,Synchiropus stellatus,1,7,"iNaturalist regional candidate only; review habitat fit, introduced status and game value before inclusion."
fish,507,no,113985,Surge Wrasse,Thalassoma purpureum,1,7,"iNaturalist regional candidate only; review habitat fit, introduced status and game value before inclusion."
fish,508,no,201238,Smallspotted Dart,Trachinotus baillonii,1,7,"iNaturalist regional candidate only; review habitat fit, introduced status and game value before inclusion."
fish,509,no,114561,Duboisi Cichlid,Tropheus duboisi,1,7,"iNaturalist regional candidate only; review habitat fit, introduced status and game value before inclusion."
fish,510,no,196645,Sixspot Glidergoby,Valenciennea sexguttata,1,7,"iNaturalist regional candidate only; review habitat fit, introduced status and game value before inclusion."
fish,511,no,1677943,Anoplopterus athiensis,Anoplopterus athiensis,1,6,"iNaturalist regional candidate only; review habitat fit, introduced status and game value before inclusion."
fish,512,no,1677949,Stargazer Mountain Catfish,Anoplopterus uranoscopus,1,6,"iNaturalist regional candidate only; review habitat fit, introduced status and game value before inclusion."
fish,513,no,319547,Lance Blenny,Aspidontus dussumieri,1,6,"iNaturalist regional candidate only; review habitat fit, introduced status and game value before inclusion."
fish,514,no,94905,Giraffe Catfish,Auchenoglanis occidentalis,1,6,"iNaturalist regional candidate only; review habitat fit, introduced status and game value before inclusion."
fish,515,no,96263,Crimsontip Gudgeon,Butis butis,1,6,"iNaturalist regional candidate only; review habitat fit, introduced status and game value before inclusion."
fish,516,no,97213,Zanzibar Butterflyfish,Chaetodon zanzibarensis,1,6,"iNaturalist regional candidate only; review habitat fit, introduced status and game value before inclusion."
fish,517,no,424795,Messmate Pipefish,Corythoichthys intestinalis,1,6,"iNaturalist regional candidate only; review habitat fit, introduced status and game value before inclusion."
fish,518,no,119389,Zebra Lionfish,Dendrochirus zebra,1,6,"iNaturalist regional candidate only; review habitat fit, introduced status and game value before inclusion."
fish,519,no,612907,Threespot Barb,Enteromius trimaculatus,1,6,"iNaturalist regional candidate only; review habitat fit, introduced status and game value before inclusion."
fish,520,no,120615,Mackerel Tuna,Euthynnus affinis,1,6,"iNaturalist regional candidate only; review habitat fit, introduced status and game value before inclusion."
fish,521,no,62598,Shoulderspot Goby,Gnatholepis cauerensis,1,6,"iNaturalist regional candidate only; review habitat fit, introduced status and game value before inclusion."
fish,522,no,101560,Longnose stonebasher,Gnathonemus longibarbis,1,6,"iNaturalist regional candidate only; review habitat fit, introduced status and game value before inclusion."
fish,523,no,102047,Rainbow Wrasse,Halichoeres iridis,1,6,"iNaturalist regional candidate only; review habitat fit, introduced status and game value before inclusion."
fish,524,no,102307,Haplotaxodon microlepis,Haplotaxodon microlepis,1,6,"iNaturalist regional candidate only; review habitat fit, introduced status and game value before inclusion."
fish,525,no,566044,Red Big-eye,Heteropriacanthus carolinus,1,6,"iNaturalist regional candidate only; review habitat fit, introduced status and game value before inclusion."
fish,526,no,615613,Orange-dot Razorfish,Iniistius naevus,1,6,"iNaturalist regional candidate only; review habitat fit, introduced status and game value before inclusion."
fish,527,no,119719,Sailfish,Istiophorus platypterus,1,6,"iNaturalist regional candidate only; review habitat fit, introduced status and game value before inclusion."
fish,528,no,103843,Labeobarbus intermedius,Labeobarbus intermedius,1,6,"iNaturalist regional candidate only; review habitat fit, introduced status and game value before inclusion."
fish,529,no,619462,Kongoro Lampeye,Lacustricola kongoranensis,1,6,"iNaturalist regional candidate only; review habitat fit, introduced status and game value before inclusion."
fish,530,no,344867,Orangespotted Emperor,Lethrinus erythracanthus,1,6,"iNaturalist regional candidate only; review habitat fit, introduced status and game value before inclusion."
fish,531,no,447971,Bengal Snapper,Lutjanus bengalensis,1,6,"iNaturalist regional candidate only; review habitat fit, introduced status and game value before inclusion."
fish,532,no,106760,Neolamprologus furcifer,Neolamprologus furcifer,1,6,"iNaturalist regional candidate only; review habitat fit, introduced status and game value before inclusion."
fish,533,no,1633536,Lemaire's Lamprologus,Neolamprologus lemairii,1,6,"iNaturalist regional candidate only; review habitat fit, introduced status and game value before inclusion."
fish,534,no,132376,Rosy Goatfish,Parupeneus rubescens,1,6,"iNaturalist regional candidate only; review habitat fit, introduced status and game value before inclusion."
fish,535,no,120659,Vanikoro Sweeper,Pempheris vanicolensis,1,6,"iNaturalist regional candidate only; review habitat fit, introduced status and game value before inclusion."
fish,536,no,619406,Darkfin Eel Catfish,Plotosus limbatus,1,6,"iNaturalist regional candidate only; review habitat fit, introduced status and game value before inclusion."
fish,537,no,493799,Senegal Bichir,Polypterus senegalus,1,6,"iNaturalist regional candidate only; review habitat fit, introduced status and game value before inclusion."
fish,538,no,458019,Dark Damsel,Pomacentrus aquilus,1,6,"iNaturalist regional candidate only; review habitat fit, introduced status and game value before inclusion."
fish,539,no,425269,Spurcheek Cardinalfish,Pristiapogon fraenatus,1,6,"iNaturalist regional candidate only; review habitat fit, introduced status and game value before inclusion."
fish,540,no,132369,Narrow-banded Spanish Mackerel,Scomberomorus commerson,1,6,"iNaturalist regional candidate only; review habitat fit, introduced status and game value before inclusion."
fish,541,no,47229,Bigeye Scad,Selar crumenophthalmus,1,6,"iNaturalist regional candidate only; review habitat fit, introduced status and game value before inclusion."
fish,542,no,82782,Yellow-belly Bream,Serranochromis robustus,1,6,"iNaturalist regional candidate only; review habitat fit, introduced status and game value before inclusion."
fish,543,no,1315541,Brown Spotted Rabbitfish,Siganus laqueus,1,6,"iNaturalist regional candidate only; review habitat fit, introduced status and game value before inclusion."
fish,544,no,113588,Fischer's Victoria squeaker,Synodontis afrofischeri,1,6,"iNaturalist regional candidate only; review habitat fit, introduced status and game value before inclusion."
fish,545,no,113675,Wahrindi,Synodontis schall,1,6,"iNaturalist regional candidate only; review habitat fit, introduced status and game value before inclusion."
fish,546,no,446572,Flavimaculosus Puffer,Torquigener flavimaculosus,1,6,"iNaturalist regional candidate only; review habitat fit, introduced status and game value before inclusion."
fish,547,no,544283,Painted Grinner,Trachinocephalus trachinus,1,6,"iNaturalist regional candidate only; review habitat fit, introduced status and game value before inclusion."
fish,548,no,617610,Heemstra goatfish,Upeneus heemstra,1,6,"iNaturalist regional candidate only; review habitat fit, introduced status and game value before inclusion."
fish,549,no,569856,Large-spotted Snakemoray,Uropterygius polyspilus,1,6,"iNaturalist regional candidate only; review habitat fit, introduced status and game value before inclusion."
fish,550,no,122689,Whitetail Surgeonfish,Acanthurus thompsoni,1,5,"iNaturalist regional candidate only; review habitat fit, introduced status and game value before inclusion."
fish,551,no,196598,Gorgeous Shrimpgoby,Amblyeleotris wheeleri,1,5,"iNaturalist regional candidate only; review habitat fit, introduced status and game value before inclusion."
fish,552,no,93932,Amphilius jacksonii,Amphilius jacksonii,1,5,"iNaturalist regional candidate only; review habitat fit, introduced status and game value before inclusion."
fish,553,no,487306,Oblique-banded Cardinalfish,Apogon semiornatus,1,5,"iNaturalist regional candidate only; review habitat fit, introduced status and game value before inclusion."
fish,554,no,95048,Bagrus orientalis,Bagrus orientalis,1,5,"iNaturalist regional candidate only; review habitat fit, introduced status and game value before inclusion."
fish,555,no,154282,Clown Triggerfish,Balistoides conspicillum,1,5,"iNaturalist regional candidate only; review habitat fit, introduced status and game value before inclusion."
fish,556,no,95456,Bathybates fasciatus,Bathybates fasciatus,1,5,"iNaturalist regional candidate only; review habitat fit, introduced status and game value before inclusion."
fish,557,no,354516,Blue-spotted Toby,Canthigaster cyanospilota,1,5,"iNaturalist regional candidate only; review habitat fit, introduced status and game value before inclusion."
fish,558,no,96935,Orangeback Angelfish,Centropyge acanthops,1,5,"iNaturalist regional candidate only; review habitat fit, introduced status and game value before inclusion."
fish,559,no,445783,Chestnut Blenny,Cirripectes castaneus,1,5,"iNaturalist regional candidate only; review habitat fit, introduced status and game value before inclusion."
fish,560,no,97923,Alluaud's Catfish,Clarias alluaudi,1,5,"iNaturalist regional candidate only; review habitat fit, introduced status and game value before inclusion."
fish,561,no,97957,Widehead Catfish,Clarotes laticeps,1,5,"iNaturalist regional candidate only; review habitat fit, introduced status and game value before inclusion."
fish,562,no,468041,Luther's Prawn-goby,Cryptocentrus lutheri,1,5,"iNaturalist regional candidate only; review habitat fit, introduced status and game value before inclusion."
fish,563,no,101232,Garra dembecha,Garra dembecha,1,5,"iNaturalist regional candidate only; review habitat fit, introduced status and game value before inclusion."
fish,564,no,64100,Strongspine Silverbiddy,Gerres longirostris,1,5,"iNaturalist regional candidate only; review habitat fit, introduced status and game value before inclusion."
fish,565,no,102633,Schooling Bannerfish,Heniochus diphreutes,1,5,"iNaturalist regional candidate only; review habitat fit, introduced status and game value before inclusion."
fish,566,no,103426,Whitepatch Razorfish,Iniistius aneitensis,1,5,"iNaturalist regional candidate only; review habitat fit, introduced status and game value before inclusion."
fish,567,no,103639,Striped Julie,Julidochromis regani,1,5,"iNaturalist regional candidate only; review habitat fit, introduced status and game value before inclusion."
fish,568,no,613045,Labeo horie,Labeo horie,1,5,"iNaturalist regional candidate only; review habitat fit, introduced status and game value before inclusion."
fish,569,no,104101,Forktail Lates,Lates microlepis,1,5,"iNaturalist regional candidate only; review habitat fit, introduced status and game value before inclusion."
fish,570,no,104185,Lepidiolamprologus attenuatus,Lepidiolamprologus attenuatus,1,5,"iNaturalist regional candidate only; review habitat fit, introduced status and game value before inclusion."
fish,571,no,181024,Fusilier Damsel,Lepidozygus tapeinosoma,1,5,"iNaturalist regional candidate only; review habitat fit, introduced status and game value before inclusion."
fish,572,no,474443,Smalltooth Emperor,Lethrinus microdon,1,5,"iNaturalist regional candidate only; review habitat fit, introduced status and game value before inclusion."
fish,573,no,55202,Spotcheek Emperor,Lethrinus rubrioperculatus,1,5,"iNaturalist regional candidate only; review habitat fit, introduced status and game value before inclusion."
fish,574,no,120694,Atlantic Tripletail,Lobotes surinamensis,1,5,"iNaturalist regional candidate only; review habitat fit, introduced status and game value before inclusion."
fish,575,no,617217,Malapterurus tanganyikaensis,Malapterurus tanganyikaensis,1,5,"iNaturalist regional candidate only; review habitat fit, introduced status and game value before inclusion."
fish,576,no,105192,Marcusenius livingstonii,Marcusenius livingstonii,1,5,"iNaturalist regional candidate only; review habitat fit, introduced status and game value before inclusion."
fish,577,no,105261,Mastacembelus ellipsifer,Mastacembelus ellipsifer,1,5,"iNaturalist regional candidate only; review habitat fit, introduced status and game value before inclusion."
fish,578,no,105263,Longtail Spiny Eel,Mastacembelus frenatus,1,5,"iNaturalist regional candidate only; review habitat fit, introduced status and game value before inclusion."
fish,579,no,121458,Sleek Unicornfish,Naso hexacanthus,1,5,"iNaturalist regional candidate only; review habitat fit, introduced status and game value before inclusion."
fish,580,no,106783,Neolamprologus toae,Neolamprologus toae,1,5,"iNaturalist regional candidate only; review habitat fit, introduced status and game value before inclusion."
fish,581,no,107682,Featherfin,Ophthalmotilapia ventralis,1,5,"iNaturalist regional candidate only; review habitat fit, introduced status and game value before inclusion."
fish,582,no,107878,Lake Chala Tilapia,Oreochromis hunteri,1,5,"iNaturalist regional candidate only; review habitat fit, introduced status and game value before inclusion."
fish,583,no,188050,Parioglossus raoi,Parioglossus raoi,1,5,"iNaturalist regional candidate only; review habitat fit, introduced status and game value before inclusion."
fish,584,no,196845,Copper Sweeper,Pempheris oualensis,1,5,"iNaturalist regional candidate only; review habitat fit, introduced status and game value before inclusion."
fish,585,no,611617,Petrochromis ephippium,Petrochromis ephippium,1,5,"iNaturalist regional candidate only; review habitat fit, introduced status and game value before inclusion."
fish,586,no,109211,Petrochromis polyodon,Petrochromis polyodon,1,5,"iNaturalist regional candidate only; review habitat fit, introduced status and game value before inclusion."
fish,587,no,188071,Blubberlip,Plectorhinchus gibbosus,1,5,"iNaturalist regional candidate only; review habitat fit, introduced status and game value before inclusion."
fish,588,no,196641,Many-host Ghostgoby,Pleurosicya mossambica,1,5,"iNaturalist regional candidate only; review habitat fit, introduced status and game value before inclusion."
fish,589,no,611663,Pseudosimochromis marginatus,Pseudosimochromis marginatus,1,5,"iNaturalist regional candidate only; review habitat fit, introduced status and game value before inclusion."
fish,590,no,133530,Longjaw Mackerel,Rastrelliger kanagurta,1,5,"iNaturalist regional candidate only; review habitat fit, introduced status and game value before inclusion."
fish,591,no,111572,Rastrineobola argentea,Rastrineobola argentea,1,5,"iNaturalist regional candidate only; review habitat fit, introduced status and game value before inclusion."
fish,592,no,446462,Jewelled Blenny,Salarias fasciatus,1,5,"iNaturalist regional candidate only; review habitat fit, introduced status and game value before inclusion."
fish,593,no,112162,Eclipse Parrotfish,Scarus russelii,1,5,"iNaturalist regional candidate only; review habitat fit, introduced status and game value before inclusion."
fish,594,no,345721,Thin Ghost Pipefish,Solenostomus leptosoma,1,5,"iNaturalist regional candidate only; review habitat fit, introduced status and game value before inclusion."
fish,595,no,113691,Lake Victoria squeaker,Synodontis victoriae,1,5,"iNaturalist regional candidate only; review habitat fit, introduced status and game value before inclusion."
fish,596,no,58467,Fivestripe Wrasse,Thalassoma quinquevittatum,1,5,"iNaturalist regional candidate only; review habitat fit, introduced status and game value before inclusion."
fish,597,no,196593,Twinspot Shrimpgoby,Vanderhorstia ambanoro,1,5,"iNaturalist regional candidate only; review habitat fit, introduced status and game value before inclusion."
fish,598,no,114893,Moore's Lamprologus,Variabilichromis moorii,1,5,"iNaturalist regional candidate only; review habitat fit, introduced status and game value before inclusion."
fish,599,no,114929,White-edged Lyretail,Variola albimarginata,1,5,"iNaturalist regional candidate only; review habitat fit, introduced status and game value before inclusion."
fish,600,no,115063,Xenotilapia boulengeri,Xenotilapia boulengeri,1,5,"iNaturalist regional candidate only; review habitat fit, introduced status and game value before inclusion."
amphibians,1,yes,134942,Common Reed Frog,Hyperolius viridiflavus,1,640,"iNaturalist regional candidate only; review habitat fit, introduced status and game value before inclusion."
amphibians,2,yes,517053,Guttural Toad,Sclerophrys gutturalis,1,583,"iNaturalist regional candidate only; review habitat fit, introduced status and game value before inclusion."
amphibians,3,yes,25778,Anchieta's Ridged Frog,Ptychadena anchietae,1,468,"iNaturalist regional candidate only; review habitat fit, introduced status and game value before inclusion."
amphibians,4,yes,476664,Nile Ridged Frog,Ptychadena nilotica,1,257,"iNaturalist regional candidate only; review habitat fit, introduced status and game value before inclusion."
amphibians,5,yes,65731,Mainland Reed Frog,Hyperolius substriatus,1,243,"iNaturalist regional candidate only; review habitat fit, introduced status and game value before inclusion."
amphibians,6,yes,25383,Natal Puddle Frog,Phrynobatrachus natalensis,1,211,"iNaturalist regional candidate only; review habitat fit, introduced status and game value before inclusion."
amphibians,7,yes,23512,Senegal Running Frog,Kassina senegalensis,1,210,"iNaturalist regional candidate only; review habitat fit, introduced status and game value before inclusion."
amphibians,8,yes,23413,Peacock Tree Frog,Leptopelis vermiculatus,1,186,"iNaturalist regional candidate only; review habitat fit, introduced status and game value before inclusion."
amphibians,9,yes,65061,Dwarf Squeaker,Arthroleptis xenodactyloides,1,161,"iNaturalist regional candidate only; review habitat fit, introduced status and game value before inclusion."
amphibians,10,yes,23440,Yellow-spotted Tree Frog,Leptopelis flavomaculatus,1,161,"iNaturalist regional candidate only; review habitat fit, introduced status and game value before inclusion."
amphibians,11,yes,23327,argus reed frog,Hyperolius argus,1,159,"iNaturalist regional candidate only; review habitat fit, introduced status and game value before inclusion."
amphibians,12,yes,26656,Grey Foam-nest Tree Frog,Chiromantis xerampelina,1,155,"iNaturalist regional candidate only; review habitat fit, introduced status and game value before inclusion."
amphibians,13,yes,517209,Nutt's River Frog,Amietia nutti,1,153,"iNaturalist regional candidate only; review habitat fit, introduced status and game value before inclusion."
amphibians,14,yes,23385,Peters' Reed Frog,Hyperolius glandicolor,1,153,"iNaturalist regional candidate only; review habitat fit, introduced status and game value before inclusion."
amphibians,15,yes,134940,Kivu Reed Frog,Hyperolius kivuensis,1,143,"iNaturalist regional candidate only; review habitat fit, introduced status and game value before inclusion."
amphibians,16,yes,23455,Fornasini's Spiny Reed Frog,Afrixalus fornasini,1,126,"iNaturalist regional candidate only; review habitat fit, introduced status and game value before inclusion."
amphibians,17,yes,326305,Common Squeaker,Arthroleptis stenodactylus,1,126,"iNaturalist regional candidate only; review habitat fit, introduced status and game value before inclusion."
amphibians,18,yes,25362,Eastern puddle frog,Phrynobatrachus acridoides,1,122,"iNaturalist regional candidate only; review habitat fit, introduced status and game value before inclusion."
amphibians,19,yes,26261,Crowned bullfrog,Hoplobatrachus occipitalis,1,114,"iNaturalist regional candidate only; review habitat fit, introduced status and game value before inclusion."
amphibians,20,yes,517052,Garman's Toad,Sclerophrys garmani,1,112,"iNaturalist regional candidate only; review habitat fit, introduced status and game value before inclusion."
amphibians,21,yes,24899,Red-Banded Rubber Frog,Phrynomantis bifasciatus,1,104,"iNaturalist regional candidate only; review habitat fit, introduced status and game value before inclusion."
amphibians,22,yes,23342,Tinker Reed Frog,Hyperolius tuberilinguis,1,100,"iNaturalist regional candidate only; review habitat fit, introduced status and game value before inclusion."
amphibians,23,yes,25459,Müller's Clawed Frog,Xenopus muelleri,1,98,"iNaturalist regional candidate only; review habitat fit, introduced status and game value before inclusion."
amphibians,24,yes,64917,Amani River Frog,Amietia tenuoplicata,1,97,"iNaturalist regional candidate only; review habitat fit, introduced status and game value before inclusion."
amphibians,25,yes,517057,Eastern Flat-backed Toad,Sclerophrys pusilla,1,93,"iNaturalist regional candidate only; review habitat fit, introduced status and game value before inclusion."
amphibians,26,yes,26655,Peters' Foam-nest Tree Frog,Chiromantis petersii,1,92,"iNaturalist regional candidate only; review habitat fit, introduced status and game value before inclusion."
amphibians,27,yes,23450,Delicate Spiny Reed Frog,Afrixalus delicatus,1,86,"iNaturalist regional candidate only; review habitat fit, introduced status and game value before inclusion."
amphibians,28,yes,24462,Mottled Shovel-nosed Frog,Hemisus marmoratus,1,84,"iNaturalist regional candidate only; review habitat fit, introduced status and game value before inclusion."
amphibians,29,yes,517048,Egyptian Toad,Sclerophrys regularis,1,76,"iNaturalist regional candidate only; review habitat fit, introduced status and game value before inclusion."
amphibians,30,yes,23343,Parker's Reed Frog,Hyperolius parkeri,1,74,"iNaturalist regional candidate only; review habitat fit, introduced status and game value before inclusion."
amphibians,31,yes,25451,Marsabit Clawed Frog,Xenopus borealis,1,67,"iNaturalist regional candidate only; review habitat fit, introduced status and game value before inclusion."
amphibians,32,yes,517208,Kisolo Toad,Sclerophrys kisoloensis,1,65,"iNaturalist regional candidate only; review habitat fit, introduced status and game value before inclusion."
amphibians,33,yes,23411,Ruby-eyed Tree Frog,Leptopelis uluguruensis,1,62,"iNaturalist regional candidate only; review habitat fit, introduced status and game value before inclusion."
amphibians,34,yes,23423,Bocage's Tree Frog,Leptopelis bocagii,1,60,"iNaturalist regional candidate only; review habitat fit, introduced status and game value before inclusion."
amphibians,35,yes,24594,Ahl's Squeaker,Arthroleptis affinis,1,58,"iNaturalist regional candidate only; review habitat fit, introduced status and game value before inclusion."
amphibians,36,yes,23323,Water Lily Reed Frog,Hyperolius pusillus,1,58,"iNaturalist regional candidate only; review habitat fit, introduced status and game value before inclusion."
amphibians,37,yes,464519,Howell's Reed Frog,Hyperolius howelli,1,57,"iNaturalist regional candidate only; review habitat fit, introduced status and game value before inclusion."
amphibians,38,yes,517049,Subdesert Toad,Sclerophrys xeros,1,57,"iNaturalist regional candidate only; review habitat fit, introduced status and game value before inclusion."
amphibians,39,yes,23339,Mitchell's Reed Frog,Hyperolius mitchelli,1,55,"iNaturalist regional candidate only; review habitat fit, introduced status and game value before inclusion."
amphibians,40,yes,21851,Loveridges Snouted Toad,Mertensophryne micranotis,1,54,"iNaturalist regional candidate only; review habitat fit, introduced status and game value before inclusion."
amphibians,41,yes,64835,Four-lined Spiny Reed Frog,Afrixalus quadrivittatus,1,51,"iNaturalist regional candidate only; review habitat fit, introduced status and game value before inclusion."
amphibians,42,yes,23405,Kisenyi Forest Tree Frog,Leptopelis kivuensis,1,47,"iNaturalist regional candidate only; review habitat fit, introduced status and game value before inclusion."
amphibians,43,yes,25369,Mababe puddle frog,Phrynobatrachus mababiensis,1,47,"iNaturalist regional candidate only; review habitat fit, introduced status and game value before inclusion."
amphibians,44,yes,1250330,Red-legged Wot-wot,Hylambates maculatus,1,46,"iNaturalist regional candidate only; review habitat fit, introduced status and game value before inclusion."
amphibians,45,yes,25744,Sharp-nosed ridged frog,Ptychadena oxyrhynchus,1,46,"iNaturalist regional candidate only; review habitat fit, introduced status and game value before inclusion."
amphibians,46,yes,23382,Variable Reed Frog,Hyperolius pictus,1,44,"iNaturalist regional candidate only; review habitat fit, introduced status and game value before inclusion."
amphibians,47,yes,25164,Krefft's Warty Frog,Callulina kreffti,1,43,"iNaturalist regional candidate only; review habitat fit, introduced status and game value before inclusion."
amphibians,48,yes,66425,Phrynobatrachus ungujae,Phrynobatrachus ungujae,1,41,"iNaturalist regional candidate only; review habitat fit, introduced status and game value before inclusion."
amphibians,49,yes,23366,Angolan Reed Frog,Hyperolius parallelus,1,37,"iNaturalist regional candidate only; review habitat fit, introduced status and game value before inclusion."
amphibians,50,yes,23288,Shimba Hills Reed Frog,Hyperolius rubrovermiculatus,1,37,"iNaturalist regional candidate only; review habitat fit, introduced status and game value before inclusion."
amphibians,51,yes,25350,Phrynobatrachus stewartae,Phrynobatrachus stewartae,1,37,"iNaturalist regional candidate only; review habitat fit, introduced status and game value before inclusion."
amphibians,52,yes,26197,Edible bullfrog,Pyxicephalus edulis,1,35,"iNaturalist regional candidate only; review habitat fit, introduced status and game value before inclusion."
amphibians,53,yes,134831,Kachowski's Sand Frog,Tomopterna kachowskii,1,35,"iNaturalist regional candidate only; review habitat fit, introduced status and game value before inclusion."
amphibians,54,yes,23371,Maria's Reed Frog,Hyperolius mariae,1,34,"iNaturalist regional candidate only; review habitat fit, introduced status and game value before inclusion."
amphibians,55,yes,25457,African Clawed Frog,Xenopus laevis,1,34,"iNaturalist regional candidate only; review habitat fit, introduced status and game value before inclusion."
amphibians,56,yes,64834,Spotted Spiny Reed Frog,Afrixalus dorsimaculatus,1,33,"iNaturalist regional candidate only; review habitat fit, introduced status and game value before inclusion."
amphibians,57,yes,23412,Parker’s Forest Tree Frog,Leptopelis parkeri,1,32,"iNaturalist regional candidate only; review habitat fit, introduced status and game value before inclusion."
amphibians,58,yes,23286,Bladder Reed Frog,Hyperolius cystocandicans,1,30,"iNaturalist regional candidate only; review habitat fit, introduced status and game value before inclusion."
amphibians,59,yes,67273,Lake Victoria Clawed Frog,Xenopus victorianus,1,29,"iNaturalist regional candidate only; review habitat fit, introduced status and game value before inclusion."
amphibians,60,yes,25743,Schilluk ridged frog,Ptychadena schillukorum,1,28,"iNaturalist regional candidate only; review habitat fit, introduced status and game value before inclusion."
amphibians,61,yes,23406,Witu Forest Tree Frog,Leptopelis concolor,1,26,"iNaturalist regional candidate only; review habitat fit, introduced status and game value before inclusion."
amphibians,62,yes,517454,Dead-leaf Toad,Sclerophrys brauni,1,26,"iNaturalist regional candidate only; review habitat fit, introduced status and game value before inclusion."
amphibians,63,yes,21861,African Red Toad,Schismaderma carens,1,24,"iNaturalist regional candidate only; review habitat fit, introduced status and game value before inclusion."
amphibians,64,yes,23369,Cinnamon-bellied Reed Frog,Hyperolius cinnamomeoventris,1,21,"iNaturalist regional candidate only; review habitat fit, introduced status and game value before inclusion."
amphibians,65,yes,134941,Margined Reed Frog,Hyperolius marginatus,1,21,"iNaturalist regional candidate only; review habitat fit, introduced status and game value before inclusion."
amphibians,66,yes,66424,Phrynobatrachus scheffleri,Phrynobatrachus scheffleri,1,20,"iNaturalist regional candidate only; review habitat fit, introduced status and game value before inclusion."
amphibians,67,yes,26203,Mount Meru Stream Frog,Strongylopus merumontanus,1,20,"iNaturalist regional candidate only; review habitat fit, introduced status and game value before inclusion."
amphibians,68,yes,65579,Galam white-lipped frog,Hylarana galamensis,1,19,"iNaturalist regional candidate only; review habitat fit, introduced status and game value before inclusion."
amphibians,69,yes,23393,Brown Reed Frog,Hyperolius castaneus,1,19,"iNaturalist regional candidate only; review habitat fit, introduced status and game value before inclusion."
amphibians,70,yes,23505,Somali Running Frog,Kassina somalica,1,19,"iNaturalist regional candidate only; review habitat fit, introduced status and game value before inclusion."
amphibians,71,yes,326304,Silvery Tree Frog,Leptopelis argenteus,1,19,"iNaturalist regional candidate only; review habitat fit, introduced status and game value before inclusion."
amphibians,72,yes,476938,Barbour's Tree Frog,Leptopelis grandiceps,1,19,"iNaturalist regional candidate only; review habitat fit, introduced status and game value before inclusion."
amphibians,73,yes,25356,Phrynobatrachus keniensis,Phrynobatrachus keniensis,1,19,"iNaturalist regional candidate only; review habitat fit, introduced status and game value before inclusion."
amphibians,74,yes,23301,Mountain Reed Frog,Hyperolius montanus,1,18,"iNaturalist regional candidate only; review habitat fit, introduced status and game value before inclusion."
amphibians,75,yes,27904,Taita Hills Caecilian,Boulengerula taitana,1,16,"iNaturalist regional candidate only; review habitat fit, introduced status and game value before inclusion."
amphibians,76,yes,25762,Erlanger's Grassland Frog,Ptychadena erlangeri,1,16,"iNaturalist regional candidate only; review habitat fit, introduced status and game value before inclusion."
amphibians,77,yes,25782,Mascarene Ridged Frog,Ptychadena mascareniensis,1,16,"iNaturalist regional candidate only; review habitat fit, introduced status and game value before inclusion."
amphibians,78,yes,142293,Tremelo Sand Frog,Tomopterna cryptotis,1,16,"iNaturalist regional candidate only; review habitat fit, introduced status and game value before inclusion."
amphibians,79,yes,134926,Stuhlmann's Spiny Reed Frog,Afrixalus stuhlmanni,1,15,"iNaturalist regional candidate only; review habitat fit, introduced status and game value before inclusion."
amphibians,80,yes,64833,Clarke's banana frog,Afrixalus clarkei,1,14,"iNaturalist regional candidate only; review habitat fit, introduced status and game value before inclusion."
amphibians,81,no,23416,Badditu Forest Tree Frog,Leptopelis gramineus,1,14,"iNaturalist regional candidate only; review habitat fit, introduced status and game value before inclusion."
amphibians,82,no,66128,Udzungwa Toad,Mertensophryne uzunguensis,1,14,"iNaturalist regional candidate only; review habitat fit, introduced status and game value before inclusion."
amphibians,83,no,25376,Phrynobatrachus krefftii,Phrynobatrachus krefftii,1,14,"iNaturalist regional candidate only; review habitat fit, introduced status and game value before inclusion."
amphibians,84,no,1473434,Sclerophrys berghei,Sclerophrys berghei,1,14,"iNaturalist regional candidate only; review habitat fit, introduced status and game value before inclusion."
amphibians,85,no,326298,Morere's Spiny Reed Frog,Afrixalus morerei,1,13,"iNaturalist regional candidate only; review habitat fit, introduced status and game value before inclusion."
amphibians,86,no,23465,Uluguru Banana Frog,Afrixalus uluguruensis,1,13,"iNaturalist regional candidate only; review habitat fit, introduced status and game value before inclusion."
amphibians,87,no,476493,Arthroleptides yakusini,Arthroleptides yakusini,1,13,"iNaturalist regional candidate only; review habitat fit, introduced status and game value before inclusion."
amphibians,88,no,464511,Davenport's Reed Frog,Hyperolius davenporti,1,13,"iNaturalist regional candidate only; review habitat fit, introduced status and game value before inclusion."
amphibians,89,no,23437,Shoa Forest Tree Frog,Leptopelis ragazzii,1,13,"iNaturalist regional candidate only; review habitat fit, introduced status and game value before inclusion."
amphibians,90,no,66126,Taita Toad,Mertensophryne taitana,1,13,"iNaturalist regional candidate only; review habitat fit, introduced status and game value before inclusion."
amphibians,91,no,70816,Phrynobatrachus kakamikro,Phrynobatrachus kakamikro,1,13,"iNaturalist regional candidate only; review habitat fit, introduced status and game value before inclusion."
amphibians,92,no,25763,Mozambique ridged frog,Ptychadena mossambica,1,13,"iNaturalist regional candidate only; review habitat fit, introduced status and game value before inclusion."
amphibians,93,no,64920,Molo Frog,Amietia wittei,1,12,"iNaturalist regional candidate only; review habitat fit, introduced status and game value before inclusion."
amphibians,94,no,26117,Ornate frog,Hildebrandtia ornata,1,12,"iNaturalist regional candidate only; review habitat fit, introduced status and game value before inclusion."
amphibians,95,no,1404303,Hyperolius goetzei,Hyperolius goetzei,1,12,"iNaturalist regional candidate only; review habitat fit, introduced status and game value before inclusion."
amphibians,96,no,25807,Tomopterna luganga,Tomopterna luganga,1,12,"iNaturalist regional candidate only; review habitat fit, introduced status and game value before inclusion."
amphibians,97,no,25455,Eritrea Clawed Frog,Xenopus clivii,1,12,"iNaturalist regional candidate only; review habitat fit, introduced status and game value before inclusion."
amphibians,98,no,134694,Meteora Secret Frog,Callulina meteora,1,11,"iNaturalist regional candidate only; review habitat fit, introduced status and game value before inclusion."
amphibians,99,no,464514,Rwanda Long Reed Frog,Hyperolius rwandae,1,11,"iNaturalist regional candidate only; review habitat fit, introduced status and game value before inclusion."
amphibians,100,no,65733,Watson's Reed Frog,Hyperolius watsonae,1,11,"iNaturalist regional candidate only; review habitat fit, introduced status and game value before inclusion."
amphibians,101,no,21752,Tornier's Forest Toad,Nectophrynoides tornieri,1,11,"iNaturalist regional candidate only; review habitat fit, introduced status and game value before inclusion."
amphibians,102,no,24901,West African Rubber Frog,Phrynomantis microps,1,11,"iNaturalist regional candidate only; review habitat fit, introduced status and game value before inclusion."
amphibians,103,no,517216,Steindachner's Toad,Sclerophrys steindachneri,1,11,"iNaturalist regional candidate only; review habitat fit, introduced status and game value before inclusion."
amphibians,104,no,64910,De Saeger's River Frog,Amietia desaegeri,1,10,"iNaturalist regional candidate only; review habitat fit, introduced status and game value before inclusion."
amphibians,105,no,25163,Mazumbai Warty Frog,Callulina kisiwamsitu,1,10,"iNaturalist regional candidate only; review habitat fit, introduced status and game value before inclusion."
amphibians,106,no,23293,Mette's Reed Frog,Hyperolius pseudargus,1,10,"iNaturalist regional candidate only; review habitat fit, introduced status and game value before inclusion."
amphibians,107,no,25404,Vissoke River Frog,Phrynobatrachus bequaerti,1,10,"iNaturalist regional candidate only; review habitat fit, introduced status and game value before inclusion."
amphibians,108,no,25766,Ptychadena chrysogaster,Ptychadena chrysogaster,1,10,"iNaturalist regional candidate only; review habitat fit, introduced status and game value before inclusion."
amphibians,109,no,476828,Tomopterna gallmanni,Tomopterna gallmanni,1,10,"iNaturalist regional candidate only; review habitat fit, introduced status and game value before inclusion."
amphibians,110,no,25805,Marbled sand frog,Tomopterna marmorata,1,10,"iNaturalist regional candidate only; review habitat fit, introduced status and game value before inclusion."
amphibians,111,no,65136,Highland Rain Frog,Breviceps fichus,1,9,"iNaturalist regional candidate only; review habitat fit, introduced status and game value before inclusion."
amphibians,112,no,70537,Taita Warty Frog,Callulina dawida,1,9,"iNaturalist regional candidate only; review habitat fit, introduced status and game value before inclusion."
amphibians,113,no,26658,Keller's Bubble-nest Frog,Chiromantis kelleri,1,9,"iNaturalist regional candidate only; review habitat fit, introduced status and game value before inclusion."
amphibians,114,no,23299,Mottle-sided Reed Frog,Hyperolius lateralis,1,9,"iNaturalist regional candidate only; review habitat fit, introduced status and game value before inclusion."
amphibians,115,no,25753,Ptychadena mahnerti,Ptychadena mahnerti,1,9,"iNaturalist regional candidate only; review habitat fit, introduced status and game value before inclusion."
amphibians,116,no,120777,Short-legged Spiny Reed Frog,Afrixalus brachycnemis,1,8,"iNaturalist regional candidate only; review habitat fit, introduced status and game value before inclusion."
amphibians,117,no,24590,Rugegewald Screeching Frog,Arthroleptis adolfifriederici,1,8,"iNaturalist regional candidate only; review habitat fit, introduced status and game value before inclusion."
amphibians,118,no,24593,Poroto Screeching Frog,Arthroleptis reichei,1,8,"iNaturalist regional candidate only; review habitat fit, introduced status and game value before inclusion."
amphibians,119,no,25738,Filfil Slippery Frog,Conraua beccarii,1,8,"iNaturalist regional candidate only; review habitat fit, introduced status and game value before inclusion."
amphibians,120,no,24454,Guinea Snout-burrower,Hemisus guineensis,1,8,"iNaturalist regional candidate only; review habitat fit, introduced status and game value before inclusion."
amphibians,121,no,464512,Burgess' Reed Frog,Hyperolius burgessi,1,8,"iNaturalist regional candidate only; review habitat fit, introduced status and game value before inclusion."
amphibians,122,no,135094,Tanner's Reed Frog,Hyperolius tanneri,1,8,"iNaturalist regional candidate only; review habitat fit, introduced status and game value before inclusion."
amphibians,123,no,23414,Christy's Tree Frog,Leptopelis christyi,1,8,"iNaturalist regional candidate only; review habitat fit, introduced status and game value before inclusion."
amphibians,124,no,65971,Mackay's Tree Frog,Leptopelis mackayi,1,8,"iNaturalist regional candidate only; review habitat fit, introduced status and game value before inclusion."
amphibians,125,no,23530,Ethiopian striped frog,Paracassina obscura,1,8,"iNaturalist regional candidate only; review habitat fit, introduced status and game value before inclusion."
amphibians,126,no,25358,Golden Puddle Frog,Phrynobatrachus auritus,1,8,"iNaturalist regional candidate only; review habitat fit, introduced status and game value before inclusion."
amphibians,127,no,25783,Grassland ridged frog,Ptychadena porosissima,1,8,"iNaturalist regional candidate only; review habitat fit, introduced status and game value before inclusion."
amphibians,128,no,991952,Northern Spiny Reed Frog,Afrixalus septentrionalis,1,7,"iNaturalist regional candidate only; review habitat fit, introduced status and game value before inclusion."
amphibians,129,no,65143,Plimpton's Dainty Frog,Cacosternum plimptoni,1,7,"iNaturalist regional candidate only; review habitat fit, introduced status and game value before inclusion."
amphibians,130,no,23372,Balfour's Reed Frog,Hyperolius balfouri,1,7,"iNaturalist regional candidate only; review habitat fit, introduced status and game value before inclusion."
amphibians,131,no,23417,Dime Forest Tree Frog,Leptopelis vannutellii,1,7,"iNaturalist regional candidate only; review habitat fit, introduced status and game value before inclusion."
amphibians,132,no,1595941,Lugh Toad,Mertensophryne lughensis,1,7,"iNaturalist regional candidate only; review habitat fit, introduced status and game value before inclusion."
amphibians,133,no,21750,Robust Viviparous Toad,Nectophrynoides viviparus,1,7,"iNaturalist regional candidate only; review habitat fit, introduced status and game value before inclusion."
amphibians,134,no,26196,Giant African Bullfrog,Pyxicephalus adspersus,1,7,"iNaturalist regional candidate only; review habitat fit, introduced status and game value before inclusion."
amphibians,135,no,517302,Kerinyaga Toad,Sclerophrys kerinyagae,1,7,"iNaturalist regional candidate only; review habitat fit, introduced status and game value before inclusion."
amphibians,136,no,28208,Kirk's Caecilian,Scolecomorphus kirkii,1,7,"iNaturalist regional candidate only; review habitat fit, introduced status and game value before inclusion."
amphibians,137,no,70457,Hidden Squeaker Frog,Arthroleptis fichika,1,6,"iNaturalist regional candidate only; review habitat fit, introduced status and game value before inclusion."
amphibians,138,no,23392,Highland Reed Frog,Hyperolius discodactylus,1,6,"iNaturalist regional candidate only; review habitat fit, introduced status and game value before inclusion."
amphibians,139,no,23290,Dwarf Reed Frog,Hyperolius minutissimus,1,6,"iNaturalist regional candidate only; review habitat fit, introduced status and game value before inclusion."
amphibians,140,no,464513,Ruvu Reed Frog,Hyperolius ruvuensis,1,6,"iNaturalist regional candidate only; review habitat fit, introduced status and game value before inclusion."
amphibians,141,no,25401,Bubbling Puddle Frog,Phrynobatrachus bullans,1,6,"iNaturalist regional candidate only; review habitat fit, introduced status and game value before inclusion."
amphibians,142,no,25405,Phrynobatrachus pakenhami,Phrynobatrachus pakenhami,1,6,"iNaturalist regional candidate only; review habitat fit, introduced status and game value before inclusion."
amphibians,143,no,25785,Cooper's Grassland Frog,Ptychadena cooperi,1,6,"iNaturalist regional candidate only; review habitat fit, introduced status and game value before inclusion."
amphibians,144,no,25761,Ethiopian Grass Frog,Ptychadena neumanni,1,6,"iNaturalist regional candidate only; review habitat fit, introduced status and game value before inclusion."
amphibians,145,no,476829,Pyxicephalus angusticeps,Pyxicephalus angusticeps,1,6,"iNaturalist regional candidate only; review habitat fit, introduced status and game value before inclusion."
amphibians,146,no,28210,Banded Caecilian,Scolecomorphus vittatus,1,6,"iNaturalist regional candidate only; review habitat fit, introduced status and game value before inclusion."
amphibians,147,no,476743,Wamba Sand Frog,Tomopterna wambensis,1,6,"iNaturalist regional candidate only; review habitat fit, introduced status and game value before inclusion."
amphibians,148,no,1651340,Dodson's Toad,Vandijkophrynus dodsoni,1,6,"iNaturalist regional candidate only; review habitat fit, introduced status and game value before inclusion."
amphibians,149,no,25447,De Witte's Clawed Frog,Xenopus wittei,1,6,"iNaturalist regional candidate only; review habitat fit, introduced status and game value before inclusion."
amphibians,150,no,24585,Tanzanian Screeching Frog,Arthroleptis tanneri,1,5,"iNaturalist regional candidate only; review habitat fit, introduced status and game value before inclusion."
amphibians,151,no,24596,Buea Screeching Frog,Arthroleptis variabilis,1,5,"iNaturalist regional candidate only; review habitat fit, introduced status and game value before inclusion."
amphibians,152,no,70538,Hansen's Warty Frog,Callulina hanseni,1,5,"iNaturalist regional candidate only; review habitat fit, introduced status and game value before inclusion."
amphibians,153,no,65555,Forest White-lipped Frog,Hylarana albolabris,1,5,"iNaturalist regional candidate only; review habitat fit, introduced status and game value before inclusion."
amphibians,154,no,66177,Vestergaard's Forest Toad,Nectophrynoides vestergaardi,1,5,"iNaturalist regional candidate only; review habitat fit, introduced status and game value before inclusion."
amphibians,155,no,25361,Phrynobatrachus minutus,Phrynobatrachus minutus,1,5,"iNaturalist regional candidate only; review habitat fit, introduced status and game value before inclusion."
amphibians,156,no,25764,Central Grassland Frog,Ptychadena tellinii,1,5,"iNaturalist regional candidate only; review habitat fit, introduced status and game value before inclusion."
amphibians,157,no,23459,Kivu Banana Frog,Afrixalus orophilus,1,4,"iNaturalist regional candidate only; review habitat fit, introduced status and game value before inclusion."
amphibians,158,no,27901,Boulenger's Caecilian,Boulengerula boulengeri,1,4,"iNaturalist regional candidate only; review habitat fit, introduced status and game value before inclusion."
amphibians,159,no,25002,Mozambique Rain Frog,Breviceps mossambicus,1,4,"iNaturalist regional candidate only; review habitat fit, introduced status and game value before inclusion."
amphibians,160,no,70534,Kinangop Dainty Frog,Cacosternum kinangopensis,1,4,"iNaturalist regional candidate only; review habitat fit, introduced status and game value before inclusion."
amphibians,161,no,26119,Somali Ornate Frog,Hildebrandtia macrotympanum,1,4,"iNaturalist regional candidate only; review habitat fit, introduced status and game value before inclusion."
amphibians,162,no,142660,Jackie's Reed Frog,Hyperolius jackie,1,4,"iNaturalist regional candidate only; review habitat fit, introduced status and game value before inclusion."
amphibians,163,no,23531,Kouni Valley striped frog,Paracassina kounhiensis,1,4,"iNaturalist regional candidate only; review habitat fit, introduced status and game value before inclusion."
amphibians,164,no,25378,Largen's Dwarf Puddle Frog,Phrynobatrachus inexpectatus,1,4,"iNaturalist regional candidate only; review habitat fit, introduced status and game value before inclusion."
amphibians,165,no,66421,Pale Puddle Frog,Phrynobatrachus pallidus,1,4,"iNaturalist regional candidate only; review habitat fit, introduced status and game value before inclusion."
amphibians,166,no,25765,Small ridged frog,Ptychadena taenioscelis,1,4,"iNaturalist regional candidate only; review habitat fit, introduced status and game value before inclusion."
amphibians,167,no,23451,Ethiopian Banana Frog,Afrixalus enseticola,1,3,"iNaturalist regional candidate only; review habitat fit, introduced status and game value before inclusion."
amphibians,168,no,23466,Banded Banana Frog,Afrixalus fulvovittatus,1,3,"iNaturalist regional candidate only; review habitat fit, introduced status and game value before inclusion."
amphibians,169,no,23461,Osorio's Spiny Reed Frog,Afrixalus osorioi,1,3,"iNaturalist regional candidate only; review habitat fit, introduced status and game value before inclusion."
amphibians,170,no,23476,Forest Banana Frog,Afrixalus sylvaticus,1,3,"iNaturalist regional candidate only; review habitat fit, introduced status and game value before inclusion."
amphibians,171,no,65062,Amani Screeching Frog,Arthroleptis xenodactylus,1,3,"iNaturalist regional candidate only; review habitat fit, introduced status and game value before inclusion."
amphibians,172,no,65129,Sagalla Caecilian,Boulengerula niedeni,1,3,"iNaturalist regional candidate only; review habitat fit, introduced status and game value before inclusion."
amphibians,173,no,70540,Kindoroko Warty Frog,Callulina laphami,1,3,"iNaturalist regional candidate only; review habitat fit, introduced status and game value before inclusion."
amphibians,174,no,1250331,Congo Wot-wot,Hylambates verrucosus,1,3,"iNaturalist regional candidate only; review habitat fit, introduced status and game value before inclusion."
amphibians,175,no,65922,Jozani Running Frog,Kassina jozani,1,3,"iNaturalist regional candidate only; review habitat fit, introduced status and game value before inclusion."
amphibians,176,no,23432,Karissimbi Forest Tree Frog,Leptopelis karissimbensis,1,3,"iNaturalist regional candidate only; review habitat fit, introduced status and game value before inclusion."
amphibians,177,no,66118,Dar-es-Salaam Toad,Mertensophryne lindneri,1,3,"iNaturalist regional candidate only; review habitat fit, introduced status and game value before inclusion."
amphibians,178,no,66119,Lönnberg's Toad,Mertensophryne lonnbergi,1,3,"iNaturalist regional candidate only; review habitat fit, introduced status and game value before inclusion."
amphibians,179,no,66120,Loveridge's Forest Toad,Mertensophryne loveridgei,1,3,"iNaturalist regional candidate only; review habitat fit, introduced status and game value before inclusion."
amphibians,180,no,66173,Wide-headed Viviparous Toad,Nectophrynoides laticeps,1,3,"iNaturalist regional candidate only; review habitat fit, introduced status and game value before inclusion."
amphibians,181,no,66174,Paula's Viviparous Toad,Nectophrynoides paulae,1,3,"iNaturalist regional candidate only; review habitat fit, introduced status and game value before inclusion."
amphibians,182,no,1659211,Udzungwa Glandular Tree Toad,Nectophrynoides uhehe,1,3,"iNaturalist regional candidate only; review habitat fit, introduced status and game value before inclusion."
amphibians,183,no,25371,Phrynobatrachus graueri,Phrynobatrachus graueri,1,3,"iNaturalist regional candidate only; review habitat fit, introduced status and game value before inclusion."
amphibians,184,no,25387,Phrynobatrachus kinangopensis,Phrynobatrachus kinangopensis,1,3,"iNaturalist regional candidate only; review habitat fit, introduced status and game value before inclusion."
amphibians,185,no,25389,Phrynobatrachus ukingensis,Phrynobatrachus ukingensis,1,3,"iNaturalist regional candidate only; review habitat fit, introduced status and game value before inclusion."
amphibians,186,no,66946,Ikwamba Big-fingered Frog,Probreviceps durirostris,1,3,"iNaturalist regional candidate only; review habitat fit, introduced status and game value before inclusion."
amphibians,187,no,66948,Nkuka Forest Big-fingered Frog,Probreviceps rungwensis,1,3,"iNaturalist regional candidate only; review habitat fit, introduced status and game value before inclusion."
amphibians,188,no,517352,Lake Turkana Toad,Sclerophrys turkanae,1,3,"iNaturalist regional candidate only; review habitat fit, introduced status and game value before inclusion."
amphibians,189,no,25803,Tandy's sand frog,Tomopterna tandyi,1,3,"iNaturalist regional candidate only; review habitat fit, introduced status and game value before inclusion."
amphibians,190,no,23456,De Witte's Spiny Reed Frog,Afrixalus wittei,1,2,"iNaturalist regional candidate only; review habitat fit, introduced status and game value before inclusion."
amphibians,191,no,476406,Usambara Torrent Frog,Arthroleptides martiensseni,1,2,"iNaturalist regional candidate only; review habitat fit, introduced status and game value before inclusion."
amphibians,192,no,24591,Mottled Squeaker,Arthroleptis poecilonotus,1,2,"iNaturalist regional candidate only; review habitat fit, introduced status and game value before inclusion."
amphibians,193,no,25012,Bale Mountains Tree Frog,Balebreviceps hillmani,1,2,"iNaturalist regional candidate only; review habitat fit, introduced status and game value before inclusion."
amphibians,194,no,65128,Tana River Caecilian,Boulengerula denhardti,1,2,"iNaturalist regional candidate only; review habitat fit, introduced status and game value before inclusion."
amphibians,195,no,27899,Cyamudongo Forest Caecilian,Boulengerula fischeri,1,2,"iNaturalist regional candidate only; review habitat fit, introduced status and game value before inclusion."
amphibians,196,no,27906,Uluguru Pink Caecilian,Boulengerula uluguruensis,1,2,"iNaturalist regional candidate only; review habitat fit, introduced status and game value before inclusion."
amphibians,197,no,70541,Chome Forest Warty Frog,Callulina shengena,1,2,"iNaturalist regional candidate only; review habitat fit, introduced status and game value before inclusion."
amphibians,198,no,24548,Mukuzira Long-fingered Frog,Cardioglossa cyaneospila,1,2,"iNaturalist regional candidate only; review habitat fit, introduced status and game value before inclusion."
amphibians,199,no,24549,Silver Long-Fingered Frog,Cardioglossa leucomystax,1,2,"iNaturalist regional candidate only; review habitat fit, introduced status and game value before inclusion."
amphibians,200,no,24458,Ethiopian Snout-burrower,Hemisus microscaphus,1,2,"iNaturalist regional candidate only; review habitat fit, introduced status and game value before inclusion."
amphibians,201,no,23324,White-snouted Reed Frog,Hyperolius frontalis,1,2,"iNaturalist regional candidate only; review habitat fit, introduced status and game value before inclusion."
amphibians,202,no,23295,Camp Kivu Reed Frog,Hyperolius kuligae,1,2,"iNaturalist regional candidate only; review habitat fit, introduced status and game value before inclusion."
amphibians,203,no,23365,Zanzibar Reed Frog,Hyperolius puncticulatus,1,2,"iNaturalist regional candidate only; review habitat fit, introduced status and game value before inclusion."
amphibians,204,no,1462594,Hyperolius ukaguruensis,Hyperolius ukaguruensis,1,2,"iNaturalist regional candidate only; review habitat fit, introduced status and game value before inclusion."
amphibians,205,no,1250509,Leptopelis diffidens,Leptopelis diffidens,1,2,"iNaturalist regional candidate only; review habitat fit, introduced status and game value before inclusion."
amphibians,206,no,23401,Lake Upemba Forest Tree Frog,Leptopelis parbocagii,1,2,"iNaturalist regional candidate only; review habitat fit, introduced status and game value before inclusion."
amphibians,207,no,23429,Grassland Forest Tree Frog,Leptopelis yaldeni,1,2,"iNaturalist regional candidate only; review habitat fit, introduced status and game value before inclusion."
amphibians,208,no,1121316,West Usambara Puddle Frog,Phrynobatrachus ambanguluensis,1,2,"iNaturalist regional candidate only; review habitat fit, introduced status and game value before inclusion."
amphibians,209,no,25365,Small Puddle Frog,Phrynobatrachus parvulus,1,2,"iNaturalist regional candidate only; review habitat fit, introduced status and game value before inclusion."
amphibians,210,no,66947,Loveridge's Big-fingered Frog,Probreviceps loveridgei,1,2,"iNaturalist regional candidate only; review habitat fit, introduced status and game value before inclusion."
amphibians,211,no,24986,Usambara Big-fingered Frog,Probreviceps macrodactylus,1,2,"iNaturalist regional candidate only; review habitat fit, introduced status and game value before inclusion."
amphibians,212,no,25779,Udzungwa ridged frog,Ptychadena uzungwensis,1,2,"iNaturalist regional candidate only; review habitat fit, introduced status and game value before inclusion."
amphibians,213,no,733757,Hallowell's Toad,Sclerophrys maculata,1,2,"iNaturalist regional candidate only; review habitat fit, introduced status and game value before inclusion."
amphibians,214,no,1273308,Confused Sand frog,Tomopterna adiastola,1,2,"iNaturalist regional candidate only; review habitat fit, introduced status and game value before inclusion."
amphibians,215,no,120764,Tomopterna monticola,Tomopterna monticola,1,2,"iNaturalist regional candidate only; review habitat fit, introduced status and game value before inclusion."
amphibians,216,no,23470,Brown Banana Frog,Afrixalus dorsalis,1,1,"iNaturalist regional candidate only; review habitat fit, introduced status and game value before inclusion."
amphibians,217,no,23458,Smooth Spiny Reed Frog,Afrixalus laevis,1,1,"iNaturalist regional candidate only; review habitat fit, introduced status and game value before inclusion."
amphibians,218,no,1416122,Afrixalus phantasma,Afrixalus phantasma,1,1,"iNaturalist regional candidate only; review habitat fit, introduced status and game value before inclusion."
amphibians,219,no,64909,Angolan River Frog,Amietia angolensis,1,1,"iNaturalist regional candidate only; review habitat fit, introduced status and game value before inclusion."
amphibians,220,no,517357,Common River Frog,Amietia delalandii,1,1,"iNaturalist regional candidate only; review habitat fit, introduced status and game value before inclusion."
amphibians,221,no,64916,Ruwenzori River Frog,Amietia ruwenzorica,1,1,"iNaturalist regional candidate only; review habitat fit, introduced status and game value before inclusion."
amphibians,222,no,24588,Foulassi Screeching Frog,Arthroleptis adelphus,1,1,"iNaturalist regional candidate only; review habitat fit, introduced status and game value before inclusion."
amphibians,223,no,70458,Tiny Squeaker Frog,Arthroleptis kidogo,1,1,"iNaturalist regional candidate only; review habitat fit, introduced status and game value before inclusion."
amphibians,224,no,70461,Arthroleptis nguruensis,Arthroleptis nguruensis,1,1,"iNaturalist regional candidate only; review habitat fit, introduced status and game value before inclusion."
amphibians,225,no,326299,Schubotz's Squeaker,Arthroleptis schubotzi,1,1,"iNaturalist regional candidate only; review habitat fit, introduced status and game value before inclusion."
amphibians,226,no,65056,Arthroleptis stridens,Arthroleptis stridens,1,1,"iNaturalist regional candidate only; review habitat fit, introduced status and game value before inclusion."
amphibians,227,no,27902,Changamwe Caecilian,Boulengerula changamwensis,1,1,"iNaturalist regional candidate only; review habitat fit, introduced status and game value before inclusion."
amphibians,228,no,1530358,Endau Hill Caecilian,Boulengerula endauensis,1,1,"iNaturalist regional candidate only; review habitat fit, introduced status and game value before inclusion."
amphibians,229,no,555071,Ngaia Forest Caecilian,Boulengerula spawlsi,1,1,"iNaturalist regional candidate only; review habitat fit, introduced status and game value before inclusion."
amphibians,230,no,25001,Common Rain Frog,Breviceps adspersus,1,1,"iNaturalist regional candidate only; review habitat fit, introduced status and game value before inclusion."
amphibians,231,no,24997,Power's Rain Frog,Breviceps poweri,1,1,"iNaturalist regional candidate only; review habitat fit, introduced status and game value before inclusion."
amphibians,232,no,26657,African foam-nest tree frog,Chiromantis rufescens,1,1,"iNaturalist regional candidate only; review habitat fit, introduced status and game value before inclusion."
amphibians,233,no,1250328,Keith's Wot-wot,Hylambates keithae,1,1,"iNaturalist regional candidate only; review habitat fit, introduced status and game value before inclusion."
amphibians,234,no,65571,Darling's white-lipped frog,Hylarana darlingi,1,1,"iNaturalist regional candidate only; review habitat fit, introduced status and game value before inclusion."
amphibians,235,no,65618,Parker's white-lipped frog,Hylarana parkeriana,1,1,"iNaturalist regional candidate only; review habitat fit, introduced status and game value before inclusion."
amphibians,236,no,23294,Kihanga Reed Frog,Hyperolius kihangensis,1,1,"iNaturalist regional candidate only; review habitat fit, introduced status and game value before inclusion."
amphibians,237,no,23331,Painted Reed Frog,Hyperolius marmoratus,1,1,"iNaturalist regional candidate only; review habitat fit, introduced status and game value before inclusion."
amphibians,238,no,23302,Pickersgill's Reed Frog,Hyperolius pickersgilli,1,1,"iNaturalist regional candidate only; review habitat fit, introduced status and game value before inclusion."
amphibians,239,no,23278,Kunungu Reed Frog,Hyperolius schoutedeni,1,1,"iNaturalist regional candidate only; review habitat fit, introduced status and game value before inclusion."
amphibians,240,no,464516,Ukwiva Reed Frog,Hyperolius ukwiva,1,1,"iNaturalist regional candidate only; review habitat fit, introduced status and game value before inclusion."
amphibians,241,no,22973,Whistling Grass Frog,Leptodactylus fuscus,1,1,"iNaturalist regional candidate only; review habitat fit, introduced status and game value before inclusion."
amphibians,242,no,23424,Efulen Forest Tree Frog,Leptopelis calcaratus,1,1,"iNaturalist regional candidate only; review habitat fit, introduced status and game value before inclusion."
amphibians,243,no,23402,Garamba Forest Tree Frog,Leptopelis oryi,1,1,"iNaturalist regional candidate only; review habitat fit, introduced status and game value before inclusion."
amphibians,244,no,23439,Rusty Forest Tree Frog,Leptopelis viridis,1,1,"iNaturalist regional candidate only; review habitat fit, introduced status and game value before inclusion."
amphibians,245,no,66117,Mrora Forest Toad,Mertensophryne howelli,1,1,"iNaturalist regional candidate only; review habitat fit, introduced status and game value before inclusion."
amphibians,246,no,66127,Usambara Forest Toad,Mertensophryne usambarae,1,1,"iNaturalist regional candidate only; review habitat fit, introduced status and game value before inclusion."
amphibians,247,no,1659208,Luhomero Glandular Tree Toad,Nectophrynoides luhomeroensis,1,1,"iNaturalist regional candidate only; review habitat fit, introduced status and game value before inclusion."
amphibians,248,no,21749,Uzungwe Scarp Tree Toad,Nectophrynoides wendyae,1,1,"iNaturalist regional candidate only; review habitat fit, introduced status and game value before inclusion."
amphibians,249,no,66418,Phrynobatrachus breviceps,Phrynobatrachus breviceps,1,1,"iNaturalist regional candidate only; review habitat fit, introduced status and game value before inclusion."
amphibians,250,no,25406,Phrynobatrachus dendrobates,Phrynobatrachus dendrobates,1,1,"iNaturalist regional candidate only; review habitat fit, introduced status and game value before inclusion."
amphibians,251,no,604219,Phrynobatrachus discogularis,Phrynobatrachus discogularis,1,1,"iNaturalist regional candidate only; review habitat fit, introduced status and game value before inclusion."
amphibians,252,no,25345,Phrynobatrachus irangi,Phrynobatrachus irangi,1,1,"iNaturalist regional candidate only; review habitat fit, introduced status and game value before inclusion."
amphibians,253,no,25402,Udzungwa Puddle Frog,Phrynobatrachus uzungwensis,1,1,"iNaturalist regional candidate only; review habitat fit, introduced status and game value before inclusion."
amphibians,254,no,24902,Somali Rubber Frog,Phrynomantis somalicus,1,1,"iNaturalist regional candidate only; review habitat fit, introduced status and game value before inclusion."
amphibians,255,no,66526,Parker's Pygmy Toad,Poyntonophrynus parkeri,1,1,"iNaturalist regional candidate only; review habitat fit, introduced status and game value before inclusion."
amphibians,256,no,25751,Ptychadena harenna,Ptychadena harenna,1,1,"iNaturalist regional candidate only; review habitat fit, introduced status and game value before inclusion."
amphibians,257,no,1250504,Ptychadena robeensis,Ptychadena robeensis,1,1,"iNaturalist regional candidate only; review habitat fit, introduced status and game value before inclusion."
amphibians,258,no,28079,Flood-plain-dwelling Caecilian,Schistometopum gregorii,1,1,"iNaturalist regional candidate only; review habitat fit, introduced status and game value before inclusion."
amphibians,259,no,517300,Asmara Toad,Sclerophrys asmarae,1,1,"iNaturalist regional candidate only; review habitat fit, introduced status and game value before inclusion."
amphibians,260,no,517213,Oban Toad,Sclerophrys camerunensis,1,1,"iNaturalist regional candidate only; review habitat fit, introduced status and game value before inclusion."
amphibians,261,no,517051,Angola Toad,Sclerophrys funerea,1,1,"iNaturalist regional candidate only; review habitat fit, introduced status and game value before inclusion."
amphibians,262,no,517301,Lake Langano Toad,Sclerophrys langanoensis,1,1,"iNaturalist regional candidate only; review habitat fit, introduced status and game value before inclusion."
amphibians,263,no,28035,Aleku Caecilian,Sylvacaecilia grandisonae,1,1,"iNaturalist regional candidate only; review habitat fit, introduced status and game value before inclusion."
amphibians,264,no,25458,Largen's Clawed Frog,Xenopus largeni,1,1,"iNaturalist regional candidate only; review habitat fit, introduced status and game value before inclusion."
amphibians,265,no,25448,Peters' Clawed Frog,Xenopus petersii,1,1,"iNaturalist regional candidate only; review habitat fit, introduced status and game value before inclusion."
amphibians,266,no,25446,Uganda Clawed Frog,Xenopus ruwenzoriensis,1,1,"iNaturalist regional candidate only; review habitat fit, introduced status and game value before inclusion."
