region,in_current_catalogue,recommended_candidate,group,regional_rank,taxon_id,common_name,scientific_name,observation_count,proposed_frequency_rarity,current_editorial_rarity,current_prestige,model_version,review_action
mediterranean_europe,yes,yes,amphibians,1,66331,Iberian Green Frog,Pelophylax perezi,20742,common,common,standard,inaturalist-regional-frequency-v1,compare then edit workbook
mediterranean_europe,yes,yes,amphibians,2,27726,Fire Salamander,Salamandra salamandra,18071,common,common,standard,inaturalist-regional-frequency-v1,compare then edit workbook
mediterranean_europe,yes,yes,amphibians,3,326296,European Toad,Bufo bufo,15052,common,common,standard,inaturalist-regional-frequency-v1,compare then edit workbook
mediterranean_europe,yes,yes,amphibians,4,134693,Spiny Toad,Bufo spinosus,12270,common,common,standard,inaturalist-regional-frequency-v1,compare then edit workbook
mediterranean_europe,yes,yes,amphibians,5,25591,European Common Frog,Rana temporaria,12012,common,common,standard,inaturalist-regional-frequency-v1,compare then edit workbook
mediterranean_europe,yes,yes,amphibians,6,65450,Natterjack Toad,Epidalea calamita,10540,common,common,standard,inaturalist-regional-frequency-v1,compare then edit workbook
mediterranean_europe,yes,yes,amphibians,7,25669,Agile Frog,Rana dalmatina,5968,common,common,standard,inaturalist-regional-frequency-v1,compare then edit workbook
mediterranean_europe,yes,yes,amphibians,8,25665,Iberian Frog,Rana iberica,4614,common,common,standard,inaturalist-regional-frequency-v1,compare then edit workbook
mediterranean_europe,yes,yes,amphibians,9,27712,Marbled Newt,Triturus marmoratus,3733,common,common,standard,inaturalist-regional-frequency-v1,compare then edit workbook
mediterranean_europe,yes,yes,amphibians,10,64378,Bosca's newt,Lissotriton boscai,3438,common,common,standard,inaturalist-regional-frequency-v1,compare then edit workbook
mediterranean_europe,yes,yes,amphibians,11,27732,Lanza's Alpine Salamander,Salamandra lanzai,3155,common,common,standard,inaturalist-regional-frequency-v1,compare then edit workbook
mediterranean_europe,yes,yes,amphibians,12,25616,Italian Stream Frog,Rana italica,3022,common,common,standard,inaturalist-regional-frequency-v1,compare then edit workbook
mediterranean_europe,yes,yes,amphibians,13,1453013,Green Toad,Bufotes viridis,2872,common,common,standard,inaturalist-regional-frequency-v1,compare then edit workbook
mediterranean_europe,yes,yes,amphibians,14,1319807,Marsh Frog,Pelophylax ridibundus,2692,common,common,standard,inaturalist-regional-frequency-v1,compare then edit workbook
mediterranean_europe,yes,yes,amphibians,15,27717,Italian Crested Newt,Triturus carnifex,2553,common,common,standard,inaturalist-regional-frequency-v1,compare then edit workbook
mediterranean_europe,yes,yes,amphibians,16,24480,Iberian Painted Frog,Discoglossus galganoi,2447,common,common,standard,inaturalist-regional-frequency-v1,compare then edit workbook
mediterranean_europe,yes,yes,amphibians,17,24473,Common Midwife Toad,Alytes obstetricans,2242,common,common,standard,inaturalist-regional-frequency-v1,compare then edit workbook
mediterranean_europe,yes,yes,amphibians,18,25311,Iberian Spadefoot,Pelobates cultripes,2189,common,common,standard,inaturalist-regional-frequency-v1,compare then edit workbook
mediterranean_europe,yes,yes,amphibians,19,24045,Mediterranean Tree Frog,Hyla meridionalis,2107,common,common,standard,inaturalist-regional-frequency-v1,compare then edit workbook
mediterranean_europe,yes,yes,amphibians,20,64377,Palmate Newt,Lissotriton helveticus,1933,common,common,standard,inaturalist-regional-frequency-v1,compare then edit workbook
mediterranean_europe,yes,yes,amphibians,21,27832,Iberian Ribbed Newt,Pleurodeles waltl,1901,common,common,standard,inaturalist-regional-frequency-v1,compare then edit workbook
mediterranean_europe,yes,yes,amphibians,22,556621,Yellow-bellied Toad,Bombina variegata,1877,common,common,standard,inaturalist-regional-frequency-v1,compare then edit workbook
mediterranean_europe,yes,yes,amphibians,23,23922,Italian Tree Frog,Hyla intermedia,1701,common,common,standard,inaturalist-regional-frequency-v1,compare then edit workbook
mediterranean_europe,yes,yes,amphibians,24,27519,Strinati's Cave Salamander,Speleomantes strinatii,1640,common,common,standard,inaturalist-regional-frequency-v1,compare then edit workbook
mediterranean_europe,yes,yes,amphibians,25,64384,Northern Spectacled Salamander,Salamandrina perspicillata,1593,common,common,standard,inaturalist-regional-frequency-v1,compare then edit workbook
mediterranean_europe,yes,yes,amphibians,26,1633756,Alpine Newt,Mesotriton alpestris,1583,common,common,standard,inaturalist-regional-frequency-v1,compare then edit workbook
mediterranean_europe,yes,yes,amphibians,27,25664,Italian Agile Frog,Rana latastei,1577,common,common,standard,inaturalist-regional-frequency-v1,compare then edit workbook
mediterranean_europe,yes,yes,amphibians,28,70646,Iberian Tree Frog,Hyla molleri,1576,common,common,standard,inaturalist-regional-frequency-v1,compare then edit workbook
mediterranean_europe,yes,yes,amphibians,29,27844,Gold-striped salamander,Chioglossa lusitanica,1430,common,common,standard,inaturalist-regional-frequency-v1,compare then edit workbook
mediterranean_europe,yes,yes,amphibians,30,27719,Pygmy Marbled Newt,Triturus pygmaeus,1306,common,common,standard,inaturalist-regional-frequency-v1,compare then edit workbook
mediterranean_europe,yes,yes,amphibians,31,1688750,Galician Common Frog,Rana parvipalmata,1039,common,common,standard,inaturalist-regional-frequency-v1,compare then edit workbook
mediterranean_europe,yes,yes,amphibians,32,24479,Mediterranean Painted Frog,Discoglossus pictus,1001,common,common,standard,inaturalist-regional-frequency-v1,compare then edit workbook
mediterranean_europe,yes,yes,amphibians,33,25697,Greek frog,Rana graeca,823,common,common,standard,inaturalist-regional-frequency-v1,compare then edit workbook
mediterranean_europe,yes,yes,amphibians,34,424147,European Tree Frog,Hyla arborea,798,common,common,standard,inaturalist-regional-frequency-v1,compare then edit workbook
mediterranean_europe,yes,yes,amphibians,35,556656,Smooth Newt,Lissotriton vulgaris,525,common,common,standard,inaturalist-regional-frequency-v1,compare then edit workbook
mediterranean_europe,yes,yes,amphibians,36,548416,Lusitanian Parsley Frog,Pelodytes atlanticus,461,common,common,standard,inaturalist-regional-frequency-v1,compare then edit workbook
mediterranean_europe,yes,yes,amphibians,37,1629047,Catalonian Midwife Toad,Alytes almogavarii,460,uncommon,uncommon,standard,inaturalist-regional-frequency-v1,compare then edit workbook
mediterranean_europe,yes,yes,amphibians,38,24475,Iberian Midwife Toad,Alytes cisternasii,458,uncommon,uncommon,standard,inaturalist-regional-frequency-v1,compare then edit workbook
mediterranean_europe,yes,yes,amphibians,39,64373,Pyrenean Brook Salamander,Calotriton asper,414,uncommon,uncommon,standard,inaturalist-regional-frequency-v1,compare then edit workbook
mediterranean_europe,yes,yes,amphibians,40,27517,Italian Cave Salamander,Speleomantes italicus,398,uncommon,uncommon,standard,inaturalist-regional-frequency-v1,compare then edit workbook
mediterranean_europe,yes,yes,amphibians,41,64380,Italian newt,Lissotriton italicus,389,uncommon,uncommon,standard,inaturalist-regional-frequency-v1,compare then edit workbook
mediterranean_europe,yes,yes,amphibians,42,23998,Sardinian Tree Frog,Hyla sarda,385,uncommon,uncommon,standard,inaturalist-regional-frequency-v1,compare then edit workbook
mediterranean_europe,yes,yes,amphibians,43,1591819,Lisbon pygmy newt,Triturus rudolfi,366,uncommon,uncommon,standard,inaturalist-regional-frequency-v1,compare then edit workbook
mediterranean_europe,yes,yes,amphibians,44,548418,Common Parsley Frog,Pelodytes punctatus,351,uncommon,uncommon,standard,inaturalist-regional-frequency-v1,compare then edit workbook
mediterranean_europe,yes,yes,amphibians,45,120741,Portuguese Smooth Newt,Lissotriton maltzani,326,uncommon,uncommon,standard,inaturalist-regional-frequency-v1,compare then edit workbook
mediterranean_europe,yes,yes,amphibians,46,27735,Alpine Salamander,Salamandra atra,302,uncommon,uncommon,standard,inaturalist-regional-frequency-v1,compare then edit workbook
mediterranean_europe,yes,yes,amphibians,47,120738,Greek Newt,Lissotriton graecus,275,uncommon,uncommon,standard,inaturalist-regional-frequency-v1,compare then edit workbook
mediterranean_europe,yes,yes,amphibians,49,27514,Ambrosi's Cave Salamander,Speleomantes ambrosii,238,uncommon,uncommon,standard,inaturalist-regional-frequency-v1,compare then edit workbook
mediterranean_europe,yes,yes,amphibians,50,25316,Iberian parsley frog,Pelodytes ibericus,205,uncommon,uncommon,standard,inaturalist-regional-frequency-v1,compare then edit workbook
mediterranean_europe,yes,yes,amphibians,51,24484,Tyrrhenian Painted Frog,Discoglossus sardus,184,uncommon,uncommon,standard,inaturalist-regional-frequency-v1,compare then edit workbook
mediterranean_europe,yes,yes,amphibians,52,66321,Epirus Water Frog,Pelophylax epeiroticus,158,uncommon,uncommon,standard,inaturalist-regional-frequency-v1,compare then edit workbook
mediterranean_europe,yes,yes,amphibians,53,25312,Common Spadefoot,Pelobates fuscus,139,rare,rare,standard,inaturalist-regional-frequency-v1,compare then edit workbook
mediterranean_europe,yes,yes,amphibians,54,25660,Pyrenean frog,Rana pyrenaica,130,rare,rare,standard,inaturalist-regional-frequency-v1,compare then edit workbook
mediterranean_europe,yes,yes,amphibians,55,991929,Cyprian Green Toad,Bufotes cypriensis,123,rare,rare,standard,inaturalist-regional-frequency-v1,compare then edit workbook
mediterranean_europe,yes,yes,amphibians,56,27840,Southern Spectacled Salamander,Salamandrina terdigitata,113,rare,rare,standard,inaturalist-regional-frequency-v1,compare then edit workbook
mediterranean_europe,yes,yes,amphibians,57,24474,Betic Midwife Toad,Alytes dickhilleni,101,rare,rare,standard,inaturalist-regional-frequency-v1,compare then edit workbook
mediterranean_europe,yes,yes,amphibians,58,66319,Cretan Frog,Pelophylax cretensis,99,rare,rare,standard,inaturalist-regional-frequency-v1,compare then edit workbook
mediterranean_europe,yes,yes,amphibians,59,70647,Eastern Tree Frog,Hyla orientalis,91,rare,rare,standard,inaturalist-regional-frequency-v1,compare then edit workbook
mediterranean_europe,yes,yes,amphibians,60,476257,Sardinian Cave Salamander,Speleomantes genei,84,rare,rare,standard,inaturalist-regional-frequency-v1,compare then edit workbook
mediterranean_europe,yes,yes,amphibians,61,23798,Lemon-yellow Tree Frog,Hyla savignyi,79,very_rare,very_rare,standard,inaturalist-regional-frequency-v1,compare then edit workbook
mediterranean_europe,yes,yes,birds,1,59202,Yellow-legged Gull,Larus michahellis,46116,common,common,standard,inaturalist-regional-frequency-v1,compare then edit workbook
mediterranean_europe,yes,yes,birds,2,12716,Eurasian Blackbird,Turdus merula,42108,common,common,standard,inaturalist-regional-frequency-v1,compare then edit workbook
mediterranean_europe,yes,yes,birds,3,6930,Mallard,Anas platyrhynchos,40684,common,common,standard,inaturalist-regional-frequency-v1,compare then edit workbook
mediterranean_europe,yes,yes,birds,4,13858,House Sparrow,Passer domesticus,34417,common,common,standard,inaturalist-regional-frequency-v1,compare then edit workbook
mediterranean_europe,yes,yes,birds,5,4954,Grey Heron,Ardea cinerea,32460,common,common,standard,inaturalist-regional-frequency-v1,compare then edit workbook
mediterranean_europe,yes,yes,birds,6,13000,Black Redstart,Phoenicurus ochruros,31416,common,common,standard,inaturalist-regional-frequency-v1,compare then edit workbook
mediterranean_europe,yes,yes,birds,7,13094,European Robin,Erithacus rubecula,30690,common,common,standard,inaturalist-regional-frequency-v1,compare then edit workbook
mediterranean_europe,yes,yes,birds,8,4943,Little Egret,Egretta garzetta,28335,common,common,standard,inaturalist-regional-frequency-v1,compare then edit workbook
mediterranean_europe,yes,yes,birds,9,891696,Eurasian Magpie,Pica pica,27341,common,common,standard,inaturalist-regional-frequency-v1,compare then edit workbook
mediterranean_europe,yes,yes,birds,10,204472,Common Buzzard,Buteo buteo,27254,common,common,standard,inaturalist-regional-frequency-v1,compare then edit workbook
mediterranean_europe,yes,yes,birds,11,10070,Common Chaffinch,Fringilla coelebs,27172,common,common,standard,inaturalist-regional-frequency-v1,compare then edit workbook
mediterranean_europe,yes,yes,birds,12,472766,Eurasian Kestrel,Falco tinnunculus,26074,common,common,standard,inaturalist-regional-frequency-v1,compare then edit workbook
mediterranean_europe,yes,yes,birds,13,2969,Eurasian Collared-Dove,Streptopelia decaocto,25339,common,common,standard,inaturalist-regional-frequency-v1,compare then edit workbook
mediterranean_europe,yes,yes,birds,14,201192,European Stonechat,Saxicola rubicola,25016,common,common,standard,inaturalist-regional-frequency-v1,compare then edit workbook
mediterranean_europe,yes,yes,birds,15,4270,Great Cormorant,Phalacrocorax carbo,24857,common,common,standard,inaturalist-regional-frequency-v1,compare then edit workbook
mediterranean_europe,yes,yes,birds,16,13695,White Wagtail,Motacilla alba,23832,common,common,standard,inaturalist-regional-frequency-v1,compare then edit workbook
mediterranean_europe,yes,yes,birds,17,203153,Great Tit,Parus major,23022,common,common,standard,inaturalist-regional-frequency-v1,compare then edit workbook
mediterranean_europe,yes,yes,birds,18,3048,Common Wood-Pigeon,Columba palumbus,22943,common,common,standard,inaturalist-regional-frequency-v1,compare then edit workbook
mediterranean_europe,yes,yes,birds,19,9236,European Serin,Serinus serinus,22628,common,common,standard,inaturalist-regional-frequency-v1,compare then edit workbook
mediterranean_europe,yes,yes,birds,20,144510,Black-headed Gull,Chroicocephalus ridibundus,21213,common,common,standard,inaturalist-regional-frequency-v1,compare then edit workbook
mediterranean_europe,yes,yes,birds,21,5366,Eurasian Griffon,Gyps fulvus,20695,common,common,standard,inaturalist-regional-frequency-v1,compare then edit workbook
mediterranean_europe,yes,yes,birds,22,11901,Barn Swallow,Hirundo rustica,20097,common,common,standard,inaturalist-regional-frequency-v1,compare then edit workbook
mediterranean_europe,yes,yes,birds,23,482,Eurasian Coot,Fulica atra,19422,common,common,standard,inaturalist-regional-frequency-v1,compare then edit workbook
mediterranean_europe,yes,yes,birds,24,73222,Greater Flamingo,Phoenicopterus roseus,18615,common,common,standard,inaturalist-regional-frequency-v1,compare then edit workbook
mediterranean_europe,yes,yes,birds,25,9398,European Goldfinch,Carduelis carduelis,18454,common,common,standard,inaturalist-regional-frequency-v1,compare then edit workbook
mediterranean_europe,yes,yes,birds,26,201282,Common Moorhen,Gallinula chloropus,17630,common,common,standard,inaturalist-regional-frequency-v1,compare then edit workbook
mediterranean_europe,yes,yes,birds,27,117016,Common Chiffchaff,Phylloscopus collybita,17290,common,common,standard,inaturalist-regional-frequency-v1,compare then edit workbook
mediterranean_europe,yes,yes,birds,28,4835,Black-winged Stilt,Himantopus himantopus,16985,common,common,standard,inaturalist-regional-frequency-v1,compare then edit workbook
mediterranean_europe,yes,yes,birds,29,144757,Hooded Crow,Corvus cornix,16961,common,common,standard,inaturalist-regional-frequency-v1,compare then edit workbook
mediterranean_europe,yes,yes,birds,30,4733,White Stork,Ciconia ciconia,16610,common,common,standard,inaturalist-regional-frequency-v1,compare then edit workbook
mediterranean_europe,yes,yes,birds,31,144849,Eurasian Blue Tit,Cyanistes caeruleus,16136,common,common,standard,inaturalist-regional-frequency-v1,compare then edit workbook
mediterranean_europe,yes,yes,birds,32,15282,Eurasian Blackcap,Sylvia atricapilla,15481,common,common,standard,inaturalist-regional-frequency-v1,compare then edit workbook
mediterranean_europe,yes,yes,birds,33,20969,Common Hoopoe,Upupa epops,14995,common,common,standard,inaturalist-regional-frequency-v1,compare then edit workbook
mediterranean_europe,yes,yes,birds,34,411086,Western Cattle-Egret,Ardea ibis,14708,common,common,standard,inaturalist-regional-frequency-v1,compare then edit workbook
mediterranean_europe,yes,yes,birds,35,145360,European Greenfinch,Chloris chloris,13834,common,common,standard,inaturalist-regional-frequency-v1,compare then edit workbook
mediterranean_europe,yes,yes,birds,36,19349,Monk Parakeet,Myiopsitta monachus,13693,common,common,standard,inaturalist-regional-frequency-v1,compare then edit workbook
mediterranean_europe,yes,yes,birds,37,14849,Spotless Starling,Sturnus unicolor,13212,common,common,standard,inaturalist-regional-frequency-v1,compare then edit workbook
mediterranean_europe,yes,yes,birds,38,5267,Red Kite,Milvus milvus,12959,common,common,standard,inaturalist-regional-frequency-v1,compare then edit workbook
mediterranean_europe,yes,yes,birds,39,8088,Eurasian Jay,Garrulus glandarius,12897,common,common,standard,inaturalist-regional-frequency-v1,compare then edit workbook
mediterranean_europe,yes,yes,birds,40,5268,Black Kite,Milvus migrans,12740,common,common,standard,inaturalist-regional-frequency-v1,compare then edit workbook
mediterranean_europe,yes,yes,birds,41,1289472,Sardinian Warbler,Curruca melanocephala,12528,common,common,standard,inaturalist-regional-frequency-v1,compare then edit workbook
mediterranean_europe,yes,yes,birds,42,4208,Great Crested Grebe,Podiceps cristatus,12480,common,common,standard,inaturalist-regional-frequency-v1,compare then edit workbook
mediterranean_europe,yes,yes,birds,43,201233,Italian Sparrow,Passer italiae,11613,common,common,standard,inaturalist-regional-frequency-v1,compare then edit workbook
mediterranean_europe,yes,yes,birds,44,2191,European Bee-eater,Merops apiaster,11425,common,common,standard,inaturalist-regional-frequency-v1,compare then edit workbook
mediterranean_europe,yes,yes,birds,45,3978,Common Sandpiper,Actitis hypoleucos,11230,common,common,standard,inaturalist-regional-frequency-v1,compare then edit workbook
mediterranean_europe,yes,yes,birds,46,4381,Lesser Black-backed Gull,Larus fuscus,11005,common,common,standard,inaturalist-regional-frequency-v1,compare then edit workbook
mediterranean_europe,yes,yes,birds,47,64705,Western House Martin,Delichon urbicum,10973,common,common,standard,inaturalist-regional-frequency-v1,compare then edit workbook
mediterranean_europe,yes,yes,birds,48,5173,Western Marsh Harrier,Circus aeruginosus,10651,common,common,standard,inaturalist-regional-frequency-v1,compare then edit workbook
mediterranean_europe,yes,yes,birds,49,7278,Long-tailed Tit,Aegithalos caudatus,10469,common,common,standard,inaturalist-regional-frequency-v1,compare then edit workbook
mediterranean_europe,yes,yes,birds,50,145291,Corn Bunting,Emberiza calandra,9653,common,common,standard,inaturalist-regional-frequency-v1,compare then edit workbook
mediterranean_europe,yes,yes,birds,51,4237,Little Grebe,Tachybaptus ruficollis,9540,common,common,standard,inaturalist-regional-frequency-v1,compare then edit workbook
mediterranean_europe,yes,yes,birds,52,12971,Spotted Flycatcher,Muscicapa striata,9186,common,common,standard,inaturalist-regional-frequency-v1,compare then edit workbook
mediterranean_europe,yes,yes,birds,53,14850,European Starling,Sturnus vulgaris,9166,common,common,standard,inaturalist-regional-frequency-v1,compare then edit workbook
mediterranean_europe,yes,yes,birds,54,17871,Great Spotted Woodpecker,Dendrocopos major,9002,common,common,standard,inaturalist-regional-frequency-v1,compare then edit workbook
mediterranean_europe,yes,yes,birds,55,558634,Eurasian Linnet,Linaria cannabina,8918,common,common,standard,inaturalist-regional-frequency-v1,compare then edit workbook
mediterranean_europe,yes,yes,birds,56,12822,Northern Wheatear,Oenanthe oenanthe,8899,common,common,standard,inaturalist-regional-frequency-v1,compare then edit workbook
mediterranean_europe,yes,yes,birds,57,144455,Great Egret,Ardea alba,8862,common,common,standard,inaturalist-regional-frequency-v1,compare then edit workbook
mediterranean_europe,yes,yes,birds,58,8010,Common Raven,Corvus corax,8555,common,common,standard,inaturalist-regional-frequency-v1,compare then edit workbook
mediterranean_europe,yes,yes,birds,59,5154,Booted Eagle,Hieraaetus pennatus,8476,common,common,standard,inaturalist-regional-frequency-v1,compare then edit workbook
mediterranean_europe,yes,yes,birds,60,3938,Ruddy Turnstone,Arenaria interpres,8438,common,common,standard,inaturalist-regional-frequency-v1,compare then edit workbook
mediterranean_europe,yes,yes,birds,61,2599,Common Kingfisher,Alcedo atthis,8170,common,common,standard,inaturalist-regional-frequency-v1,compare then edit workbook
mediterranean_europe,yes,yes,birds,62,6921,Mute Swan,Cygnus olor,8046,common,common,standard,inaturalist-regional-frequency-v1,compare then edit workbook
mediterranean_europe,yes,yes,birds,63,13688,Grey Wagtail,Motacilla cinerea,8038,common,common,standard,inaturalist-regional-frequency-v1,compare then edit workbook
mediterranean_europe,yes,yes,birds,64,3756,Glossy Ibis,Plegadis falcinellus,7938,common,common,standard,inaturalist-regional-frequency-v1,compare then edit workbook
mediterranean_europe,yes,yes,birds,65,578607,Crested Lark,Galerida cristata,7930,common,common,standard,inaturalist-regional-frequency-v1,compare then edit workbook
mediterranean_europe,yes,yes,birds,66,12748,Song Thrush,Turdus philomelos,7913,common,common,standard,inaturalist-regional-frequency-v1,compare then edit workbook
mediterranean_europe,yes,yes,birds,67,3731,Eurasian Spoonbill,Platalea leucorodia,7615,common,common,standard,inaturalist-regional-frequency-v1,compare then edit workbook
mediterranean_europe,yes,yes,birds,68,144823,Coal Tit,Periparus ater,7589,common,common,standard,inaturalist-regional-frequency-v1,compare then edit workbook
mediterranean_europe,yes,yes,birds,69,19998,Little Owl,Athene noctua,7475,common,common,standard,inaturalist-regional-frequency-v1,compare then edit workbook
mediterranean_europe,yes,yes,birds,70,204512,European Pied Flycatcher,Ficedula hypoleuca,7377,common,common,standard,inaturalist-regional-frequency-v1,compare then edit workbook
mediterranean_europe,yes,yes,birds,71,12039,Woodchat Shrike,Lanius senator,7299,common,common,standard,inaturalist-regional-frequency-v1,compare then edit workbook
mediterranean_europe,yes,yes,birds,72,558438,Northern Shoveler,Spatula clypeata,7291,common,common,standard,inaturalist-regional-frequency-v1,compare then edit workbook
mediterranean_europe,yes,yes,birds,73,18911,Rose-ringed Parakeet,Psittacula krameri,7279,common,common,standard,inaturalist-regional-frequency-v1,compare then edit workbook
mediterranean_europe,yes,yes,birds,74,336399,Eurasian Jackdaw,Coloeus monedula,7241,common,common,standard,inaturalist-regional-frequency-v1,compare then edit workbook
mediterranean_europe,yes,yes,birds,75,204496,Carrion Crow,Corvus corone,7229,common,common,standard,inaturalist-regional-frequency-v1,compare then edit workbook
mediterranean_europe,yes,yes,birds,76,7697,Zitting Cisticola,Cisticola juncidis,7120,common,common,standard,inaturalist-regional-frequency-v1,compare then edit workbook
mediterranean_europe,yes,yes,birds,77,13851,Eurasian Tree Sparrow,Passer montanus,6988,common,common,standard,inaturalist-regional-frequency-v1,compare then edit workbook
mediterranean_europe,yes,yes,birds,78,6638,Common Swift,Apus apus,6851,common,common,standard,inaturalist-regional-frequency-v1,compare then edit workbook
mediterranean_europe,yes,yes,birds,79,3849,Sanderling,Calidris alba,6563,common,common,standard,inaturalist-regional-frequency-v1,compare then edit workbook
mediterranean_europe,yes,yes,birds,80,5382,Cinereous Vulture,Aegypius monachus,6467,common,common,standard,inaturalist-regional-frequency-v1,compare then edit workbook
mediterranean_europe,yes,yes,birds,81,7067,Common Shelduck,Tadorna tadorna,6463,common,common,standard,inaturalist-regional-frequency-v1,compare then edit workbook
mediterranean_europe,yes,yes,birds,82,4801,Common Ringed Plover,Charadrius hiaticula,6455,common,common,standard,inaturalist-regional-frequency-v1,compare then edit workbook
mediterranean_europe,yes,yes,birds,83,5242,Short-toed Snake-Eagle,Circaetus gallicus,6411,common,common,standard,inaturalist-regional-frequency-v1,compare then edit workbook
mediterranean_europe,yes,yes,birds,84,3857,Dunlin,Calidris alpina,6358,common,common,standard,inaturalist-regional-frequency-v1,compare then edit workbook
mediterranean_europe,yes,yes,birds,85,6937,Green-winged Teal,Anas crecca,6334,common,common,standard,inaturalist-regional-frequency-v1,compare then edit workbook
mediterranean_europe,yes,yes,birds,86,339684,Iberian Magpie,Cyanopica cooki,6248,common,common,standard,inaturalist-regional-frequency-v1,compare then edit workbook
mediterranean_europe,yes,yes,birds,87,144788,Eurasian Crag-Martin,Ptyonoprogne rupestris,6246,common,common,standard,inaturalist-regional-frequency-v1,compare then edit workbook
mediterranean_europe,yes,yes,birds,88,13729,Meadow Pipit,Anthus pratensis,6043,common,common,standard,inaturalist-regional-frequency-v1,compare then edit workbook
mediterranean_europe,yes,yes,birds,89,72486,Egyptian Goose,Alopochen aegyptiaca,5982,common,common,standard,inaturalist-regional-frequency-v1,compare then edit workbook
mediterranean_europe,yes,yes,birds,90,3878,Common Greenshank,Tringa nebularia,5944,common,common,standard,inaturalist-regional-frequency-v1,compare then edit workbook
mediterranean_europe,yes,yes,birds,91,867,Red-legged Partridge,Alectoris rufa,5902,common,common,standard,inaturalist-regional-frequency-v1,compare then edit workbook
mediterranean_europe,yes,yes,birds,92,9192,Cirl Bunting,Emberiza cirlus,5898,common,common,standard,inaturalist-regional-frequency-v1,compare then edit workbook
mediterranean_europe,yes,yes,birds,93,12038,Red-backed Shrike,Lanius collurio,5847,common,common,standard,inaturalist-regional-frequency-v1,compare then edit workbook
mediterranean_europe,yes,yes,birds,94,3879,Common Redshank,Tringa totanus,5815,common,common,standard,inaturalist-regional-frequency-v1,compare then edit workbook
mediterranean_europe,yes,yes,birds,95,558439,Gadwall,Mareca strepera,5807,common,common,standard,inaturalist-regional-frequency-v1,compare then edit workbook
mediterranean_europe,yes,yes,birds,96,145363,Eurasian Wren,Troglodytes troglodytes,5782,common,common,standard,inaturalist-regional-frequency-v1,compare then edit workbook
mediterranean_europe,yes,yes,birds,97,14824,Eurasian Nuthatch,Sitta europaea,5745,common,common,standard,inaturalist-regional-frequency-v1,compare then edit workbook
mediterranean_europe,yes,yes,birds,98,4981,Black-crowned Night Heron,Nycticorax nycticorax,5622,common,common,standard,inaturalist-regional-frequency-v1,compare then edit workbook
mediterranean_europe,yes,yes,birds,99,4857,Northern Lapwing,Vanellus vanellus,5414,common,common,standard,inaturalist-regional-frequency-v1,compare then edit workbook
mediterranean_europe,yes,yes,birds,100,7045,Common Pochard,Aythya ferina,5384,common,common,standard,inaturalist-regional-frequency-v1,compare then edit workbook
mediterranean_europe,yes,yes,birds,101,1505620,Kentish Plover,Anarhynchus alexandrinus,5376,common,common,standard,inaturalist-regional-frequency-v1,compare then edit workbook
mediterranean_europe,yes,yes,birds,102,13079,Common Nightingale,Luscinia megarhynchos,5340,common,common,standard,inaturalist-regional-frequency-v1,compare then edit workbook
mediterranean_europe,yes,yes,birds,103,979813,Pygmy Cormorant,Microcarbo pygmaeus,5114,common,common,standard,inaturalist-regional-frequency-v1,compare then edit workbook
mediterranean_europe,yes,yes,birds,104,4883,Pied Avocet,Recurvirostra avosetta,5098,common,common,standard,inaturalist-regional-frequency-v1,compare then edit workbook
mediterranean_europe,yes,yes,birds,105,1580336,Little Ringed Plover,Thinornis dubius,5061,common,common,standard,inaturalist-regional-frequency-v1,compare then edit workbook
mediterranean_europe,yes,yes,birds,106,41,Common Crane,Grus grus,5038,common,common,standard,inaturalist-regional-frequency-v1,compare then edit workbook
mediterranean_europe,yes,yes,birds,107,7462,Short-toed Treecreeper,Certhia brachydactyla,4992,common,common,standard,inaturalist-regional-frequency-v1,compare then edit workbook
mediterranean_europe,yes,yes,birds,108,1289604,European Shag,Gulosus aristotelis,4947,common,common,standard,inaturalist-regional-frequency-v1,compare then edit workbook
mediterranean_europe,yes,yes,birds,109,144517,Mediterranean Gull,Ichthyaetus melanocephalus,4946,common,common,standard,inaturalist-regional-frequency-v1,compare then edit workbook
mediterranean_europe,yes,yes,birds,110,5106,Eurasian Sparrowhawk,Accipiter nisus,4881,common,common,standard,inaturalist-regional-frequency-v1,compare then edit workbook
mediterranean_europe,yes,yes,birds,111,12992,Common Redstart,Phoenicurus phoenicurus,4780,common,common,standard,inaturalist-regional-frequency-v1,compare then edit workbook
mediterranean_europe,yes,yes,birds,112,2938,European Turtle-Dove,Streptopelia turtur,4780,common,common,standard,inaturalist-regional-frequency-v1,compare then edit workbook
mediterranean_europe,yes,yes,birds,113,117097,Common Firecrest,Regulus ignicapilla,4766,common,common,standard,inaturalist-regional-frequency-v1,compare then edit workbook
mediterranean_europe,yes,yes,birds,114,3901,Eurasian Whimbrel,Numenius phaeopus,4763,common,common,standard,inaturalist-regional-frequency-v1,compare then edit workbook
mediterranean_europe,yes,yes,birds,115,4951,Purple Heron,Ardea purpurea,4511,common,common,standard,inaturalist-regional-frequency-v1,compare then edit workbook
mediterranean_europe,yes,yes,birds,116,204545,Western Yellow Wagtail,Motacilla flava,4498,common,common,standard,inaturalist-regional-frequency-v1,compare then edit workbook
mediterranean_europe,yes,yes,birds,117,13854,Spanish Sparrow,Passer hispaniolensis,4491,common,common,standard,inaturalist-regional-frequency-v1,compare then edit workbook
mediterranean_europe,yes,yes,birds,118,144522,Audouin's Gull,Ichthyaetus audouinii,4487,common,common,standard,inaturalist-regional-frequency-v1,compare then edit workbook
mediterranean_europe,yes,yes,birds,119,981,Ring-necked Pheasant,Phasianus colchicus,4425,common,common,standard,inaturalist-regional-frequency-v1,compare then edit workbook
mediterranean_europe,yes,yes,birds,120,7122,Red-crested Pochard,Netta rufina,4417,common,common,standard,inaturalist-regional-frequency-v1,compare then edit workbook
mediterranean_europe,yes,yes,birds,121,4450,Common Tern,Sterna hirundo,4222,common,common,standard,inaturalist-regional-frequency-v1,compare then edit workbook
mediterranean_europe,yes,yes,birds,122,5325,European Honey-buzzard,Pernis apivorus,4181,common,common,standard,inaturalist-regional-frequency-v1,compare then edit workbook
mediterranean_europe,yes,yes,birds,123,4892,Black-bellied Plover,Pluvialis squatarola,4173,common,common,standard,inaturalist-regional-frequency-v1,compare then edit workbook
mediterranean_europe,yes,yes,birds,124,7359,Thekla's Lark,Galerida theklae,4131,common,common,standard,inaturalist-regional-frequency-v1,compare then edit workbook
mediterranean_europe,yes,yes,birds,125,7018,Greylag Goose,Anser anser,4130,common,common,standard,inaturalist-regional-frequency-v1,compare then edit workbook
mediterranean_europe,yes,yes,birds,126,144541,Sandwich Tern,Thalasseus sandvicensis,4122,common,common,standard,inaturalist-regional-frequency-v1,compare then edit workbook
mediterranean_europe,yes,yes,birds,127,4994,Squacco Heron,Ardeola ralloides,4082,common,common,standard,inaturalist-regional-frequency-v1,compare then edit workbook
mediterranean_europe,yes,yes,birds,128,144830,Crested Tit,Lophophanes cristatus,4052,common,common,standard,inaturalist-regional-frequency-v1,compare then edit workbook
mediterranean_europe,yes,yes,birds,129,1584768,European Red-rumped Swallow,Cecropis rufula,4029,common,common,standard,inaturalist-regional-frequency-v1,compare then edit workbook
mediterranean_europe,yes,yes,birds,130,9193,Rock Bunting,Emberiza cia,4003,common,common,standard,inaturalist-regional-frequency-v1,compare then edit workbook
mediterranean_europe,yes,yes,birds,131,145303,Eurasian Siskin,Spinus spinus,3921,common,common,standard,inaturalist-regional-frequency-v1,compare then edit workbook
mediterranean_europe,yes,yes,birds,132,13988,Dunnock,Prunella modularis,3881,common,common,standard,inaturalist-regional-frequency-v1,compare then edit workbook
mediterranean_europe,yes,yes,birds,133,13141,Blue Rock-Thrush,Monticola solitarius,3793,common,common,standard,inaturalist-regional-frequency-v1,compare then edit workbook
mediterranean_europe,yes,yes,birds,134,12735,Mistle Thrush,Turdus viscivorus,3741,common,common,standard,inaturalist-regional-frequency-v1,compare then edit workbook
mediterranean_europe,yes,yes,birds,135,3739,African Sacred Ibis,Threskiornis aethiopicus,3611,common,common,standard,inaturalist-regional-frequency-v1,compare then edit workbook
mediterranean_europe,yes,yes,birds,136,13770,Common Waxbill,Estrilda astrild,3579,common,common,standard,inaturalist-regional-frequency-v1,compare then edit workbook
mediterranean_europe,yes,yes,birds,137,3885,Green Sandpiper,Tringa ochropus,3506,common,common,standard,inaturalist-regional-frequency-v1,compare then edit workbook
mediterranean_europe,yes,yes,birds,138,144242,Iberian Green Woodpecker,Picus sharpei,3489,common,common,standard,inaturalist-regional-frequency-v1,compare then edit workbook
mediterranean_europe,yes,yes,birds,139,3947,Black-tailed Godwit,Limosa limosa,3486,common,common,standard,inaturalist-regional-frequency-v1,compare then edit workbook
mediterranean_europe,yes,yes,birds,140,318836,Common Snipe,Gallinago gallinago,3484,common,common,standard,inaturalist-regional-frequency-v1,compare then edit workbook
mediterranean_europe,yes,yes,birds,141,12908,Whinchat,Saxicola rubetra,3477,common,common,standard,inaturalist-regional-frequency-v1,compare then edit workbook
mediterranean_europe,yes,yes,birds,142,117055,Willow Warbler,Phylloscopus trochilus,3402,common,common,standard,inaturalist-regional-frequency-v1,compare then edit workbook
mediterranean_europe,yes,yes,birds,143,3888,Wood Sandpiper,Tringa glareola,3398,common,common,standard,inaturalist-regional-frequency-v1,compare then edit workbook
mediterranean_europe,yes,yes,birds,144,19898,Tawny Owl,Strix aluco,3365,common,common,standard,inaturalist-regional-frequency-v1,compare then edit workbook
mediterranean_europe,yes,yes,birds,145,5074,Golden Eagle,Aquila chrysaetos,3351,common,common,standard,inaturalist-regional-frequency-v1,compare then edit workbook
mediterranean_europe,yes,yes,birds,146,4647,Peregrine Falcon,Falco peregrinus,3337,common,common,standard,inaturalist-regional-frequency-v1,compare then edit workbook
mediterranean_europe,yes,yes,birds,147,9246,Island Canary,Serinus canaria,3335,common,common,standard,inaturalist-regional-frequency-v1,compare then edit workbook
mediterranean_europe,yes,yes,birds,148,906982,Iberian Grey Shrike,Lanius meridionalis,3326,common,common,standard,inaturalist-regional-frequency-v1,compare then edit workbook
mediterranean_europe,yes,yes,birds,149,116999,Osprey,Pandion haliaetus,3252,common,common,standard,inaturalist-regional-frequency-v1,compare then edit workbook
mediterranean_europe,yes,yes,birds,150,4205,Eared Grebe,Podiceps nigricollis,3175,common,common,standard,inaturalist-regional-frequency-v1,compare then edit workbook
mediterranean_europe,yes,yes,birds,151,59845,Lesser Kestrel,Falco naumanni,3149,common,common,standard,inaturalist-regional-frequency-v1,compare then edit workbook
mediterranean_europe,yes,yes,birds,152,339593,Ruff,Calidris pugnax,3144,common,common,standard,inaturalist-regional-frequency-v1,compare then edit workbook
mediterranean_europe,yes,yes,birds,153,72516,Alpine Swift,Tachymarptis melba,3143,common,common,standard,inaturalist-regional-frequency-v1,compare then edit workbook
mediterranean_europe,yes,yes,birds,154,1907,Common Cuckoo,Cuculus canorus,3121,common,common,standard,inaturalist-regional-frequency-v1,compare then edit workbook
mediterranean_europe,yes,yes,birds,155,7363,Woodlark,Lullula arborea,3089,common,common,standard,inaturalist-regional-frequency-v1,compare then edit workbook
mediterranean_europe,yes,yes,birds,156,20244,Eurasian Scops-Owl,Otus scops,3038,common,common,standard,inaturalist-regional-frequency-v1,compare then edit workbook
mediterranean_europe,yes,yes,birds,157,7046,Tufted Duck,Aythya fuligula,3032,common,common,standard,inaturalist-regional-frequency-v1,compare then edit workbook
mediterranean_europe,yes,yes,birds,158,7647,White-throated Dipper,Cinclus cinclus,3025,common,common,standard,inaturalist-regional-frequency-v1,compare then edit workbook
mediterranean_europe,yes,yes,birds,159,8350,Yellow-billed Chough,Pyrrhocorax graculus,3019,common,common,standard,inaturalist-regional-frequency-v1,compare then edit workbook
mediterranean_europe,yes,yes,birds,160,8349,Red-billed Chough,Pyrrhocorax pyrrhocorax,3012,common,common,standard,inaturalist-regional-frequency-v1,compare then edit workbook
mediterranean_europe,yes,yes,birds,161,144243,Eurasian Green Woodpecker,Picus viridis,2913,common,common,standard,inaturalist-regional-frequency-v1,compare then edit workbook
mediterranean_europe,yes,yes,birds,162,204556,Eurasian Golden Oriole,Oriolus oriolus,2891,common,common,standard,inaturalist-regional-frequency-v1,compare then edit workbook
mediterranean_europe,yes,yes,birds,163,13713,Water Pipit,Anthus spinoletta,2868,common,common,standard,inaturalist-regional-frequency-v1,compare then edit workbook
mediterranean_europe,yes,yes,birds,164,4736,Black Stork,Ciconia nigra,2818,common,common,standard,inaturalist-regional-frequency-v1,compare then edit workbook
mediterranean_europe,yes,yes,birds,165,6643,Pallid Swift,Apus pallidus,2790,common,common,standard,inaturalist-regional-frequency-v1,compare then edit workbook
mediterranean_europe,yes,yes,birds,166,7004,Common Merganser,Mergus merganser,2748,common,common,standard,inaturalist-regional-frequency-v1,compare then edit workbook
mediterranean_europe,yes,yes,birds,167,4843,Eurasian Oystercatcher,Haematopus ostralegus,2690,common,common,standard,inaturalist-regional-frequency-v1,compare then edit workbook
mediterranean_europe,yes,yes,birds,168,7068,Ruddy Shelduck,Tadorna ferruginea,2668,common,common,standard,inaturalist-regional-frequency-v1,compare then edit workbook
mediterranean_europe,yes,yes,birds,169,116923,Melodious Warbler,Hippolais polyglotta,2661,common,common,standard,inaturalist-regional-frequency-v1,compare then edit workbook
mediterranean_europe,yes,yes,birds,170,3896,Eurasian Curlew,Numenius arquata,2628,common,common,standard,inaturalist-regional-frequency-v1,compare then edit workbook
mediterranean_europe,yes,yes,birds,171,793469,Goldcrest,Regulus regulus,2593,common,common,standard,inaturalist-regional-frequency-v1,compare then edit workbook
mediterranean_europe,yes,yes,birds,172,116858,Cetti's Warbler,Cettia cetti,2582,common,common,standard,inaturalist-regional-frequency-v1,compare then edit workbook
mediterranean_europe,yes,yes,birds,173,204455,Common Reed Warbler,Acrocephalus scirpaceus,2572,common,common,standard,inaturalist-regional-frequency-v1,compare then edit workbook
mediterranean_europe,yes,yes,birds,174,475028,Western Swamphen,Porphyrio porphyrio,2525,common,common,standard,inaturalist-regional-frequency-v1,compare then edit workbook
mediterranean_europe,yes,yes,birds,175,5081,Spanish Eagle,Aquila adalberti,2517,common,common,legendary,inaturalist-regional-frequency-v1,compare then edit workbook
mediterranean_europe,yes,yes,birds,176,5361,Egyptian Vulture,Neophron percnopterus,2505,common,common,standard,inaturalist-regional-frequency-v1,compare then edit workbook
mediterranean_europe,yes,yes,birds,177,3017,Rock Pigeon,Columba livia,2500,common,common,standard,inaturalist-regional-frequency-v1,compare then edit workbook
mediterranean_europe,yes,yes,birds,178,10411,Red Crossbill,Loxia curvirostra,2433,common,common,standard,inaturalist-regional-frequency-v1,compare then edit workbook
mediterranean_europe,yes,yes,birds,179,9201,Reed Bunting,Emberiza schoeniclus,2410,common,common,standard,inaturalist-regional-frequency-v1,compare then edit workbook
mediterranean_europe,yes,yes,birds,180,13738,Berthelot's Pipit,Anthus berthelotii,2400,common,common,standard,inaturalist-regional-frequency-v1,compare then edit workbook
mediterranean_europe,yes,yes,birds,181,3802,Northern Gannet,Morus bassanus,2384,common,common,standard,inaturalist-regional-frequency-v1,compare then edit workbook
mediterranean_europe,yes,yes,birds,182,5167,Montagu's Harrier,Circus pygargus,2327,common,common,standard,inaturalist-regional-frequency-v1,compare then edit workbook
mediterranean_europe,yes,yes,birds,183,144501,Slender-billed Gull,Chroicocephalus genei,2283,common,common,standard,inaturalist-regional-frequency-v1,compare then edit workbook
mediterranean_europe,yes,yes,birds,184,20307,Long-eared Owl,Asio otus,2189,common,common,standard,inaturalist-regional-frequency-v1,compare then edit workbook
mediterranean_europe,yes,yes,birds,185,9801,Hawfinch,Coccothraustes coccothraustes,2140,common,common,standard,inaturalist-regional-frequency-v1,compare then edit workbook
mediterranean_europe,yes,yes,birds,186,13711,Tree Pipit,Anthus trivialis,2124,common,common,standard,inaturalist-regional-frequency-v1,compare then edit workbook
mediterranean_europe,yes,yes,birds,187,144529,Little Tern,Sternula albifrons,2124,common,common,standard,inaturalist-regional-frequency-v1,compare then edit workbook
mediterranean_europe,yes,yes,birds,188,1504818,Madeiran Chaffinch,Fringilla maderensis,2085,common,common,standard,inaturalist-regional-frequency-v1,compare then edit workbook
mediterranean_europe,yes,yes,birds,189,3838,Little Stint,Calidris minuta,2047,common,common,standard,inaturalist-regional-frequency-v1,compare then edit workbook
mediterranean_europe,yes,yes,birds,190,558441,Eurasian Wigeon,Mareca penelope,1922,common,common,standard,inaturalist-regional-frequency-v1,compare then edit workbook
mediterranean_europe,yes,yes,birds,191,1289470,Greater Whitethroat,Curruca communis,1906,common,common,standard,inaturalist-regional-frequency-v1,compare then edit workbook
mediterranean_europe,yes,yes,birds,192,144809,Marsh Tit,Poecile palustris,1894,common,common,standard,inaturalist-regional-frequency-v1,compare then edit workbook
mediterranean_europe,yes,yes,birds,193,1578961,Little Bittern,Botaurus minutus,1873,common,common,standard,inaturalist-regional-frequency-v1,compare then edit workbook
mediterranean_europe,yes,yes,birds,194,2266,European Roller,Coracias garrulus,1853,common,common,standard,inaturalist-regional-frequency-v1,compare then edit workbook
mediterranean_europe,yes,yes,birds,195,14076,Rock Sparrow,Petronia petronia,1821,common,common,standard,inaturalist-regional-frequency-v1,compare then edit workbook
mediterranean_europe,yes,yes,birds,196,7055,Ferruginous Duck,Aythya nyroca,1803,common,common,standard,inaturalist-regional-frequency-v1,compare then edit workbook
mediterranean_europe,yes,yes,birds,197,7081,White-headed Duck,Oxyura leucocephala,1794,common,common,standard,inaturalist-regional-frequency-v1,compare then edit workbook
mediterranean_europe,yes,yes,birds,198,1289471,Western Subalpine Warbler,Curruca iberiae,1791,common,common,standard,inaturalist-regional-frequency-v1,compare then edit workbook
mediterranean_europe,yes,yes,birds,199,3882,Spotted Redshank,Tringa erythropus,1763,common,common,standard,inaturalist-regional-frequency-v1,compare then edit workbook
mediterranean_europe,yes,yes,birds,200,320711,Cory's Shearwater,Calonectris borealis,1758,common,common,standard,inaturalist-regional-frequency-v1,compare then edit workbook
mediterranean_europe,yes,yes,birds,201,4643,Eurasian Hobby,Falco subbuteo,1745,common,common,standard,inaturalist-regional-frequency-v1,compare then edit workbook
mediterranean_europe,yes,yes,birds,202,1504817,Azores Chaffinch,Fringilla moreletti,1740,common,common,standard,inaturalist-regional-frequency-v1,compare then edit workbook
mediterranean_europe,yes,yes,birds,203,6933,Northern Pintail,Anas acuta,1736,common,common,standard,inaturalist-regional-frequency-v1,compare then edit workbook
mediterranean_europe,yes,yes,birds,204,7347,Eurasian Skylark,Alauda arvensis,1732,common,common,standard,inaturalist-regional-frequency-v1,compare then edit workbook
mediterranean_europe,yes,yes,birds,205,13996,Alpine Accentor,Prunella collaris,1723,common,common,standard,inaturalist-regional-frequency-v1,compare then edit workbook
mediterranean_europe,yes,yes,birds,206,4333,Dalmatian Pelican,Pelecanus crispus,1720,common,common,standard,inaturalist-regional-frequency-v1,compare then edit workbook
mediterranean_europe,yes,yes,birds,207,62148,Whiskered Tern,Chlidonias hybrida,1705,common,common,standard,inaturalist-regional-frequency-v1,compare then edit workbook
mediterranean_europe,yes,yes,birds,208,513926,Water Rail,Rallus aquaticus,1705,common,common,standard,inaturalist-regional-frequency-v1,compare then edit workbook
mediterranean_europe,yes,yes,birds,209,4923,Eurasian Stone-curlew,Burhinus oedicnemus,1647,common,common,standard,inaturalist-regional-frequency-v1,compare then edit workbook
mediterranean_europe,yes,yes,birds,210,3863,Curlew Sandpiper,Calidris ferruginea,1619,common,common,standard,inaturalist-regional-frequency-v1,compare then edit workbook
mediterranean_europe,yes,yes,birds,211,7106,Mandarin Duck,Aix galericulata,1613,common,common,standard,inaturalist-regional-frequency-v1,compare then edit workbook
mediterranean_europe,yes,yes,birds,212,1787,Great Spotted Cuckoo,Clamator glandarius,1610,common,common,standard,inaturalist-regional-frequency-v1,compare then edit workbook
mediterranean_europe,yes,yes,birds,213,204456,Great Reed Warbler,Acrocephalus arundinaceus,1581,common,common,standard,inaturalist-regional-frequency-v1,compare then edit workbook
mediterranean_europe,yes,yes,birds,214,17835,Black Woodpecker,Dryocopus martius,1574,common,common,standard,inaturalist-regional-frequency-v1,compare then edit workbook
mediterranean_europe,yes,yes,birds,215,77,Great Bustard,Otis tarda,1569,common,common,standard,inaturalist-regional-frequency-v1,compare then edit workbook
mediterranean_europe,yes,yes,birds,216,1579015,Eurasian Goshawk,Astur gentilis,1539,common,common,standard,inaturalist-regional-frequency-v1,compare then edit workbook
mediterranean_europe,yes,yes,birds,217,10069,Brambling,Fringilla montifringilla,1512,uncommon,uncommon,standard,inaturalist-regional-frequency-v1,compare then edit workbook
mediterranean_europe,yes,yes,birds,218,558429,Garganey,Spatula querquedula,1511,uncommon,uncommon,standard,inaturalist-regional-frequency-v1,compare then edit workbook
mediterranean_europe,yes,yes,birds,219,1289467,Dartford Warbler,Curruca undata,1505,uncommon,uncommon,standard,inaturalist-regional-frequency-v1,compare then edit workbook
mediterranean_europe,yes,yes,birds,220,117007,Western Bonelli's Warbler,Phylloscopus bonelli,1501,uncommon,uncommon,standard,inaturalist-regional-frequency-v1,compare then edit workbook
mediterranean_europe,yes,yes,birds,221,4504,Atlantic Puffin,Fratercula arctica,1481,uncommon,uncommon,standard,inaturalist-regional-frequency-v1,compare then edit workbook
mediterranean_europe,yes,yes,birds,222,9462,Eurasian Bullfinch,Pyrrhula pyrrhula,1478,uncommon,uncommon,standard,inaturalist-regional-frequency-v1,compare then edit workbook
mediterranean_europe,yes,yes,birds,223,18448,Eurasian Wryneck,Jynx torquilla,1471,uncommon,uncommon,standard,inaturalist-regional-frequency-v1,compare then edit workbook
mediterranean_europe,yes,yes,birds,224,11941,Bank Swallow,Riparia riparia,1454,uncommon,uncommon,standard,inaturalist-regional-frequency-v1,compare then edit workbook
mediterranean_europe,yes,yes,birds,225,117011,Canary Islands Chiffchaff,Phylloscopus canariensis,1420,uncommon,uncommon,standard,inaturalist-regional-frequency-v1,compare then edit workbook
mediterranean_europe,yes,yes,birds,226,1204,Indian Peafowl,Pavo cristatus,1409,uncommon,uncommon,standard,inaturalist-regional-frequency-v1,compare then edit workbook
mediterranean_europe,yes,yes,birds,227,12707,Fieldfare,Turdus pilaris,1372,uncommon,uncommon,standard,inaturalist-regional-frequency-v1,compare then edit workbook
mediterranean_europe,yes,yes,birds,228,4356,Common Gull,Larus canus,1371,uncommon,uncommon,standard,inaturalist-regional-frequency-v1,compare then edit workbook
mediterranean_europe,yes,yes,birds,229,4889,European Golden-Plover,Pluvialis apricaria,1328,uncommon,uncommon,standard,inaturalist-regional-frequency-v1,compare then edit workbook
mediterranean_europe,yes,yes,birds,230,7139,Marbled Duck,Marmaronetta angustirostris,1309,uncommon,uncommon,standard,inaturalist-regional-frequency-v1,compare then edit workbook
mediterranean_europe,yes,yes,birds,231,3951,Bar-tailed Godwit,Limosa lapponica,1296,uncommon,uncommon,standard,inaturalist-regional-frequency-v1,compare then edit workbook
mediterranean_europe,yes,yes,birds,232,20445,Western Barn Owl,Tyto alba,1294,uncommon,uncommon,standard,inaturalist-regional-frequency-v1,compare then edit workbook
mediterranean_europe,yes,yes,birds,233,12838,Black Wheatear,Oenanthe leucura,1282,uncommon,uncommon,standard,inaturalist-regional-frequency-v1,compare then edit workbook
mediterranean_europe,yes,yes,birds,234,20059,Eurasian Eagle-Owl,Bubo bubo,1276,uncommon,uncommon,standard,inaturalist-regional-frequency-v1,compare then edit workbook
mediterranean_europe,yes,yes,birds,235,13712,Tawny Pipit,Anthus campestris,1254,uncommon,uncommon,standard,inaturalist-regional-frequency-v1,compare then edit workbook
mediterranean_europe,yes,yes,birds,236,559064,Hen Harrier,Circus cyaneus,1247,uncommon,uncommon,standard,inaturalist-regional-frequency-v1,compare then edit workbook
mediterranean_europe,yes,yes,birds,237,13676,Eurasian Penduline-Tit,Remiz pendulinus,1227,uncommon,uncommon,standard,inaturalist-regional-frequency-v1,compare then edit workbook
mediterranean_europe,yes,yes,birds,238,9195,Yellowhammer,Emberiza citrinella,1194,uncommon,uncommon,standard,inaturalist-regional-frequency-v1,compare then edit workbook
mediterranean_europe,yes,yes,birds,239,13071,Bluethroat,Luscinia svecica,1187,uncommon,uncommon,standard,inaturalist-regional-frequency-v1,compare then edit workbook
mediterranean_europe,yes,yes,birds,240,19410,Eurasian Nightjar,Caprimulgus europaeus,1186,uncommon,uncommon,standard,inaturalist-regional-frequency-v1,compare then edit workbook
mediterranean_europe,yes,yes,birds,241,792977,Lesser Spotted Woodpecker,Dryobates minor,1171,uncommon,uncommon,standard,inaturalist-regional-frequency-v1,compare then edit workbook
mediterranean_europe,yes,yes,birds,242,4604,Collared Pratincole,Glareola pratincola,1153,uncommon,uncommon,standard,inaturalist-regional-frequency-v1,compare then edit workbook
mediterranean_europe,yes,yes,birds,243,144536,Gull-billed Tern,Gelochelidon nilotica,1132,uncommon,uncommon,standard,inaturalist-regional-frequency-v1,compare then edit workbook
mediterranean_europe,yes,yes,birds,244,12825,Western Black-eared Wheatear,Oenanthe hispanica,1129,uncommon,uncommon,standard,inaturalist-regional-frequency-v1,compare then edit workbook
mediterranean_europe,yes,yes,birds,245,132,Little Bustard,Tetrax tetrax,1127,uncommon,uncommon,standard,inaturalist-regional-frequency-v1,compare then edit workbook
mediterranean_europe,yes,yes,birds,246,5275,Black-winged Kite,Elanus caeruleus,1093,uncommon,uncommon,standard,inaturalist-regional-frequency-v1,compare then edit workbook
mediterranean_europe,yes,yes,birds,247,5379,Bearded Vulture,Gypaetus barbatus,1059,uncommon,uncommon,standard,inaturalist-regional-frequency-v1,compare then edit workbook
mediterranean_europe,yes,yes,birds,248,204552,Northern Nutcracker,Nucifraga caryocatactes,1059,uncommon,uncommon,standard,inaturalist-regional-frequency-v1,compare then edit workbook
mediterranean_europe,yes,yes,birds,249,1286971,Eastern Black-eared Wheatear,Oenanthe melanoleuca,1055,uncommon,uncommon,standard,inaturalist-regional-frequency-v1,compare then edit workbook
mediterranean_europe,yes,yes,birds,250,487,Red-knobbed Coot,Fulica cristata,1052,uncommon,uncommon,standard,inaturalist-regional-frequency-v1,compare then edit workbook
mediterranean_europe,yes,yes,birds,251,144537,Caspian Tern,Hydroprogne caspia,1029,uncommon,uncommon,standard,inaturalist-regional-frequency-v1,compare then edit workbook
mediterranean_europe,yes,yes,birds,252,559070,Great Gray Shrike,Lanius excubitor,1018,uncommon,uncommon,standard,inaturalist-regional-frequency-v1,compare then edit workbook
mediterranean_europe,yes,yes,birds,253,3753,Northern Bald Ibis,Geronticus eremita,976,uncommon,uncommon,standard,inaturalist-regional-frequency-v1,compare then edit workbook
mediterranean_europe,yes,yes,birds,254,204544,White-winged Snowfinch,Montifringilla nivalis,958,uncommon,uncommon,standard,inaturalist-regional-frequency-v1,compare then edit workbook
mediterranean_europe,yes,yes,birds,255,7367,Calandra Lark,Melanocorypha calandra,947,uncommon,uncommon,standard,inaturalist-regional-frequency-v1,compare then edit workbook
mediterranean_europe,yes,yes,birds,256,4671,Eleonora's Falcon,Falco eleonorae,941,uncommon,uncommon,standard,inaturalist-regional-frequency-v1,compare then edit workbook
mediterranean_europe,yes,yes,birds,257,117027,Iberian Chiffchaff,Phylloscopus ibericus,932,uncommon,uncommon,standard,inaturalist-regional-frequency-v1,compare then edit workbook
mediterranean_europe,yes,yes,birds,258,15302,Garden Warbler,Sylvia borin,919,uncommon,uncommon,standard,inaturalist-regional-frequency-v1,compare then edit workbook
mediterranean_europe,yes,yes,birds,259,4368,Great Black-backed Gull,Larus marinus,894,uncommon,uncommon,standard,inaturalist-regional-frequency-v1,compare then edit workbook
mediterranean_europe,yes,yes,birds,260,578093,Greater Short-toed Lark,Calandrella brachydactyla,882,uncommon,uncommon,standard,inaturalist-regional-frequency-v1,compare then edit workbook
mediterranean_europe,yes,yes,birds,261,12749,Redwing,Turdus iliacus,868,uncommon,uncommon,standard,inaturalist-regional-frequency-v1,compare then edit workbook
mediterranean_europe,yes,yes,birds,262,117048,Wood Warbler,Phylloscopus sibilatrix,867,uncommon,uncommon,standard,inaturalist-regional-frequency-v1,compare then edit workbook
mediterranean_europe,yes,yes,birds,263,144467,Bonelli's Eagle,Aquila fasciata,854,uncommon,uncommon,legendary,inaturalist-regional-frequency-v1,compare then edit workbook
mediterranean_europe,yes,yes,birds,264,1289697,Black Grouse,Lyrurus tetrix,841,uncommon,uncommon,standard,inaturalist-regional-frequency-v1,compare then edit workbook
mediterranean_europe,yes,yes,birds,265,117078,Pin-tailed Sandgrouse,Pterocles alchata,824,uncommon,uncommon,standard,inaturalist-regional-frequency-v1,compare then edit workbook
mediterranean_europe,yes,yes,birds,266,1289200,Eastern Subalpine Warbler,Curruca cantillans,785,uncommon,uncommon,standard,inaturalist-regional-frequency-v1,compare then edit workbook
mediterranean_europe,yes,yes,birds,267,6914,Black Swan,Cygnus atratus,774,uncommon,uncommon,standard,inaturalist-regional-frequency-v1,compare then edit workbook
mediterranean_europe,yes,yes,birds,268,846,Chukar,Alectoris chukar,773,uncommon,uncommon,standard,inaturalist-regional-frequency-v1,compare then edit workbook
mediterranean_europe,yes,yes,birds,269,4641,Red-footed Falcon,Falco vespertinus,768,uncommon,uncommon,standard,inaturalist-regional-frequency-v1,compare then edit workbook
mediterranean_europe,yes,yes,birds,270,12740,Ring Ouzel,Turdus torquatus,767,uncommon,uncommon,standard,inaturalist-regional-frequency-v1,compare then edit workbook
mediterranean_europe,yes,yes,birds,271,14872,Crested Myna,Acridotheres cristatellus,757,uncommon,uncommon,standard,inaturalist-regional-frequency-v1,compare then edit workbook
mediterranean_europe,yes,yes,birds,272,3033,Stock Dove,Columba oenas,757,uncommon,uncommon,standard,inaturalist-regional-frequency-v1,compare then edit workbook
mediterranean_europe,yes,yes,birds,273,13140,Rufous-tailed Rock-Thrush,Monticola saxatilis,752,uncommon,uncommon,standard,inaturalist-regional-frequency-v1,compare then edit workbook
mediterranean_europe,yes,yes,birds,274,979721,Tenerife Blue Chaffinch,Fringilla teydea,730,uncommon,uncommon,standard,inaturalist-regional-frequency-v1,compare then edit workbook
mediterranean_europe,yes,yes,birds,275,13974,Yellow-crowned Bishop,Euplectes afer,724,uncommon,uncommon,standard,inaturalist-regional-frequency-v1,compare then edit workbook
mediterranean_europe,yes,yes,birds,276,509656,Scopoli's Shearwater,Calonectris diomedea,720,uncommon,uncommon,standard,inaturalist-regional-frequency-v1,compare then edit workbook
mediterranean_europe,yes,yes,birds,277,19482,Red-necked Nightjar,Caprimulgus ruficollis,716,uncommon,uncommon,standard,inaturalist-regional-frequency-v1,compare then edit workbook
mediterranean_europe,yes,yes,birds,278,116804,Sedge Warbler,Acrocephalus schoenobaenus,709,uncommon,uncommon,standard,inaturalist-regional-frequency-v1,compare then edit workbook
mediterranean_europe,yes,yes,birds,279,4501,Razorbill,Alca torda,707,uncommon,uncommon,standard,inaturalist-regional-frequency-v1,compare then edit workbook
mediterranean_europe,yes,yes,birds,280,4512,Black Tern,Chlidonias niger,693,uncommon,uncommon,standard,inaturalist-regional-frequency-v1,compare then edit workbook
mediterranean_europe,yes,yes,birds,281,1455922,Laughing Dove,Spilopelia senegalensis,654,uncommon,uncommon,standard,inaturalist-regional-frequency-v1,compare then edit workbook
mediterranean_europe,yes,yes,birds,282,144512,Little Gull,Hydrocoloeus minutus,649,uncommon,uncommon,standard,inaturalist-regional-frequency-v1,compare then edit workbook
mediterranean_europe,yes,yes,birds,283,1504816,Canary Islands Chaffinch,Fringilla canariensis,618,uncommon,uncommon,standard,inaturalist-regional-frequency-v1,compare then edit workbook
mediterranean_europe,yes,yes,birds,284,13793,Black-headed Weaver,Ploceus melanocephalus,608,uncommon,uncommon,standard,inaturalist-regional-frequency-v1,compare then edit workbook
mediterranean_europe,yes,yes,birds,285,804,Common Quail,Coturnix coturnix,605,uncommon,uncommon,standard,inaturalist-regional-frequency-v1,compare then edit workbook
mediterranean_europe,yes,yes,birds,286,7450,Eurasian Treecreeper,Certhia familiaris,599,uncommon,uncommon,standard,inaturalist-regional-frequency-v1,compare then edit workbook
mediterranean_europe,yes,yes,birds,287,6996,Red-breasted Merganser,Mergus serrator,573,uncommon,uncommon,standard,inaturalist-regional-frequency-v1,compare then edit workbook
mediterranean_europe,yes,yes,birds,288,6642,Plain Swift,Apus unicolor,560,uncommon,uncommon,standard,inaturalist-regional-frequency-v1,compare then edit workbook
mediterranean_europe,yes,yes,birds,289,3845,Red Knot,Calidris canutus,555,uncommon,uncommon,standard,inaturalist-regional-frequency-v1,compare then edit workbook
mediterranean_europe,yes,yes,birds,290,367564,Blue-crowned Parakeet,Thectocercus acuticaudatus,549,uncommon,uncommon,standard,inaturalist-regional-frequency-v1,compare then edit workbook
mediterranean_europe,yes,yes,birds,291,4389,Caspian Gull,Larus cachinnans,547,uncommon,uncommon,standard,inaturalist-regional-frequency-v1,compare then edit workbook
mediterranean_europe,yes,yes,birds,292,1289480,Western Orphean Warbler,Curruca hortensis,542,uncommon,uncommon,standard,inaturalist-regional-frequency-v1,compare then edit workbook
mediterranean_europe,yes,yes,birds,293,144812,Willow Tit,Poecile montanus,542,uncommon,uncommon,standard,inaturalist-regional-frequency-v1,compare then edit workbook
mediterranean_europe,yes,yes,birds,294,8029,Rook,Corvus frugilegus,536,uncommon,uncommon,standard,inaturalist-regional-frequency-v1,compare then edit workbook
mediterranean_europe,yes,yes,birds,295,1289469,Spectacled Warbler,Curruca conspicillata,529,uncommon,uncommon,standard,inaturalist-regional-frequency-v1,compare then edit workbook
mediterranean_europe,yes,yes,birds,296,9196,Ortolan Bunting,Emberiza hortulana,522,uncommon,uncommon,standard,inaturalist-regional-frequency-v1,compare then edit workbook
mediterranean_europe,yes,yes,birds,297,4327,Great White Pelican,Pelecanus onocrotalus,516,uncommon,uncommon,standard,inaturalist-regional-frequency-v1,compare then edit workbook
mediterranean_europe,yes,yes,birds,298,1289484,Lesser Whitethroat,Curruca curruca,510,uncommon,uncommon,standard,inaturalist-regional-frequency-v1,compare then edit workbook
mediterranean_europe,yes,yes,birds,299,204533,European Herring Gull,Larus argentatus,510,uncommon,uncommon,standard,inaturalist-regional-frequency-v1,compare then edit workbook
mediterranean_europe,yes,yes,birds,300,871,Barbary Partridge,Alectoris barbara,505,uncommon,uncommon,standard,inaturalist-regional-frequency-v1,compare then edit workbook
mediterranean_europe,yes,yes,birds,301,546379,Mediterranean Short-toed Lark,Alaudala rufescens,480,uncommon,uncommon,standard,inaturalist-regional-frequency-v1,compare then edit workbook
mediterranean_europe,yes,yes,birds,302,117088,Black-bellied Sandgrouse,Pterocles orientalis,479,uncommon,uncommon,standard,inaturalist-regional-frequency-v1,compare then edit workbook
mediterranean_europe,yes,yes,birds,303,863,Rock Partridge,Alectoris graeca,464,uncommon,uncommon,standard,inaturalist-regional-frequency-v1,compare then edit workbook
mediterranean_europe,yes,yes,birds,304,7107,Wood Duck,Aix sponsa,463,uncommon,uncommon,standard,inaturalist-regional-frequency-v1,compare then edit workbook
mediterranean_europe,yes,yes,birds,305,14811,Western Rock Nuthatch,Sitta neumayer,454,uncommon,uncommon,standard,inaturalist-regional-frequency-v1,compare then edit workbook
mediterranean_europe,yes,yes,birds,306,14840,Wallcreeper,Tichodroma muraria,454,uncommon,uncommon,standard,inaturalist-regional-frequency-v1,compare then edit workbook
mediterranean_europe,yes,yes,birds,307,20315,Short-eared Owl,Asio flammeus,434,rare,rare,standard,inaturalist-regional-frequency-v1,compare then edit workbook
mediterranean_europe,yes,yes,birds,308,5033,Eurasian Bittern,Botaurus stellaris,432,rare,rare,standard,inaturalist-regional-frequency-v1,compare then edit workbook
mediterranean_europe,yes,yes,birds,309,116802,Marsh Warbler,Acrocephalus palustris,424,rare,rare,standard,inaturalist-regional-frequency-v1,compare then edit workbook
mediterranean_europe,yes,yes,birds,310,3931,Eurasian Woodcock,Scolopax rusticola,422,rare,rare,standard,inaturalist-regional-frequency-v1,compare then edit workbook
mediterranean_europe,yes,yes,birds,311,827402,Madeira Firecrest,Regulus madeirensis,420,rare,rare,standard,inaturalist-regional-frequency-v1,compare then edit workbook
mediterranean_europe,yes,yes,birds,312,144850,African Blue Tit,Cyanistes teneriffae,412,rare,rare,standard,inaturalist-regional-frequency-v1,compare then edit workbook
mediterranean_europe,yes,yes,birds,313,13133,Collared Flycatcher,Ficedula albicollis,411,rare,rare,standard,inaturalist-regional-frequency-v1,compare then edit workbook
mediterranean_europe,yes,yes,birds,314,5309,White-tailed Eagle,Haliaeetus albicilla,386,rare,rare,standard,inaturalist-regional-frequency-v1,compare then edit workbook
mediterranean_europe,yes,yes,birds,315,7019,Greater White-fronted Goose,Anser albifrons,381,rare,rare,standard,inaturalist-regional-frequency-v1,compare then edit workbook
mediterranean_europe,yes,yes,birds,316,949,Rock Ptarmigan,Lagopus muta,380,rare,rare,standard,inaturalist-regional-frequency-v1,compare then edit workbook
mediterranean_europe,yes,yes,birds,317,4672,Merlin,Falco columbarius,376,rare,rare,standard,inaturalist-regional-frequency-v1,compare then edit workbook
mediterranean_europe,yes,yes,birds,318,178,Spotted Crake,Porzana porzana,375,rare,rare,standard,inaturalist-regional-frequency-v1,compare then edit workbook
mediterranean_europe,yes,yes,birds,319,4866,Spur-winged Lapwing,Vanellus spinosus,373,rare,rare,standard,inaturalist-regional-frequency-v1,compare then edit workbook
mediterranean_europe,yes,yes,birds,320,15560,Red-billed Leiothrix,Leiothrix lutea,368,rare,rare,standard,inaturalist-regional-frequency-v1,compare then edit workbook
mediterranean_europe,yes,yes,birds,321,3837,Temminck's Stint,Calidris temminckii,366,rare,rare,standard,inaturalist-regional-frequency-v1,compare then edit workbook
mediterranean_europe,yes,yes,birds,322,9237,Citril Finch,Carduelis citrinella,361,rare,rare,standard,inaturalist-regional-frequency-v1,compare then edit workbook
mediterranean_europe,yes,yes,birds,323,73315,Balearic Shearwater,Puffinus mauretanicus,353,rare,rare,standard,inaturalist-regional-frequency-v1,compare then edit workbook
mediterranean_europe,yes,yes,birds,324,4626,Common Loon,Gavia immer,341,rare,rare,standard,inaturalist-regional-frequency-v1,compare then edit workbook
mediterranean_europe,yes,yes,birds,325,4623,Arctic Loon,Gavia arctica,339,rare,rare,standard,inaturalist-regional-frequency-v1,compare then edit workbook
mediterranean_europe,yes,yes,birds,326,367571,Mitred Parakeet,Psittacara mitratus,339,rare,rare,standard,inaturalist-regional-frequency-v1,compare then edit workbook
mediterranean_europe,yes,yes,birds,327,7089,Canada Goose,Branta canadensis,335,rare,rare,standard,inaturalist-regional-frequency-v1,compare then edit workbook
mediterranean_europe,yes,yes,birds,328,12054,Lesser Grey Shrike,Lanius minor,331,rare,rare,standard,inaturalist-regional-frequency-v1,compare then edit workbook
mediterranean_europe,yes,yes,birds,329,9203,Black-headed Bunting,Emberiza melanocephala,328,rare,rare,standard,inaturalist-regional-frequency-v1,compare then edit workbook
mediterranean_europe,yes,yes,birds,330,144221,Common Scoter,Melanitta nigra,328,rare,rare,standard,inaturalist-regional-frequency-v1,compare then edit workbook
mediterranean_europe,yes,yes,birds,331,6612,Little Swift,Apus affinis,317,rare,rare,standard,inaturalist-regional-frequency-v1,compare then edit workbook
mediterranean_europe,yes,yes,birds,332,5192,Long-legged Buzzard,Buteo rufinus,316,rare,rare,standard,inaturalist-regional-frequency-v1,compare then edit workbook
mediterranean_europe,yes,yes,birds,333,72572,Trumpeter Finch,Bucanetes githagineus,314,rare,rare,standard,inaturalist-regional-frequency-v1,compare then edit workbook
mediterranean_europe,yes,yes,birds,334,831,Gray Partridge,Perdix perdix,314,rare,rare,standard,inaturalist-regional-frequency-v1,compare then edit workbook
mediterranean_europe,yes,yes,birds,335,792985,Middle Spotted Woodpecker,Dendrocoptes medius,313,rare,rare,standard,inaturalist-regional-frequency-v1,compare then edit workbook
mediterranean_europe,yes,yes,birds,336,4788,Eurasian Dotterel,Eudromias morinellus,308,rare,rare,standard,inaturalist-regional-frequency-v1,compare then edit workbook
mediterranean_europe,yes,yes,birds,337,4109,Yelkouan Shearwater,Puffinus yelkouan,301,rare,rare,standard,inaturalist-regional-frequency-v1,compare then edit workbook
mediterranean_europe,yes,yes,birds,338,7117,Upland Goose,Chloephaga picta,300,rare,rare,standard,inaturalist-regional-frequency-v1,compare then edit workbook
mediterranean_europe,yes,yes,birds,339,3856,Purple Sandpiper,Calidris maritima,285,rare,rare,standard,inaturalist-regional-frequency-v1,compare then edit workbook
mediterranean_europe,yes,yes,birds,340,508919,Little Crake,Zapornia parva,275,rare,rare,standard,inaturalist-regional-frequency-v1,compare then edit workbook
mediterranean_europe,yes,yes,birds,341,201180,Eastern Olivaceous Warbler,Iduna pallida,272,rare,rare,standard,inaturalist-regional-frequency-v1,compare then edit workbook
mediterranean_europe,yes,yes,birds,342,7101,Barnacle Goose,Branta leucopsis,266,rare,rare,standard,inaturalist-regional-frequency-v1,compare then edit workbook
mediterranean_europe,yes,yes,birds,343,7024,Common Eider,Somateria mollissima,262,rare,rare,standard,inaturalist-regional-frequency-v1,compare then edit workbook
mediterranean_europe,yes,yes,birds,344,12913,Fuerteventura Stonechat,Saxicola dacotiae,259,rare,rare,standard,inaturalist-regional-frequency-v1,compare then edit workbook
mediterranean_europe,yes,yes,birds,345,4494,Black-legged Kittiwake,Rissa tridactyla,245,rare,rare,standard,inaturalist-regional-frequency-v1,compare then edit workbook
mediterranean_europe,yes,yes,birds,346,3881,Marsh Sandpiper,Tringa stagnatilis,244,rare,rare,standard,inaturalist-regional-frequency-v1,compare then edit workbook
mediterranean_europe,yes,yes,birds,347,7044,Ring-necked Duck,Aythya collaris,238,rare,rare,standard,inaturalist-regional-frequency-v1,compare then edit workbook
mediterranean_europe,yes,yes,birds,348,7047,Greater Scaup,Aythya marila,237,rare,rare,standard,inaturalist-regional-frequency-v1,compare then edit workbook
mediterranean_europe,yes,yes,birds,349,12834,Cyprus Wheatear,Oenanthe cypriaca,237,rare,rare,standard,inaturalist-regional-frequency-v1,compare then edit workbook
mediterranean_europe,yes,yes,birds,350,4627,Red-throated Loon,Gavia stellata,235,rare,rare,standard,inaturalist-regional-frequency-v1,compare then edit workbook
mediterranean_europe,yes,yes,birds,351,13721,Red-throated Pipit,Anthus cervinus,234,very_rare,very_rare,standard,inaturalist-regional-frequency-v1,compare then edit workbook
mediterranean_europe,yes,yes,birds,352,6990,Common Goldeneye,Bucephala clangula,234,very_rare,very_rare,standard,inaturalist-regional-frequency-v1,compare then edit workbook
mediterranean_europe,yes,yes,birds,353,3055,Bolle's Pigeon,Columba bollii,233,very_rare,very_rare,standard,inaturalist-regional-frequency-v1,compare then edit workbook
mediterranean_europe,yes,yes,birds,354,17867,Syrian Woodpecker,Dendrocopos syriacus,232,very_rare,very_rare,standard,inaturalist-regional-frequency-v1,compare then edit workbook
mediterranean_europe,yes,yes,birds,355,116799,Moustached Warbler,Acrocephalus melanopogon,225,very_rare,very_rare,standard,inaturalist-regional-frequency-v1,compare then edit workbook
mediterranean_europe,yes,yes,birds,356,7008,Bar-headed Goose,Anser indicus,225,very_rare,very_rare,standard,inaturalist-regional-frequency-v1,compare then edit workbook
mediterranean_europe,yes,yes,birds,357,201035,Greater Spotted Eagle,Clanga clanga,225,very_rare,very_rare,standard,inaturalist-regional-frequency-v1,compare then edit workbook
mediterranean_europe,yes,yes,birds,358,3054,Trocaz Pigeon,Columba trocaz,215,very_rare,very_rare,standard,inaturalist-regional-frequency-v1,compare then edit workbook
mediterranean_europe,yes,yes,birds,359,12023,Masked Shrike,Lanius nubicus,211,very_rare,very_rare,standard,inaturalist-regional-frequency-v1,compare then edit workbook
mediterranean_europe,yes,yes,birds,360,4514,White-winged Tern,Chlidonias leucopterus,210,very_rare,very_rare,standard,inaturalist-regional-frequency-v1,compare then edit workbook
mediterranean_europe,yes,yes,fish,1,50972,Ornate Wrasse,Thalassoma pavo,8113,common,common,standard,inaturalist-regional-frequency-v1,compare then edit workbook
mediterranean_europe,yes,yes,fish,2,118663,Salema Porgy,Sarpa salpa,8033,common,common,standard,inaturalist-regional-frequency-v1,compare then edit workbook
mediterranean_europe,yes,yes,fish,3,118667,Common Two-banded Seabream,Diplodus vulgaris,7084,common,common,standard,inaturalist-regional-frequency-v1,compare then edit workbook
mediterranean_europe,yes,yes,fish,4,118669,White Sea Bream,Diplodus sargus,6121,common,common,standard,inaturalist-regional-frequency-v1,compare then edit workbook
mediterranean_europe,yes,yes,fish,5,50968,Mediterranean Rainbow Wrasse,Coris julis,5492,common,common,standard,inaturalist-regional-frequency-v1,compare then edit workbook
mediterranean_europe,yes,yes,fish,6,118674,Painted Comber,Serranus scriba,5376,common,common,standard,inaturalist-regional-frequency-v1,compare then edit workbook
mediterranean_europe,yes,yes,fish,7,118682,Mediterranean Damselfish,Chromis chromis,5179,common,common,standard,inaturalist-regional-frequency-v1,compare then edit workbook
mediterranean_europe,yes,yes,fish,8,118662,Saddled Seabream,Oblada melanurus,4820,common,common,standard,inaturalist-regional-frequency-v1,compare then edit workbook
mediterranean_europe,yes,yes,fish,9,52554,East Atlantic Peacock Wrasse,Symphodus tinca,4332,common,common,standard,inaturalist-regional-frequency-v1,compare then edit workbook
mediterranean_europe,yes,yes,fish,10,112860,European Parrotfish,Sparisoma cretense,4303,common,common,standard,inaturalist-regional-frequency-v1,compare then edit workbook
mediterranean_europe,yes,yes,fish,11,100119,Dusky Grouper,Epinephelus marginatus,4097,common,common,standard,inaturalist-regional-frequency-v1,compare then edit workbook
mediterranean_europe,yes,yes,fish,12,118619,Striped Red Mullet,Mullus surmuletus,3731,common,common,standard,inaturalist-regional-frequency-v1,compare then edit workbook
mediterranean_europe,yes,yes,fish,13,53911,European Carp,Cyprinus carpio,3299,common,common,standard,inaturalist-regional-frequency-v1,compare then edit workbook
mediterranean_europe,yes,yes,fish,14,338049,Ringneck Blenny,Parablennius pilicornis,2885,common,common,standard,inaturalist-regional-frequency-v1,compare then edit workbook
mediterranean_europe,yes,yes,fish,15,118590,Mediterranean Moray,Muraena helena,2739,common,common,standard,inaturalist-regional-frequency-v1,compare then edit workbook
mediterranean_europe,yes,yes,fish,16,342288,Madeira Scorpionfish,Scorpaena maderensis,2639,common,common,standard,inaturalist-regional-frequency-v1,compare then edit workbook
mediterranean_europe,yes,yes,fish,17,118686,Rusty Blenny,Parablennius sanguinolentus,2532,common,common,standard,inaturalist-regional-frequency-v1,compare then edit workbook
mediterranean_europe,yes,yes,fish,18,118660,Striped Seabream,Lithognathus mormyrus,2465,common,common,standard,inaturalist-regional-frequency-v1,compare then edit workbook
mediterranean_europe,yes,yes,fish,19,505877,Incognito Goby,Gobius incognitus,2421,common,common,standard,inaturalist-regional-frequency-v1,compare then edit workbook
mediterranean_europe,yes,yes,fish,20,188591,Red-black Triplefin,Tripterygion tripteronotum,2265,common,common,standard,inaturalist-regional-frequency-v1,compare then edit workbook
mediterranean_europe,yes,yes,fish,21,1494783,Gilthead Seabream,Sparus aurata,2236,common,common,standard,inaturalist-regional-frequency-v1,compare then edit workbook
mediterranean_europe,yes,yes,fish,22,118631,Black Scorpionfish,Scorpaena porcus,2218,common,common,standard,inaturalist-regional-frequency-v1,compare then edit workbook
mediterranean_europe,yes,yes,fish,23,53696,Sharpsnout Seabream,Diplodus puntazzo,2156,common,common,standard,inaturalist-regional-frequency-v1,compare then edit workbook
mediterranean_europe,yes,yes,fish,24,118685,Tompot Blenny,Parablennius gattorugine,2099,common,common,standard,inaturalist-regional-frequency-v1,compare then edit workbook
mediterranean_europe,yes,yes,fish,25,118640,Wide-eyed Flounder,Bothus podas,2080,common,common,standard,inaturalist-regional-frequency-v1,compare then edit workbook
mediterranean_europe,yes,yes,fish,26,624069,Moroccan White Seabream,Diplodus cadenati,2033,common,common,standard,inaturalist-regional-frequency-v1,compare then edit workbook
mediterranean_europe,yes,yes,fish,27,118514,Mediterranean Cardinalfish,Apogon imberbis,2032,common,common,standard,inaturalist-regional-frequency-v1,compare then edit workbook
mediterranean_europe,yes,yes,fish,28,118675,Comber,Serranus cabrilla,2030,common,common,standard,inaturalist-regional-frequency-v1,compare then edit workbook
mediterranean_europe,yes,yes,fish,29,118703,Giant Goby,Gobius cobitis,1953,common,common,standard,inaturalist-regional-frequency-v1,compare then edit workbook
mediterranean_europe,yes,yes,fish,31,97345,Thicklip Grey Mullet,Chelon labrosus,1932,common,common,standard,inaturalist-regional-frequency-v1,compare then edit workbook
mediterranean_europe,yes,yes,fish,32,49614,Pumpkinseed,Lepomis gibbosus,1921,common,common,standard,inaturalist-regional-frequency-v1,compare then edit workbook
mediterranean_europe,yes,yes,fish,33,118664,Bogue,Boops boops,1810,common,common,standard,inaturalist-regional-frequency-v1,compare then edit workbook
mediterranean_europe,yes,yes,fish,34,118665,Annular Seabream,Diplodus annularis,1751,common,common,standard,inaturalist-regional-frequency-v1,compare then edit workbook
mediterranean_europe,yes,yes,fish,35,99269,European Seabass,Dicentrarchus labrax,1733,common,common,standard,inaturalist-regional-frequency-v1,compare then edit workbook
mediterranean_europe,yes,yes,fish,36,84969,Short-snouted Seahorse,Hippocampus hippocampus,1659,common,common,standard,inaturalist-regional-frequency-v1,compare then edit workbook
mediterranean_europe,yes,yes,fish,37,120634,Dusky Spinefoot,Siganus luridus,1623,common,common,standard,inaturalist-regional-frequency-v1,compare then edit workbook
mediterranean_europe,yes,yes,fish,38,113535,Five-spotted Wrasse,Symphodus roissali,1623,common,common,standard,inaturalist-regional-frequency-v1,compare then edit workbook
mediterranean_europe,yes,yes,fish,39,113019,Cavedano Chub,Squalius squalus,1601,common,common,standard,inaturalist-regional-frequency-v1,compare then edit workbook
mediterranean_europe,yes,yes,fish,40,47260,Yellowmouth Barracuda,Sphyraena viridensis,1556,common,common,standard,inaturalist-regional-frequency-v1,compare then edit workbook
mediterranean_europe,yes,yes,fish,41,47518,Brown Trout,Salmo trutta,1512,common,common,standard,inaturalist-regional-frequency-v1,compare then edit workbook
mediterranean_europe,yes,yes,fish,42,112568,Rivulated Rabbitfish,Siganus rivulatus,1487,common,common,standard,inaturalist-regional-frequency-v1,compare then edit workbook
mediterranean_europe,yes,yes,fish,43,118706,Rock Goby,Gobius paganellus,1434,common,common,standard,inaturalist-regional-frequency-v1,compare then edit workbook
mediterranean_europe,yes,yes,fish,44,118617,Boxlip Mullet,Oedalechilus labeo,1424,common,common,standard,inaturalist-regional-frequency-v1,compare then edit workbook
mediterranean_europe,yes,yes,fish,45,118642,Black-faced Blenny,Tripterygion delaisi,1422,common,common,standard,inaturalist-regional-frequency-v1,compare then edit workbook
mediterranean_europe,yes,yes,fish,46,118704,Black Goby,Gobius niger,1393,common,common,standard,inaturalist-regional-frequency-v1,compare then edit workbook
mediterranean_europe,yes,yes,fish,47,49984,Horned Bream,Diplodus cervinus,1317,common,common,standard,inaturalist-regional-frequency-v1,compare then edit workbook
mediterranean_europe,yes,yes,fish,48,118688,Peacock Blenny,Salaria pavo,1276,common,common,standard,inaturalist-regional-frequency-v1,compare then edit workbook
mediterranean_europe,yes,yes,fish,49,1256672,Canary Damsel,Similiparma lurida,1264,common,common,standard,inaturalist-regional-frequency-v1,compare then edit workbook
mediterranean_europe,yes,yes,fish,50,118693,Sphinx Blenny,Aidablennius sphynx,1246,common,common,standard,inaturalist-regional-frequency-v1,compare then edit workbook
mediterranean_europe,yes,yes,fish,51,51401,Pompano,Trachinotus ovatus,1225,common,common,standard,inaturalist-regional-frequency-v1,compare then edit workbook
mediterranean_europe,yes,yes,fish,52,120637,Mystery Blenny,Parablennius incognitus,1160,common,common,standard,inaturalist-regional-frequency-v1,compare then edit workbook
mediterranean_europe,yes,yes,fish,53,115188,Pearly Razorfish,Xyrichtys novacula,1103,common,common,standard,inaturalist-regional-frequency-v1,compare then edit workbook
mediterranean_europe,yes,yes,fish,54,108409,Rock-pool Blenny,Parablennius parvicornis,1100,common,common,standard,inaturalist-regional-frequency-v1,compare then edit workbook
mediterranean_europe,yes,yes,fish,55,113701,Atlantic Lizardfish,Synodus saurus,1085,common,common,standard,inaturalist-regional-frequency-v1,compare then edit workbook
mediterranean_europe,yes,yes,fish,56,118630,Small Red Scorpionfish,Scorpaena notata,1082,common,common,standard,inaturalist-regional-frequency-v1,compare then edit workbook
mediterranean_europe,yes,yes,fish,57,118707,Madeira Goby,Mauligobius maderensis,1035,common,common,standard,inaturalist-regional-frequency-v1,compare then edit workbook
mediterranean_europe,yes,yes,fish,58,128858,Macaronesian Toby,Canthigaster capistrata,1031,common,common,standard,inaturalist-regional-frequency-v1,compare then edit workbook
mediterranean_europe,yes,yes,fish,59,100091,Gold Blotch Grouper,Epinephelus costae,1004,common,common,standard,inaturalist-regional-frequency-v1,compare then edit workbook
mediterranean_europe,yes,yes,fish,60,210294,Shanny,Lipophrys pholis,985,common,common,standard,inaturalist-regional-frequency-v1,compare then edit workbook
mediterranean_europe,yes,yes,fish,61,1439808,Largemouth Bass,Micropterus nigricans,980,common,common,standard,inaturalist-regional-frequency-v1,compare then edit workbook
mediterranean_europe,yes,yes,fish,62,94786,Big-scale Sand Smelt,Atherina boyeri,972,common,common,standard,inaturalist-regional-frequency-v1,compare then edit workbook
mediterranean_europe,yes,yes,fish,63,103912,Brown Wrasse,Labrus merula,946,common,common,standard,inaturalist-regional-frequency-v1,compare then edit workbook
mediterranean_europe,yes,yes,fish,64,118692,Montagu's Blenny,Coryphoblennius galerita,943,common,common,standard,inaturalist-regional-frequency-v1,compare then edit workbook
mediterranean_europe,yes,yes,fish,65,94105,European Eel,Anguilla anguilla,928,common,common,standard,inaturalist-regional-frequency-v1,compare then edit workbook
mediterranean_europe,yes,yes,fish,66,106306,Island Grouper,Mycteroperca fusca,899,common,common,standard,inaturalist-regional-frequency-v1,compare then edit workbook
mediterranean_europe,yes,yes,fish,67,108412,Zvonimir's Blenny,Parablennius zvonimiri,898,common,common,standard,inaturalist-regional-frequency-v1,compare then edit workbook
mediterranean_europe,yes,yes,fish,68,118652,Greater Weever,Trachinus draco,875,common,common,standard,inaturalist-regional-frequency-v1,compare then edit workbook
mediterranean_europe,yes,yes,fish,69,118655,Black Seabream,Spondyliosoma cantharus,868,common,common,standard,inaturalist-regional-frequency-v1,compare then edit workbook
mediterranean_europe,yes,yes,fish,70,118589,European Conger,Conger conger,862,common,common,standard,inaturalist-regional-frequency-v1,compare then edit workbook
mediterranean_europe,yes,yes,fish,71,113531,Axillary Wrasse,Symphodus mediterraneus,860,common,common,standard,inaturalist-regional-frequency-v1,compare then edit workbook
mediterranean_europe,yes,yes,fish,72,118702,Red-mouthed Goby,Gobius cruentatus,852,common,common,standard,inaturalist-regional-frequency-v1,compare then edit workbook
mediterranean_europe,yes,yes,fish,73,63412,East Atlantic Redlip Blenny,Ophioblennius atlanticus,800,common,common,standard,inaturalist-regional-frequency-v1,compare then edit workbook
mediterranean_europe,yes,yes,fish,74,131428,Red Lizardfish,Synodus synodus,793,common,common,standard,inaturalist-regional-frequency-v1,compare then edit workbook
mediterranean_europe,yes,yes,fish,75,114453,Small Triplefin Blenny,Tripterygion melanurus,786,common,common,standard,inaturalist-regional-frequency-v1,compare then edit workbook
mediterranean_europe,yes,yes,fish,76,123459,Indian Lionfish,Pterois miles,780,common,common,standard,inaturalist-regional-frequency-v1,compare then edit workbook
mediterranean_europe,yes,yes,fish,77,84861,Red Scorpionfish,Scorpaena scrofa,779,common,common,standard,inaturalist-regional-frequency-v1,compare then edit workbook
mediterranean_europe,yes,yes,fish,78,51549,Greater Amberjack,Seriola dumerili,770,common,common,standard,inaturalist-regional-frequency-v1,compare then edit workbook
mediterranean_europe,yes,yes,fish,79,342289,Guinean Puffer,Sphoeroides marmoratus,750,common,common,standard,inaturalist-regional-frequency-v1,compare then edit workbook
mediterranean_europe,yes,yes,fish,80,101621,Slender Goby,Gobius geniporus,747,common,common,standard,inaturalist-regional-frequency-v1,compare then edit workbook
mediterranean_europe,yes,yes,fish,81,1360107,Atlantic rainbow wrasse,Coris melanura,737,common,common,standard,inaturalist-regional-frequency-v1,compare then edit workbook
mediterranean_europe,yes,yes,fish,82,47241,Eastern Atlantic Trumpetfish,Aulostomus strigosus,726,common,common,standard,inaturalist-regional-frequency-v1,compare then edit workbook
mediterranean_europe,yes,yes,fish,83,112497,Blacktail Comber,Serranus atricauda,724,common,common,standard,inaturalist-regional-frequency-v1,compare then edit workbook
mediterranean_europe,yes,yes,fish,84,49606,Grey Triggerfish,Balistes capriscus,716,common,common,standard,inaturalist-regional-frequency-v1,compare then edit workbook
mediterranean_europe,yes,yes,fish,85,113003,European Chub,Squalius cephalus,702,common,common,standard,inaturalist-regional-frequency-v1,compare then edit workbook
mediterranean_europe,yes,yes,fish,86,102821,Long-snouted Seahorse,Hippocampus guttulatus,692,common,common,standard,inaturalist-regional-frequency-v1,compare then edit workbook
mediterranean_europe,yes,yes,fish,87,120708,Molly Miller,Scartella cristata,690,common,common,standard,inaturalist-regional-frequency-v1,compare then edit workbook
mediterranean_europe,yes,yes,fish,88,342041,Atlantic Damselfish,Chromis limbata,648,common,common,standard,inaturalist-regional-frequency-v1,compare then edit workbook
mediterranean_europe,yes,yes,fish,89,118683,Brown Meagre,Sciaena umbra,636,common,common,standard,inaturalist-regional-frequency-v1,compare then edit workbook
mediterranean_europe,yes,yes,fish,90,113862,Italian Riffle Dace,Telestes muticellus,614,common,common,standard,inaturalist-regional-frequency-v1,compare then edit workbook
mediterranean_europe,yes,yes,fish,91,113534,Ocellated Wrasse,Symphodus ocellatus,613,common,common,standard,inaturalist-regional-frequency-v1,compare then edit workbook
mediterranean_europe,yes,yes,fish,92,204776,Silver Trevally,Pseudocaranx dentex,612,uncommon,uncommon,standard,inaturalist-regional-frequency-v1,compare then edit workbook
mediterranean_europe,yes,yes,fish,93,47516,Rainbow Trout,Oncorhynchus mykiss,597,uncommon,uncommon,standard,inaturalist-regional-frequency-v1,compare then edit workbook
mediterranean_europe,yes,yes,fish,94,446216,Caneva's Blenny,Microlipophrys canevae,593,uncommon,uncommon,standard,inaturalist-regional-frequency-v1,compare then edit workbook
mediterranean_europe,yes,yes,fish,95,342285,Lipophrys trigloides,Lipophrys trigloides,579,uncommon,uncommon,standard,inaturalist-regional-frequency-v1,compare then edit workbook
mediterranean_europe,yes,yes,fish,96,118708,Bucchich's Goby,Gobius bucchichi,577,uncommon,uncommon,standard,inaturalist-regional-frequency-v1,compare then edit workbook
mediterranean_europe,yes,yes,fish,97,113533,Corkwing Wrasse,Symphodus melops,572,uncommon,uncommon,standard,inaturalist-regional-frequency-v1,compare then edit workbook
mediterranean_europe,yes,yes,fish,98,108196,Red Porgy,Pagrus pagrus,570,uncommon,uncommon,standard,inaturalist-regional-frequency-v1,compare then edit workbook
mediterranean_europe,yes,yes,fish,100,106222,Sea Mullet,Mugil cephalus,558,uncommon,uncommon,standard,inaturalist-regional-frequency-v1,compare then edit workbook
mediterranean_europe,yes,yes,fish,101,118654,Dentex,Dentex dentex,555,uncommon,uncommon,standard,inaturalist-regional-frequency-v1,compare then edit workbook
mediterranean_europe,yes,yes,fish,102,55016,Flying Gurnard,Dactylopterus volitans,543,uncommon,uncommon,standard,inaturalist-regional-frequency-v1,compare then edit workbook
mediterranean_europe,yes,yes,fish,103,132526,Planehead Filefish,Stephanolepis hispida,535,uncommon,uncommon,standard,inaturalist-regional-frequency-v1,compare then edit workbook
mediterranean_europe,yes,yes,fish,104,113536,Pointed-snout Wrasse,Symphodus rostratus,529,uncommon,uncommon,standard,inaturalist-regional-frequency-v1,compare then edit workbook
mediterranean_europe,yes,yes,fish,105,113529,Grey Wrasse,Symphodus cinereus,524,uncommon,uncommon,standard,inaturalist-regional-frequency-v1,compare then edit workbook
mediterranean_europe,yes,yes,fish,106,104834,Iberian Barbel,Luciobarbus bocagei,521,uncommon,uncommon,standard,inaturalist-regional-frequency-v1,compare then edit workbook
mediterranean_europe,yes,yes,fish,107,108410,Longstriped Blenny,Parablennius rouxi,511,uncommon,uncommon,standard,inaturalist-regional-frequency-v1,compare then edit workbook
mediterranean_europe,yes,yes,fish,108,446572,Flavimaculosus Puffer,Torquigener flavimaculosus,511,uncommon,uncommon,standard,inaturalist-regional-frequency-v1,compare then edit workbook
mediterranean_europe,yes,yes,fish,109,1316085,Butterfly-winged Comber,Serranus papilionaceus,504,uncommon,uncommon,standard,inaturalist-regional-frequency-v1,compare then edit workbook
mediterranean_europe,yes,yes,fish,110,108184,Padanian Goby,Padogobius bonelli,482,uncommon,uncommon,standard,inaturalist-regional-frequency-v1,compare then edit workbook
mediterranean_europe,yes,yes,fish,111,118656,Axillary Seabream,Pagellus acarne,471,uncommon,uncommon,standard,inaturalist-regional-frequency-v1,compare then edit workbook
mediterranean_europe,yes,yes,fish,112,118672,Mediterranean Fairy Basslet,Anthias anthias,467,uncommon,uncommon,standard,inaturalist-regional-frequency-v1,compare then edit workbook
mediterranean_europe,yes,yes,fish,113,1315687,Balkan Italic Minnow,Phoxinus lumaireul,456,uncommon,uncommon,standard,inaturalist-regional-frequency-v1,compare then edit workbook
mediterranean_europe,yes,yes,fish,114,103911,Ballan Wrasse,Labrus bergylta,451,uncommon,uncommon,standard,inaturalist-regional-frequency-v1,compare then edit workbook
mediterranean_europe,yes,yes,fish,115,82278,Black Bullhead,Ameiurus melas,447,uncommon,uncommon,standard,inaturalist-regional-frequency-v1,compare then edit workbook
mediterranean_europe,yes,yes,fish,116,57399,Blue-spotted Cornetfish,Fistularia commersonii,446,uncommon,uncommon,standard,inaturalist-regional-frequency-v1,compare then edit workbook
mediterranean_europe,yes,yes,fish,117,118673,Brown Comber,Serranus hepatus,446,uncommon,uncommon,standard,inaturalist-regional-frequency-v1,compare then edit workbook
mediterranean_europe,yes,yes,fish,118,359362,Red Sea Goatfish,Parupeneus forsskali,426,uncommon,uncommon,standard,inaturalist-regional-frequency-v1,compare then edit workbook
mediterranean_europe,yes,yes,fish,119,55387,Northern Pike,Esox lucius,423,uncommon,uncommon,standard,inaturalist-regional-frequency-v1,compare then edit workbook
mediterranean_europe,yes,yes,fish,120,342089,Black Moray,Muraena augusti,423,uncommon,uncommon,standard,inaturalist-regional-frequency-v1,compare then edit workbook
mediterranean_europe,yes,yes,fish,121,347725,Salt Blenny,Parablennius salensis,423,uncommon,uncommon,standard,inaturalist-regional-frequency-v1,compare then edit workbook
mediterranean_europe,yes,yes,fish,122,118659,Common Pandora,Pagellus erythrinus,412,uncommon,uncommon,standard,inaturalist-regional-frequency-v1,compare then edit workbook
mediterranean_europe,yes,yes,fish,123,118641,Atlantic Stargazer,Uranoscopus scaber,409,uncommon,uncommon,standard,inaturalist-regional-frequency-v1,compare then edit workbook
mediterranean_europe,yes,yes,fish,124,118618,Red Mullet,Mullus barbatus,406,uncommon,uncommon,standard,inaturalist-regional-frequency-v1,compare then edit workbook
mediterranean_europe,yes,yes,fish,125,110029,Bastard Grunt,Pomadasys incisus,403,uncommon,uncommon,standard,inaturalist-regional-frequency-v1,compare then edit workbook
mediterranean_europe,yes,yes,fish,126,118595,Southern Sand Smelt,Atherina hepsetus,400,uncommon,uncommon,standard,inaturalist-regional-frequency-v1,compare then edit workbook
mediterranean_europe,yes,yes,fish,127,93611,Bleak,Alburnus alburnus,393,uncommon,uncommon,standard,inaturalist-regional-frequency-v1,compare then edit workbook
mediterranean_europe,yes,yes,fish,128,120641,Bandtooth Conger,Ariosoma balearicum,378,uncommon,uncommon,standard,inaturalist-regional-frequency-v1,compare then edit workbook
mediterranean_europe,yes,yes,fish,129,118614,Forkbeard,Phycis phycis,369,uncommon,uncommon,standard,inaturalist-regional-frequency-v1,compare then edit workbook
mediterranean_europe,yes,yes,fish,130,96740,Blue Runner,Caranx crysos,366,uncommon,uncommon,standard,inaturalist-regional-frequency-v1,compare then edit workbook
mediterranean_europe,yes,yes,fish,131,1649739,Canary Goby,Wheelerigobius canariensis,365,rare,rare,standard,inaturalist-regional-frequency-v1,compare then edit workbook
mediterranean_europe,yes,yes,fish,132,101620,Sarato's Goby,Gobius fallax,356,rare,rare,standard,inaturalist-regional-frequency-v1,compare then edit workbook
mediterranean_europe,yes,yes,fish,133,109062,European Perch,Perca fluviatilis,348,rare,rare,standard,inaturalist-regional-frequency-v1,compare then edit workbook
mediterranean_europe,yes,yes,fish,134,338050,Marbled Goby,Pomatoschistus marmoratus,344,rare,rare,standard,inaturalist-regional-frequency-v1,compare then edit workbook
mediterranean_europe,yes,yes,fish,135,424997,Prussian Carp,Carassius gibelio,342,rare,rare,standard,inaturalist-regional-frequency-v1,compare then edit workbook
mediterranean_europe,yes,yes,fish,136,446242,Worm Pipefish,Nerophis lumbriciformis,342,rare,rare,standard,inaturalist-regional-frequency-v1,compare then edit workbook
mediterranean_europe,yes,yes,fish,137,112581,Wels Catfish,Silurus glanis,339,rare,rare,standard,inaturalist-regional-frequency-v1,compare then edit workbook
mediterranean_europe,yes,yes,fish,138,118597,Garfish,Belone belone,336,rare,rare,standard,inaturalist-regional-frequency-v1,compare then edit workbook
mediterranean_europe,yes,yes,fish,139,118606,Connemarra Clingfish,Lepadogaster candolii,321,rare,rare,standard,inaturalist-regional-frequency-v1,compare then edit workbook
mediterranean_europe,yes,yes,fish,140,131500,Goldspot Goby,Gnatholepis thompsoni,314,rare,rare,standard,inaturalist-regional-frequency-v1,compare then edit workbook
mediterranean_europe,yes,yes,fish,141,102809,West African Seahorse,Hippocampus algiricus,312,rare,rare,standard,inaturalist-regional-frequency-v1,compare then edit workbook
mediterranean_europe,yes,yes,fish,142,118591,Brown Moray,Gymnothorax unicolor,308,rare,rare,standard,inaturalist-regional-frequency-v1,compare then edit workbook
mediterranean_europe,yes,yes,fish,143,101591,Pyrenean Gudgeon,Gobio lozanoi,306,rare,rare,standard,inaturalist-regional-frequency-v1,compare then edit workbook
mediterranean_europe,yes,yes,fish,144,93140,Ruivaco,Achondrostoma oligolepis,304,rare,rare,standard,inaturalist-regional-frequency-v1,compare then edit workbook
mediterranean_europe,yes,yes,fish,145,446588,Tripterygion tartessicum,Tripterygion tartessicum,296,rare,rare,standard,inaturalist-regional-frequency-v1,compare then edit workbook
mediterranean_europe,yes,yes,fish,146,118711,Blotched Picarel,Spicara maena,277,rare,rare,standard,inaturalist-regional-frequency-v1,compare then edit workbook
mediterranean_europe,yes,yes,fish,147,118625,Broadnosed Pipefish,Syngnathus typhle,277,rare,rare,standard,inaturalist-regional-frequency-v1,compare then edit workbook
mediterranean_europe,yes,yes,fish,148,359902,Emerald Wrasse,Symphodus trutta,268,rare,rare,standard,inaturalist-regional-frequency-v1,compare then edit workbook
mediterranean_europe,yes,yes,fish,149,187316,Amur Carp,Cyprinus rubrofuscus,265,very_rare,very_rare,standard,inaturalist-regional-frequency-v1,compare then edit workbook
mediterranean_europe,yes,yes,fish,150,118880,Topmouth Gudgeon,Pseudorasbora parva,264,very_rare,very_rare,standard,inaturalist-regional-frequency-v1,compare then edit workbook
mediterranean_europe,yes,yes,fish,151,472138,Shore Clingfish,Lepadogaster lepadogaster,263,very_rare,very_rare,standard,inaturalist-regional-frequency-v1,compare then edit workbook
mediterranean_europe,yes,yes,fish,152,187675,Dalmatian Blenny,Microlipophrys dalmatinus,261,very_rare,very_rare,standard,inaturalist-regional-frequency-v1,compare then edit workbook
mediterranean_europe,yes,yes,mammals,1,42184,Western Roe Deer,Capreolus capreolus,14605,common,common,standard,inaturalist-regional-frequency-v1,compare then edit workbook
mediterranean_europe,yes,yes,mammals,2,42069,Red Fox,Vulpes vulpes,12844,common,common,standard,inaturalist-regional-frequency-v1,compare then edit workbook
mediterranean_europe,yes,yes,mammals,3,42134,Wild Boar,Sus scrofa,12449,common,common,standard,inaturalist-regional-frequency-v1,compare then edit workbook
mediterranean_europe,yes,yes,mammals,4,43151,European Rabbit,Oryctolagus cuniculus,11877,common,common,standard,inaturalist-regional-frequency-v1,compare then edit workbook
mediterranean_europe,yes,yes,mammals,5,46001,Eurasian Red Squirrel,Sciurus vulgaris,8556,common,common,standard,inaturalist-regional-frequency-v1,compare then edit workbook
mediterranean_europe,yes,yes,mammals,6,204113,Red Deer,Cervus elaphus,8166,common,common,standard,inaturalist-regional-frequency-v1,compare then edit workbook
mediterranean_europe,yes,yes,mammals,8,43042,Common Hedgehog,Erinaceus europaeus,7313,common,common,standard,inaturalist-regional-frequency-v1,compare then edit workbook
mediterranean_europe,yes,yes,mammals,9,855297,European Badger,Meles meles,6866,common,common,standard,inaturalist-regional-frequency-v1,compare then edit workbook
mediterranean_europe,yes,yes,mammals,10,43997,Coypu,Myocastor coypus,5941,common,common,standard,inaturalist-regional-frequency-v1,compare then edit workbook
mediterranean_europe,yes,yes,mammals,11,46082,Alpine Marmot,Marmota marmota,5201,common,common,standard,inaturalist-regional-frequency-v1,compare then edit workbook
mediterranean_europe,yes,yes,mammals,12,42347,Northern Chamois,Rupicapra rupicapra,4812,common,common,standard,inaturalist-regional-frequency-v1,compare then edit workbook
mediterranean_europe,yes,yes,mammals,13,41482,Common Bottlenose Dolphin,Tursiops truncatus,4262,common,common,standard,inaturalist-regional-frequency-v1,compare then edit workbook
mediterranean_europe,yes,yes,mammals,14,42161,European Fallow Deer,Dama dama,3987,common,common,standard,inaturalist-regional-frequency-v1,compare then edit workbook
mediterranean_europe,yes,yes,mammals,15,41850,Eurasian Otter,Lutra lutra,3534,common,common,legendary,inaturalist-regional-frequency-v1,compare then edit workbook
mediterranean_europe,yes,yes,mammals,16,41800,Stone Marten,Martes foina,3106,common,common,standard,inaturalist-regional-frequency-v1,compare then edit workbook
mediterranean_europe,yes,yes,mammals,17,42357,Alpine Ibex,Capra ibex,3026,common,common,standard,inaturalist-regional-frequency-v1,compare then edit workbook
mediterranean_europe,yes,yes,mammals,18,43111,Eastern Cottontail,Sylvilagus floridanus,3021,common,common,standard,inaturalist-regional-frequency-v1,compare then edit workbook
mediterranean_europe,yes,yes,mammals,19,42048,Gray Wolf,Canis lupus,3019,common,common,standard,inaturalist-regional-frequency-v1,compare then edit workbook
mediterranean_europe,yes,yes,mammals,20,43128,Brown Hare,Lepus europaeus,2938,common,common,standard,inaturalist-regional-frequency-v1,compare then edit workbook
mediterranean_europe,yes,yes,mammals,21,44576,Brown Rat,Rattus norvegicus,2640,common,common,standard,inaturalist-regional-frequency-v1,compare then edit workbook
mediterranean_europe,yes,yes,mammals,22,42350,Iberian Ibex,Capra pyrenaica,2498,common,common,standard,inaturalist-regional-frequency-v1,compare then edit workbook
mediterranean_europe,yes,yes,mammals,23,46017,Eastern Gray Squirrel,Sciurus carolinensis,2347,common,common,standard,inaturalist-regional-frequency-v1,compare then edit workbook
mediterranean_europe,yes,yes,mammals,24,44171,Crested Porcupine,Hystrix cristata,2343,common,common,standard,inaturalist-regional-frequency-v1,compare then edit workbook
mediterranean_europe,yes,yes,mammals,25,44575,Black Rat,Rattus rattus,1980,common,common,standard,inaturalist-regional-frequency-v1,compare then edit workbook
mediterranean_europe,yes,yes,mammals,26,45562,European Wood Mouse,Apodemus sylvaticus,1821,common,common,standard,inaturalist-regional-frequency-v1,compare then edit workbook
mediterranean_europe,yes,yes,mammals,28,46640,Greater White-toothed Shrew,Crocidura russula,1418,common,common,standard,inaturalist-regional-frequency-v1,compare then edit workbook
mediterranean_europe,yes,yes,mammals,29,46970,European Mole,Talpa europaea,1415,common,common,standard,inaturalist-regional-frequency-v1,compare then edit workbook
mediterranean_europe,yes,yes,mammals,30,40695,Lesser Horseshoe Bat,Rhinolophus hipposideros,1410,common,common,standard,inaturalist-regional-frequency-v1,compare then edit workbook
mediterranean_europe,yes,yes,mammals,31,74383,European Fat Dormouse,Glis glis,1335,common,common,standard,inaturalist-regional-frequency-v1,compare then edit workbook
mediterranean_europe,yes,yes,mammals,32,43048,Northern White-breasted Hedgehog,Erinaceus roumanicus,1317,common,common,standard,inaturalist-regional-frequency-v1,compare then edit workbook
mediterranean_europe,yes,yes,mammals,33,46969,Iberian mole,Talpa occidentalis,1289,common,common,standard,inaturalist-regional-frequency-v1,compare then edit workbook
mediterranean_europe,yes,yes,mammals,34,925661,Northern Small-spotted Genet,Genetta genetta,1246,common,common,standard,inaturalist-regional-frequency-v1,compare then edit workbook
mediterranean_europe,yes,yes,mammals,35,41796,Eurasian Pine Marten,Martes martes,1223,common,common,standard,inaturalist-regional-frequency-v1,compare then edit workbook
mediterranean_europe,yes,yes,mammals,36,44705,House Mouse,Mus musculus,1213,common,common,standard,inaturalist-regional-frequency-v1,compare then edit workbook
mediterranean_europe,yes,yes,mammals,37,41526,Common Dolphin,Delphinus delphis,1203,common,common,standard,inaturalist-regional-frequency-v1,compare then edit workbook
mediterranean_europe,yes,yes,mammals,38,40645,Greater Horseshoe Bat,Rhinolophus ferrumequinum,1094,common,common,standard,inaturalist-regional-frequency-v1,compare then edit workbook
mediterranean_europe,yes,yes,mammals,39,43119,Granada Hare,Lepus granatensis,1078,common,common,standard,inaturalist-regional-frequency-v1,compare then edit workbook
mediterranean_europe,yes,yes,mammals,41,46241,Barbary Ground Squirrel,Atlantoxerus getulus,850,common,common,standard,inaturalist-regional-frequency-v1,compare then edit workbook
mediterranean_europe,yes,yes,mammals,42,41975,Iberian Lynx,Lynx pardinus,813,common,common,legendary,inaturalist-regional-frequency-v1,compare then edit workbook
mediterranean_europe,yes,yes,mammals,43,43793,Eurasian Beaver,Castor fiber,710,common,common,standard,inaturalist-regional-frequency-v1,compare then edit workbook
mediterranean_europe,yes,yes,mammals,44,569428,Least Weasel,Mustela nivalis,675,common,common,standard,inaturalist-regional-frequency-v1,compare then edit workbook
mediterranean_europe,yes,yes,mammals,45,41503,Atlantic Spotted Dolphin,Stenella frontalis,660,common,common,standard,inaturalist-regional-frequency-v1,compare then edit workbook
mediterranean_europe,yes,yes,mammals,46,40364,Common Pipistrelle,Pipistrellus pipistrellus,645,common,common,standard,inaturalist-regional-frequency-v1,compare then edit workbook
mediterranean_europe,yes,yes,mammals,47,41900,Egyptian Mongoose,Herpestes ichneumon,617,common,common,standard,inaturalist-regional-frequency-v1,compare then edit workbook
mediterranean_europe,yes,yes,mammals,48,41532,Short-finned Pilot Whale,Globicephala macrorhynchus,608,common,common,standard,inaturalist-regional-frequency-v1,compare then edit workbook
mediterranean_europe,yes,yes,mammals,49,765528,Savi's Pipistrelle,Hypsugo savii,608,common,common,standard,inaturalist-regional-frequency-v1,compare then edit workbook
mediterranean_europe,yes,yes,mammals,51,43059,North African Hedgehog,Atelerix algirus,495,common,common,standard,inaturalist-regional-frequency-v1,compare then edit workbook
mediterranean_europe,yes,yes,mammals,52,852333,Pygmy White-toothed Shrew,Suncus etruscus,476,common,common,standard,inaturalist-regional-frequency-v1,compare then edit workbook
mediterranean_europe,yes,yes,mammals,53,1264432,American Mink,Neogale vison,474,common,common,standard,inaturalist-regional-frequency-v1,compare then edit workbook
mediterranean_europe,yes,yes,mammals,54,45863,European Garden Dormouse,Eliomys quercinus,471,common,common,standard,inaturalist-regional-frequency-v1,compare then edit workbook
mediterranean_europe,yes,yes,mammals,55,922459,European Wildcat,Felis silvestris,463,common,common,standard,inaturalist-regional-frequency-v1,compare then edit workbook
mediterranean_europe,yes,yes,mammals,56,40383,Kuhl's pipistrelle,Pipistrellus kuhlii,447,common,common,standard,inaturalist-regional-frequency-v1,compare then edit workbook
mediterranean_europe,yes,yes,mammals,57,41812,Western Polecat,Mustela putorius,442,common,common,standard,inaturalist-regional-frequency-v1,compare then edit workbook
mediterranean_europe,yes,yes,mammals,58,45856,Hazel Dormouse,Muscardinus avellanarius,435,common,common,standard,inaturalist-regional-frequency-v1,compare then edit workbook
mediterranean_europe,yes,yes,mammals,59,41641,Brown Bear,Ursus arctos,435,common,common,standard,inaturalist-regional-frequency-v1,compare then edit workbook
mediterranean_europe,yes,yes,mammals,60,74890,Sperm Whale,Physeter macrocephalus,382,common,common,standard,inaturalist-regional-frequency-v1,compare then edit workbook
mediterranean_europe,yes,yes,mammals,61,57534,Schreibers' Long-fingered Bat,Miniopterus schreibersii,372,common,common,standard,inaturalist-regional-frequency-v1,compare then edit workbook
mediterranean_europe,yes,yes,mammals,62,1431273,Bank Vole,Clethrionomys glareolus,363,common,common,standard,inaturalist-regional-frequency-v1,compare then edit workbook
mediterranean_europe,yes,yes,mammals,64,40281,Geoffroy's Bat,Myotis emarginatus,282,common,common,standard,inaturalist-regional-frequency-v1,compare then edit workbook
mediterranean_europe,yes,yes,mammals,65,41298,European Free-tailed Bat,Tadarida teniotis,279,common,common,standard,inaturalist-regional-frequency-v1,compare then edit workbook
mediterranean_europe,yes,yes,mammals,66,55908,Mountain Hare,Lepus timidus,262,common,common,standard,inaturalist-regional-frequency-v1,compare then edit workbook
mediterranean_europe,yes,yes,mammals,67,40574,Azores Noctule,Nyctalus azoreum,253,common,common,standard,inaturalist-regional-frequency-v1,compare then edit workbook
mediterranean_europe,yes,yes,mammals,68,424254,Daubenton's bat,Myotis daubentonii,251,common,common,standard,inaturalist-regional-frequency-v1,compare then edit workbook
mediterranean_europe,yes,yes,mammals,69,41716,Mediterranean Monk Seal,Monachus monachus,232,common,common,legendary,inaturalist-regional-frequency-v1,compare then edit workbook
mediterranean_europe,yes,yes,mammals,70,40415,Grey Long-eared Bat,Plecotus austriacus,223,common,common,standard,inaturalist-regional-frequency-v1,compare then edit workbook
mediterranean_europe,yes,yes,mammals,71,45748,Southwestern Water Vole,Arvicola sapidus,220,common,common,standard,inaturalist-regional-frequency-v1,compare then edit workbook
mediterranean_europe,yes,yes,mammals,72,46471,Eurasian Pygmy Shrew,Sorex minutus,220,common,common,standard,inaturalist-regional-frequency-v1,compare then edit workbook
mediterranean_europe,yes,yes,mammals,73,41494,Striped Dolphin,Stenella coeruleoalba,210,common,common,standard,inaturalist-regional-frequency-v1,compare then edit workbook
mediterranean_europe,yes,yes,mammals,74,44280,Common Vole,Microtus arvalis,207,common,common,standard,inaturalist-regional-frequency-v1,compare then edit workbook
mediterranean_europe,yes,yes,mammals,75,41541,Risso's Dolphin,Grampus griseus,206,common,common,standard,inaturalist-regional-frequency-v1,compare then edit workbook
mediterranean_europe,yes,yes,mammals,76,41808,Eurasian Stoat,Mustela erminea,202,common,common,standard,inaturalist-regional-frequency-v1,compare then edit workbook
mediterranean_europe,yes,yes,mammals,77,1655578,South European White-toothed Shrew,Crocidura fimbriata,196,common,common,standard,inaturalist-regional-frequency-v1,compare then edit workbook
mediterranean_europe,yes,yes,mammals,78,42346,Pyrenean Chamois,Rupicapra pyrenaica,187,uncommon,uncommon,standard,inaturalist-regional-frequency-v1,compare then edit workbook
mediterranean_europe,yes,yes,mammals,79,40573,Lesser Noctule,Nyctalus leisleri,186,uncommon,uncommon,standard,inaturalist-regional-frequency-v1,compare then edit workbook
mediterranean_europe,yes,yes,mammals,81,1596127,Eurasian Serotine,Cnephaeus serotinus,183,uncommon,uncommon,standard,inaturalist-regional-frequency-v1,compare then edit workbook
mediterranean_europe,yes,yes,mammals,82,46663,Bicoloured Shrew,Crocidura leucodon,182,uncommon,uncommon,standard,inaturalist-regional-frequency-v1,compare then edit workbook
mediterranean_europe,yes,yes,mammals,83,533979,Calabrian Black Squirrel,Sciurus meridionalis,180,uncommon,uncommon,standard,inaturalist-regional-frequency-v1,compare then edit workbook
mediterranean_europe,yes,yes,mammals,84,74908,Soprano Pipistrelle,Pipistrellus pygmaeus,171,uncommon,uncommon,standard,inaturalist-regional-frequency-v1,compare then edit workbook
mediterranean_europe,yes,yes,mammals,85,851014,Golden Jackal,Canis aureus,166,uncommon,uncommon,standard,inaturalist-regional-frequency-v1,compare then edit workbook
mediterranean_europe,yes,yes,mammals,86,44688,Algerian Mouse,Mus spretus,166,uncommon,uncommon,standard,inaturalist-regional-frequency-v1,compare then edit workbook
mediterranean_europe,yes,yes,mammals,87,40677,Mediterranean horseshoe bat,Rhinolophus euryale,158,uncommon,uncommon,standard,inaturalist-regional-frequency-v1,compare then edit workbook
mediterranean_europe,yes,yes,mammals,88,46412,Alpine Shrew,Sorex alpinus,144,uncommon,uncommon,standard,inaturalist-regional-frequency-v1,compare then edit workbook
mediterranean_europe,yes,yes,mammals,89,40416,Brown Long-eared Bat,Plecotus auritus,139,uncommon,uncommon,standard,inaturalist-regional-frequency-v1,compare then edit workbook
mediterranean_europe,yes,yes,mammals,90,42422,Aoudad,Ammotragus lervia,131,uncommon,uncommon,standard,inaturalist-regional-frequency-v1,compare then edit workbook
mediterranean_europe,yes,yes,mammals,91,40581,Western Barbastelle,Barbastella barbastellus,128,uncommon,uncommon,standard,inaturalist-regional-frequency-v1,compare then edit workbook
mediterranean_europe,yes,yes,mammals,92,43024,Long-eared Hedgehog,Hemiechinus auritus,125,uncommon,uncommon,standard,inaturalist-regional-frequency-v1,compare then edit workbook
mediterranean_europe,yes,yes,mammals,94,41562,Fin Whale,Balaenoptera physalus,108,uncommon,uncommon,standard,inaturalist-regional-frequency-v1,compare then edit workbook
mediterranean_europe,yes,yes,mammals,95,46367,Valais Shrew,Sorex antinorii,106,uncommon,uncommon,standard,inaturalist-regional-frequency-v1,compare then edit workbook
mediterranean_europe,yes,yes,mammals,96,44276,Mediterranean Pine Vole,Microtus duodecimcostatus,101,uncommon,uncommon,standard,inaturalist-regional-frequency-v1,compare then edit workbook
mediterranean_europe,yes,yes,mammals,97,44282,Field Vole,Microtus agrestis,100,uncommon,uncommon,standard,inaturalist-regional-frequency-v1,compare then edit workbook
mediterranean_europe,yes,yes,mammals,98,41440,Harbour Porpoise,Phocoena phocoena,100,uncommon,uncommon,standard,inaturalist-regional-frequency-v1,compare then edit workbook
mediterranean_europe,yes,yes,mammals,99,1453916,Bryde's Whale,Balaenoptera brydei,98,uncommon,uncommon,standard,inaturalist-regional-frequency-v1,compare then edit workbook
mediterranean_europe,yes,yes,mammals,100,46414,Common Shrew,Sorex araneus,97,uncommon,uncommon,standard,inaturalist-regional-frequency-v1,compare then edit workbook
mediterranean_europe,yes,yes,mammals,101,40291,Mouse-eared Bat,Myotis myotis,93,uncommon,uncommon,standard,inaturalist-regional-frequency-v1,compare then edit workbook
mediterranean_europe,yes,yes,mammals,102,44302,Lusitanian pine vole,Microtus lusitanicus,92,uncommon,uncommon,standard,inaturalist-regional-frequency-v1,compare then edit workbook
mediterranean_europe,yes,yes,mammals,103,45550,Yellow-necked Field Mouse,Apodemus flavicollis,91,uncommon,uncommon,standard,inaturalist-regional-frequency-v1,compare then edit workbook
mediterranean_europe,yes,yes,mammals,104,45949,Finlayson's Squirrel,Callosciurus finlaysonii,79,uncommon,uncommon,standard,inaturalist-regional-frequency-v1,compare then edit workbook
mediterranean_europe,yes,yes,mammals,105,1370753,Aquitanian mole,Talpa aquitania,76,uncommon,uncommon,standard,inaturalist-regional-frequency-v1,compare then edit workbook
mediterranean_europe,yes,yes,mammals,106,40391,Nathusius' Pipistrelle,Pipistrellus nathusii,75,uncommon,uncommon,standard,inaturalist-regional-frequency-v1,compare then edit workbook
mediterranean_europe,yes,yes,mammals,107,46015,Caucasian Squirrel,Sciurus anomalus,72,uncommon,uncommon,standard,inaturalist-regional-frequency-v1,compare then edit workbook
mediterranean_europe,yes,yes,mammals,108,45568,Striped Field Mouse,Apodemus agrarius,69,uncommon,uncommon,standard,inaturalist-regional-frequency-v1,compare then edit workbook
mediterranean_europe,yes,yes,mammals,109,45459,European Snow Vole,Chionomys nivalis,68,uncommon,uncommon,standard,inaturalist-regional-frequency-v1,compare then edit workbook
mediterranean_europe,yes,yes,mammals,110,41529,Long-finned Pilot Whale,Globicephala melas,66,rare,rare,standard,inaturalist-regional-frequency-v1,compare then edit workbook
mediterranean_europe,yes,yes,mammals,111,41559,Sei Whale,Balaenoptera borealis,62,rare,rare,standard,inaturalist-regional-frequency-v1,compare then edit workbook
mediterranean_europe,yes,yes,mammals,112,43118,Broom Hare,Lepus castroviejoi,61,rare,rare,standard,inaturalist-regional-frequency-v1,compare then edit workbook
mediterranean_europe,yes,yes,mammals,113,1177489,Italian Water Vole,Arvicola italicus,55,rare,rare,standard,inaturalist-regional-frequency-v1,compare then edit workbook
mediterranean_europe,yes,yes,mammals,114,40317,Lesser mouse-eared bat,Myotis blythii,53,rare,rare,standard,inaturalist-regional-frequency-v1,compare then edit workbook
mediterranean_europe,yes,yes,mammals,115,46859,Eurasian Water Shrew,Neomys fodiens,53,rare,rare,standard,inaturalist-regional-frequency-v1,compare then edit workbook
mediterranean_europe,yes,yes,mammals,116,40572,Common Noctule,Nyctalus noctula,52,rare,rare,standard,inaturalist-regional-frequency-v1,compare then edit workbook
mediterranean_europe,yes,yes,mammals,117,1698425,Iberian Rabbit,Oryctolagus algirus,51,rare,rare,standard,inaturalist-regional-frequency-v1,compare then edit workbook
mediterranean_europe,yes,yes,mammals,118,45316,Eurasian Harvest Mouse,Micromys minutus,50,rare,rare,standard,inaturalist-regional-frequency-v1,compare then edit workbook
mediterranean_europe,yes,yes,mammals,119,40446,Particoloured Bat,Vespertilio murinus,49,rare,rare,standard,inaturalist-regional-frequency-v1,compare then edit workbook
mediterranean_europe,yes,yes,mammals,120,43143,Apennine Hare,Lepus corsicanus,48,rare,rare,standard,inaturalist-regional-frequency-v1,compare then edit workbook
mediterranean_europe,yes,yes,mammals,121,46037,European Ground Squirrel,Spermophilus citellus,47,rare,rare,standard,inaturalist-regional-frequency-v1,compare then edit workbook
mediterranean_europe,yes,yes,mammals,122,1596135,Meridional Serotine,Cnephaeus isabellinus,45,rare,rare,standard,inaturalist-regional-frequency-v1,compare then edit workbook
mediterranean_europe,yes,yes,mammals,123,41566,Humpback Whale,Megaptera novaeangliae,45,rare,rare,standard,inaturalist-regional-frequency-v1,compare then edit workbook
mediterranean_europe,yes,yes,mammals,124,81925,Domestic Water Buffalo,Bubalus bubalis,43,very_rare,very_rare,standard,inaturalist-regional-frequency-v1,compare then edit workbook
mediterranean_europe,yes,yes,mammals,125,43043,Southern White-breasted Hedgehog,Erinaceus concolor,43,rare,rare,standard,inaturalist-regional-frequency-v1,compare then edit workbook
mediterranean_europe,yes,yes,mammals,126,41663,Common Raccoon,Procyon lotor,42,very_rare,very_rare,standard,inaturalist-regional-frequency-v1,compare then edit workbook
mediterranean_europe,yes,yes,mammals,127,41550,Common Minke Whale,Balaenoptera acutorostrata,41,very_rare,very_rare,standard,inaturalist-regional-frequency-v1,compare then edit workbook
mediterranean_europe,yes,yes,reptiles,1,55990,Common Wall Lizard,Podarcis muralis,33688,common,common,standard,inaturalist-regional-frequency-v1,compare then edit workbook
mediterranean_europe,yes,yes,reptiles,2,33602,Moorish Gecko,Tarentola mauritanica,29764,common,common,standard,inaturalist-regional-frequency-v1,compare then edit workbook
mediterranean_europe,yes,yes,reptiles,3,337045,Italian Wall Lizard,Podarcis siculus,19527,common,common,standard,inaturalist-regional-frequency-v1,compare then edit workbook
mediterranean_europe,yes,yes,reptiles,4,35519,Large Psammodromus,Psammodromus algirus,12995,common,common,standard,inaturalist-regional-frequency-v1,compare then edit workbook
mediterranean_europe,yes,yes,reptiles,6,35900,Western Green Lizard,Lacerta bilineata,7826,common,common,standard,inaturalist-regional-frequency-v1,compare then edit workbook
mediterranean_europe,yes,yes,reptiles,7,34435,Mediterranean House Gecko,Hemidactylus turcicus,7189,common,common,standard,inaturalist-regional-frequency-v1,compare then edit workbook
mediterranean_europe,yes,yes,reptiles,8,73823,Green Whip Snake,Hierophis viridiflavus,7189,common,common,standard,inaturalist-regional-frequency-v1,compare then edit workbook
mediterranean_europe,yes,yes,reptiles,9,71212,Hermann's Tortoise,Testudo hermanni,5843,common,common,standard,inaturalist-regional-frequency-v1,compare then edit workbook
mediterranean_europe,yes,yes,reptiles,10,73972,Ocellated Lizard,Timon lepidus,5581,common,common,standard,inaturalist-regional-frequency-v1,compare then edit workbook
mediterranean_europe,yes,yes,reptiles,11,29351,Viperine Snake,Natrix maura,5555,common,common,standard,inaturalist-regional-frequency-v1,compare then edit workbook
mediterranean_europe,yes,yes,reptiles,12,424860,Green Iberian Wall Lizard,Podarcis virescens,5487,common,common,standard,inaturalist-regional-frequency-v1,compare then edit workbook
mediterranean_europe,yes,yes,reptiles,13,35706,Bocage's Wall Lizard,Podarcis bocagei,4972,common,common,standard,inaturalist-regional-frequency-v1,compare then edit workbook
mediterranean_europe,yes,yes,reptiles,14,35995,Tenerife Lizard,Gallotia galloti,4603,common,common,standard,inaturalist-regional-frequency-v1,compare then edit workbook
mediterranean_europe,yes,yes,reptiles,15,343020,Italian Slowworm,Anguis veronensis,4436,common,common,standard,inaturalist-regional-frequency-v1,compare then edit workbook
mediterranean_europe,yes,yes,reptiles,16,35666,Catalonian Wall Lizard,Podarcis liolepis,4427,common,common,standard,inaturalist-regional-frequency-v1,compare then edit workbook
mediterranean_europe,yes,yes,reptiles,17,540328,Ladder Snake,Zamenis scalaris,4201,common,common,standard,inaturalist-regional-frequency-v1,compare then edit workbook
mediterranean_europe,yes,yes,reptiles,18,29449,Western Montpellier Snake,Malpolon monspessulanus,4177,common,common,standard,inaturalist-regional-frequency-v1,compare then edit workbook
mediterranean_europe,yes,yes,reptiles,19,343021,Common Slowworm,Anguis fragilis,4055,common,common,standard,inaturalist-regional-frequency-v1,compare then edit workbook
mediterranean_europe,yes,yes,reptiles,20,851211,Barred Grass Snake,Natrix helvetica,3794,common,common,standard,inaturalist-regional-frequency-v1,compare then edit workbook
mediterranean_europe,yes,yes,reptiles,21,39976,Mediterranean Turtle,Mauremys leprosa,3685,common,common,standard,inaturalist-regional-frequency-v1,compare then edit workbook
mediterranean_europe,yes,yes,reptiles,22,74009,Aesculapian Snake,Zamenis longissimus,3552,common,common,standard,inaturalist-regional-frequency-v1,compare then edit workbook
mediterranean_europe,yes,yes,reptiles,23,1473498,Podarcis lusitanicus,Podarcis lusitanicus,3377,common,common,standard,inaturalist-regional-frequency-v1,compare then edit workbook
mediterranean_europe,yes,yes,reptiles,24,35474,Madeira Lizard,Teira dugesii,3275,common,common,standard,inaturalist-regional-frequency-v1,compare then edit workbook
mediterranean_europe,yes,yes,reptiles,25,64346,Tessellated Water Snake,Natrix tessellata,3268,common,common,standard,inaturalist-regional-frequency-v1,compare then edit workbook
mediterranean_europe,yes,yes,reptiles,26,40038,Marginated Tortoise,Testudo marginata,3148,common,common,standard,inaturalist-regional-frequency-v1,compare then edit workbook
mediterranean_europe,yes,yes,reptiles,27,35868,Iberian Emerald Lizard,Lacerta schreiberi,3113,common,common,standard,inaturalist-regional-frequency-v1,compare then edit workbook
mediterranean_europe,yes,yes,reptiles,28,73821,Horseshoe Whip Snake,Hemorrhois hippocrepis,3007,common,common,standard,inaturalist-regional-frequency-v1,compare then edit workbook
mediterranean_europe,yes,yes,reptiles,29,39665,Loggerhead Sea Turtle,Caretta caretta,2745,common,common,standard,inaturalist-regional-frequency-v1,compare then edit workbook
mediterranean_europe,yes,yes,reptiles,30,39867,European Pond Turtle,Emys orbicularis,2731,common,common,standard,inaturalist-regional-frequency-v1,compare then edit workbook
mediterranean_europe,yes,yes,reptiles,31,26904,Smooth Snake,Coronella austriaca,2667,common,common,standard,inaturalist-regional-frequency-v1,compare then edit workbook
mediterranean_europe,yes,yes,reptiles,32,424861,Guadarrama Wall Lizard,Podarcis guadarramae,2382,common,common,standard,inaturalist-regional-frequency-v1,compare then edit workbook
mediterranean_europe,yes,yes,reptiles,33,73921,Andalusian wall lizard,Podarcis vaucheri,2324,common,common,standard,inaturalist-regional-frequency-v1,compare then edit workbook
mediterranean_europe,yes,yes,reptiles,34,966781,Iberian Grass Snake,Natrix astreptophora,2058,common,common,standard,inaturalist-regional-frequency-v1,compare then edit workbook
mediterranean_europe,yes,yes,reptiles,35,26888,Southern Smooth Snake,Coronella girondica,2054,common,common,standard,inaturalist-regional-frequency-v1,compare then edit workbook
mediterranean_europe,yes,yes,reptiles,36,36052,Blue-throated Keeled Lizard,Algyroides nigropunctatus,2027,common,common,standard,inaturalist-regional-frequency-v1,compare then edit workbook
mediterranean_europe,yes,yes,reptiles,37,35710,Dalmatian Wall Lizard,Podarcis melisellensis,1997,common,common,standard,inaturalist-regional-frequency-v1,compare then edit workbook
mediterranean_europe,yes,yes,reptiles,38,30929,Asp Viper,Vipera aspis,1956,common,common,standard,inaturalist-regional-frequency-v1,compare then edit workbook
mediterranean_europe,yes,yes,reptiles,39,35871,Balkan Green Lizard,Lacerta trilineata,1902,common,common,standard,inaturalist-regional-frequency-v1,compare then edit workbook
mediterranean_europe,yes,yes,reptiles,40,966787,grass snake,Natrix natrix,1715,common,common,standard,inaturalist-regional-frequency-v1,compare then edit workbook
mediterranean_europe,yes,yes,reptiles,41,35854,Green Lizard,Lacerta viridis,1693,common,common,standard,inaturalist-regional-frequency-v1,compare then edit workbook
mediterranean_europe,yes,yes,reptiles,42,146280,Kotschy's Gecko,Mediodactylus kotschyi,1596,common,common,standard,inaturalist-regional-frequency-v1,compare then edit workbook
mediterranean_europe,yes,yes,reptiles,43,31975,European Glass Lizard,Pseudopus apodus,1523,common,common,standard,inaturalist-regional-frequency-v1,compare then edit workbook
mediterranean_europe,yes,yes,reptiles,44,1424710,Roughtail Rock Agama,Laudakia stellio,1490,common,common,standard,inaturalist-regional-frequency-v1,compare then edit workbook
mediterranean_europe,yes,yes,reptiles,45,1424711,Sling-tailed Agama,Laudakia cypriaca,1482,common,common,standard,inaturalist-regional-frequency-v1,compare then edit workbook
mediterranean_europe,yes,yes,reptiles,46,35430,Spiny-footed Lizard,Acanthodactylus erythrurus,1466,common,common,standard,inaturalist-regional-frequency-v1,compare then edit workbook
mediterranean_europe,yes,yes,reptiles,47,35964,Iberian Rock Lizard,Iberolacerta monticola,1464,common,common,standard,inaturalist-regional-frequency-v1,compare then edit workbook
mediterranean_europe,yes,yes,reptiles,48,35990,Gran Canaria Giant Lizard,Gallotia stehlini,1415,common,common,standard,inaturalist-regional-frequency-v1,compare then edit workbook
mediterranean_europe,yes,yes,reptiles,49,35530,Tyrrhenian Wall Lizard,Podarcis tiliguerta,1388,common,common,standard,inaturalist-regional-frequency-v1,compare then edit workbook
mediterranean_europe,yes,yes,reptiles,50,35677,Erhard's Wall Lizard,Podarcis erhardii,1377,common,common,standard,inaturalist-regional-frequency-v1,compare then edit workbook
mediterranean_europe,yes,yes,reptiles,51,30237,Four-lined Snake,Elaphe quatuorlineata,1338,common,common,standard,inaturalist-regional-frequency-v1,compare then edit workbook
mediterranean_europe,yes,yes,reptiles,52,966698,Adder,Vipera berus,1311,common,common,standard,inaturalist-regional-frequency-v1,compare then edit workbook
mediterranean_europe,yes,yes,reptiles,53,105329,Western Caspian Turtle,Mauremys rivulata,1284,common,common,standard,inaturalist-regional-frequency-v1,compare then edit workbook
mediterranean_europe,yes,yes,reptiles,54,32864,Common Chameleon,Chamaeleo chamaeleon,1271,common,common,standard,inaturalist-regional-frequency-v1,compare then edit workbook
mediterranean_europe,yes,yes,reptiles,55,73966,Tenerife Wall Gecko,Tarentola delalandii,1231,common,common,standard,inaturalist-regional-frequency-v1,compare then edit workbook
mediterranean_europe,yes,yes,reptiles,56,37213,Western Three-toed Skink,Chalcides striatus,1192,common,common,standard,inaturalist-regional-frequency-v1,compare then edit workbook
mediterranean_europe,yes,yes,reptiles,57,29917,Balkan Whip Snake,Hierophis gemonensis,1135,common,common,standard,inaturalist-regional-frequency-v1,compare then edit workbook
mediterranean_europe,yes,yes,reptiles,58,53645,Ocellated Bronze Skink,Chalcides ocellatus,973,common,common,standard,inaturalist-regional-frequency-v1,compare then edit workbook
mediterranean_europe,yes,yes,reptiles,59,30917,Seoane's Viper,Vipera seoanei,969,common,common,standard,inaturalist-regional-frequency-v1,compare then edit workbook
mediterranean_europe,yes,yes,reptiles,60,40023,Greek Tortoise,Testudo graeca,877,common,common,standard,inaturalist-regional-frequency-v1,compare then edit workbook
mediterranean_europe,yes,yes,reptiles,61,73747,Sharp-snouted Rock Lizard,Dalmatolacerta oxycephala,866,common,common,standard,inaturalist-regional-frequency-v1,compare then edit workbook
mediterranean_europe,yes,yes,reptiles,62,35760,Snake-eyed Lizard,Ophisops elegans,866,common,common,standard,inaturalist-regional-frequency-v1,compare then edit workbook
mediterranean_europe,yes,yes,reptiles,63,35671,Filfola Lizard,Podarcis filfolensis,843,common,common,standard,inaturalist-regional-frequency-v1,compare then edit workbook
mediterranean_europe,yes,yes,reptiles,64,73918,Peloponnese Wall Lizard,Podarcis peloponnesiacus,808,common,common,standard,inaturalist-regional-frequency-v1,compare then edit workbook
mediterranean_europe,yes,yes,reptiles,65,1670480,Central Iberian Worm Lizard,Blanus oxyurus,774,common,common,standard,inaturalist-regional-frequency-v1,compare then edit workbook
mediterranean_europe,yes,yes,reptiles,66,73702,Southwest Iberian Worm Lizard,Blanus cinereus,767,common,common,standard,inaturalist-regional-frequency-v1,compare then edit workbook
mediterranean_europe,yes,yes,reptiles,68,1701177,Long-nosed Viper,Vipera ammodytes,737,common,common,standard,inaturalist-regional-frequency-v1,compare then edit workbook
mediterranean_europe,yes,yes,reptiles,69,29450,Eastern Montpellier Snake,Malpolon insignitus,733,uncommon,uncommon,standard,inaturalist-regional-frequency-v1,compare then edit workbook
mediterranean_europe,yes,yes,reptiles,70,35597,Ibiza Wall Lizard,Podarcis pityusensis,675,uncommon,uncommon,standard,inaturalist-regional-frequency-v1,compare then edit workbook
mediterranean_europe,yes,yes,reptiles,71,1127992,Ionian Wall Lizard,Podarcis ionicus,642,uncommon,uncommon,standard,inaturalist-regional-frequency-v1,compare then edit workbook
mediterranean_europe,yes,yes,reptiles,72,37239,Bedriaga's Skink,Chalcides bedriagai,641,uncommon,uncommon,standard,inaturalist-regional-frequency-v1,compare then edit workbook
mediterranean_europe,yes,yes,reptiles,73,35700,Cretan Wall Lizard,Podarcis cretensis,625,uncommon,uncommon,standard,inaturalist-regional-frequency-v1,compare then edit workbook
mediterranean_europe,yes,yes,reptiles,74,73858,Iberian False Smooth Snake,Macroprotodon brevis,613,uncommon,uncommon,standard,inaturalist-regional-frequency-v1,compare then edit workbook
mediterranean_europe,yes,yes,reptiles,75,53646,Italian Three-toed Skink,Chalcides chalcides,606,uncommon,uncommon,standard,inaturalist-regional-frequency-v1,compare then edit workbook
mediterranean_europe,yes,yes,reptiles,76,64078,Cat Snake,Telescopus fallax,600,uncommon,uncommon,standard,inaturalist-regional-frequency-v1,compare then edit workbook
mediterranean_europe,yes,yes,reptiles,77,73585,European Copper Skink,Ablepharus kitaibelii,556,uncommon,uncommon,standard,inaturalist-regional-frequency-v1,compare then edit workbook
mediterranean_europe,yes,yes,reptiles,78,73903,Troodos Rock Lizard,Phoenicolacerta troodica,554,uncommon,uncommon,standard,inaturalist-regional-frequency-v1,compare then edit workbook
mediterranean_europe,yes,yes,reptiles,79,540247,Sierra Nevada Ocellated Lizard,Timon nevadensis,546,uncommon,uncommon,standard,inaturalist-regional-frequency-v1,compare then edit workbook
mediterranean_europe,yes,yes,reptiles,80,1701178,Vipera meridionalis,Vipera meridionalis,540,uncommon,uncommon,standard,inaturalist-regional-frequency-v1,compare then edit workbook
mediterranean_europe,yes,yes,reptiles,81,74011,European Ratsnake,Zamenis situla,516,uncommon,uncommon,standard,inaturalist-regional-frequency-v1,compare then edit workbook
mediterranean_europe,yes,yes,reptiles,82,35413,Schreiber's Fringe-fingered Lizard,Acanthodactylus schreiberi,498,uncommon,uncommon,standard,inaturalist-regional-frequency-v1,compare then edit workbook
mediterranean_europe,yes,yes,reptiles,83,35453,Viviparous Lizard,Zootoca vivipara,491,uncommon,uncommon,standard,inaturalist-regional-frequency-v1,compare then edit workbook
mediterranean_europe,yes,yes,reptiles,84,73829,Cyren’s Rock Lizard,Iberolacerta cyreni,482,uncommon,uncommon,standard,inaturalist-regional-frequency-v1,compare then edit workbook
mediterranean_europe,yes,yes,reptiles,85,36055,Greek Algyroides,Algyroides moreoticus,476,uncommon,uncommon,standard,inaturalist-regional-frequency-v1,compare then edit workbook
mediterranean_europe,yes,yes,reptiles,86,33622,East Canary Wall Gecko,Tarentola angustimentalis,455,uncommon,uncommon,standard,inaturalist-regional-frequency-v1,compare then edit workbook
mediterranean_europe,yes,yes,reptiles,87,738119,Eastern Mediterranean Thin-toed Gecko,Mediodactylus orientalis,453,uncommon,uncommon,standard,inaturalist-regional-frequency-v1,compare then edit workbook
mediterranean_europe,yes,yes,reptiles,88,144085,Western Psammodromus,Psammodromus occidentalis,438,uncommon,uncommon,standard,inaturalist-regional-frequency-v1,compare then edit workbook
mediterranean_europe,yes,yes,reptiles,89,73910,Dahl's Whip Snake,Platyceps najadum,433,uncommon,uncommon,standard,inaturalist-regional-frequency-v1,compare then edit workbook
mediterranean_europe,yes,yes,reptiles,90,539260,Pelasgian Rock Lizard,Anatololacerta pelasgiana,420,uncommon,uncommon,standard,inaturalist-regional-frequency-v1,compare then edit workbook
mediterranean_europe,yes,yes,reptiles,91,99496,Caspian Whipsnake,Dolichophis caspius,414,uncommon,uncommon,standard,inaturalist-regional-frequency-v1,compare then edit workbook
mediterranean_europe,yes,yes,reptiles,92,30924,Lataste's Viper,Vipera latastei,411,uncommon,uncommon,standard,inaturalist-regional-frequency-v1,compare then edit workbook
mediterranean_europe,yes,yes,reptiles,93,36001,Atlantic Lizard,Gallotia atlantica,406,uncommon,uncommon,standard,inaturalist-regional-frequency-v1,compare then edit workbook
mediterranean_europe,yes,yes,reptiles,94,37210,West Canary Skink,Chalcides viridanus,377,uncommon,uncommon,standard,inaturalist-regional-frequency-v1,compare then edit workbook
mediterranean_europe,yes,yes,reptiles,95,514727,Eurasian Blind Snake,Xerotyphlops vermicularis,340,uncommon,uncommon,standard,inaturalist-regional-frequency-v1,compare then edit workbook
mediterranean_europe,yes,yes,reptiles,97,539261,Greek Slowworm,Anguis graeca,322,rare,rare,standard,inaturalist-regional-frequency-v1,compare then edit workbook
mediterranean_europe,yes,yes,reptiles,98,73817,Greek Rock Lizard,Hellenolacerta graeca,322,uncommon,uncommon,standard,inaturalist-regional-frequency-v1,compare then edit workbook
mediterranean_europe,yes,yes,reptiles,99,73922,Sicilian Wall Lizard,Podarcis waglerianus,317,rare,rare,standard,inaturalist-regional-frequency-v1,compare then edit workbook
mediterranean_europe,yes,yes,reptiles,100,35707,Carbonell’s Wall Lizard,Podarcis carbonelli,314,rare,rare,standard,inaturalist-regional-frequency-v1,compare then edit workbook
mediterranean_europe,yes,yes,reptiles,101,1424723,Carniolan lizard,Zootoca carniolica,310,rare,rare,standard,inaturalist-regional-frequency-v1,compare then edit workbook
mediterranean_europe,yes,yes,reptiles,102,424864,Spanish Wall Lizard,Podarcis hispanicus,285,rare,rare,standard,inaturalist-regional-frequency-v1,compare then edit workbook
mediterranean_europe,yes,yes,reptiles,103,39659,Green Sea Turtle,Chelonia mydas,281,rare,rare,standard,inaturalist-regional-frequency-v1,compare then edit workbook
mediterranean_europe,yes,yes,reptiles,104,35988,Boettger's Lizard,Gallotia caesaris,267,rare,rare,standard,inaturalist-regional-frequency-v1,compare then edit workbook
mediterranean_europe,yes,yes,reptiles,105,493904,East Iberian Psammodromus,Psammodromus edwarsianus,247,rare,rare,standard,inaturalist-regional-frequency-v1,compare then edit workbook
mediterranean_europe,yes,yes,reptiles,109,100411,Javelin Sand Boa,Eryx jaculus,219,rare,rare,standard,inaturalist-regional-frequency-v1,compare then edit workbook
mediterranean_europe,yes,yes,reptiles,110,33619,Boettger's Wall Gecko,Tarentola boettgeri,202,rare,rare,standard,inaturalist-regional-frequency-v1,compare then edit workbook
mediterranean_europe,yes,yes,reptiles,111,1629340,Eastern Peloponnese Wall Lizard,Podarcis thais,192,rare,rare,standard,inaturalist-regional-frequency-v1,compare then edit workbook
mediterranean_europe,yes,yes,reptiles,112,35637,Lilford's Wall Lizard,Podarcis lilfordi,188,rare,rare,standard,inaturalist-regional-frequency-v1,compare then edit workbook
mediterranean_europe,yes,yes,reptiles,113,35912,Sand Lizard,Lacerta agilis,173,rare,rare,standard,inaturalist-regional-frequency-v1,compare then edit workbook
mediterranean_europe,yes,yes,reptiles,114,35516,Spanish Psammodromus,Psammodromus hispanicus,171,very_rare,very_rare,standard,inaturalist-regional-frequency-v1,compare then edit workbook
mediterranean_europe,yes,yes,reptiles,115,73917,Milos Wall Lizard,Podarcis milensis,160,very_rare,very_rare,standard,inaturalist-regional-frequency-v1,compare then edit workbook
mediterranean_europe,yes,yes,reptiles,116,74008,Italian Aesculapian Snake,Zamenis lineatus,160,very_rare,very_rare,standard,inaturalist-regional-frequency-v1,compare then edit workbook
mediterranean_europe,no,exclude,amphibians,48,65979,American Bullfrog,Lithobates catesbeianus,262,not_ranked,,,inaturalist-regional-frequency-v1,compare then edit workbook
mediterranean_europe,no,no,amphibians,62,1176954,Balkan Spadefoot,Pelobates balcanicus,76,not_ranked,,,inaturalist-regional-frequency-v1,compare then edit workbook
mediterranean_europe,no,no,amphibians,63,66322,Edible Frog,Pelophylax esculentus,69,not_ranked,,,inaturalist-regional-frequency-v1,compare then edit workbook
mediterranean_europe,no,no,amphibians,64,24495,European Fire-Bellied Toad,Bombina bombina,64,not_ranked,,,inaturalist-regional-frequency-v1,compare then edit workbook
mediterranean_europe,no,no,amphibians,65,27797,Sardinian brook salamander,Euproctus platycephalus,61,not_ranked,,,inaturalist-regional-frequency-v1,compare then edit workbook
mediterranean_europe,no,no,amphibians,66,70972,Macedonian Crested Newt,Triturus macedonicus,59,not_ranked,,,inaturalist-regional-frequency-v1,compare then edit workbook
mediterranean_europe,no,no,amphibians,67,717585,Turkish Smooth Newt,Lissotriton schmidtleri,56,not_ranked,,,inaturalist-regional-frequency-v1,compare then edit workbook
mediterranean_europe,no,no,amphibians,68,27512,Imperial Cave Salamander,Speleomantes imperialis,56,not_ranked,,,inaturalist-regional-frequency-v1,compare then edit workbook
mediterranean_europe,no,no,amphibians,69,27677,Olm,Proteus anguinus,50,not_ranked,,,inaturalist-regional-frequency-v1,compare then edit workbook
mediterranean_europe,no,no,amphibians,70,27510,Supramonte Cave Salamander,Speleomantes supramontis,40,not_ranked,,,inaturalist-regional-frequency-v1,compare then edit workbook
mediterranean_europe,no,no,amphibians,71,66093,Karpathos Salamander,Lyciasalamandra helverseni,39,not_ranked,,,inaturalist-regional-frequency-v1,compare then edit workbook
mediterranean_europe,no,no,amphibians,72,24477,Mallorcan Midwife Toad,Alytes muletensis,32,not_ranked,,,inaturalist-regional-frequency-v1,compare then edit workbook
mediterranean_europe,no,exclude,amphibians,73,992054,African Green Toad,Bufotes boulengeri,26,not_ranked,,,inaturalist-regional-frequency-v1,compare then edit workbook
mediterranean_europe,no,no,amphibians,74,1558164,Pool Frog,Pelophylax lessonae,26,not_ranked,,,inaturalist-regional-frequency-v1,compare then edit workbook
mediterranean_europe,no,no,amphibians,75,27515,Monte Albo Cave Salamander,Speleomantes flavus,24,not_ranked,,,inaturalist-regional-frequency-v1,compare then edit workbook
mediterranean_europe,no,no,amphibians,76,25313,Syrian Spadefoot,Pelobates syriacus,20,not_ranked,,,inaturalist-regional-frequency-v1,compare then edit workbook
mediterranean_europe,no,no,amphibians,77,66336,Albanian Water Frog,Pelophylax shqipericus,20,not_ranked,,,inaturalist-regional-frequency-v1,compare then edit workbook
mediterranean_europe,no,no,amphibians,78,476663,Balkan-Anatolian Crested Newt,Triturus ivanbureschi,20,not_ranked,,,inaturalist-regional-frequency-v1,compare then edit workbook
mediterranean_europe,no,no,amphibians,79,65426,Moroccan Painted Frog,Discoglossus scovazzi,15,not_ranked,,,inaturalist-regional-frequency-v1,compare then edit workbook
mediterranean_europe,no,no,amphibians,80,120810,Italian Edible Frog,Pelophylax hispanicus,13,not_ranked,,,inaturalist-regional-frequency-v1,compare then edit workbook
mediterranean_europe,no,no,amphibians,81,25488,Moor Frog,Rana arvalis,13,not_ranked,,,inaturalist-regional-frequency-v1,compare then edit workbook
mediterranean_europe,no,no,amphibians,82,27705,Danube Crested Newt,Triturus dobrogicus,10,not_ranked,,,inaturalist-regional-frequency-v1,compare then edit workbook
mediterranean_europe,no,exclude,amphibians,83,25457,African Clawed Frog,Xenopus laevis,10,not_ranked,,,inaturalist-regional-frequency-v1,compare then edit workbook
mediterranean_europe,no,no,amphibians,84,517047,Mauritanian Toad,Sclerophrys mauritanica,9,not_ranked,,,inaturalist-regional-frequency-v1,compare then edit workbook
mediterranean_europe,no,no,amphibians,85,67190,Sette Fratelli Cave Salamander,Speleomantes sarrabusensis,8,not_ranked,,,inaturalist-regional-frequency-v1,compare then edit workbook
mediterranean_europe,no,no,amphibians,86,66335,Sahara Frog,Pelophylax saharicus,4,not_ranked,,,inaturalist-regional-frequency-v1,compare then edit workbook
mediterranean_europe,no,no,amphibians,87,120809,Graf's Hybrid Frog,Pelophylax grafi,3,not_ranked,,,inaturalist-regional-frequency-v1,compare then edit workbook
mediterranean_europe,no,no,amphibians,88,64372,Montseny brook Newt,Calotriton arnoldi,1,not_ranked,,,inaturalist-regional-frequency-v1,compare then edit workbook
mediterranean_europe,no,no,amphibians,89,25260,Brown Brood Frog,Pseudophryne bibronii,1,not_ranked,,,inaturalist-regional-frequency-v1,compare then edit workbook
mediterranean_europe,no,no,birds,361,4364,Ring-billed Gull,Larus delawarensis,209,not_ranked,,,inaturalist-regional-frequency-v1,compare then edit workbook
mediterranean_europe,no,no,birds,362,1026,Western Capercaillie,Tetrao urogallus,203,not_ranked,,,inaturalist-regional-frequency-v1,compare then edit workbook
mediterranean_europe,no,no,birds,363,145026,Rufous-tailed Scrub-Robin,Cercotrichas galactotes,199,not_ranked,,,inaturalist-regional-frequency-v1,compare then edit workbook
mediterranean_europe,no,no,birds,364,3911,Jack Snipe,Lymnocryptes minimus,193,not_ranked,,,inaturalist-regional-frequency-v1,compare then edit workbook
mediterranean_europe,no,no,birds,365,9211,Cretzschmar's Bunting,Emberiza caesia,188,not_ranked,,,inaturalist-regional-frequency-v1,compare then edit workbook
mediterranean_europe,no,no,birds,366,4209,Horned Grebe,Podiceps auritus,186,not_ranked,,,inaturalist-regional-frequency-v1,compare then edit workbook
mediterranean_europe,no,no,birds,367,4170,European Storm-Petrel,Hydrobates pelagicus,182,not_ranked,,,inaturalist-regional-frequency-v1,compare then edit workbook
mediterranean_europe,no,no,birds,368,117059,Snow Bunting,Plectrophenax nivalis,182,not_ranked,,,inaturalist-regional-frequency-v1,compare then edit workbook
mediterranean_europe,no,no,birds,369,14591,Red-whiskered Bulbul,Pycnonotus jocosus,182,not_ranked,,,inaturalist-regional-frequency-v1,compare then edit workbook
mediterranean_europe,no,no,birds,370,116918,Icterine Warbler,Hippolais icterina,180,not_ranked,,,inaturalist-regional-frequency-v1,compare then edit workbook
mediterranean_europe,no,no,birds,371,201181,Western Olivaceous Warbler,Iduna opaca,178,not_ranked,,,inaturalist-regional-frequency-v1,compare then edit workbook
mediterranean_europe,no,no,birds,372,116940,Savi's Warbler,Locustella luscinioides,178,not_ranked,,,inaturalist-regional-frequency-v1,compare then edit workbook
mediterranean_europe,no,no,birds,373,3743,Hadada Ibis,Bostrychia hagedash,177,not_ranked,,,inaturalist-regional-frequency-v1,compare then edit workbook
mediterranean_europe,no,no,birds,374,1289201,Moltoni's Warbler,Curruca subalpina,175,not_ranked,,,inaturalist-regional-frequency-v1,compare then edit workbook
mediterranean_europe,no,no,birds,375,73203,Red Phalarope,Phalaropus fulicarius,175,not_ranked,,,inaturalist-regional-frequency-v1,compare then edit workbook
mediterranean_europe,no,no,birds,376,117000,Bearded Reedling,Panurus biarmicus,171,not_ranked,,,inaturalist-regional-frequency-v1,compare then edit workbook
mediterranean_europe,no,no,birds,377,117028,Yellow-browed Warbler,Phylloscopus inornatus,170,not_ranked,,,inaturalist-regional-frequency-v1,compare then edit workbook
mediterranean_europe,no,no,birds,378,367572,Red-masked Parakeet,Psittacara erythrogenys,170,not_ranked,,,inaturalist-regional-frequency-v1,compare then edit workbook
mediterranean_europe,no,no,birds,379,4489,Parasitic Jaeger,Stercorarius parasiticus,169,not_ranked,,,inaturalist-regional-frequency-v1,compare then edit workbook
mediterranean_europe,no,no,birds,380,5178,Pallid Harrier,Circus macrourus,164,not_ranked,,,inaturalist-regional-frequency-v1,compare then edit workbook
mediterranean_europe,no,no,birds,381,1581937,Levant Sparrowhawk,Tachyspiza brevipes,163,not_ranked,,,inaturalist-regional-frequency-v1,compare then edit workbook
mediterranean_europe,no,no,birds,382,4519,Common Murre,Uria aalge,163,not_ranked,,,inaturalist-regional-frequency-v1,compare then edit workbook
mediterranean_europe,no,no,birds,383,12837,Isabelline Wheatear,Oenanthe isabellina,159,not_ranked,,,inaturalist-regional-frequency-v1,compare then edit workbook
mediterranean_europe,no,no,birds,384,18301,Grey-headed Woodpecker,Picus canus,156,not_ranked,,,inaturalist-regional-frequency-v1,compare then edit workbook
mediterranean_europe,no,no,birds,385,4224,Red-necked Grebe,Podiceps grisegena,154,not_ranked,,,inaturalist-regional-frequency-v1,compare then edit workbook
mediterranean_europe,no,no,birds,386,2966,African Collared-Dove,Streptopelia roseogrisea,151,not_ranked,,,inaturalist-regional-frequency-v1,compare then edit workbook
mediterranean_europe,no,no,birds,387,3893,Lesser Yellowlegs,Tringa flavipes,147,not_ranked,,,inaturalist-regional-frequency-v1,compare then edit workbook
mediterranean_europe,no,no,birds,388,116941,Common Grasshopper Warbler,Locustella naevia,143,not_ranked,,,inaturalist-regional-frequency-v1,compare then edit workbook
mediterranean_europe,no,no,birds,389,7188,Ringed Teal,Callonetta leucophrys,142,not_ranked,,,inaturalist-regional-frequency-v1,compare then edit workbook
mediterranean_europe,no,no,birds,390,7120,Muscovy Duck,Cairina moschata,141,not_ranked,,,inaturalist-regional-frequency-v1,compare then edit workbook
mediterranean_europe,no,no,birds,391,145108,Rosy Starling,Pastor roseus,141,not_ranked,,,inaturalist-regional-frequency-v1,compare then edit workbook
mediterranean_europe,no,no,birds,392,850858,Velvet Scoter,Melanitta fusca,140,not_ranked,,,inaturalist-regional-frequency-v1,compare then edit workbook
mediterranean_europe,no,no,birds,393,7170,Long-tailed Duck,Clangula hyemalis,136,not_ranked,,,inaturalist-regional-frequency-v1,compare then edit workbook
mediterranean_europe,no,no,birds,394,17669,Eurasian Three-toed Woodpecker,Picoides tridactylus,131,not_ranked,,,inaturalist-regional-frequency-v1,compare then edit workbook
mediterranean_europe,no,no,birds,395,3056,Laurel Pigeon,Columba junoniae,130,not_ranked,,,inaturalist-regional-frequency-v1,compare then edit workbook
mediterranean_europe,no,no,birds,396,7087,Brant,Branta bernicla,128,not_ranked,,,inaturalist-regional-frequency-v1,compare then edit workbook
mediterranean_europe,no,no,birds,397,327608,Rüppell's Griffon,Gyps rueppelli,128,not_ranked,,,inaturalist-regional-frequency-v1,compare then edit workbook
mediterranean_europe,no,no,birds,398,111450,Azores Bullfinch,Pyrrhula murina,127,not_ranked,,,inaturalist-regional-frequency-v1,compare then edit workbook
mediterranean_europe,no,no,birds,399,144297,Great Skua,Stercorarius skua,124,not_ranked,,,inaturalist-regional-frequency-v1,compare then edit workbook
mediterranean_europe,no,no,birds,400,4259,Lesser Flamingo,Phoeniconaias minor,119,not_ranked,,,inaturalist-regional-frequency-v1,compare then edit workbook
mediterranean_europe,no,exclude,fish,30,101204,Eastern Mosquitofish,Gambusia holbrooki,1939,not_ranked,,,inaturalist-regional-frequency-v1,compare then edit workbook
mediterranean_europe,no,exclude,fish,99,58612,Goldfish,Carassius auratus,563,not_ranked,,,inaturalist-regional-frequency-v1,compare then edit workbook
mediterranean_europe,no,no,fish,153,47635,European Bullhead,Cottus gobio,260,not_ranked,,,inaturalist-regional-frequency-v1,compare then edit workbook
mediterranean_europe,no,no,fish,154,621911,Streaked Gurnard,Chelidonichthys lastoviza,258,not_ranked,,,inaturalist-regional-frequency-v1,compare then edit workbook
mediterranean_europe,no,no,fish,155,580747,Bright Glasseye,Heteropriacanthus fulgens,254,not_ranked,,,inaturalist-regional-frequency-v1,compare then edit workbook
mediterranean_europe,no,no,fish,156,101626,Yellow-headed Goby,Gobius xanthocephalus,250,not_ranked,,,inaturalist-regional-frequency-v1,compare then edit workbook
mediterranean_europe,no,no,fish,157,50971,Barred Hogfish,Bodianus scrofa,245,not_ranked,,,inaturalist-regional-frequency-v1,compare then edit workbook
mediterranean_europe,no,no,fish,158,127706,Brown Garden Eel,Heteroconger longissimus,241,not_ranked,,,inaturalist-regional-frequency-v1,compare then edit workbook
mediterranean_europe,no,no,fish,159,623936,Thinlip Mullet,Chelon ramada,240,not_ranked,,,inaturalist-regional-frequency-v1,compare then edit workbook
mediterranean_europe,no,no,fish,160,64452,Mottled Grouper,Mycteroperca rubra,230,not_ranked,,,inaturalist-regional-frequency-v1,compare then edit workbook
mediterranean_europe,no,no,fish,161,118700,Steven's Goby,Gobius gasteveni,226,not_ranked,,,inaturalist-regional-frequency-v1,compare then edit workbook
mediterranean_europe,no,no,fish,162,50984,Bluefish,Pomatomus saltatrix,222,not_ranked,,,inaturalist-regional-frequency-v1,compare then edit workbook
mediterranean_europe,no,no,fish,163,112120,Italian rudd,Scardinius hesperidicus,221,not_ranked,,,inaturalist-regional-frequency-v1,compare then edit workbook
mediterranean_europe,no,no,fish,164,243643,Fangtooth Moray,Enchelycore anatina,220,not_ranked,,,inaturalist-regional-frequency-v1,compare then edit workbook
mediterranean_europe,no,no,fish,165,446061,Roule's Goby,Gobius roulei,216,not_ranked,,,inaturalist-regional-frequency-v1,compare then edit workbook
mediterranean_europe,no,no,fish,166,1416287,Freshwater Blenny,Salariopsis fluviatilis,215,not_ranked,,,inaturalist-regional-frequency-v1,compare then edit workbook
mediterranean_europe,no,no,fish,167,48403,Threespine Stickleback,Gasterosteus aculeatus,211,not_ranked,,,inaturalist-regional-frequency-v1,compare then edit workbook
mediterranean_europe,no,no,fish,168,359901,African Striped Grunt,Parapristipoma octolineatum,203,not_ranked,,,inaturalist-regional-frequency-v1,compare then edit workbook
mediterranean_europe,no,no,fish,169,68069,Lusitanian toadfish,Halobatrachus didactylus,199,not_ranked,,,inaturalist-regional-frequency-v1,compare then edit workbook
mediterranean_europe,no,no,fish,170,118624,Greater Pipefish,Syngnathus acus,199,not_ranked,,,inaturalist-regional-frequency-v1,compare then edit workbook
mediterranean_europe,no,no,fish,171,118628,Tub Gurnard,Chelidonichthys lucerna,196,not_ranked,,,inaturalist-regional-frequency-v1,compare then edit workbook
mediterranean_europe,no,no,fish,172,98108,Southern Iberian Spined Loach,Cobitis paludica,195,not_ranked,,,inaturalist-regional-frequency-v1,compare then edit workbook
mediterranean_europe,no,no,fish,173,93612,Alborella,Alburnus arborella,193,not_ranked,,,inaturalist-regional-frequency-v1,compare then edit workbook
mediterranean_europe,no,no,fish,174,113001,Northern Iberian chub,Squalius carolitertii,188,not_ranked,,,inaturalist-regional-frequency-v1,compare then edit workbook
mediterranean_europe,no,no,fish,175,114177,Tench,Tinca tinca,183,not_ranked,,,inaturalist-regional-frequency-v1,compare then edit workbook
mediterranean_europe,no,no,fish,176,118600,European Sardine,Sardina pilchardus,182,not_ranked,,,inaturalist-regional-frequency-v1,compare then edit workbook
mediterranean_europe,no,no,fish,177,118594,Sand Smelt,Atherina presbyter,181,not_ranked,,,inaturalist-regional-frequency-v1,compare then edit workbook
mediterranean_europe,no,no,fish,178,132368,Silver Puffer,Lagocephalus sceleratus,177,not_ranked,,,inaturalist-regional-frequency-v1,compare then edit workbook
mediterranean_europe,no,no,fish,179,179551,Hairy Blenny,Labrisomus nuchipinnis,176,not_ranked,,,inaturalist-regional-frequency-v1,compare then edit workbook
mediterranean_europe,no,no,fish,180,613689,Calandino,Squalius alburnoides,171,not_ranked,,,inaturalist-regional-frequency-v1,compare then edit workbook
mediterranean_europe,no,no,fish,181,98092,Italian Spined Loach,Cobitis bilineata,170,not_ranked,,,inaturalist-regional-frequency-v1,compare then edit workbook
mediterranean_europe,no,no,fish,182,120699,Starry Weever,Trachinus radiatus,170,not_ranked,,,inaturalist-regional-frequency-v1,compare then edit workbook
mediterranean_europe,no,no,fish,183,48156,Zander,Sander lucioperca,169,not_ranked,,,inaturalist-regional-frequency-v1,compare then edit workbook
mediterranean_europe,no,no,fish,184,56940,Atlantic Bonito,Sarda sarda,169,not_ranked,,,inaturalist-regional-frequency-v1,compare then edit workbook
mediterranean_europe,no,no,fish,185,118616,Spotted Seabass,Dicentrarchus punctatus,168,not_ranked,,,inaturalist-regional-frequency-v1,compare then edit workbook
mediterranean_europe,no,no,fish,186,49596,Brook Trout,Salvelinus fontinalis,167,not_ranked,,,inaturalist-regional-frequency-v1,compare then edit workbook
mediterranean_europe,no,no,fish,187,128425,Oriental Weatherfish,Misgurnus anguillicaudatus,166,not_ranked,,,inaturalist-regional-frequency-v1,compare then edit workbook
mediterranean_europe,no,no,fish,188,51553,Almaco Jack,Seriola rivoliana,166,not_ranked,,,inaturalist-regional-frequency-v1,compare then edit workbook
mediterranean_europe,no,no,fish,189,617424,Reticulated Leatherjacket,Stephanolepis diaspros,164,not_ranked,,,inaturalist-regional-frequency-v1,compare then edit workbook
mediterranean_europe,no,no,fish,190,118709,Leerfish,Lichia amia,163,not_ranked,,,inaturalist-regional-frequency-v1,compare then edit workbook
mediterranean_europe,no,no,fish,191,49601,Common Mola,Mola mola,161,not_ranked,,,inaturalist-regional-frequency-v1,compare then edit workbook
mediterranean_europe,no,no,fish,192,118698,Leopard-spotted Goby,Thorogobius ephippiatus,161,not_ranked,,,inaturalist-regional-frequency-v1,compare then edit workbook
mediterranean_europe,no,no,fish,193,118687,Tentacled Blenny,Parablennius tentacularis,156,not_ranked,,,inaturalist-regional-frequency-v1,compare then edit workbook
mediterranean_europe,no,no,fish,194,69989,Common Roach,Rutilus rutilus,155,not_ranked,,,inaturalist-regional-frequency-v1,compare then edit workbook
mediterranean_europe,no,no,fish,195,105789,Black-headed Blenny,Microlipophrys nigriceps,154,not_ranked,,,inaturalist-regional-frequency-v1,compare then edit workbook
mediterranean_europe,no,no,fish,196,613573,Rovella,Sarmarutilus rubilio,153,not_ranked,,,inaturalist-regional-frequency-v1,compare then edit workbook
mediterranean_europe,no,no,fish,197,81554,Channel Catfish,Ictalurus punctatus,151,not_ranked,,,inaturalist-regional-frequency-v1,compare then edit workbook
mediterranean_europe,no,no,fish,198,118599,Round Sardinella,Sardinella aurita,151,not_ranked,,,inaturalist-regional-frequency-v1,compare then edit workbook
mediterranean_europe,no,no,fish,199,113528,Baillon's Wrasse,Symphodus bailloni,151,not_ranked,,,inaturalist-regional-frequency-v1,compare then edit workbook
mediterranean_europe,no,no,fish,200,118601,Pouting,Trisopterus luscus,151,not_ranked,,,inaturalist-regional-frequency-v1,compare then edit workbook
mediterranean_europe,no,no,fish,201,104842,Andalusian Barbel,Luciobarbus sclateri,150,not_ranked,,,inaturalist-regional-frequency-v1,compare then edit workbook
mediterranean_europe,no,no,fish,202,103914,Green Wrasse,Labrus viridis,148,not_ranked,,,inaturalist-regional-frequency-v1,compare then edit workbook
mediterranean_europe,no,no,fish,203,360093,Red Squirrelfish,Sargocentron rubrum,147,not_ranked,,,inaturalist-regional-frequency-v1,compare then edit workbook
mediterranean_europe,no,no,fish,204,110042,Common Goby,Pomatoschistus microps,143,not_ranked,,,inaturalist-regional-frequency-v1,compare then edit workbook
mediterranean_europe,no,no,fish,205,109311,Adour Minnow,Phoxinus bigerri,139,not_ranked,,,inaturalist-regional-frequency-v1,compare then edit workbook
mediterranean_europe,no,no,fish,206,103913,Cuckoo Wrasse,Labrus mixtus,138,not_ranked,,,inaturalist-regional-frequency-v1,compare then edit workbook
mediterranean_europe,no,no,fish,207,1316741,Blacktailed Wrasse,Symphodus melanocercus,137,not_ranked,,,inaturalist-regional-frequency-v1,compare then edit workbook
mediterranean_europe,no,no,fish,208,101585,Common Gudgeon,Gobio gobio,134,not_ranked,,,inaturalist-regional-frequency-v1,compare then edit workbook
mediterranean_europe,no,no,fish,209,118649,Lesser Weever,Echiichthys vipera,133,not_ranked,,,inaturalist-regional-frequency-v1,compare then edit workbook
mediterranean_europe,no,no,fish,210,114126,Atlantic Bluefin Tuna,Thunnus thynnus,133,not_ranked,,,inaturalist-regional-frequency-v1,compare then edit workbook
mediterranean_europe,no,no,fish,211,618436,European Finless Eel,Apterichtus caecus,131,not_ranked,,,inaturalist-regional-frequency-v1,compare then edit workbook
mediterranean_europe,no,no,fish,212,95147,Common Barbel,Barbus barbus,131,not_ranked,,,inaturalist-regional-frequency-v1,compare then edit workbook
mediterranean_europe,no,no,fish,213,446060,Couch's Goby,Gobius couchi,131,not_ranked,,,inaturalist-regional-frequency-v1,compare then edit workbook
mediterranean_europe,no,no,fish,214,118622,John Dory,Zeus faber,131,not_ranked,,,inaturalist-regional-frequency-v1,compare then edit workbook
mediterranean_europe,no,no,fish,215,118695,Atlantic Horse Mackerel,Trachurus trachurus,130,not_ranked,,,inaturalist-regional-frequency-v1,compare then edit workbook
mediterranean_europe,no,no,fish,216,120632,Madeiran Sardinella,Sardinella maderensis,129,not_ranked,,,inaturalist-regional-frequency-v1,compare then edit workbook
mediterranean_europe,no,no,fish,217,98753,Goldsinny Wrasse,Ctenolabrus rupestris,126,not_ranked,,,inaturalist-regional-frequency-v1,compare then edit workbook
mediterranean_europe,no,no,fish,218,120610,Red-banded Seabream,Pagrus auriga,126,not_ranked,,,inaturalist-regional-frequency-v1,compare then edit workbook
mediterranean_europe,no,no,fish,219,187674,Adriatic Blenny,Microlipophrys adriaticus,125,not_ranked,,,inaturalist-regional-frequency-v1,compare then edit workbook
mediterranean_europe,no,no,fish,220,109633,Keeltail Needlefish,Platybelone argalus,122,not_ranked,,,inaturalist-regional-frequency-v1,compare then edit workbook
mediterranean_europe,no,no,fish,221,786323,Golden Grey Mullet,Chelon auratus,121,not_ranked,,,inaturalist-regional-frequency-v1,compare then edit workbook
mediterranean_europe,no,no,fish,222,111757,European Bitterling,Rhodeus amarus,121,not_ranked,,,inaturalist-regional-frequency-v1,compare then edit workbook
mediterranean_europe,no,no,fish,223,118699,Golden Goby,Gobius auratus,120,not_ranked,,,inaturalist-regional-frequency-v1,compare then edit workbook
mediterranean_europe,no,no,fish,224,118716,Sailfin Dragonet,Callionymus pusillus,118,not_ranked,,,inaturalist-regional-frequency-v1,compare then edit workbook
mediterranean_europe,no,no,fish,225,110039,Bath's Goby,Pomatoschistus bathi,117,not_ranked,,,inaturalist-regional-frequency-v1,compare then edit workbook
mediterranean_europe,no,no,fish,226,564867,Atlantic Wrasse,Symphodus caeruleus,117,not_ranked,,,inaturalist-regional-frequency-v1,compare then edit workbook
mediterranean_europe,no,no,fish,227,118648,Spotted Weever,Trachinus araneus,115,not_ranked,,,inaturalist-regional-frequency-v1,compare then edit workbook
mediterranean_europe,no,no,fish,228,93704,Twaite Shad,Alosa fallax,111,not_ranked,,,inaturalist-regional-frequency-v1,compare then edit workbook
mediterranean_europe,no,no,fish,229,118712,Picarel,Spicara smaris,110,not_ranked,,,inaturalist-regional-frequency-v1,compare then edit workbook
mediterranean_europe,no,no,fish,230,49927,Spotfin Burrfish,Chilomycterus reticulatus,109,not_ranked,,,inaturalist-regional-frequency-v1,compare then edit workbook
mediterranean_europe,no,no,fish,231,110977,Iberian Nase,Pseudochondrostoma polylepis,108,not_ranked,,,inaturalist-regional-frequency-v1,compare then edit workbook
mediterranean_europe,no,no,fish,232,112118,Common Rudd,Scardinius erythrophthalmus,106,not_ranked,,,inaturalist-regional-frequency-v1,compare then edit workbook
mediterranean_europe,no,no,fish,233,69841,Atlantic Chub Mackerel,Scomber colias,106,not_ranked,,,inaturalist-regional-frequency-v1,compare then edit workbook
mediterranean_europe,no,no,fish,234,95319,Italian Barbel,Barbus plebejus,105,not_ranked,,,inaturalist-regional-frequency-v1,compare then edit workbook
mediterranean_europe,no,no,fish,235,96913,Small-mouthed Wrasse,Centrolabrus exoletus,102,not_ranked,,,inaturalist-regional-frequency-v1,compare then edit workbook
mediterranean_europe,no,no,fish,236,111946,Marble Trout,Salmo marmoratus,99,not_ranked,,,inaturalist-regional-frequency-v1,compare then edit workbook
mediterranean_europe,no,no,fish,237,120669,Senegalese Sole,Solea senegalensis,99,not_ranked,,,inaturalist-regional-frequency-v1,compare then edit workbook
mediterranean_europe,no,no,fish,238,94258,Mediterranean Banded Killifish,Aphanius fasciatus,97,not_ranked,,,inaturalist-regional-frequency-v1,compare then edit workbook
mediterranean_europe,no,no,fish,239,51910,European Anchovy,Engraulis encrasicolus,96,not_ranked,,,inaturalist-regional-frequency-v1,compare then edit workbook
mediterranean_europe,no,no,fish,240,118592,Giant Snake Eel,Ophisurus serpens,96,not_ranked,,,inaturalist-regional-frequency-v1,compare then edit workbook
mediterranean_europe,no,no,fish,241,120614,Little Tunny,Euthynnus alletteratus,93,not_ranked,,,inaturalist-regional-frequency-v1,compare then edit workbook
mediterranean_europe,no,no,fish,242,613179,North Italian Roach,Leucos aula,92,not_ranked,,,inaturalist-regional-frequency-v1,compare then edit workbook
mediterranean_europe,no,no,fish,243,1316614,Two-spotted Goby,Pomatoschistus flavescens,92,not_ranked,,,inaturalist-regional-frequency-v1,compare then edit workbook
mediterranean_europe,no,no,fish,244,608753,Red Sea Hardyhead Silverside,Atherinomorus forskalii,87,not_ranked,,,inaturalist-regional-frequency-v1,compare then edit workbook
mediterranean_europe,no,no,fish,245,96128,Stone Goby,Buenia affinis,87,not_ranked,,,inaturalist-regional-frequency-v1,compare then edit workbook
mediterranean_europe,no,no,fish,246,486180,Southern Pike,Esox cisalpinus,84,not_ranked,,,inaturalist-regional-frequency-v1,compare then edit workbook
mediterranean_europe,no,no,fish,247,56899,Chameleon Cichlid,Australoheros facetus,83,not_ranked,,,inaturalist-regional-frequency-v1,compare then edit workbook
mediterranean_europe,no,no,fish,248,131523,Bermuda Chub,Kyphosus sectatrix,83,not_ranked,,,inaturalist-regional-frequency-v1,compare then edit workbook
mediterranean_europe,no,no,fish,249,620469,Canary Scorpionfish,Scorpaena canariensis,83,not_ranked,,,inaturalist-regional-frequency-v1,compare then edit workbook
mediterranean_europe,no,no,fish,250,98531,Common Dolphinfish,Coryphaena hippurus,82,not_ranked,,,inaturalist-regional-frequency-v1,compare then edit workbook
mediterranean_europe,no,no,fish,251,118678,Atlantic Mackerel,Scomber scombrus,82,not_ranked,,,inaturalist-regional-frequency-v1,compare then edit workbook
mediterranean_europe,no,no,fish,252,1316229,Imperial Needlefish,Tylosurus imperialis,82,not_ranked,,,inaturalist-regional-frequency-v1,compare then edit workbook
mediterranean_europe,no,no,fish,253,446153,Guillet's goby,Lebetus guilleti,80,not_ranked,,,inaturalist-regional-frequency-v1,compare then edit workbook
mediterranean_europe,no,no,fish,254,1316692,Grass Goby,Gobius ophiocephalus,79,not_ranked,,,inaturalist-regional-frequency-v1,compare then edit workbook
mediterranean_europe,no,no,fish,255,338048,Topknot,Zeugopterus punctatus,79,not_ranked,,,inaturalist-regional-frequency-v1,compare then edit workbook
mediterranean_europe,no,no,fish,256,120693,Spotfin Scad,Caranx rhonchus,76,not_ranked,,,inaturalist-regional-frequency-v1,compare then edit workbook
mediterranean_europe,no,no,fish,257,118602,Shore Rockling,Gaidropsarus mediterraneus,76,not_ranked,,,inaturalist-regional-frequency-v1,compare then edit workbook
mediterranean_europe,no,no,fish,258,113584,Darkflank Pipefish,Syngnathus taenionotus,76,not_ranked,,,inaturalist-regional-frequency-v1,compare then edit workbook
mediterranean_europe,no,no,fish,259,92984,Common Bream,Abramis brama,74,not_ranked,,,inaturalist-regional-frequency-v1,compare then edit workbook
mediterranean_europe,no,no,fish,260,210173,Brassy Drummer,Kyphosus vaigiensis,74,not_ranked,,,inaturalist-regional-frequency-v1,compare then edit workbook
mediterranean_europe,no,no,fish,261,113578,Black-striped Pipefish,Syngnathus abaster,74,not_ranked,,,inaturalist-regional-frequency-v1,compare then edit workbook
mediterranean_europe,no,no,fish,262,342287,Painted Goby,Pomatoschistus pictus,72,not_ranked,,,inaturalist-regional-frequency-v1,compare then edit workbook
mediterranean_europe,no,no,fish,263,110976,Douro Nase,Pseudochondrostoma duriense,72,not_ranked,,,inaturalist-regional-frequency-v1,compare then edit workbook
mediterranean_europe,no,no,fish,264,118680,Common Drum,Umbrina cirrosa,72,not_ranked,,,inaturalist-regional-frequency-v1,compare then edit workbook
mediterranean_europe,no,no,fish,265,118717,Common Dragonet,Callionymus lyra,71,not_ranked,,,inaturalist-regional-frequency-v1,compare then edit workbook
mediterranean_europe,no,no,fish,266,95277,Southern Barbel,Barbus meridionalis,69,not_ranked,,,inaturalist-regional-frequency-v1,compare then edit workbook
mediterranean_europe,no,no,fish,267,104839,Ebro barbel,Luciobarbus graellsii,69,not_ranked,,,inaturalist-regional-frequency-v1,compare then edit workbook
mediterranean_europe,no,no,fish,268,128500,Grass Carp,Ctenopharyngodon idella,67,not_ranked,,,inaturalist-regional-frequency-v1,compare then edit workbook
mediterranean_europe,no,no,fish,269,154500,Weakfish,Cynoscion regalis,66,not_ranked,,,inaturalist-regional-frequency-v1,compare then edit workbook
mediterranean_europe,no,no,fish,270,68118,White Grouper,Epinephelus aeneus,66,not_ranked,,,inaturalist-regional-frequency-v1,compare then edit workbook
mediterranean_europe,no,no,fish,271,101625,Striped Goby,Gobius vittatus,66,not_ranked,,,inaturalist-regional-frequency-v1,compare then edit workbook
mediterranean_europe,no,no,fish,272,105894,Large-headed Goby,Millerigobius macrocephalus,66,not_ranked,,,inaturalist-regional-frequency-v1,compare then edit workbook
mediterranean_europe,no,no,fish,273,619059,Rhomboid Sweeper,Pempheris rhomboidea,66,not_ranked,,,inaturalist-regional-frequency-v1,compare then edit workbook
mediterranean_europe,no,no,fish,274,107889,Mozambique Tilapia,Oreochromis mossambicus,65,not_ranked,,,inaturalist-regional-frequency-v1,compare then edit workbook
mediterranean_europe,no,no,fish,275,113530,Doderlein's Wrasse,Symphodus doderleini,65,not_ranked,,,inaturalist-regional-frequency-v1,compare then edit workbook
mediterranean_europe,no,no,fish,276,120638,Klein's Sole,Synapturichthys kleinii,64,not_ranked,,,inaturalist-regional-frequency-v1,compare then edit workbook
mediterranean_europe,no,no,fish,277,49498,Scrawled Filefish,Aluterus scriptus,62,not_ranked,,,inaturalist-regional-frequency-v1,compare then edit workbook
mediterranean_europe,no,no,fish,278,110675,South European Nase,Protochondrostoma genei,61,not_ranked,,,inaturalist-regional-frequency-v1,compare then edit workbook
mediterranean_europe,no,no,fish,279,472137,Cornish Sucker,Lepadogaster purpurea,60,not_ranked,,,inaturalist-regional-frequency-v1,compare then edit workbook
mediterranean_europe,no,no,fish,280,613166,Asp,Leuciscus aspius,59,not_ranked,,,inaturalist-regional-frequency-v1,compare then edit workbook
mediterranean_europe,no,no,fish,281,95171,Brook barbel,Barbus caninus,58,not_ranked,,,inaturalist-regional-frequency-v1,compare then edit workbook
mediterranean_europe,no,no,fish,282,445866,Senegal seabream,Diplodus bellottii,58,not_ranked,,,inaturalist-regional-frequency-v1,compare then edit workbook
mediterranean_europe,no,no,fish,283,118603,European Hake,Merluccius merluccius,56,not_ranked,,,inaturalist-regional-frequency-v1,compare then edit workbook
mediterranean_europe,no,no,fish,284,111914,Italian Golden Loach,Sabanejewia larvata,56,not_ranked,,,inaturalist-regional-frequency-v1,compare then edit workbook
mediterranean_europe,no,no,fish,285,118635,Sand Sole,Pegusa lascaris,55,not_ranked,,,inaturalist-regional-frequency-v1,compare then edit workbook
mediterranean_europe,no,no,fish,286,173412,Guppy,Poecilia reticulata,55,not_ranked,,,inaturalist-regional-frequency-v1,compare then edit workbook
mediterranean_europe,no,no,fish,287,333992,Southern Iberian chub,Squalius pyrenaicus,55,not_ranked,,,inaturalist-regional-frequency-v1,compare then edit workbook
mediterranean_europe,no,no,fish,288,108185,Arno Goby,Padogobius nigricans,54,not_ranked,,,inaturalist-regional-frequency-v1,compare then edit workbook
mediterranean_europe,no,no,fish,289,618435,Slender Finless Eel,Apterichtus anguiformis,53,not_ranked,,,inaturalist-regional-frequency-v1,compare then edit workbook
mediterranean_europe,no,no,fish,290,120667,Thor's Scaldfish,Arnoglossus thori,53,not_ranked,,,inaturalist-regional-frequency-v1,compare then edit workbook
mediterranean_europe,no,no,fish,291,113005,Illyrian Chub,Squalius illyricus,53,not_ranked,,,inaturalist-regional-frequency-v1,compare then edit workbook
mediterranean_europe,no,no,fish,292,120647,Canary Drum,Umbrina canariensis,53,not_ranked,,,inaturalist-regional-frequency-v1,compare then edit workbook
mediterranean_europe,no,no,fish,293,115167,Broadbill Swordfish,Xiphias gladius,51,not_ranked,,,inaturalist-regional-frequency-v1,compare then edit workbook
mediterranean_europe,no,no,fish,294,120680,Pink Dentex,Dentex gibbosus,49,not_ranked,,,inaturalist-regional-frequency-v1,compare then edit workbook
mediterranean_europe,no,no,fish,295,130386,Longspined Bullhead,Taurulus bubalis,49,not_ranked,,,inaturalist-regional-frequency-v1,compare then edit workbook
mediterranean_europe,no,no,fish,296,504432,Leopard Eel,Myrichthys pardalis,48,not_ranked,,,inaturalist-regional-frequency-v1,compare then edit workbook
mediterranean_europe,no,no,fish,297,118657,Blackspot Seabream,Pagellus bogaraveo,47,not_ranked,,,inaturalist-regional-frequency-v1,compare then edit workbook
mediterranean_europe,no,no,fish,298,49402,Atlantic Sergeant Major,Abudefduf saxatilis,46,not_ranked,,,inaturalist-regional-frequency-v1,compare then edit workbook
mediterranean_europe,no,no,fish,299,109631,European Flounder,Platichthys flesus,45,not_ranked,,,inaturalist-regional-frequency-v1,compare then edit workbook
mediterranean_europe,no,no,fish,300,445771,Brito's goby,Chromogobius britoi,44,not_ranked,,,inaturalist-regional-frequency-v1,compare then edit workbook
mediterranean_europe,no,no,fish,301,118607,Two-spotted Sucker,Diplecogaster bimaculata,44,not_ranked,,,inaturalist-regional-frequency-v1,compare then edit workbook
mediterranean_europe,no,no,fish,302,47255,European Barracuda,Sphyraena sphyraena,43,not_ranked,,,inaturalist-regional-frequency-v1,compare then edit workbook
mediterranean_europe,no,no,fish,303,1316876,Iberian toothcarp,Apricaphanius iberus,42,not_ranked,,,inaturalist-regional-frequency-v1,compare then edit workbook
mediterranean_europe,no,no,fish,304,103249,Portuguese arched-mouth nase,Iberochondrostoma lusitanicum,42,not_ranked,,,inaturalist-regional-frequency-v1,compare then edit workbook
mediterranean_europe,no,no,fish,305,52464,Black Triggerfish,Melichthys niger,42,not_ranked,,,inaturalist-regional-frequency-v1,compare then edit workbook
mediterranean_europe,no,no,fish,306,118610,Angler,Lophius piscatorius,41,not_ranked,,,inaturalist-regional-frequency-v1,compare then edit workbook
mediterranean_europe,no,no,fish,307,113013,Maritza Chub,Squalius orpheus,41,not_ranked,,,inaturalist-regional-frequency-v1,compare then edit workbook
mediterranean_europe,no,no,fish,308,142759,Little Bellowsfish,Macroramphosus gracilis,40,not_ranked,,,inaturalist-regional-frequency-v1,compare then edit workbook
mediterranean_europe,no,no,fish,309,416585,Turbot,Scophthalmus maximus,40,not_ranked,,,inaturalist-regional-frequency-v1,compare then edit workbook
mediterranean_europe,no,no,fish,310,113024,Vardar Chub,Squalius vardarensis,40,not_ranked,,,inaturalist-regional-frequency-v1,compare then edit workbook
mediterranean_europe,no,no,fish,311,120689,Lesser Amberjack,Seriola fasciata,39,not_ranked,,,inaturalist-regional-frequency-v1,compare then edit workbook
mediterranean_europe,no,no,fish,312,118637,Eckström's Topknot,Zeugopterus regius,39,not_ranked,,,inaturalist-regional-frequency-v1,compare then edit workbook
mediterranean_europe,no,no,fish,313,120635,Ocean Puffer,Lagocephalus lagocephalus,38,not_ranked,,,inaturalist-regional-frequency-v1,compare then edit workbook
mediterranean_europe,no,no,fish,314,118714,Cline,Clinitrachus argentatus,37,not_ranked,,,inaturalist-regional-frequency-v1,compare then edit workbook
mediterranean_europe,no,no,fish,315,98097,Danubian Spined Loach,Cobitis elongatoides,37,not_ranked,,,inaturalist-regional-frequency-v1,compare then edit workbook
mediterranean_europe,no,no,fish,316,111974,Arctic Char,Salvelinus alpinus,37,not_ranked,,,inaturalist-regional-frequency-v1,compare then edit workbook
mediterranean_europe,no,no,fish,317,479674,Rubber-lip Grunt,Plectorhinchus mediterraneus,36,not_ranked,,,inaturalist-regional-frequency-v1,compare then edit workbook
mediterranean_europe,no,no,fish,318,332553,Atlantic Pollock,Pollachius pollachius,36,not_ranked,,,inaturalist-regional-frequency-v1,compare then edit workbook
mediterranean_europe,no,no,fish,319,111927,Basilisk Blenny,Salaria basilisca,36,not_ranked,,,inaturalist-regional-frequency-v1,compare then edit workbook
mediterranean_europe,no,no,fish,320,1316691,Italian Spring Goby,Orsinigobius punctatissimus,35,not_ranked,,,inaturalist-regional-frequency-v1,compare then edit workbook
mediterranean_europe,no,no,fish,321,118694,Mediterranean Horse Mackerel,Trachurus mediterraneus,35,not_ranked,,,inaturalist-regional-frequency-v1,compare then edit workbook
mediterranean_europe,no,no,fish,322,95382,Horse Barbel,Barbus tyberinus,33,not_ranked,,,inaturalist-regional-frequency-v1,compare then edit workbook
mediterranean_europe,no,no,fish,323,98411,Liechtenstein's Goby,Corcyrogobius liechtensteini,33,not_ranked,,,inaturalist-regional-frequency-v1,compare then edit workbook
mediterranean_europe,no,no,fish,324,608309,Pharaoh Cardinalfish,Apogonichthyoides pharaonis,32,not_ranked,,,inaturalist-regional-frequency-v1,compare then edit workbook
mediterranean_europe,no,no,fish,325,118684,Portuguese blenny,Parablennius ruber,32,not_ranked,,,inaturalist-regional-frequency-v1,compare then edit workbook
mediterranean_europe,no,no,fish,326,109885,Sailfin Molly,Poecilia latipinna,32,not_ranked,,,inaturalist-regional-frequency-v1,compare then edit workbook
mediterranean_europe,no,no,fish,327,95146,Danube Barbel,Barbus balcanicus,31,not_ranked,,,inaturalist-regional-frequency-v1,compare then edit workbook
mediterranean_europe,no,no,fish,328,95218,Iberian redfin barbel,Barbus haasi,31,not_ranked,,,inaturalist-regional-frequency-v1,compare then edit workbook
mediterranean_europe,no,no,fish,329,118626,Longfin Gurnard,Chelidonichthys obscurus,31,not_ranked,,,inaturalist-regional-frequency-v1,compare then edit workbook
mediterranean_europe,no,no,fish,330,118636,Brill,Scophthalmus rhombus,31,not_ranked,,,inaturalist-regional-frequency-v1,compare then edit workbook
mediterranean_europe,no,no,fish,331,49268,Blunthead Puffer,Sphoeroides pachygaster,31,not_ranked,,,inaturalist-regional-frequency-v1,compare then edit workbook
mediterranean_europe,no,no,fish,332,93603,Schneider,Alburnoides bipunctatus,30,not_ranked,,,inaturalist-regional-frequency-v1,compare then edit workbook
mediterranean_europe,no,no,fish,333,120694,Atlantic Tripletail,Lobotes surinamensis,30,not_ranked,,,inaturalist-regional-frequency-v1,compare then edit workbook
mediterranean_europe,no,no,fish,334,93138,Bermejuela,Achondrostoma arcasii,29,not_ranked,,,inaturalist-regional-frequency-v1,compare then edit workbook
mediterranean_europe,no,no,fish,335,95099,Stone Loach,Barbatula barbatula,29,not_ranked,,,inaturalist-regional-frequency-v1,compare then edit workbook
mediterranean_europe,no,no,fish,336,113863,Epiros Riffle Dace,Telestes pleurobipunctatus,29,not_ranked,,,inaturalist-regional-frequency-v1,compare then edit workbook
mediterranean_europe,no,no,fish,337,100083,Dogtooth Grouper,Epinephelus caninus,28,not_ranked,,,inaturalist-regional-frequency-v1,compare then edit workbook
mediterranean_europe,no,no,fish,338,118710,Pilotfish,Naucrates ductor,28,not_ranked,,,inaturalist-regional-frequency-v1,compare then edit workbook
mediterranean_europe,no,no,fish,339,64589,Boarfish,Capros aper,27,not_ranked,,,inaturalist-regional-frequency-v1,compare then edit workbook
mediterranean_europe,no,no,fish,340,614465,Shy Goby,Didogobius kochi,27,not_ranked,,,inaturalist-regional-frequency-v1,compare then edit workbook
mediterranean_europe,no,no,fish,341,615630,Sideburn wrasse,Pteragogus trispilus,27,not_ranked,,,inaturalist-regional-frequency-v1,compare then edit workbook
mediterranean_europe,no,no,fish,342,113008,Ebro chub,Squalius laietanus,27,not_ranked,,,inaturalist-regional-frequency-v1,compare then edit workbook
mediterranean_europe,no,no,fish,343,118697,Four-spotted Goby,Deltentosteus quadrimaculatus,26,not_ranked,,,inaturalist-regional-frequency-v1,compare then edit workbook
mediterranean_europe,no,no,fish,344,109317,Languedoc minnow,Phoxinus septimaniae,26,not_ranked,,,inaturalist-regional-frequency-v1,compare then edit workbook
mediterranean_europe,no,no,fish,345,110044,Quagga Goby,Pomatoschistus quagga,26,not_ranked,,,inaturalist-regional-frequency-v1,compare then edit workbook
mediterranean_europe,no,no,fish,346,114127,European Grayling,Thymallus thymallus,26,not_ranked,,,inaturalist-regional-frequency-v1,compare then edit workbook
mediterranean_europe,no,no,fish,347,120676,Blue Jack Mackerel,Trachurus picturatus,26,not_ranked,,,inaturalist-regional-frequency-v1,compare then edit workbook
mediterranean_europe,no,no,fish,348,618483,Armless Snake Eel,Dalophis imberbis,25,not_ranked,,,inaturalist-regional-frequency-v1,compare then edit workbook
mediterranean_europe,no,no,fish,349,118611,Black-bellied Angler,Lophius budegassa,25,not_ranked,,,inaturalist-regional-frequency-v1,compare then edit workbook
mediterranean_europe,no,no,fish,350,47240,Common Bellowsfish,Macroramphosus scolopax,25,not_ranked,,,inaturalist-regional-frequency-v1,compare then edit workbook
mediterranean_europe,no,no,fish,351,430030,Balkan Brook Trout,Salmo farioides,25,not_ranked,,,inaturalist-regional-frequency-v1,compare then edit workbook
mediterranean_europe,no,no,fish,352,1315066,Baetican toothcarp,Apricaphanius baeticus,24,not_ranked,,,inaturalist-regional-frequency-v1,compare then edit workbook
mediterranean_europe,no,no,fish,353,1277075,Barbus fucini,Barbus fucini,24,not_ranked,,,inaturalist-regional-frequency-v1,compare then edit workbook
mediterranean_europe,no,no,fish,354,95353,Strumica Barbel,Barbus strumicae,24,not_ranked,,,inaturalist-regional-frequency-v1,compare then edit workbook
mediterranean_europe,no,no,fish,355,1545462,Atlantic Spined Loach,Cobitis atlantica,24,not_ranked,,,inaturalist-regional-frequency-v1,compare then edit workbook
mediterranean_europe,no,no,fish,356,103710,Adriatic Dwarf Goby,Knipowitschia panizzae,24,not_ranked,,,inaturalist-regional-frequency-v1,compare then edit workbook
mediterranean_europe,no,no,fish,357,99696,Western Greece Goby,Economidichthys pygmaeus,23,not_ranked,,,inaturalist-regional-frequency-v1,compare then edit workbook
mediterranean_europe,no,no,fish,358,118615,Mediterranean Sand Eel,Gymnammodytes cicerelus,23,not_ranked,,,inaturalist-regional-frequency-v1,compare then edit workbook
mediterranean_europe,no,no,fish,359,104840,Eastern Iberian barbel,Luciobarbus guiraonis,23,not_ranked,,,inaturalist-regional-frequency-v1,compare then edit workbook
mediterranean_europe,no,no,fish,360,121324,Nile Tilapia,Oreochromis niloticus,23,not_ranked,,,inaturalist-regional-frequency-v1,compare then edit workbook
mediterranean_europe,no,no,fish,361,118679,Brown Meagre,Argyrosomus regius,22,not_ranked,,,inaturalist-regional-frequency-v1,compare then edit workbook
mediterranean_europe,no,no,fish,362,95811,Silver Bream,Blicca bjoerkna,21,not_ranked,,,inaturalist-regional-frequency-v1,compare then edit workbook
mediterranean_europe,no,no,fish,363,118632,Whiskered Sole,Monochirus hispidus,21,not_ranked,,,inaturalist-regional-frequency-v1,compare then edit workbook
mediterranean_europe,no,no,fish,364,111859,Italian Gudgeon,Romanogobio benacensis,21,not_ranked,,,inaturalist-regional-frequency-v1,compare then edit workbook
mediterranean_europe,no,no,fish,365,113015,Peloponnese Chub,Squalius peloponensis,21,not_ranked,,,inaturalist-regional-frequency-v1,compare then edit workbook
mediterranean_europe,no,no,fish,366,530136,Slender Shrimpgoby,Vanderhorstia mertensi,21,not_ranked,,,inaturalist-regional-frequency-v1,compare then edit workbook
mediterranean_europe,no,no,fish,367,118715,Risso's Dragonet,Callionymus risso,20,not_ranked,,,inaturalist-regional-frequency-v1,compare then edit workbook
mediterranean_europe,no,no,fish,368,320326,Five-bearded Rockling,Ciliata mustela,20,not_ranked,,,inaturalist-regional-frequency-v1,compare then edit workbook
mediterranean_europe,no,no,fish,369,1316049,Rhodes minnow,Ladigesocypris ghigii,20,not_ranked,,,inaturalist-regional-frequency-v1,compare then edit workbook
mediterranean_europe,no,no,fish,370,108445,Ebro nase,Parachondrostoma miegii,20,not_ranked,,,inaturalist-regional-frequency-v1,compare then edit workbook
mediterranean_europe,no,no,fish,371,48648,Atlantic Salmon,Salmo salar,20,not_ranked,,,inaturalist-regional-frequency-v1,compare then edit workbook
mediterranean_europe,no,no,fish,372,113009,Toscana Stream Chub,Squalius lucumonis,20,not_ranked,,,inaturalist-regional-frequency-v1,compare then edit workbook
mediterranean_europe,no,no,fish,373,321550,Fusca Drum,Umbrina ronchus,20,not_ranked,,,inaturalist-regional-frequency-v1,compare then edit workbook
mediterranean_europe,no,no,fish,374,1313296,Pallaoro's Goby,Zebrus pallaoroi,20,not_ranked,,,inaturalist-regional-frequency-v1,compare then edit workbook
mediterranean_europe,no,no,fish,375,95313,Peloponnese Barbel,Barbus peloponnesius,19,not_ranked,,,inaturalist-regional-frequency-v1,compare then edit workbook
mediterranean_europe,no,no,fish,376,1314946,Lisbon Arched-mouth Nase,Iberochondrostoma olisiponense,19,not_ranked,,,inaturalist-regional-frequency-v1,compare then edit workbook
mediterranean_europe,no,no,fish,377,120605,Solea aegyptiaca,Solea aegyptiaca,19,not_ranked,,,inaturalist-regional-frequency-v1,compare then edit workbook
mediterranean_europe,no,no,fish,378,114111,Large-scaled Goby,Thorogobius macrolepis,19,not_ranked,,,inaturalist-regional-frequency-v1,compare then edit workbook
mediterranean_europe,no,no,fish,379,118608,Small-headed Clingfish,Apletodon dentatus,18,not_ranked,,,inaturalist-regional-frequency-v1,compare then edit workbook
mediterranean_europe,no,no,fish,380,445669,Grohmann's Scald-fish,Arnoglossus grohmanni,18,not_ranked,,,inaturalist-regional-frequency-v1,compare then edit workbook
mediterranean_europe,no,no,fish,381,95348,Sperchios Barbel,Barbus sperchiensis,18,not_ranked,,,inaturalist-regional-frequency-v1,compare then edit workbook
mediterranean_europe,no,no,fish,382,84179,Ray's Bream,Brama brama,18,not_ranked,,,inaturalist-regional-frequency-v1,compare then edit workbook
mediterranean_europe,no,no,fish,383,97761,Banded Goby,Chromogobius quadrivittatus,18,not_ranked,,,inaturalist-regional-frequency-v1,compare then edit workbook
mediterranean_europe,no,no,fish,384,98113,Struma Spined Loach,Cobitis strumicae,18,not_ranked,,,inaturalist-regional-frequency-v1,compare then edit workbook
mediterranean_europe,no,no,fish,385,48844,Sharksucker,Echeneis naucrates,18,not_ranked,,,inaturalist-regional-frequency-v1,compare then edit workbook
mediterranean_europe,no,no,fish,386,101887,Ruffe,Gymnocephalus cernua,18,not_ranked,,,inaturalist-regional-frequency-v1,compare then edit workbook
mediterranean_europe,no,no,fish,387,187636,Albanian Barbel,Luciobarbus albanicus,18,not_ranked,,,inaturalist-regional-frequency-v1,compare then edit workbook
mediterranean_europe,no,no,fish,388,118623,Straightnose Pipefish,Nerophis ophidion,18,not_ranked,,,inaturalist-regional-frequency-v1,compare then edit workbook
mediterranean_europe,no,no,fish,389,111898,Pigo,Rutilus pigus,18,not_ranked,,,inaturalist-regional-frequency-v1,compare then edit workbook
mediterranean_europe,no,no,fish,390,1316405,Salmo ghigii,Salmo ghigii,18,not_ranked,,,inaturalist-regional-frequency-v1,compare then edit workbook
mediterranean_europe,no,no,fish,391,55396,Common Sole,Solea solea,18,not_ranked,,,inaturalist-regional-frequency-v1,compare then edit workbook
mediterranean_europe,no,no,fish,392,118629,Blackbelly Rosefish,Helicolenus dactylopterus,17,not_ranked,,,inaturalist-regional-frequency-v1,compare then edit workbook
mediterranean_europe,no,no,fish,393,1360105,Alexandria Pompano,Scyris alexandrina,17,not_ranked,,,inaturalist-regional-frequency-v1,compare then edit workbook
mediterranean_europe,no,no,fish,394,344897,Twospot Cardinalfish,Cheilodipterus novemstriatus,16,not_ranked,,,inaturalist-regional-frequency-v1,compare then edit workbook
mediterranean_europe,no,no,fish,395,317159,Atlantic Oyster Blenny,Hypleurochilus pseudoaequipinnis,16,not_ranked,,,inaturalist-regional-frequency-v1,compare then edit workbook
mediterranean_europe,no,no,fish,396,617620,Por's Goatfish,Upeneus pori,16,not_ranked,,,inaturalist-regional-frequency-v1,compare then edit workbook
mediterranean_europe,no,no,fish,397,97713,Italian Nase,Chondrostoma soetta,15,not_ranked,,,inaturalist-regional-frequency-v1,compare then edit workbook
mediterranean_europe,no,no,fish,398,101592,Balkan Gudgeon,Gobio obtusirostris,15,not_ranked,,,inaturalist-regional-frequency-v1,compare then edit workbook
mediterranean_europe,no,no,fish,399,104813,Burbot,Lota lota,15,not_ranked,,,inaturalist-regional-frequency-v1,compare then edit workbook
mediterranean_europe,no,no,fish,400,459325,Daisy Pearlside,Maurolicus muelleri,15,not_ranked,,,inaturalist-regional-frequency-v1,compare then edit workbook
mediterranean_europe,no,exclude,mammals,7,118552,Domestic Cat,Felis catus,7497,not_ranked,,,inaturalist-regional-frequency-v1,compare then edit workbook
mediterranean_europe,no,exclude,mammals,27,123070,Domestic Goat,Capra hircus,1728,not_ranked,,,inaturalist-regional-frequency-v1,compare then edit workbook
mediterranean_europe,no,exclude,mammals,40,209233,Domestic Horse,Equus caballus,1003,not_ranked,,,inaturalist-regional-frequency-v1,compare then edit workbook
mediterranean_europe,no,exclude,mammals,50,47144,Domestic Dog,Canis familiaris,587,not_ranked,,,inaturalist-regional-frequency-v1,compare then edit workbook
mediterranean_europe,no,exclude,mammals,63,121578,Domestic Sheep,Ovis aries,316,not_ranked,,,inaturalist-regional-frequency-v1,compare then edit workbook
mediterranean_europe,no,exclude,mammals,80,74113,Domestic Cattle,Bos taurus,184,not_ranked,,,inaturalist-regional-frequency-v1,compare then edit workbook
mediterranean_europe,no,exclude,mammals,93,148030,Donkey,Equus asinus,123,not_ranked,,,inaturalist-regional-frequency-v1,compare then edit workbook
mediterranean_europe,no,no,mammals,128,41539,False Killer Whale,Pseudorca crassidens,41,not_ranked,,,inaturalist-regional-frequency-v1,compare then edit workbook
mediterranean_europe,no,no,mammals,129,210401,Escalera's mouse-eared bat,Myotis escalerai,40,not_ranked,,,inaturalist-regional-frequency-v1,compare then edit workbook
mediterranean_europe,no,no,mammals,130,74697,Bechstein's bat,Myotis bechsteinii,39,not_ranked,,,inaturalist-regional-frequency-v1,compare then edit workbook
mediterranean_europe,no,no,mammals,131,75042,Egyptian Rousette,Rousettus aegyptiacus,39,not_ranked,,,inaturalist-regional-frequency-v1,compare then edit workbook
mediterranean_europe,no,no,mammals,132,44264,Savi's Pine Vole,Microtus savii,38,not_ranked,,,inaturalist-regional-frequency-v1,compare then edit workbook
mediterranean_europe,no,no,mammals,133,67819,European Water Vole,Arvicola amphibius,36,not_ranked,,,inaturalist-regional-frequency-v1,compare then edit workbook
mediterranean_europe,no,no,mammals,134,907291,Cryptic Myotis,Myotis crypticus,32,not_ranked,,,inaturalist-regional-frequency-v1,compare then edit workbook
mediterranean_europe,no,no,mammals,135,41553,Blue Whale,Balaenoptera musculus,31,not_ranked,,,inaturalist-regional-frequency-v1,compare then edit workbook
mediterranean_europe,no,no,mammals,136,41733,Grey Seal,Halichoerus grypus,31,not_ranked,,,inaturalist-regional-frequency-v1,compare then edit workbook
mediterranean_europe,no,no,mammals,137,40576,Giant Noctule,Nyctalus lasiopterus,31,not_ranked,,,inaturalist-regional-frequency-v1,compare then edit workbook
mediterranean_europe,no,no,mammals,138,46951,Mediterranean Mole,Talpa caeca,30,not_ranked,,,inaturalist-regional-frequency-v1,compare then edit workbook
mediterranean_europe,no,no,mammals,139,399272,Domestic Ferret,Mustela furo,28,not_ranked,,,inaturalist-regional-frequency-v1,compare then edit workbook
mediterranean_europe,no,no,mammals,140,41545,Rough-toothed Dolphin,Steno bredanensis,28,not_ranked,,,inaturalist-regional-frequency-v1,compare then edit workbook
mediterranean_europe,no,no,mammals,141,41408,Dense-beaked Whale,Mesoplodon densirostris,27,not_ranked,,,inaturalist-regional-frequency-v1,compare then edit workbook
mediterranean_europe,no,no,mammals,142,45867,Eurasian Forest Dormouse,Dryomys nitedula,25,not_ranked,,,inaturalist-regional-frequency-v1,compare then edit workbook
mediterranean_europe,no,no,mammals,143,46956,Roman Mole,Talpa romana,25,not_ranked,,,inaturalist-regional-frequency-v1,compare then edit workbook
mediterranean_europe,no,no,mammals,144,41521,Orca,Orcinus orca,24,not_ranked,,,inaturalist-regional-frequency-v1,compare then edit workbook
mediterranean_europe,no,no,mammals,145,40376,Madeira pipistrelle,Pipistrellus maderensis,24,not_ranked,,,inaturalist-regional-frequency-v1,compare then edit workbook
mediterranean_europe,no,no,mammals,146,41428,Cuvier's Beaked Whale,Ziphius cavirostris,24,not_ranked,,,inaturalist-regional-frequency-v1,compare then edit workbook
mediterranean_europe,no,no,mammals,147,45952,Pallas' Squirrel,Callosciurus erythraeus,23,not_ranked,,,inaturalist-regional-frequency-v1,compare then edit workbook
mediterranean_europe,no,no,mammals,148,925979,Small Indian Mongoose,Urva auropunctata,23,not_ranked,,,inaturalist-regional-frequency-v1,compare then edit workbook
mediterranean_europe,no,no,mammals,149,74219,North African White-toothed Shrew,Crocidura pachyura,20,not_ranked,,,inaturalist-regional-frequency-v1,compare then edit workbook
mediterranean_europe,no,no,mammals,150,46746,Sicilian Shrew,Crocidura sicula,19,not_ranked,,,inaturalist-regional-frequency-v1,compare then edit workbook
mediterranean_europe,no,no,mammals,151,855298,Southwest Asian Badger,Meles canescens,19,not_ranked,,,inaturalist-regional-frequency-v1,compare then edit workbook
mediterranean_europe,no,no,mammals,152,45763,Muskrat,Ondatra zibethicus,18,not_ranked,,,inaturalist-regional-frequency-v1,compare then edit workbook
mediterranean_europe,no,no,mammals,153,1596132,Northern Serotine,Cnephaeus nilssonii,17,not_ranked,,,inaturalist-regional-frequency-v1,compare then edit workbook
mediterranean_europe,no,no,mammals,154,1370737,Güldenstädt's shrew,Crocidura gueldenstaedtii,17,not_ranked,,,inaturalist-regional-frequency-v1,compare then edit workbook
mediterranean_europe,no,no,mammals,155,57560,Cape Hare,Lepus capensis,17,not_ranked,,,inaturalist-regional-frequency-v1,compare then edit workbook
mediterranean_europe,no,no,mammals,156,41413,North Atlantic Beaked Whale,Mesoplodon bidens,17,not_ranked,,,inaturalist-regional-frequency-v1,compare then edit workbook
mediterranean_europe,no,no,mammals,157,40284,Long-fingered Bat,Myotis capaccinii,17,not_ranked,,,inaturalist-regional-frequency-v1,compare then edit workbook
mediterranean_europe,no,no,mammals,158,40314,Whiskered Bat,Myotis mystacinus,17,not_ranked,,,inaturalist-regional-frequency-v1,compare then edit workbook
mediterranean_europe,no,no,mammals,159,45836,Eurasian Hamster,Cricetus cricetus,16,not_ranked,,,inaturalist-regional-frequency-v1,compare then edit workbook
mediterranean_europe,no,no,mammals,160,43452,Barbary Macaque,Macaca sylvanus,16,not_ranked,,,inaturalist-regional-frequency-v1,compare then edit workbook
mediterranean_europe,no,no,mammals,161,46486,Iberian Shrew,Sorex granarius,16,not_ranked,,,inaturalist-regional-frequency-v1,compare then edit workbook
mediterranean_europe,no,no,mammals,162,1696537,Wisent,Bos bonasus,15,not_ranked,,,inaturalist-regional-frequency-v1,compare then edit workbook
mediterranean_europe,no,no,mammals,163,1370695,Mediterranean Water Shrew,Neomys milleri,15,not_ranked,,,inaturalist-regional-frequency-v1,compare then edit workbook
mediterranean_europe,no,no,mammals,164,46405,Crowned Shrew,Sorex coronatus,15,not_ranked,,,inaturalist-regional-frequency-v1,compare then edit workbook
mediterranean_europe,no,no,mammals,165,74927,Mountain Long-eared Bat,Plecotus macrobullaris,14,not_ranked,,,inaturalist-regional-frequency-v1,compare then edit workbook
mediterranean_europe,no,no,mammals,166,41421,North Atlantic Bottlenose Whale,Hyperoodon ampullatus,13,not_ranked,,,inaturalist-regional-frequency-v1,compare then edit workbook
mediterranean_europe,no,no,mammals,167,41805,European Mink,Mustela lutreola,13,not_ranked,,,inaturalist-regional-frequency-v1,compare then edit workbook
mediterranean_europe,no,no,mammals,168,41979,Eurasian Lynx,Lynx lynx,12,not_ranked,,,inaturalist-regional-frequency-v1,compare then edit workbook
mediterranean_europe,no,no,mammals,169,245959,Kolombatovic's long-eared bat,Plecotus kolombatovici,12,not_ranked,,,inaturalist-regional-frequency-v1,compare then edit workbook
mediterranean_europe,no,no,mammals,170,40691,Mehely's horseshoe bat,Rhinolophus mehelyi,12,not_ranked,,,inaturalist-regional-frequency-v1,compare then edit workbook
mediterranean_europe,no,no,mammals,171,44277,Cabrera's vole,Microtus cabrerae,11,not_ranked,,,inaturalist-regional-frequency-v1,compare then edit workbook
mediterranean_europe,no,no,mammals,172,210400,Natterer's Bat,Myotis nattereri,11,not_ranked,,,inaturalist-regional-frequency-v1,compare then edit workbook
mediterranean_europe,no,no,mammals,173,74606,Calabria Pine Vole,Microtus brachycercus,10,not_ranked,,,inaturalist-regional-frequency-v1,compare then edit workbook
mediterranean_europe,no,no,mammals,174,46860,Iberian Water Shrew,Neomys anomalus,10,not_ranked,,,inaturalist-regional-frequency-v1,compare then edit workbook
mediterranean_europe,no,no,mammals,175,47041,Pyrenean Desman,Galemys pyrenaicus,9,not_ranked,,,inaturalist-regional-frequency-v1,compare then edit workbook
mediterranean_europe,no,no,mammals,176,1430921,Sicilian Pine Vole,Microtus nebrodensis,8,not_ranked,,,inaturalist-regional-frequency-v1,compare then edit workbook
mediterranean_europe,no,no,mammals,177,40673,Blasius's horseshoe bat,Rhinolophus blasii,8,not_ranked,,,inaturalist-regional-frequency-v1,compare then edit workbook
mediterranean_europe,no,no,mammals,178,520585,Siberian Chipmunk,Eutamias sibiricus,7,not_ranked,,,inaturalist-regional-frequency-v1,compare then edit workbook
mediterranean_europe,no,no,mammals,179,44273,Alpine Pine Vole,Microtus multiplex,7,not_ranked,,,inaturalist-regional-frequency-v1,compare then edit workbook
mediterranean_europe,no,no,mammals,180,74717,Felten's myotis,Myotis punicus,7,not_ranked,,,inaturalist-regional-frequency-v1,compare then edit workbook
mediterranean_europe,no,no,mammals,181,46631,Lesser White-toothed Shrew,Crocidura suaveolens,6,not_ranked,,,inaturalist-regional-frequency-v1,compare then edit workbook
mediterranean_europe,no,no,mammals,182,41464,Pygmy Sperm Whale,Kogia breviceps,6,not_ranked,,,inaturalist-regional-frequency-v1,compare then edit workbook
mediterranean_europe,no,no,mammals,183,1431862,Mediterranean Field Vole,Microtus lavernedii,6,not_ranked,,,inaturalist-regional-frequency-v1,compare then edit workbook
mediterranean_europe,no,no,mammals,184,74070,Western Broad-toothed Field Mouse,Apodemus epimelas,5,not_ranked,,,inaturalist-regional-frequency-v1,compare then edit workbook
mediterranean_europe,no,no,mammals,185,46603,Canarian Shrew,Crocidura canariensis,5,not_ranked,,,inaturalist-regional-frequency-v1,compare then edit workbook
mediterranean_europe,no,no,mammals,186,1431618,Gerbe's Vole,Microtus pyrenaicus,5,not_ranked,,,inaturalist-regional-frequency-v1,compare then edit workbook
mediterranean_europe,no,no,mammals,187,44266,European pine vole,Microtus subterraneus,5,not_ranked,,,inaturalist-regional-frequency-v1,compare then edit workbook
mediterranean_europe,no,no,mammals,188,119405,Domestic Guinea Pig,Cavia porcellus,4,not_ranked,,,inaturalist-regional-frequency-v1,compare then edit workbook
mediterranean_europe,no,no,mammals,189,44296,Thomas's pine vole,Microtus thomasi,4,not_ranked,,,inaturalist-regional-frequency-v1,compare then edit workbook
mediterranean_europe,no,no,mammals,190,44702,Mound-building Mouse,Mus spicilegus,4,not_ranked,,,inaturalist-regional-frequency-v1,compare then edit workbook
mediterranean_europe,no,no,mammals,191,74692,Alcathoe myotis,Myotis alcathoe,4,not_ranked,,,inaturalist-regional-frequency-v1,compare then edit workbook
mediterranean_europe,no,no,mammals,192,46943,Balkan Mole,Talpa stankovici,4,not_ranked,,,inaturalist-regional-frequency-v1,compare then edit workbook
mediterranean_europe,no,no,mammals,193,46260,American Red Squirrel,Tamiasciurus hudsonicus,4,not_ranked,,,inaturalist-regional-frequency-v1,compare then edit workbook
mediterranean_europe,no,no,mammals,194,41478,Grey Whale,Eschrichtius robustus,3,not_ranked,,,inaturalist-regional-frequency-v1,compare then edit workbook
mediterranean_europe,no,no,mammals,195,45936,Five-striped Palm Squirrel,Funambulus pennantii,3,not_ranked,,,inaturalist-regional-frequency-v1,compare then edit workbook
mediterranean_europe,no,no,mammals,196,1596253,Mediterranean hare,Lepus mediterraneus,3,not_ranked,,,inaturalist-regional-frequency-v1,compare then edit workbook
mediterranean_europe,no,no,mammals,197,40418,Canary Big-eared Bat,Plecotus teneriffae,3,not_ranked,,,inaturalist-regional-frequency-v1,compare then edit workbook
mediterranean_europe,no,no,mammals,198,46406,Apennine Shrew,Sorex samniticus,3,not_ranked,,,inaturalist-regional-frequency-v1,compare then edit workbook
mediterranean_europe,no,no,mammals,199,42166,Chital,Axis axis,2,not_ranked,,,inaturalist-regional-frequency-v1,compare then edit workbook
mediterranean_europe,no,no,mammals,200,121026,Llama,Lama glama,2,not_ranked,,,inaturalist-regional-frequency-v1,compare then edit workbook
mediterranean_europe,no,no,mammals,201,44262,Günther's Vole,Microtus guentheri,2,not_ranked,,,inaturalist-regional-frequency-v1,compare then edit workbook
mediterranean_europe,no,no,mammals,202,74612,Liechtenstein’s Pine Vole,Microtus liechtensteini,2,not_ranked,,,inaturalist-regional-frequency-v1,compare then edit workbook
mediterranean_europe,no,no,mammals,203,1431565,Hovel's Myotis,Myotis hoveli,2,not_ranked,,,inaturalist-regional-frequency-v1,compare then edit workbook
mediterranean_europe,no,no,mammals,204,852247,Lesser Blind Molerat,Nannospalax leucodon,2,not_ranked,,,inaturalist-regional-frequency-v1,compare then edit workbook
mediterranean_europe,no,no,mammals,205,852246,Nehring's Blind Molerat,Nannospalax xanthodon,2,not_ranked,,,inaturalist-regional-frequency-v1,compare then edit workbook
mediterranean_europe,no,no,mammals,206,855311,Mainland Raccoon Dog,Nyctereutes procyonoides,2,not_ranked,,,inaturalist-regional-frequency-v1,compare then edit workbook
mediterranean_europe,no,no,mammals,207,41702,Harp Seal,Pagophilus groenlandicus,2,not_ranked,,,inaturalist-regional-frequency-v1,compare then edit workbook
mediterranean_europe,no,no,mammals,208,245958,Gaisler's long-eared bat,Plecotus gaisleri,2,not_ranked,,,inaturalist-regional-frequency-v1,compare then edit workbook
mediterranean_europe,no,no,mammals,209,45592,Cairo Spiny Mouse,Acomys cahirinus,1,not_ranked,,,inaturalist-regional-frequency-v1,compare then edit workbook
mediterranean_europe,no,no,mammals,210,45559,Alpine Field Mouse,Apodemus alpicola,1,not_ranked,,,inaturalist-regional-frequency-v1,compare then edit workbook
mediterranean_europe,no,no,mammals,211,45554,Broad-toothed Field Mouse,Apodemus mystacinus,1,not_ranked,,,inaturalist-regional-frequency-v1,compare then edit workbook
mediterranean_europe,no,no,mammals,212,1641886,Anatolian Serotine,Cnephaeus anatolicus,1,not_ranked,,,inaturalist-regional-frequency-v1,compare then edit workbook
mediterranean_europe,no,no,mammals,213,46653,Cretan Shrew,Crocidura zimmermanni,1,not_ranked,,,inaturalist-regional-frequency-v1,compare then edit workbook
mediterranean_europe,no,no,mammals,214,46179,Black-tailed Prairie Dog,Cynomys ludovicianus,1,not_ranked,,,inaturalist-regional-frequency-v1,compare then edit workbook
mediterranean_europe,no,no,mammals,215,45683,Balkan Snow Vole,Dinaromys bogdanovi,1,not_ranked,,,inaturalist-regional-frequency-v1,compare then edit workbook
mediterranean_europe,no,no,mammals,216,43802,Patagonian Mara,Dolichotis patagonum,1,not_ranked,,,inaturalist-regional-frequency-v1,compare then edit workbook
mediterranean_europe,no,no,mammals,217,371414,African Wildcat,Felis lybica,1,not_ranked,,,inaturalist-regional-frequency-v1,compare then edit workbook
mediterranean_europe,no,no,mammals,218,41465,Dwarf Sperm Whale,Kogia sima,1,not_ranked,,,inaturalist-regional-frequency-v1,compare then edit workbook
mediterranean_europe,no,no,mammals,219,45503,Barbary Striped Grass Mouse,Lemniscomys barbarus,1,not_ranked,,,inaturalist-regional-frequency-v1,compare then edit workbook
mediterranean_europe,no,no,mammals,220,44919,Golden Hamster,Mesocricetus auratus,1,not_ranked,,,inaturalist-regional-frequency-v1,compare then edit workbook
mediterranean_europe,no,no,mammals,221,41407,Gulf Stream Beaked Whale,Mesoplodon europaeus,1,not_ranked,,,inaturalist-regional-frequency-v1,compare then edit workbook
mediterranean_europe,no,no,mammals,222,41411,True's Beaked Whale,Mesoplodon mirus,1,not_ranked,,,inaturalist-regional-frequency-v1,compare then edit workbook
mediterranean_europe,no,no,mammals,223,40308,pond bat,Myotis dasycneme,1,not_ranked,,,inaturalist-regional-frequency-v1,compare then edit workbook
mediterranean_europe,no,no,mammals,224,1067780,Asian Mouflon,Ovis gmelinii,1,not_ranked,,,inaturalist-regional-frequency-v1,compare then edit workbook
mediterranean_europe,no,no,mammals,225,74903,Hanak's dwarf bat,Pipistrellus hanaki,1,not_ranked,,,inaturalist-regional-frequency-v1,compare then edit workbook
mediterranean_europe,no,no,mammals,226,57536,Dusky pipistrelle,Pipistrellus hesperidus,1,not_ranked,,,inaturalist-regional-frequency-v1,compare then edit workbook
mediterranean_europe,no,no,mammals,227,74930,Sardinian Long-eared Bat,Plecotus sardus,1,not_ranked,,,inaturalist-regional-frequency-v1,compare then edit workbook
mediterranean_europe,no,exclude,reptiles,5,39782,Pond Slider,Trachemys scripta,8413,not_ranked,,,inaturalist-regional-frequency-v1,compare then edit workbook
mediterranean_europe,no,exclude,reptiles,67,39830,River Cooter,Pseudemys concinna,761,not_ranked,,,inaturalist-regional-frequency-v1,compare then edit workbook
mediterranean_europe,no,exclude,reptiles,96,39824,Florida Red-bellied Cooter,Pseudemys nelsoni,331,not_ranked,,,inaturalist-regional-frequency-v1,compare then edit workbook
mediterranean_europe,no,exclude,reptiles,106,39950,Common thread turtle,Mauremys sinensis,246,not_ranked,,,inaturalist-regional-frequency-v1,compare then edit workbook
mediterranean_europe,no,exclude,reptiles,107,39847,False Map Turtle,Graptemys pseudogeographica,245,not_ranked,,,inaturalist-regional-frequency-v1,compare then edit workbook
mediterranean_europe,no,exclude,reptiles,108,371940,Ouachita Map Turtle,Graptemys ouachitensis,227,not_ranked,,,inaturalist-regional-frequency-v1,compare then edit workbook
mediterranean_europe,no,no,reptiles,117,200408,False Smooth Snake,Macroprotodon mauritanicus,157,not_ranked,,,inaturalist-regional-frequency-v1,compare then edit workbook
mediterranean_europe,no,no,reptiles,118,73759,Large Whip Snake,Dolichophis jugularis,156,not_ranked,,,inaturalist-regional-frequency-v1,compare then edit workbook
mediterranean_europe,no,no,reptiles,119,33607,Gomero Wall Gecko,Tarentola gomerensis,149,not_ranked,,,inaturalist-regional-frequency-v1,compare then edit workbook
mediterranean_europe,no,no,reptiles,120,73584,Budak's snake-eyed skink,Ablepharus budaki,144,not_ranked,,,inaturalist-regional-frequency-v1,compare then edit workbook
mediterranean_europe,no,no,reptiles,121,37212,Blue-spotted Cylindrical Skink,Chalcides coeruleopunctatus,143,not_ranked,,,inaturalist-regional-frequency-v1,compare then edit workbook
mediterranean_europe,no,no,reptiles,122,30901,Meadow Viper,Vipera ursinii,137,not_ranked,,,inaturalist-regional-frequency-v1,compare then edit workbook
mediterranean_europe,no,no,reptiles,123,37214,Gran Canaria Skink,Chalcides sexlineatus,135,not_ranked,,,inaturalist-regional-frequency-v1,compare then edit workbook
mediterranean_europe,no,no,reptiles,124,97246,African Chameleon,Chamaeleo africanus,134,not_ranked,,,inaturalist-regional-frequency-v1,compare then edit workbook
mediterranean_europe,no,no,reptiles,125,36059,Fitzinger's Algyroides,Algyroides fitzingeri,129,not_ranked,,,inaturalist-regional-frequency-v1,compare then edit workbook
mediterranean_europe,no,no,reptiles,126,73601,Anatolian Rock Lizard,Anatololacerta anatolica,115,not_ranked,,,inaturalist-regional-frequency-v1,compare then edit workbook
mediterranean_europe,no,no,reptiles,127,1223390,East Aegean Green Lizard,Lacerta diplochondrodes,114,not_ranked,,,inaturalist-regional-frequency-v1,compare then edit workbook
mediterranean_europe,no,no,reptiles,128,539827,Bridled Skink,Heremites vittatus,108,not_ranked,,,inaturalist-regional-frequency-v1,compare then edit workbook
mediterranean_europe,no,no,reptiles,129,73874,Ottoman Viper,Montivipera xanthina,108,not_ranked,,,inaturalist-regional-frequency-v1,compare then edit workbook
mediterranean_europe,no,no,reptiles,130,35967,Horvath's Rock Lizard,Iberolacerta horvathi,107,not_ranked,,,inaturalist-regional-frequency-v1,compare then edit workbook
mediterranean_europe,no,no,reptiles,131,145894,Peloponnese Slowworm,Anguis cephallonica,103,not_ranked,,,inaturalist-regional-frequency-v1,compare then edit workbook
mediterranean_europe,no,no,reptiles,132,34673,European Leaf-toed Gecko,Euleptes europaea,86,not_ranked,,,inaturalist-regional-frequency-v1,compare then edit workbook
mediterranean_europe,no,no,reptiles,133,73757,Mosor Rock Lizard,Dinarolacerta mosorensis,83,not_ranked,,,inaturalist-regional-frequency-v1,compare then edit workbook
mediterranean_europe,no,no,reptiles,134,73920,Balkan Wall Lizard,Podarcis tauricus,81,not_ranked,,,inaturalist-regional-frequency-v1,compare then edit workbook
mediterranean_europe,no,no,reptiles,135,39913,Chinese Pond Turtle,Mauremys reevesii,73,not_ranked,,,inaturalist-regional-frequency-v1,compare then edit workbook
mediterranean_europe,no,no,reptiles,136,73830,Galan’s Rock Lizard,Iberolacerta galani,70,not_ranked,,,inaturalist-regional-frequency-v1,compare then edit workbook
mediterranean_europe,no,no,reptiles,137,1403187,Spanish Algyroides,Algyroides hidalgoi,63,not_ranked,,,inaturalist-regional-frequency-v1,compare then edit workbook
mediterranean_europe,no,no,reptiles,138,39783,Mesoamerican Slider,Trachemys venusta,61,not_ranked,,,inaturalist-regional-frequency-v1,compare then edit workbook
mediterranean_europe,no,no,reptiles,139,27038,Asian Racer,Hemorrhois nummifer,58,not_ranked,,,inaturalist-regional-frequency-v1,compare then edit workbook
mediterranean_europe,no,no,reptiles,140,37850,Greek Limbless Skink,Ophiomorus punctatissimus,58,not_ranked,,,inaturalist-regional-frequency-v1,compare then edit workbook
mediterranean_europe,no,no,reptiles,141,68492,Tropical House Gecko,Hemidactylus mabouia,57,not_ranked,,,inaturalist-regional-frequency-v1,compare then edit workbook
mediterranean_europe,no,no,reptiles,142,39883,Sicilian Pond Turtle,Emys trinacris,54,not_ranked,,,inaturalist-regional-frequency-v1,compare then edit workbook
mediterranean_europe,no,no,reptiles,143,73644,Bedriaga's Rock Lizard,Archaeolacerta bedriagae,53,not_ranked,,,inaturalist-regional-frequency-v1,compare then edit workbook
mediterranean_europe,no,no,reptiles,144,30293,Ring-Headed Dwarf Snake,Eirenis modestus,53,not_ranked,,,inaturalist-regional-frequency-v1,compare then edit workbook
mediterranean_europe,no,no,reptiles,145,39825,Peninsular Cooter,Pseudemys peninsularis,48,not_ranked,,,inaturalist-regional-frequency-v1,compare then edit workbook
mediterranean_europe,no,no,reptiles,146,73831,Martinez-Rica’s Rock Lizard,Iberolacerta martinezricai,45,not_ranked,,,inaturalist-regional-frequency-v1,compare then edit workbook
mediterranean_europe,no,no,reptiles,147,738118,Dodecanese Thin-toed Gecko,Mediodactylus oertzeni,45,not_ranked,,,inaturalist-regional-frequency-v1,compare then edit workbook
mediterranean_europe,no,no,reptiles,148,73828,Pyrenean Rock Lizard,Iberolacerta bonnali,44,not_ranked,,,inaturalist-regional-frequency-v1,compare then edit workbook
mediterranean_europe,no,no,reptiles,149,105083,Levantine Viper,Macrovipera lebetinus,44,not_ranked,,,inaturalist-regional-frequency-v1,compare then edit workbook
mediterranean_europe,no,no,reptiles,150,39677,Leatherback Sea Turtle,Dermochelys coriacea,42,not_ranked,,,inaturalist-regional-frequency-v1,compare then edit workbook
mediterranean_europe,no,no,reptiles,151,1223389,Cycladic Green lizard,Lacerta citrovittata,39,not_ranked,,,inaturalist-regional-frequency-v1,compare then edit workbook
mediterranean_europe,no,no,reptiles,152,35668,Skyros Wall Lizard,Podarcis gaigeae,39,not_ranked,,,inaturalist-regional-frequency-v1,compare then edit workbook
mediterranean_europe,no,no,reptiles,153,738117,Mediterranean Thin-toed Gecko,Mediodactylus danilewskii,36,not_ranked,,,inaturalist-regional-frequency-v1,compare then edit workbook
mediterranean_europe,no,no,reptiles,154,539844,Brahminy Blindsnake,Indotyphlops braminus,34,not_ranked,,,inaturalist-regional-frequency-v1,compare then edit workbook
mediterranean_europe,no,no,reptiles,155,73940,Moroccan Rock Lizard,Scelarcis perspicillata,34,not_ranked,,,inaturalist-regional-frequency-v1,compare then edit workbook
mediterranean_europe,no,no,reptiles,156,30285,East-Four-lined Ratsnake,Elaphe sauromates,32,not_ranked,,,inaturalist-regional-frequency-v1,compare then edit workbook
mediterranean_europe,no,no,reptiles,157,35994,Tenerife Speckled Lizard,Gallotia intermedia,31,not_ranked,,,inaturalist-regional-frequency-v1,compare then edit workbook
mediterranean_europe,no,no,reptiles,158,558958,Greek Viper,Vipera graeca,29,not_ranked,,,inaturalist-regional-frequency-v1,compare then edit workbook
mediterranean_europe,no,no,reptiles,159,68334,Chinese Softshell Turtle,Pelodiscus sinensis,28,not_ranked,,,inaturalist-regional-frequency-v1,compare then edit workbook
mediterranean_europe,no,no,reptiles,160,1224394,Pontian Wall Lizard,Podarcis latastei,27,not_ranked,,,inaturalist-regional-frequency-v1,compare then edit workbook
mediterranean_europe,no,no,reptiles,161,39556,Spiny Softshell,Apalone spinifera,24,not_ranked,,,inaturalist-regional-frequency-v1,compare then edit workbook
mediterranean_europe,no,no,reptiles,162,31728,Anatolian Worm Lizard,Blanus strauchi,21,not_ranked,,,inaturalist-regional-frequency-v1,compare then edit workbook
mediterranean_europe,no,no,reptiles,163,558902,Levant Skink,Heremites auratus,18,not_ranked,,,inaturalist-regional-frequency-v1,compare then edit workbook
mediterranean_europe,no,no,reptiles,164,1119931,Cyprus Whip Snake,Hierophis cypriensis,18,not_ranked,,,inaturalist-regional-frequency-v1,compare then edit workbook
mediterranean_europe,no,no,reptiles,165,35965,Aran Rock Lizard,Iberolacerta aranica,18,not_ranked,,,inaturalist-regional-frequency-v1,compare then edit workbook
mediterranean_europe,no,no,reptiles,166,146199,California King Snake,Lampropeltis californiae,18,not_ranked,,,inaturalist-regional-frequency-v1,compare then edit workbook
mediterranean_europe,no,no,reptiles,167,73808,El Hierro Giant Lizard,Gallotia simonyi,13,not_ranked,,,inaturalist-regional-frequency-v1,compare then edit workbook
mediterranean_europe,no,no,reptiles,168,99300,Prokletije Rock Lizard,Dinarolacerta montenegrina,12,not_ranked,,,inaturalist-regional-frequency-v1,compare then edit workbook
mediterranean_europe,no,no,reptiles,169,29464,False Smooth Snake,Macroprotodon cucullatus,12,not_ranked,,,inaturalist-regional-frequency-v1,compare then edit workbook
mediterranean_europe,no,no,reptiles,170,39826,Northern Red-bellied Cooter,Pseudemys rubriventris,9,not_ranked,,,inaturalist-regional-frequency-v1,compare then edit workbook
mediterranean_europe,no,no,reptiles,171,738116,Cretan Thin-toed Gecko,Mediodactylus bartoni,8,not_ranked,,,inaturalist-regional-frequency-v1,compare then edit workbook
mediterranean_europe,no,no,reptiles,172,39682,Common Snapping Turtle,Chelydra serpentina,7,not_ranked,,,inaturalist-regional-frequency-v1,compare then edit workbook
mediterranean_europe,no,no,reptiles,173,33606,Moorish Gecko,Tarentola fascicularis,7,not_ranked,,,inaturalist-regional-frequency-v1,compare then edit workbook
mediterranean_europe,no,no,reptiles,174,39566,Florida Softshell Turtle,Apalone ferox,6,not_ranked,,,inaturalist-regional-frequency-v1,compare then edit workbook
mediterranean_europe,no,no,reptiles,175,39672,Hawksbill Sea Turtle,Eretmochelys imbricata,5,not_ranked,,,inaturalist-regional-frequency-v1,compare then edit workbook
mediterranean_europe,no,no,reptiles,176,27064,Algerian Whip Snake,Hemorrhois algirus,5,not_ranked,,,inaturalist-regional-frequency-v1,compare then edit workbook
mediterranean_europe,no,no,reptiles,177,35966,Aurelio's Rock Lizard,Iberolacerta aurelioi,5,not_ranked,,,inaturalist-regional-frequency-v1,compare then edit workbook
mediterranean_europe,no,no,reptiles,178,73887,Red Cornsnake,Pantherophis guttatus,4,not_ranked,,,inaturalist-regional-frequency-v1,compare then edit workbook
mediterranean_europe,no,no,reptiles,179,36651,Cuban Green Anole,Anolis porcatus,3,not_ranked,,,inaturalist-regional-frequency-v1,compare then edit workbook
mediterranean_europe,no,no,reptiles,180,121094,Canaryan Cylindrical Skink,Chalcides simonyi,3,not_ranked,,,inaturalist-regional-frequency-v1,compare then edit workbook
mediterranean_europe,no,no,reptiles,181,35594,Aeolian Wall Lizard,Podarcis raffonei,3,not_ranked,,,inaturalist-regional-frequency-v1,compare then edit workbook
mediterranean_europe,no,no,reptiles,182,33833,Morocco Lizard-fingered Gecko,Saurodactylus mauritanicus,3,not_ranked,,,inaturalist-regional-frequency-v1,compare then edit workbook
mediterranean_europe,no,no,reptiles,183,39708,Razor-backed Musk Turtle,Sternotherus carinatus,3,not_ranked,,,inaturalist-regional-frequency-v1,compare then edit workbook
mediterranean_europe,no,no,reptiles,184,73974,Ornate Slider,Trachemys ornata,3,not_ranked,,,inaturalist-regional-frequency-v1,compare then edit workbook
mediterranean_europe,no,no,reptiles,185,145895,Eastern Slowworm,Anguis colchica,2,not_ranked,,,inaturalist-regional-frequency-v1,compare then edit workbook
mediterranean_europe,no,no,reptiles,186,51940,Asian House Gecko,Hemidactylus frenatus,2,not_ranked,,,inaturalist-regional-frequency-v1,compare then edit workbook
mediterranean_europe,no,no,reptiles,187,39670,Olive Ridley Sea Turtle,Lepidochelys olivacea,2,not_ranked,,,inaturalist-regional-frequency-v1,compare then edit workbook
mediterranean_europe,no,no,reptiles,188,39703,Eastern Musk Turtle,Sternotherus odoratus,2,not_ranked,,,inaturalist-regional-frequency-v1,compare then edit workbook
mediterranean_europe,no,no,reptiles,189,116564,Checkerboard Worm Lizard,Trogonophis wiegmanni,2,not_ranked,,,inaturalist-regional-frequency-v1,compare then edit workbook
mediterranean_europe,no,no,reptiles,190,40089,African Spurred Tortoise,Centrochelys sulcata,1,not_ranked,,,inaturalist-regional-frequency-v1,compare then edit workbook
mediterranean_europe,no,no,reptiles,191,37094,Common Southwest Ctenotus,Ctenotus labillardieri,1,not_ranked,,,inaturalist-regional-frequency-v1,compare then edit workbook
mediterranean_europe,no,no,reptiles,192,35383,Meadow Lizard,Darevskia praticola,1,not_ranked,,,inaturalist-regional-frequency-v1,compare then edit workbook
mediterranean_europe,no,no,reptiles,193,73807,La Gomera Giant Lizard,Gallotia bravoana,1,not_ranked,,,inaturalist-regional-frequency-v1,compare then edit workbook
mediterranean_europe,no,no,reptiles,194,40085,Gopher Tortoise,Gopherus polyphemus,1,not_ranked,,,inaturalist-regional-frequency-v1,compare then edit workbook
mediterranean_europe,no,no,reptiles,195,104226,Mourning Gecko,Lepidodactylus lugubris,1,not_ranked,,,inaturalist-regional-frequency-v1,compare then edit workbook
mediterranean_europe,no,no,reptiles,196,73857,Macroprotodon abubakeri,Macroprotodon abubakeri,1,not_ranked,,,inaturalist-regional-frequency-v1,compare then edit workbook
mediterranean_europe,no,no,reptiles,197,73888,Western Ratsnake,Pantherophis obsoletus,1,not_ranked,,,inaturalist-regional-frequency-v1,compare then edit workbook
mediterranean_europe,no,no,reptiles,198,73916,Pori Wall Lizard,Podarcis levendis,1,not_ranked,,,inaturalist-regional-frequency-v1,compare then edit workbook
mediterranean_europe,no,no,reptiles,199,1367318,Coastal Plain Cooter,Pseudemys floridana,1,not_ranked,,,inaturalist-regional-frequency-v1,compare then edit workbook
mediterranean_europe,no,no,reptiles,200,32158,Ball Python,Python regius,1,not_ranked,,,inaturalist-regional-frequency-v1,compare then edit workbook
mediterranean_europe,no,no,reptiles,201,39932,Painted Wood Turtle,Rhinoclemmys pulcherrima,1,not_ranked,,,inaturalist-regional-frequency-v1,compare then edit workbook
mediterranean_europe,no,no,reptiles,202,73973,Atlas Ocellated Lizard,Timon tangitanus,1,not_ranked,,,inaturalist-regional-frequency-v1,compare then edit workbook
