group,rank,recommended,taxon_id,common_name,scientific_name,countries_with_records,observation_count,review_note
mammals,1,yes,42184,Western Roe Deer,Capreolus capreolus,1,14605,"iNaturalist regional candidate only; review habitat fit, introduced status and game value before inclusion."
mammals,2,yes,42069,Red Fox,Vulpes vulpes,1,12844,"iNaturalist regional candidate only; review habitat fit, introduced status and game value before inclusion."
mammals,3,yes,42134,Wild Boar,Sus scrofa,1,12449,"iNaturalist regional candidate only; review habitat fit, introduced status and game value before inclusion."
mammals,4,yes,43151,European Rabbit,Oryctolagus cuniculus,1,11877,"iNaturalist regional candidate only; review habitat fit, introduced status and game value before inclusion."
mammals,5,yes,46001,Eurasian Red Squirrel,Sciurus vulgaris,1,8556,"iNaturalist regional candidate only; review habitat fit, introduced status and game value before inclusion."
mammals,6,yes,204113,Red Deer,Cervus elaphus,1,8166,"iNaturalist regional candidate only; review habitat fit, introduced status and game value before inclusion."
mammals,7,exclude,118552,Domestic Cat,Felis catus,1,7497,Domestic cat; not a wildlife collection entry.
mammals,8,yes,43042,Common Hedgehog,Erinaceus europaeus,1,7313,"iNaturalist regional candidate only; review habitat fit, introduced status and game value before inclusion."
mammals,9,yes,855297,European Badger,Meles meles,1,6866,"iNaturalist regional candidate only; review habitat fit, introduced status and game value before inclusion."
mammals,10,yes,43997,Coypu,Myocastor coypus,1,5941,"iNaturalist regional candidate only; review habitat fit, introduced status and game value before inclusion."
mammals,11,yes,46082,Alpine Marmot,Marmota marmota,1,5201,"iNaturalist regional candidate only; review habitat fit, introduced status and game value before inclusion."
mammals,12,yes,42347,Northern Chamois,Rupicapra rupicapra,1,4812,"iNaturalist regional candidate only; review habitat fit, introduced status and game value before inclusion."
mammals,13,yes,41482,Common Bottlenose Dolphin,Tursiops truncatus,1,4262,"iNaturalist regional candidate only; review habitat fit, introduced status and game value before inclusion."
mammals,14,yes,42161,European Fallow Deer,Dama dama,1,3987,"iNaturalist regional candidate only; review habitat fit, introduced status and game value before inclusion."
mammals,15,yes,41850,Eurasian Otter,Lutra lutra,1,3534,"iNaturalist regional candidate only; review habitat fit, introduced status and game value before inclusion."
mammals,16,yes,41800,Stone Marten,Martes foina,1,3106,"iNaturalist regional candidate only; review habitat fit, introduced status and game value before inclusion."
mammals,17,yes,42357,Alpine Ibex,Capra ibex,1,3026,"iNaturalist regional candidate only; review habitat fit, introduced status and game value before inclusion."
mammals,18,yes,43111,Eastern Cottontail,Sylvilagus floridanus,1,3021,"iNaturalist regional candidate only; review habitat fit, introduced status and game value before inclusion."
mammals,19,yes,42048,Gray Wolf,Canis lupus,1,3019,"iNaturalist regional candidate only; review habitat fit, introduced status and game value before inclusion."
mammals,20,yes,43128,Brown Hare,Lepus europaeus,1,2938,"iNaturalist regional candidate only; review habitat fit, introduced status and game value before inclusion."
mammals,21,yes,44576,Brown Rat,Rattus norvegicus,1,2640,"iNaturalist regional candidate only; review habitat fit, introduced status and game value before inclusion."
mammals,22,yes,42350,Iberian Ibex,Capra pyrenaica,1,2498,"iNaturalist regional candidate only; review habitat fit, introduced status and game value before inclusion."
mammals,23,yes,46017,Eastern Gray Squirrel,Sciurus carolinensis,1,2347,"iNaturalist regional candidate only; review habitat fit, introduced status and game value before inclusion."
mammals,24,yes,44171,Crested Porcupine,Hystrix cristata,1,2343,"iNaturalist regional candidate only; review habitat fit, introduced status and game value before inclusion."
mammals,25,yes,44575,Black Rat,Rattus rattus,1,1980,"iNaturalist regional candidate only; review habitat fit, introduced status and game value before inclusion."
mammals,26,yes,45562,European Wood Mouse,Apodemus sylvaticus,1,1821,"iNaturalist regional candidate only; review habitat fit, introduced status and game value before inclusion."
mammals,27,exclude,123070,Domestic Goat,Capra hircus,1,1728,Domestic goat; not a wildlife collection entry.
mammals,28,yes,46640,Greater White-toothed Shrew,Crocidura russula,1,1418,"iNaturalist regional candidate only; review habitat fit, introduced status and game value before inclusion."
mammals,29,yes,46970,European Mole,Talpa europaea,1,1415,"iNaturalist regional candidate only; review habitat fit, introduced status and game value before inclusion."
mammals,30,yes,40695,Lesser Horseshoe Bat,Rhinolophus hipposideros,1,1410,"iNaturalist regional candidate only; review habitat fit, introduced status and game value before inclusion."
mammals,31,yes,74383,European Fat Dormouse,Glis glis,1,1335,"iNaturalist regional candidate only; review habitat fit, introduced status and game value before inclusion."
mammals,32,yes,43048,Northern White-breasted Hedgehog,Erinaceus roumanicus,1,1317,"iNaturalist regional candidate only; review habitat fit, introduced status and game value before inclusion."
mammals,33,yes,46969,Iberian mole,Talpa occidentalis,1,1289,"iNaturalist regional candidate only; review habitat fit, introduced status and game value before inclusion."
mammals,34,yes,925661,Northern Small-spotted Genet,Genetta genetta,1,1246,"iNaturalist regional candidate only; review habitat fit, introduced status and game value before inclusion."
mammals,35,yes,41796,Eurasian Pine Marten,Martes martes,1,1223,"iNaturalist regional candidate only; review habitat fit, introduced status and game value before inclusion."
mammals,36,yes,44705,House Mouse,Mus musculus,1,1213,"iNaturalist regional candidate only; review habitat fit, introduced status and game value before inclusion."
mammals,37,yes,41526,Common Dolphin,Delphinus delphis,1,1203,"iNaturalist regional candidate only; review habitat fit, introduced status and game value before inclusion."
mammals,38,yes,40645,Greater Horseshoe Bat,Rhinolophus ferrumequinum,1,1094,"iNaturalist regional candidate only; review habitat fit, introduced status and game value before inclusion."
mammals,39,yes,43119,Granada Hare,Lepus granatensis,1,1078,"iNaturalist regional candidate only; review habitat fit, introduced status and game value before inclusion."
mammals,40,exclude,209233,Domestic Horse,Equus caballus,1,1003,Domestic horse; not a wildlife collection entry.
mammals,41,yes,46241,Barbary Ground Squirrel,Atlantoxerus getulus,1,850,"iNaturalist regional candidate only; review habitat fit, introduced status and game value before inclusion."
mammals,42,yes,41975,Iberian Lynx,Lynx pardinus,1,813,"iNaturalist regional candidate only; review habitat fit, introduced status and game value before inclusion."
mammals,43,yes,43793,Eurasian Beaver,Castor fiber,1,710,"iNaturalist regional candidate only; review habitat fit, introduced status and game value before inclusion."
mammals,44,yes,569428,Least Weasel,Mustela nivalis,1,675,"iNaturalist regional candidate only; review habitat fit, introduced status and game value before inclusion."
mammals,45,yes,41503,Atlantic Spotted Dolphin,Stenella frontalis,1,660,"iNaturalist regional candidate only; review habitat fit, introduced status and game value before inclusion."
mammals,46,yes,40364,Common Pipistrelle,Pipistrellus pipistrellus,1,645,"iNaturalist regional candidate only; review habitat fit, introduced status and game value before inclusion."
mammals,47,yes,41900,Egyptian Mongoose,Herpestes ichneumon,1,617,"iNaturalist regional candidate only; review habitat fit, introduced status and game value before inclusion."
mammals,48,yes,41532,Short-finned Pilot Whale,Globicephala macrorhynchus,1,608,"iNaturalist regional candidate only; review habitat fit, introduced status and game value before inclusion."
mammals,49,yes,765528,Savi's Pipistrelle,Hypsugo savii,1,608,"iNaturalist regional candidate only; review habitat fit, introduced status and game value before inclusion."
mammals,50,exclude,47144,Domestic Dog,Canis familiaris,1,587,Domestic dog; not a wildlife collection entry.
mammals,51,yes,43059,North African Hedgehog,Atelerix algirus,1,495,"iNaturalist regional candidate only; review habitat fit, introduced status and game value before inclusion."
mammals,52,yes,852333,Pygmy White-toothed Shrew,Suncus etruscus,1,476,"iNaturalist regional candidate only; review habitat fit, introduced status and game value before inclusion."
mammals,53,yes,1264432,American Mink,Neogale vison,1,474,"iNaturalist regional candidate only; review habitat fit, introduced status and game value before inclusion."
mammals,54,yes,45863,European Garden Dormouse,Eliomys quercinus,1,471,"iNaturalist regional candidate only; review habitat fit, introduced status and game value before inclusion."
mammals,55,yes,922459,European Wildcat,Felis silvestris,1,463,"iNaturalist regional candidate only; review habitat fit, introduced status and game value before inclusion."
mammals,56,yes,40383,Kuhl's pipistrelle,Pipistrellus kuhlii,1,447,"iNaturalist regional candidate only; review habitat fit, introduced status and game value before inclusion."
mammals,57,yes,41812,Western Polecat,Mustela putorius,1,442,"iNaturalist regional candidate only; review habitat fit, introduced status and game value before inclusion."
mammals,58,yes,45856,Hazel Dormouse,Muscardinus avellanarius,1,435,"iNaturalist regional candidate only; review habitat fit, introduced status and game value before inclusion."
mammals,59,yes,41641,Brown Bear,Ursus arctos,1,435,"iNaturalist regional candidate only; review habitat fit, introduced status and game value before inclusion."
mammals,60,yes,74890,Sperm Whale,Physeter macrocephalus,1,382,"iNaturalist regional candidate only; review habitat fit, introduced status and game value before inclusion."
mammals,61,yes,57534,Schreibers' Long-fingered Bat,Miniopterus schreibersii,1,372,"iNaturalist regional candidate only; review habitat fit, introduced status and game value before inclusion."
mammals,62,yes,1431273,Bank Vole,Clethrionomys glareolus,1,363,"iNaturalist regional candidate only; review habitat fit, introduced status and game value before inclusion."
mammals,63,exclude,121578,Domestic Sheep,Ovis aries,1,316,Domestic sheep; not a wildlife collection entry.
mammals,64,yes,40281,Geoffroy's Bat,Myotis emarginatus,1,282,"iNaturalist regional candidate only; review habitat fit, introduced status and game value before inclusion."
mammals,65,yes,41298,European Free-tailed Bat,Tadarida teniotis,1,279,"iNaturalist regional candidate only; review habitat fit, introduced status and game value before inclusion."
mammals,66,yes,55908,Mountain Hare,Lepus timidus,1,262,"iNaturalist regional candidate only; review habitat fit, introduced status and game value before inclusion."
mammals,67,yes,40574,Azores Noctule,Nyctalus azoreum,1,253,"iNaturalist regional candidate only; review habitat fit, introduced status and game value before inclusion."
mammals,68,yes,424254,Daubenton's bat,Myotis daubentonii,1,251,"iNaturalist regional candidate only; review habitat fit, introduced status and game value before inclusion."
mammals,69,yes,41716,Mediterranean Monk Seal,Monachus monachus,1,232,"iNaturalist regional candidate only; review habitat fit, introduced status and game value before inclusion."
mammals,70,yes,40415,Grey Long-eared Bat,Plecotus austriacus,1,223,"iNaturalist regional candidate only; review habitat fit, introduced status and game value before inclusion."
mammals,71,yes,45748,Southwestern Water Vole,Arvicola sapidus,1,220,"iNaturalist regional candidate only; review habitat fit, introduced status and game value before inclusion."
mammals,72,yes,46471,Eurasian Pygmy Shrew,Sorex minutus,1,220,"iNaturalist regional candidate only; review habitat fit, introduced status and game value before inclusion."
mammals,73,yes,41494,Striped Dolphin,Stenella coeruleoalba,1,210,"iNaturalist regional candidate only; review habitat fit, introduced status and game value before inclusion."
mammals,74,yes,44280,Common Vole,Microtus arvalis,1,207,"iNaturalist regional candidate only; review habitat fit, introduced status and game value before inclusion."
mammals,75,yes,41541,Risso's Dolphin,Grampus griseus,1,206,"iNaturalist regional candidate only; review habitat fit, introduced status and game value before inclusion."
mammals,76,yes,41808,Eurasian Stoat,Mustela erminea,1,202,"iNaturalist regional candidate only; review habitat fit, introduced status and game value before inclusion."
mammals,77,yes,1655578,South European White-toothed Shrew,Crocidura fimbriata,1,196,"iNaturalist regional candidate only; review habitat fit, introduced status and game value before inclusion."
mammals,78,yes,42346,Pyrenean Chamois,Rupicapra pyrenaica,1,187,"iNaturalist regional candidate only; review habitat fit, introduced status and game value before inclusion."
mammals,79,yes,40573,Lesser Noctule,Nyctalus leisleri,1,186,"iNaturalist regional candidate only; review habitat fit, introduced status and game value before inclusion."
mammals,80,exclude,74113,Domestic Cattle,Bos taurus,1,184,Domestic cattle; not a wildlife collection entry.
mammals,81,yes,1596127,Eurasian Serotine,Cnephaeus serotinus,1,183,"iNaturalist regional candidate only; review habitat fit, introduced status and game value before inclusion."
mammals,82,yes,46663,Bicoloured Shrew,Crocidura leucodon,1,182,"iNaturalist regional candidate only; review habitat fit, introduced status and game value before inclusion."
mammals,83,yes,533979,Calabrian Black Squirrel,Sciurus meridionalis,1,180,"iNaturalist regional candidate only; review habitat fit, introduced status and game value before inclusion."
mammals,84,yes,74908,Soprano Pipistrelle,Pipistrellus pygmaeus,1,171,"iNaturalist regional candidate only; review habitat fit, introduced status and game value before inclusion."
mammals,85,yes,851014,Golden Jackal,Canis aureus,1,166,"iNaturalist regional candidate only; review habitat fit, introduced status and game value before inclusion."
mammals,86,yes,44688,Algerian Mouse,Mus spretus,1,166,"iNaturalist regional candidate only; review habitat fit, introduced status and game value before inclusion."
mammals,87,yes,40677,Mediterranean horseshoe bat,Rhinolophus euryale,1,158,"iNaturalist regional candidate only; review habitat fit, introduced status and game value before inclusion."
mammals,88,yes,46412,Alpine Shrew,Sorex alpinus,1,144,"iNaturalist regional candidate only; review habitat fit, introduced status and game value before inclusion."
mammals,89,yes,40416,Brown Long-eared Bat,Plecotus auritus,1,139,"iNaturalist regional candidate only; review habitat fit, introduced status and game value before inclusion."
mammals,90,yes,42422,Aoudad,Ammotragus lervia,1,131,"iNaturalist regional candidate only; review habitat fit, introduced status and game value before inclusion."
mammals,91,yes,40581,Western Barbastelle,Barbastella barbastellus,1,128,"iNaturalist regional candidate only; review habitat fit, introduced status and game value before inclusion."
mammals,92,yes,43024,Long-eared Hedgehog,Hemiechinus auritus,1,125,"iNaturalist regional candidate only; review habitat fit, introduced status and game value before inclusion."
mammals,93,exclude,148030,Donkey,Equus asinus,1,123,Domestic donkey; not a wildlife collection entry.
mammals,94,yes,41562,Fin Whale,Balaenoptera physalus,1,108,"iNaturalist regional candidate only; review habitat fit, introduced status and game value before inclusion."
mammals,95,yes,46367,Valais Shrew,Sorex antinorii,1,106,"iNaturalist regional candidate only; review habitat fit, introduced status and game value before inclusion."
mammals,96,yes,44276,Mediterranean Pine Vole,Microtus duodecimcostatus,1,101,"iNaturalist regional candidate only; review habitat fit, introduced status and game value before inclusion."
mammals,97,yes,44282,Field Vole,Microtus agrestis,1,100,"iNaturalist regional candidate only; review habitat fit, introduced status and game value before inclusion."
mammals,98,yes,41440,Harbour Porpoise,Phocoena phocoena,1,100,"iNaturalist regional candidate only; review habitat fit, introduced status and game value before inclusion."
mammals,99,yes,1453916,Bryde's Whale,Balaenoptera brydei,1,98,"iNaturalist regional candidate only; review habitat fit, introduced status and game value before inclusion."
mammals,100,yes,46414,Common Shrew,Sorex araneus,1,97,"iNaturalist regional candidate only; review habitat fit, introduced status and game value before inclusion."
mammals,101,yes,40291,Mouse-eared Bat,Myotis myotis,1,93,"iNaturalist regional candidate only; review habitat fit, introduced status and game value before inclusion."
mammals,102,yes,44302,Lusitanian pine vole,Microtus lusitanicus,1,92,"iNaturalist regional candidate only; review habitat fit, introduced status and game value before inclusion."
mammals,103,yes,45550,Yellow-necked Field Mouse,Apodemus flavicollis,1,91,"iNaturalist regional candidate only; review habitat fit, introduced status and game value before inclusion."
mammals,104,yes,45949,Finlayson's Squirrel,Callosciurus finlaysonii,1,79,"iNaturalist regional candidate only; review habitat fit, introduced status and game value before inclusion."
mammals,105,yes,1370753,Aquitanian mole,Talpa aquitania,1,76,"iNaturalist regional candidate only; review habitat fit, introduced status and game value before inclusion."
mammals,106,yes,40391,Nathusius' Pipistrelle,Pipistrellus nathusii,1,75,"iNaturalist regional candidate only; review habitat fit, introduced status and game value before inclusion."
mammals,107,yes,46015,Caucasian Squirrel,Sciurus anomalus,1,72,"iNaturalist regional candidate only; review habitat fit, introduced status and game value before inclusion."
mammals,108,yes,45568,Striped Field Mouse,Apodemus agrarius,1,69,"iNaturalist regional candidate only; review habitat fit, introduced status and game value before inclusion."
mammals,109,yes,45459,European Snow Vole,Chionomys nivalis,1,68,"iNaturalist regional candidate only; review habitat fit, introduced status and game value before inclusion."
mammals,110,yes,41529,Long-finned Pilot Whale,Globicephala melas,1,66,"iNaturalist regional candidate only; review habitat fit, introduced status and game value before inclusion."
mammals,111,yes,41559,Sei Whale,Balaenoptera borealis,1,62,"iNaturalist regional candidate only; review habitat fit, introduced status and game value before inclusion."
mammals,112,yes,43118,Broom Hare,Lepus castroviejoi,1,61,"iNaturalist regional candidate only; review habitat fit, introduced status and game value before inclusion."
mammals,113,yes,1177489,Italian Water Vole,Arvicola italicus,1,55,"iNaturalist regional candidate only; review habitat fit, introduced status and game value before inclusion."
mammals,114,yes,40317,Lesser mouse-eared bat,Myotis blythii,1,53,"iNaturalist regional candidate only; review habitat fit, introduced status and game value before inclusion."
mammals,115,yes,46859,Eurasian Water Shrew,Neomys fodiens,1,53,"iNaturalist regional candidate only; review habitat fit, introduced status and game value before inclusion."
mammals,116,yes,40572,Common Noctule,Nyctalus noctula,1,52,"iNaturalist regional candidate only; review habitat fit, introduced status and game value before inclusion."
mammals,117,yes,1698425,Iberian Rabbit,Oryctolagus algirus,1,51,"iNaturalist regional candidate only; review habitat fit, introduced status and game value before inclusion."
mammals,118,yes,45316,Eurasian Harvest Mouse,Micromys minutus,1,50,"iNaturalist regional candidate only; review habitat fit, introduced status and game value before inclusion."
mammals,119,yes,40446,Particoloured Bat,Vespertilio murinus,1,49,"iNaturalist regional candidate only; review habitat fit, introduced status and game value before inclusion."
mammals,120,yes,43143,Apennine Hare,Lepus corsicanus,1,48,"iNaturalist regional candidate only; review habitat fit, introduced status and game value before inclusion."
mammals,121,yes,46037,European Ground Squirrel,Spermophilus citellus,1,47,"iNaturalist regional candidate only; review habitat fit, introduced status and game value before inclusion."
mammals,122,yes,1596135,Meridional Serotine,Cnephaeus isabellinus,1,45,"iNaturalist regional candidate only; review habitat fit, introduced status and game value before inclusion."
mammals,123,yes,41566,Humpback Whale,Megaptera novaeangliae,1,45,"iNaturalist regional candidate only; review habitat fit, introduced status and game value before inclusion."
mammals,124,yes,81925,Domestic Water Buffalo,Bubalus bubalis,1,43,"iNaturalist regional candidate only; review habitat fit, introduced status and game value before inclusion."
mammals,125,yes,43043,Southern White-breasted Hedgehog,Erinaceus concolor,1,43,"iNaturalist regional candidate only; review habitat fit, introduced status and game value before inclusion."
mammals,126,yes,41663,Common Raccoon,Procyon lotor,1,42,"iNaturalist regional candidate only; review habitat fit, introduced status and game value before inclusion."
mammals,127,yes,41550,Common Minke Whale,Balaenoptera acutorostrata,1,41,"iNaturalist regional candidate only; review habitat fit, introduced status and game value before inclusion."
mammals,128,no,41539,False Killer Whale,Pseudorca crassidens,1,41,"iNaturalist regional candidate only; review habitat fit, introduced status and game value before inclusion."
mammals,129,no,210401,Escalera's mouse-eared bat,Myotis escalerai,1,40,"iNaturalist regional candidate only; review habitat fit, introduced status and game value before inclusion."
mammals,130,no,74697,Bechstein's bat,Myotis bechsteinii,1,39,"iNaturalist regional candidate only; review habitat fit, introduced status and game value before inclusion."
mammals,131,no,75042,Egyptian Rousette,Rousettus aegyptiacus,1,39,"iNaturalist regional candidate only; review habitat fit, introduced status and game value before inclusion."
mammals,132,no,44264,Savi's Pine Vole,Microtus savii,1,38,"iNaturalist regional candidate only; review habitat fit, introduced status and game value before inclusion."
mammals,133,no,67819,European Water Vole,Arvicola amphibius,1,36,"iNaturalist regional candidate only; review habitat fit, introduced status and game value before inclusion."
mammals,134,no,907291,Cryptic Myotis,Myotis crypticus,1,32,"iNaturalist regional candidate only; review habitat fit, introduced status and game value before inclusion."
mammals,135,no,41553,Blue Whale,Balaenoptera musculus,1,31,"iNaturalist regional candidate only; review habitat fit, introduced status and game value before inclusion."
mammals,136,no,41733,Grey Seal,Halichoerus grypus,1,31,"iNaturalist regional candidate only; review habitat fit, introduced status and game value before inclusion."
mammals,137,no,40576,Giant Noctule,Nyctalus lasiopterus,1,31,"iNaturalist regional candidate only; review habitat fit, introduced status and game value before inclusion."
mammals,138,no,46951,Mediterranean Mole,Talpa caeca,1,30,"iNaturalist regional candidate only; review habitat fit, introduced status and game value before inclusion."
mammals,139,no,399272,Domestic Ferret,Mustela furo,1,28,"iNaturalist regional candidate only; review habitat fit, introduced status and game value before inclusion."
mammals,140,no,41545,Rough-toothed Dolphin,Steno bredanensis,1,28,"iNaturalist regional candidate only; review habitat fit, introduced status and game value before inclusion."
mammals,141,no,41408,Dense-beaked Whale,Mesoplodon densirostris,1,27,"iNaturalist regional candidate only; review habitat fit, introduced status and game value before inclusion."
mammals,142,no,45867,Eurasian Forest Dormouse,Dryomys nitedula,1,25,"iNaturalist regional candidate only; review habitat fit, introduced status and game value before inclusion."
mammals,143,no,46956,Roman Mole,Talpa romana,1,25,"iNaturalist regional candidate only; review habitat fit, introduced status and game value before inclusion."
mammals,144,no,41521,Orca,Orcinus orca,1,24,"iNaturalist regional candidate only; review habitat fit, introduced status and game value before inclusion."
mammals,145,no,40376,Madeira pipistrelle,Pipistrellus maderensis,1,24,"iNaturalist regional candidate only; review habitat fit, introduced status and game value before inclusion."
mammals,146,no,41428,Cuvier's Beaked Whale,Ziphius cavirostris,1,24,"iNaturalist regional candidate only; review habitat fit, introduced status and game value before inclusion."
mammals,147,no,45952,Pallas' Squirrel,Callosciurus erythraeus,1,23,"iNaturalist regional candidate only; review habitat fit, introduced status and game value before inclusion."
mammals,148,no,925979,Small Indian Mongoose,Urva auropunctata,1,23,"iNaturalist regional candidate only; review habitat fit, introduced status and game value before inclusion."
mammals,149,no,74219,North African White-toothed Shrew,Crocidura pachyura,1,20,"iNaturalist regional candidate only; review habitat fit, introduced status and game value before inclusion."
mammals,150,no,46746,Sicilian Shrew,Crocidura sicula,1,19,"iNaturalist regional candidate only; review habitat fit, introduced status and game value before inclusion."
mammals,151,no,855298,Southwest Asian Badger,Meles canescens,1,19,"iNaturalist regional candidate only; review habitat fit, introduced status and game value before inclusion."
mammals,152,no,45763,Muskrat,Ondatra zibethicus,1,18,"iNaturalist regional candidate only; review habitat fit, introduced status and game value before inclusion."
mammals,153,no,1596132,Northern Serotine,Cnephaeus nilssonii,1,17,"iNaturalist regional candidate only; review habitat fit, introduced status and game value before inclusion."
mammals,154,no,1370737,Güldenstädt's shrew,Crocidura gueldenstaedtii,1,17,"iNaturalist regional candidate only; review habitat fit, introduced status and game value before inclusion."
mammals,155,no,57560,Cape Hare,Lepus capensis,1,17,"iNaturalist regional candidate only; review habitat fit, introduced status and game value before inclusion."
mammals,156,no,41413,North Atlantic Beaked Whale,Mesoplodon bidens,1,17,"iNaturalist regional candidate only; review habitat fit, introduced status and game value before inclusion."
mammals,157,no,40284,Long-fingered Bat,Myotis capaccinii,1,17,"iNaturalist regional candidate only; review habitat fit, introduced status and game value before inclusion."
mammals,158,no,40314,Whiskered Bat,Myotis mystacinus,1,17,"iNaturalist regional candidate only; review habitat fit, introduced status and game value before inclusion."
mammals,159,no,45836,Eurasian Hamster,Cricetus cricetus,1,16,"iNaturalist regional candidate only; review habitat fit, introduced status and game value before inclusion."
mammals,160,no,43452,Barbary Macaque,Macaca sylvanus,1,16,"iNaturalist regional candidate only; review habitat fit, introduced status and game value before inclusion."
mammals,161,no,46486,Iberian Shrew,Sorex granarius,1,16,"iNaturalist regional candidate only; review habitat fit, introduced status and game value before inclusion."
mammals,162,no,1696537,Wisent,Bos bonasus,1,15,"iNaturalist regional candidate only; review habitat fit, introduced status and game value before inclusion."
mammals,163,no,1370695,Mediterranean Water Shrew,Neomys milleri,1,15,"iNaturalist regional candidate only; review habitat fit, introduced status and game value before inclusion."
mammals,164,no,46405,Crowned Shrew,Sorex coronatus,1,15,"iNaturalist regional candidate only; review habitat fit, introduced status and game value before inclusion."
mammals,165,no,74927,Mountain Long-eared Bat,Plecotus macrobullaris,1,14,"iNaturalist regional candidate only; review habitat fit, introduced status and game value before inclusion."
mammals,166,no,41421,North Atlantic Bottlenose Whale,Hyperoodon ampullatus,1,13,"iNaturalist regional candidate only; review habitat fit, introduced status and game value before inclusion."
mammals,167,no,41805,European Mink,Mustela lutreola,1,13,"iNaturalist regional candidate only; review habitat fit, introduced status and game value before inclusion."
mammals,168,no,41979,Eurasian Lynx,Lynx lynx,1,12,"iNaturalist regional candidate only; review habitat fit, introduced status and game value before inclusion."
mammals,169,no,245959,Kolombatovic's long-eared bat,Plecotus kolombatovici,1,12,"iNaturalist regional candidate only; review habitat fit, introduced status and game value before inclusion."
mammals,170,no,40691,Mehely's horseshoe bat,Rhinolophus mehelyi,1,12,"iNaturalist regional candidate only; review habitat fit, introduced status and game value before inclusion."
mammals,171,no,44277,Cabrera's vole,Microtus cabrerae,1,11,"iNaturalist regional candidate only; review habitat fit, introduced status and game value before inclusion."
mammals,172,no,210400,Natterer's Bat,Myotis nattereri,1,11,"iNaturalist regional candidate only; review habitat fit, introduced status and game value before inclusion."
mammals,173,no,74606,Calabria Pine Vole,Microtus brachycercus,1,10,"iNaturalist regional candidate only; review habitat fit, introduced status and game value before inclusion."
mammals,174,no,46860,Iberian Water Shrew,Neomys anomalus,1,10,"iNaturalist regional candidate only; review habitat fit, introduced status and game value before inclusion."
mammals,175,no,47041,Pyrenean Desman,Galemys pyrenaicus,1,9,"iNaturalist regional candidate only; review habitat fit, introduced status and game value before inclusion."
mammals,176,no,1430921,Sicilian Pine Vole,Microtus nebrodensis,1,8,"iNaturalist regional candidate only; review habitat fit, introduced status and game value before inclusion."
mammals,177,no,40673,Blasius's horseshoe bat,Rhinolophus blasii,1,8,"iNaturalist regional candidate only; review habitat fit, introduced status and game value before inclusion."
mammals,178,no,520585,Siberian Chipmunk,Eutamias sibiricus,1,7,"iNaturalist regional candidate only; review habitat fit, introduced status and game value before inclusion."
mammals,179,no,44273,Alpine Pine Vole,Microtus multiplex,1,7,"iNaturalist regional candidate only; review habitat fit, introduced status and game value before inclusion."
mammals,180,no,74717,Felten's myotis,Myotis punicus,1,7,"iNaturalist regional candidate only; review habitat fit, introduced status and game value before inclusion."
mammals,181,no,46631,Lesser White-toothed Shrew,Crocidura suaveolens,1,6,"iNaturalist regional candidate only; review habitat fit, introduced status and game value before inclusion."
mammals,182,no,41464,Pygmy Sperm Whale,Kogia breviceps,1,6,"iNaturalist regional candidate only; review habitat fit, introduced status and game value before inclusion."
mammals,183,no,1431862,Mediterranean Field Vole,Microtus lavernedii,1,6,"iNaturalist regional candidate only; review habitat fit, introduced status and game value before inclusion."
mammals,184,no,74070,Western Broad-toothed Field Mouse,Apodemus epimelas,1,5,"iNaturalist regional candidate only; review habitat fit, introduced status and game value before inclusion."
mammals,185,no,46603,Canarian Shrew,Crocidura canariensis,1,5,"iNaturalist regional candidate only; review habitat fit, introduced status and game value before inclusion."
mammals,186,no,1431618,Gerbe's Vole,Microtus pyrenaicus,1,5,"iNaturalist regional candidate only; review habitat fit, introduced status and game value before inclusion."
mammals,187,no,44266,European pine vole,Microtus subterraneus,1,5,"iNaturalist regional candidate only; review habitat fit, introduced status and game value before inclusion."
mammals,188,no,119405,Domestic Guinea Pig,Cavia porcellus,1,4,"iNaturalist regional candidate only; review habitat fit, introduced status and game value before inclusion."
mammals,189,no,44296,Thomas's pine vole,Microtus thomasi,1,4,"iNaturalist regional candidate only; review habitat fit, introduced status and game value before inclusion."
mammals,190,no,44702,Mound-building Mouse,Mus spicilegus,1,4,"iNaturalist regional candidate only; review habitat fit, introduced status and game value before inclusion."
mammals,191,no,74692,Alcathoe myotis,Myotis alcathoe,1,4,"iNaturalist regional candidate only; review habitat fit, introduced status and game value before inclusion."
mammals,192,no,46943,Balkan Mole,Talpa stankovici,1,4,"iNaturalist regional candidate only; review habitat fit, introduced status and game value before inclusion."
mammals,193,no,46260,American Red Squirrel,Tamiasciurus hudsonicus,1,4,"iNaturalist regional candidate only; review habitat fit, introduced status and game value before inclusion."
mammals,194,no,41478,Grey Whale,Eschrichtius robustus,1,3,"iNaturalist regional candidate only; review habitat fit, introduced status and game value before inclusion."
mammals,195,no,45936,Five-striped Palm Squirrel,Funambulus pennantii,1,3,"iNaturalist regional candidate only; review habitat fit, introduced status and game value before inclusion."
mammals,196,no,1596253,Mediterranean hare,Lepus mediterraneus,1,3,"iNaturalist regional candidate only; review habitat fit, introduced status and game value before inclusion."
mammals,197,no,40418,Canary Big-eared Bat,Plecotus teneriffae,1,3,"iNaturalist regional candidate only; review habitat fit, introduced status and game value before inclusion."
mammals,198,no,46406,Apennine Shrew,Sorex samniticus,1,3,"iNaturalist regional candidate only; review habitat fit, introduced status and game value before inclusion."
mammals,199,no,42166,Chital,Axis axis,1,2,"iNaturalist regional candidate only; review habitat fit, introduced status and game value before inclusion."
mammals,200,no,121026,Llama,Lama glama,1,2,"iNaturalist regional candidate only; review habitat fit, introduced status and game value before inclusion."
mammals,201,no,44262,Günther's Vole,Microtus guentheri,1,2,"iNaturalist regional candidate only; review habitat fit, introduced status and game value before inclusion."
mammals,202,no,74612,Liechtenstein’s Pine Vole,Microtus liechtensteini,1,2,"iNaturalist regional candidate only; review habitat fit, introduced status and game value before inclusion."
mammals,203,no,1431565,Hovel's Myotis,Myotis hoveli,1,2,"iNaturalist regional candidate only; review habitat fit, introduced status and game value before inclusion."
mammals,204,no,852247,Lesser Blind Molerat,Nannospalax leucodon,1,2,"iNaturalist regional candidate only; review habitat fit, introduced status and game value before inclusion."
mammals,205,no,852246,Nehring's Blind Molerat,Nannospalax xanthodon,1,2,"iNaturalist regional candidate only; review habitat fit, introduced status and game value before inclusion."
mammals,206,no,855311,Mainland Raccoon Dog,Nyctereutes procyonoides,1,2,"iNaturalist regional candidate only; review habitat fit, introduced status and game value before inclusion."
mammals,207,no,41702,Harp Seal,Pagophilus groenlandicus,1,2,"iNaturalist regional candidate only; review habitat fit, introduced status and game value before inclusion."
mammals,208,no,245958,Gaisler's long-eared bat,Plecotus gaisleri,1,2,"iNaturalist regional candidate only; review habitat fit, introduced status and game value before inclusion."
mammals,209,no,45592,Cairo Spiny Mouse,Acomys cahirinus,1,1,"iNaturalist regional candidate only; review habitat fit, introduced status and game value before inclusion."
mammals,210,no,45559,Alpine Field Mouse,Apodemus alpicola,1,1,"iNaturalist regional candidate only; review habitat fit, introduced status and game value before inclusion."
mammals,211,no,45554,Broad-toothed Field Mouse,Apodemus mystacinus,1,1,"iNaturalist regional candidate only; review habitat fit, introduced status and game value before inclusion."
mammals,212,no,1641886,Anatolian Serotine,Cnephaeus anatolicus,1,1,"iNaturalist regional candidate only; review habitat fit, introduced status and game value before inclusion."
mammals,213,no,46653,Cretan Shrew,Crocidura zimmermanni,1,1,"iNaturalist regional candidate only; review habitat fit, introduced status and game value before inclusion."
mammals,214,no,46179,Black-tailed Prairie Dog,Cynomys ludovicianus,1,1,"iNaturalist regional candidate only; review habitat fit, introduced status and game value before inclusion."
mammals,215,no,45683,Balkan Snow Vole,Dinaromys bogdanovi,1,1,"iNaturalist regional candidate only; review habitat fit, introduced status and game value before inclusion."
mammals,216,no,43802,Patagonian Mara,Dolichotis patagonum,1,1,"iNaturalist regional candidate only; review habitat fit, introduced status and game value before inclusion."
mammals,217,no,371414,African Wildcat,Felis lybica,1,1,"iNaturalist regional candidate only; review habitat fit, introduced status and game value before inclusion."
mammals,218,no,41465,Dwarf Sperm Whale,Kogia sima,1,1,"iNaturalist regional candidate only; review habitat fit, introduced status and game value before inclusion."
mammals,219,no,45503,Barbary Striped Grass Mouse,Lemniscomys barbarus,1,1,"iNaturalist regional candidate only; review habitat fit, introduced status and game value before inclusion."
mammals,220,no,44919,Golden Hamster,Mesocricetus auratus,1,1,"iNaturalist regional candidate only; review habitat fit, introduced status and game value before inclusion."
mammals,221,no,41407,Gulf Stream Beaked Whale,Mesoplodon europaeus,1,1,"iNaturalist regional candidate only; review habitat fit, introduced status and game value before inclusion."
mammals,222,no,41411,True's Beaked Whale,Mesoplodon mirus,1,1,"iNaturalist regional candidate only; review habitat fit, introduced status and game value before inclusion."
mammals,223,no,40308,pond bat,Myotis dasycneme,1,1,"iNaturalist regional candidate only; review habitat fit, introduced status and game value before inclusion."
mammals,224,no,1067780,Asian Mouflon,Ovis gmelinii,1,1,"iNaturalist regional candidate only; review habitat fit, introduced status and game value before inclusion."
mammals,225,no,74903,Hanak's dwarf bat,Pipistrellus hanaki,1,1,"iNaturalist regional candidate only; review habitat fit, introduced status and game value before inclusion."
mammals,226,no,57536,Dusky pipistrelle,Pipistrellus hesperidus,1,1,"iNaturalist regional candidate only; review habitat fit, introduced status and game value before inclusion."
mammals,227,no,74930,Sardinian Long-eared Bat,Plecotus sardus,1,1,"iNaturalist regional candidate only; review habitat fit, introduced status and game value before inclusion."
birds,1,yes,59202,Yellow-legged Gull,Larus michahellis,1,46116,"iNaturalist regional candidate only; review habitat fit, introduced status and game value before inclusion."
birds,2,yes,12716,Eurasian Blackbird,Turdus merula,1,42108,"iNaturalist regional candidate only; review habitat fit, introduced status and game value before inclusion."
birds,3,yes,6930,Mallard,Anas platyrhynchos,1,40684,"iNaturalist regional candidate only; review habitat fit, introduced status and game value before inclusion."
birds,4,yes,13858,House Sparrow,Passer domesticus,1,34417,"iNaturalist regional candidate only; review habitat fit, introduced status and game value before inclusion."
birds,5,yes,4954,Grey Heron,Ardea cinerea,1,32460,"iNaturalist regional candidate only; review habitat fit, introduced status and game value before inclusion."
birds,6,yes,13000,Black Redstart,Phoenicurus ochruros,1,31416,"iNaturalist regional candidate only; review habitat fit, introduced status and game value before inclusion."
birds,7,yes,13094,European Robin,Erithacus rubecula,1,30690,"iNaturalist regional candidate only; review habitat fit, introduced status and game value before inclusion."
birds,8,yes,4943,Little Egret,Egretta garzetta,1,28335,"iNaturalist regional candidate only; review habitat fit, introduced status and game value before inclusion."
birds,9,yes,891696,Eurasian Magpie,Pica pica,1,27341,"iNaturalist regional candidate only; review habitat fit, introduced status and game value before inclusion."
birds,10,yes,204472,Common Buzzard,Buteo buteo,1,27254,"iNaturalist regional candidate only; review habitat fit, introduced status and game value before inclusion."
birds,11,yes,10070,Common Chaffinch,Fringilla coelebs,1,27172,"iNaturalist regional candidate only; review habitat fit, introduced status and game value before inclusion."
birds,12,yes,472766,Eurasian Kestrel,Falco tinnunculus,1,26074,"iNaturalist regional candidate only; review habitat fit, introduced status and game value before inclusion."
birds,13,yes,2969,Eurasian Collared-Dove,Streptopelia decaocto,1,25339,"iNaturalist regional candidate only; review habitat fit, introduced status and game value before inclusion."
birds,14,yes,201192,European Stonechat,Saxicola rubicola,1,25016,"iNaturalist regional candidate only; review habitat fit, introduced status and game value before inclusion."
birds,15,yes,4270,Great Cormorant,Phalacrocorax carbo,1,24857,"iNaturalist regional candidate only; review habitat fit, introduced status and game value before inclusion."
birds,16,yes,13695,White Wagtail,Motacilla alba,1,23832,"iNaturalist regional candidate only; review habitat fit, introduced status and game value before inclusion."
birds,17,yes,203153,Great Tit,Parus major,1,23022,"iNaturalist regional candidate only; review habitat fit, introduced status and game value before inclusion."
birds,18,yes,3048,Common Wood-Pigeon,Columba palumbus,1,22943,"iNaturalist regional candidate only; review habitat fit, introduced status and game value before inclusion."
birds,19,yes,9236,European Serin,Serinus serinus,1,22628,"iNaturalist regional candidate only; review habitat fit, introduced status and game value before inclusion."
birds,20,yes,144510,Black-headed Gull,Chroicocephalus ridibundus,1,21213,"iNaturalist regional candidate only; review habitat fit, introduced status and game value before inclusion."
birds,21,yes,5366,Eurasian Griffon,Gyps fulvus,1,20695,"iNaturalist regional candidate only; review habitat fit, introduced status and game value before inclusion."
birds,22,yes,11901,Barn Swallow,Hirundo rustica,1,20097,"iNaturalist regional candidate only; review habitat fit, introduced status and game value before inclusion."
birds,23,yes,482,Eurasian Coot,Fulica atra,1,19422,"iNaturalist regional candidate only; review habitat fit, introduced status and game value before inclusion."
birds,24,yes,73222,Greater Flamingo,Phoenicopterus roseus,1,18615,"iNaturalist regional candidate only; review habitat fit, introduced status and game value before inclusion."
birds,25,yes,9398,European Goldfinch,Carduelis carduelis,1,18454,"iNaturalist regional candidate only; review habitat fit, introduced status and game value before inclusion."
birds,26,yes,201282,Common Moorhen,Gallinula chloropus,1,17630,"iNaturalist regional candidate only; review habitat fit, introduced status and game value before inclusion."
birds,27,yes,117016,Common Chiffchaff,Phylloscopus collybita,1,17290,"iNaturalist regional candidate only; review habitat fit, introduced status and game value before inclusion."
birds,28,yes,4835,Black-winged Stilt,Himantopus himantopus,1,16985,"iNaturalist regional candidate only; review habitat fit, introduced status and game value before inclusion."
birds,29,yes,144757,Hooded Crow,Corvus cornix,1,16961,"iNaturalist regional candidate only; review habitat fit, introduced status and game value before inclusion."
birds,30,yes,4733,White Stork,Ciconia ciconia,1,16610,"iNaturalist regional candidate only; review habitat fit, introduced status and game value before inclusion."
birds,31,yes,144849,Eurasian Blue Tit,Cyanistes caeruleus,1,16136,"iNaturalist regional candidate only; review habitat fit, introduced status and game value before inclusion."
birds,32,yes,15282,Eurasian Blackcap,Sylvia atricapilla,1,15481,"iNaturalist regional candidate only; review habitat fit, introduced status and game value before inclusion."
birds,33,yes,20969,Common Hoopoe,Upupa epops,1,14995,"iNaturalist regional candidate only; review habitat fit, introduced status and game value before inclusion."
birds,34,yes,411086,Western Cattle-Egret,Ardea ibis,1,14708,"iNaturalist regional candidate only; review habitat fit, introduced status and game value before inclusion."
birds,35,yes,145360,European Greenfinch,Chloris chloris,1,13834,"iNaturalist regional candidate only; review habitat fit, introduced status and game value before inclusion."
birds,36,yes,19349,Monk Parakeet,Myiopsitta monachus,1,13693,"iNaturalist regional candidate only; review habitat fit, introduced status and game value before inclusion."
birds,37,yes,14849,Spotless Starling,Sturnus unicolor,1,13212,"iNaturalist regional candidate only; review habitat fit, introduced status and game value before inclusion."
birds,38,yes,5267,Red Kite,Milvus milvus,1,12959,"iNaturalist regional candidate only; review habitat fit, introduced status and game value before inclusion."
birds,39,yes,8088,Eurasian Jay,Garrulus glandarius,1,12897,"iNaturalist regional candidate only; review habitat fit, introduced status and game value before inclusion."
birds,40,yes,5268,Black Kite,Milvus migrans,1,12740,"iNaturalist regional candidate only; review habitat fit, introduced status and game value before inclusion."
birds,41,yes,1289472,Sardinian Warbler,Curruca melanocephala,1,12528,"iNaturalist regional candidate only; review habitat fit, introduced status and game value before inclusion."
birds,42,yes,4208,Great Crested Grebe,Podiceps cristatus,1,12480,"iNaturalist regional candidate only; review habitat fit, introduced status and game value before inclusion."
birds,43,yes,201233,Italian Sparrow,Passer italiae,1,11613,"iNaturalist regional candidate only; review habitat fit, introduced status and game value before inclusion."
birds,44,yes,2191,European Bee-eater,Merops apiaster,1,11425,"iNaturalist regional candidate only; review habitat fit, introduced status and game value before inclusion."
birds,45,yes,3978,Common Sandpiper,Actitis hypoleucos,1,11230,"iNaturalist regional candidate only; review habitat fit, introduced status and game value before inclusion."
birds,46,yes,4381,Lesser Black-backed Gull,Larus fuscus,1,11005,"iNaturalist regional candidate only; review habitat fit, introduced status and game value before inclusion."
birds,47,yes,64705,Western House Martin,Delichon urbicum,1,10973,"iNaturalist regional candidate only; review habitat fit, introduced status and game value before inclusion."
birds,48,yes,5173,Western Marsh Harrier,Circus aeruginosus,1,10651,"iNaturalist regional candidate only; review habitat fit, introduced status and game value before inclusion."
birds,49,yes,7278,Long-tailed Tit,Aegithalos caudatus,1,10469,"iNaturalist regional candidate only; review habitat fit, introduced status and game value before inclusion."
birds,50,yes,145291,Corn Bunting,Emberiza calandra,1,9653,"iNaturalist regional candidate only; review habitat fit, introduced status and game value before inclusion."
birds,51,yes,4237,Little Grebe,Tachybaptus ruficollis,1,9540,"iNaturalist regional candidate only; review habitat fit, introduced status and game value before inclusion."
birds,52,yes,12971,Spotted Flycatcher,Muscicapa striata,1,9186,"iNaturalist regional candidate only; review habitat fit, introduced status and game value before inclusion."
birds,53,yes,14850,European Starling,Sturnus vulgaris,1,9166,"iNaturalist regional candidate only; review habitat fit, introduced status and game value before inclusion."
birds,54,yes,17871,Great Spotted Woodpecker,Dendrocopos major,1,9002,"iNaturalist regional candidate only; review habitat fit, introduced status and game value before inclusion."
birds,55,yes,558634,Eurasian Linnet,Linaria cannabina,1,8918,"iNaturalist regional candidate only; review habitat fit, introduced status and game value before inclusion."
birds,56,yes,12822,Northern Wheatear,Oenanthe oenanthe,1,8899,"iNaturalist regional candidate only; review habitat fit, introduced status and game value before inclusion."
birds,57,yes,144455,Great Egret,Ardea alba,1,8862,"iNaturalist regional candidate only; review habitat fit, introduced status and game value before inclusion."
birds,58,yes,8010,Common Raven,Corvus corax,1,8555,"iNaturalist regional candidate only; review habitat fit, introduced status and game value before inclusion."
birds,59,yes,5154,Booted Eagle,Hieraaetus pennatus,1,8476,"iNaturalist regional candidate only; review habitat fit, introduced status and game value before inclusion."
birds,60,yes,3938,Ruddy Turnstone,Arenaria interpres,1,8438,"iNaturalist regional candidate only; review habitat fit, introduced status and game value before inclusion."
birds,61,yes,2599,Common Kingfisher,Alcedo atthis,1,8170,"iNaturalist regional candidate only; review habitat fit, introduced status and game value before inclusion."
birds,62,yes,6921,Mute Swan,Cygnus olor,1,8046,"iNaturalist regional candidate only; review habitat fit, introduced status and game value before inclusion."
birds,63,yes,13688,Grey Wagtail,Motacilla cinerea,1,8038,"iNaturalist regional candidate only; review habitat fit, introduced status and game value before inclusion."
birds,64,yes,3756,Glossy Ibis,Plegadis falcinellus,1,7938,"iNaturalist regional candidate only; review habitat fit, introduced status and game value before inclusion."
birds,65,yes,578607,Crested Lark,Galerida cristata,1,7930,"iNaturalist regional candidate only; review habitat fit, introduced status and game value before inclusion."
birds,66,yes,12748,Song Thrush,Turdus philomelos,1,7913,"iNaturalist regional candidate only; review habitat fit, introduced status and game value before inclusion."
birds,67,yes,3731,Eurasian Spoonbill,Platalea leucorodia,1,7615,"iNaturalist regional candidate only; review habitat fit, introduced status and game value before inclusion."
birds,68,yes,144823,Coal Tit,Periparus ater,1,7589,"iNaturalist regional candidate only; review habitat fit, introduced status and game value before inclusion."
birds,69,yes,19998,Little Owl,Athene noctua,1,7475,"iNaturalist regional candidate only; review habitat fit, introduced status and game value before inclusion."
birds,70,yes,204512,European Pied Flycatcher,Ficedula hypoleuca,1,7377,"iNaturalist regional candidate only; review habitat fit, introduced status and game value before inclusion."
birds,71,yes,12039,Woodchat Shrike,Lanius senator,1,7299,"iNaturalist regional candidate only; review habitat fit, introduced status and game value before inclusion."
birds,72,yes,558438,Northern Shoveler,Spatula clypeata,1,7291,"iNaturalist regional candidate only; review habitat fit, introduced status and game value before inclusion."
birds,73,yes,18911,Rose-ringed Parakeet,Psittacula krameri,1,7279,"iNaturalist regional candidate only; review habitat fit, introduced status and game value before inclusion."
birds,74,yes,336399,Eurasian Jackdaw,Coloeus monedula,1,7241,"iNaturalist regional candidate only; review habitat fit, introduced status and game value before inclusion."
birds,75,yes,204496,Carrion Crow,Corvus corone,1,7229,"iNaturalist regional candidate only; review habitat fit, introduced status and game value before inclusion."
birds,76,yes,7697,Zitting Cisticola,Cisticola juncidis,1,7120,"iNaturalist regional candidate only; review habitat fit, introduced status and game value before inclusion."
birds,77,yes,13851,Eurasian Tree Sparrow,Passer montanus,1,6988,"iNaturalist regional candidate only; review habitat fit, introduced status and game value before inclusion."
birds,78,yes,6638,Common Swift,Apus apus,1,6851,"iNaturalist regional candidate only; review habitat fit, introduced status and game value before inclusion."
birds,79,yes,3849,Sanderling,Calidris alba,1,6563,"iNaturalist regional candidate only; review habitat fit, introduced status and game value before inclusion."
birds,80,yes,5382,Cinereous Vulture,Aegypius monachus,1,6467,"iNaturalist regional candidate only; review habitat fit, introduced status and game value before inclusion."
birds,81,yes,7067,Common Shelduck,Tadorna tadorna,1,6463,"iNaturalist regional candidate only; review habitat fit, introduced status and game value before inclusion."
birds,82,yes,4801,Common Ringed Plover,Charadrius hiaticula,1,6455,"iNaturalist regional candidate only; review habitat fit, introduced status and game value before inclusion."
birds,83,yes,5242,Short-toed Snake-Eagle,Circaetus gallicus,1,6411,"iNaturalist regional candidate only; review habitat fit, introduced status and game value before inclusion."
birds,84,yes,3857,Dunlin,Calidris alpina,1,6358,"iNaturalist regional candidate only; review habitat fit, introduced status and game value before inclusion."
birds,85,yes,6937,Green-winged Teal,Anas crecca,1,6334,"iNaturalist regional candidate only; review habitat fit, introduced status and game value before inclusion."
birds,86,yes,339684,Iberian Magpie,Cyanopica cooki,1,6248,"iNaturalist regional candidate only; review habitat fit, introduced status and game value before inclusion."
birds,87,yes,144788,Eurasian Crag-Martin,Ptyonoprogne rupestris,1,6246,"iNaturalist regional candidate only; review habitat fit, introduced status and game value before inclusion."
birds,88,yes,13729,Meadow Pipit,Anthus pratensis,1,6043,"iNaturalist regional candidate only; review habitat fit, introduced status and game value before inclusion."
birds,89,yes,72486,Egyptian Goose,Alopochen aegyptiaca,1,5982,"iNaturalist regional candidate only; review habitat fit, introduced status and game value before inclusion."
birds,90,yes,3878,Common Greenshank,Tringa nebularia,1,5944,"iNaturalist regional candidate only; review habitat fit, introduced status and game value before inclusion."
birds,91,yes,867,Red-legged Partridge,Alectoris rufa,1,5902,"iNaturalist regional candidate only; review habitat fit, introduced status and game value before inclusion."
birds,92,yes,9192,Cirl Bunting,Emberiza cirlus,1,5898,"iNaturalist regional candidate only; review habitat fit, introduced status and game value before inclusion."
birds,93,yes,12038,Red-backed Shrike,Lanius collurio,1,5847,"iNaturalist regional candidate only; review habitat fit, introduced status and game value before inclusion."
birds,94,yes,3879,Common Redshank,Tringa totanus,1,5815,"iNaturalist regional candidate only; review habitat fit, introduced status and game value before inclusion."
birds,95,yes,558439,Gadwall,Mareca strepera,1,5807,"iNaturalist regional candidate only; review habitat fit, introduced status and game value before inclusion."
birds,96,yes,145363,Eurasian Wren,Troglodytes troglodytes,1,5782,"iNaturalist regional candidate only; review habitat fit, introduced status and game value before inclusion."
birds,97,yes,14824,Eurasian Nuthatch,Sitta europaea,1,5745,"iNaturalist regional candidate only; review habitat fit, introduced status and game value before inclusion."
birds,98,yes,4981,Black-crowned Night Heron,Nycticorax nycticorax,1,5622,"iNaturalist regional candidate only; review habitat fit, introduced status and game value before inclusion."
birds,99,yes,4857,Northern Lapwing,Vanellus vanellus,1,5414,"iNaturalist regional candidate only; review habitat fit, introduced status and game value before inclusion."
birds,100,yes,7045,Common Pochard,Aythya ferina,1,5384,"iNaturalist regional candidate only; review habitat fit, introduced status and game value before inclusion."
birds,101,yes,1505620,Kentish Plover,Anarhynchus alexandrinus,1,5376,"iNaturalist regional candidate only; review habitat fit, introduced status and game value before inclusion."
birds,102,yes,13079,Common Nightingale,Luscinia megarhynchos,1,5340,"iNaturalist regional candidate only; review habitat fit, introduced status and game value before inclusion."
birds,103,yes,979813,Pygmy Cormorant,Microcarbo pygmaeus,1,5114,"iNaturalist regional candidate only; review habitat fit, introduced status and game value before inclusion."
birds,104,yes,4883,Pied Avocet,Recurvirostra avosetta,1,5098,"iNaturalist regional candidate only; review habitat fit, introduced status and game value before inclusion."
birds,105,yes,1580336,Little Ringed Plover,Thinornis dubius,1,5061,"iNaturalist regional candidate only; review habitat fit, introduced status and game value before inclusion."
birds,106,yes,41,Common Crane,Grus grus,1,5038,"iNaturalist regional candidate only; review habitat fit, introduced status and game value before inclusion."
birds,107,yes,7462,Short-toed Treecreeper,Certhia brachydactyla,1,4992,"iNaturalist regional candidate only; review habitat fit, introduced status and game value before inclusion."
birds,108,yes,1289604,European Shag,Gulosus aristotelis,1,4947,"iNaturalist regional candidate only; review habitat fit, introduced status and game value before inclusion."
birds,109,yes,144517,Mediterranean Gull,Ichthyaetus melanocephalus,1,4946,"iNaturalist regional candidate only; review habitat fit, introduced status and game value before inclusion."
birds,110,yes,5106,Eurasian Sparrowhawk,Accipiter nisus,1,4881,"iNaturalist regional candidate only; review habitat fit, introduced status and game value before inclusion."
birds,111,yes,12992,Common Redstart,Phoenicurus phoenicurus,1,4780,"iNaturalist regional candidate only; review habitat fit, introduced status and game value before inclusion."
birds,112,yes,2938,European Turtle-Dove,Streptopelia turtur,1,4780,"iNaturalist regional candidate only; review habitat fit, introduced status and game value before inclusion."
birds,113,yes,117097,Common Firecrest,Regulus ignicapilla,1,4766,"iNaturalist regional candidate only; review habitat fit, introduced status and game value before inclusion."
birds,114,yes,3901,Eurasian Whimbrel,Numenius phaeopus,1,4763,"iNaturalist regional candidate only; review habitat fit, introduced status and game value before inclusion."
birds,115,yes,4951,Purple Heron,Ardea purpurea,1,4511,"iNaturalist regional candidate only; review habitat fit, introduced status and game value before inclusion."
birds,116,yes,204545,Western Yellow Wagtail,Motacilla flava,1,4498,"iNaturalist regional candidate only; review habitat fit, introduced status and game value before inclusion."
birds,117,yes,13854,Spanish Sparrow,Passer hispaniolensis,1,4491,"iNaturalist regional candidate only; review habitat fit, introduced status and game value before inclusion."
birds,118,yes,144522,Audouin's Gull,Ichthyaetus audouinii,1,4487,"iNaturalist regional candidate only; review habitat fit, introduced status and game value before inclusion."
birds,119,yes,981,Ring-necked Pheasant,Phasianus colchicus,1,4425,"iNaturalist regional candidate only; review habitat fit, introduced status and game value before inclusion."
birds,120,yes,7122,Red-crested Pochard,Netta rufina,1,4417,"iNaturalist regional candidate only; review habitat fit, introduced status and game value before inclusion."
birds,121,yes,4450,Common Tern,Sterna hirundo,1,4222,"iNaturalist regional candidate only; review habitat fit, introduced status and game value before inclusion."
birds,122,yes,5325,European Honey-buzzard,Pernis apivorus,1,4181,"iNaturalist regional candidate only; review habitat fit, introduced status and game value before inclusion."
birds,123,yes,4892,Black-bellied Plover,Pluvialis squatarola,1,4173,"iNaturalist regional candidate only; review habitat fit, introduced status and game value before inclusion."
birds,124,yes,7359,Thekla's Lark,Galerida theklae,1,4131,"iNaturalist regional candidate only; review habitat fit, introduced status and game value before inclusion."
birds,125,yes,7018,Greylag Goose,Anser anser,1,4130,"iNaturalist regional candidate only; review habitat fit, introduced status and game value before inclusion."
birds,126,yes,144541,Sandwich Tern,Thalasseus sandvicensis,1,4122,"iNaturalist regional candidate only; review habitat fit, introduced status and game value before inclusion."
birds,127,yes,4994,Squacco Heron,Ardeola ralloides,1,4082,"iNaturalist regional candidate only; review habitat fit, introduced status and game value before inclusion."
birds,128,yes,144830,Crested Tit,Lophophanes cristatus,1,4052,"iNaturalist regional candidate only; review habitat fit, introduced status and game value before inclusion."
birds,129,yes,1584768,European Red-rumped Swallow,Cecropis rufula,1,4029,"iNaturalist regional candidate only; review habitat fit, introduced status and game value before inclusion."
birds,130,yes,9193,Rock Bunting,Emberiza cia,1,4003,"iNaturalist regional candidate only; review habitat fit, introduced status and game value before inclusion."
birds,131,yes,145303,Eurasian Siskin,Spinus spinus,1,3921,"iNaturalist regional candidate only; review habitat fit, introduced status and game value before inclusion."
birds,132,yes,13988,Dunnock,Prunella modularis,1,3881,"iNaturalist regional candidate only; review habitat fit, introduced status and game value before inclusion."
birds,133,yes,13141,Blue Rock-Thrush,Monticola solitarius,1,3793,"iNaturalist regional candidate only; review habitat fit, introduced status and game value before inclusion."
birds,134,yes,12735,Mistle Thrush,Turdus viscivorus,1,3741,"iNaturalist regional candidate only; review habitat fit, introduced status and game value before inclusion."
birds,135,yes,3739,African Sacred Ibis,Threskiornis aethiopicus,1,3611,"iNaturalist regional candidate only; review habitat fit, introduced status and game value before inclusion."
birds,136,yes,13770,Common Waxbill,Estrilda astrild,1,3579,"iNaturalist regional candidate only; review habitat fit, introduced status and game value before inclusion."
birds,137,yes,3885,Green Sandpiper,Tringa ochropus,1,3506,"iNaturalist regional candidate only; review habitat fit, introduced status and game value before inclusion."
birds,138,yes,144242,Iberian Green Woodpecker,Picus sharpei,1,3489,"iNaturalist regional candidate only; review habitat fit, introduced status and game value before inclusion."
birds,139,yes,3947,Black-tailed Godwit,Limosa limosa,1,3486,"iNaturalist regional candidate only; review habitat fit, introduced status and game value before inclusion."
birds,140,yes,318836,Common Snipe,Gallinago gallinago,1,3484,"iNaturalist regional candidate only; review habitat fit, introduced status and game value before inclusion."
birds,141,yes,12908,Whinchat,Saxicola rubetra,1,3477,"iNaturalist regional candidate only; review habitat fit, introduced status and game value before inclusion."
birds,142,yes,117055,Willow Warbler,Phylloscopus trochilus,1,3402,"iNaturalist regional candidate only; review habitat fit, introduced status and game value before inclusion."
birds,143,yes,3888,Wood Sandpiper,Tringa glareola,1,3398,"iNaturalist regional candidate only; review habitat fit, introduced status and game value before inclusion."
birds,144,yes,19898,Tawny Owl,Strix aluco,1,3365,"iNaturalist regional candidate only; review habitat fit, introduced status and game value before inclusion."
birds,145,yes,5074,Golden Eagle,Aquila chrysaetos,1,3351,"iNaturalist regional candidate only; review habitat fit, introduced status and game value before inclusion."
birds,146,yes,4647,Peregrine Falcon,Falco peregrinus,1,3337,"iNaturalist regional candidate only; review habitat fit, introduced status and game value before inclusion."
birds,147,yes,9246,Island Canary,Serinus canaria,1,3335,"iNaturalist regional candidate only; review habitat fit, introduced status and game value before inclusion."
birds,148,yes,906982,Iberian Grey Shrike,Lanius meridionalis,1,3326,"iNaturalist regional candidate only; review habitat fit, introduced status and game value before inclusion."
birds,149,yes,116999,Osprey,Pandion haliaetus,1,3252,"iNaturalist regional candidate only; review habitat fit, introduced status and game value before inclusion."
birds,150,yes,4205,Eared Grebe,Podiceps nigricollis,1,3175,"iNaturalist regional candidate only; review habitat fit, introduced status and game value before inclusion."
birds,151,yes,59845,Lesser Kestrel,Falco naumanni,1,3149,"iNaturalist regional candidate only; review habitat fit, introduced status and game value before inclusion."
birds,152,yes,339593,Ruff,Calidris pugnax,1,3144,"iNaturalist regional candidate only; review habitat fit, introduced status and game value before inclusion."
birds,153,yes,72516,Alpine Swift,Tachymarptis melba,1,3143,"iNaturalist regional candidate only; review habitat fit, introduced status and game value before inclusion."
birds,154,yes,1907,Common Cuckoo,Cuculus canorus,1,3121,"iNaturalist regional candidate only; review habitat fit, introduced status and game value before inclusion."
birds,155,yes,7363,Woodlark,Lullula arborea,1,3089,"iNaturalist regional candidate only; review habitat fit, introduced status and game value before inclusion."
birds,156,yes,20244,Eurasian Scops-Owl,Otus scops,1,3038,"iNaturalist regional candidate only; review habitat fit, introduced status and game value before inclusion."
birds,157,yes,7046,Tufted Duck,Aythya fuligula,1,3032,"iNaturalist regional candidate only; review habitat fit, introduced status and game value before inclusion."
birds,158,yes,7647,White-throated Dipper,Cinclus cinclus,1,3025,"iNaturalist regional candidate only; review habitat fit, introduced status and game value before inclusion."
birds,159,yes,8350,Yellow-billed Chough,Pyrrhocorax graculus,1,3019,"iNaturalist regional candidate only; review habitat fit, introduced status and game value before inclusion."
birds,160,yes,8349,Red-billed Chough,Pyrrhocorax pyrrhocorax,1,3012,"iNaturalist regional candidate only; review habitat fit, introduced status and game value before inclusion."
birds,161,yes,144243,Eurasian Green Woodpecker,Picus viridis,1,2913,"iNaturalist regional candidate only; review habitat fit, introduced status and game value before inclusion."
birds,162,yes,204556,Eurasian Golden Oriole,Oriolus oriolus,1,2891,"iNaturalist regional candidate only; review habitat fit, introduced status and game value before inclusion."
birds,163,yes,13713,Water Pipit,Anthus spinoletta,1,2868,"iNaturalist regional candidate only; review habitat fit, introduced status and game value before inclusion."
birds,164,yes,4736,Black Stork,Ciconia nigra,1,2818,"iNaturalist regional candidate only; review habitat fit, introduced status and game value before inclusion."
birds,165,yes,6643,Pallid Swift,Apus pallidus,1,2790,"iNaturalist regional candidate only; review habitat fit, introduced status and game value before inclusion."
birds,166,yes,7004,Common Merganser,Mergus merganser,1,2748,"iNaturalist regional candidate only; review habitat fit, introduced status and game value before inclusion."
birds,167,yes,4843,Eurasian Oystercatcher,Haematopus ostralegus,1,2690,"iNaturalist regional candidate only; review habitat fit, introduced status and game value before inclusion."
birds,168,yes,7068,Ruddy Shelduck,Tadorna ferruginea,1,2668,"iNaturalist regional candidate only; review habitat fit, introduced status and game value before inclusion."
birds,169,yes,116923,Melodious Warbler,Hippolais polyglotta,1,2661,"iNaturalist regional candidate only; review habitat fit, introduced status and game value before inclusion."
birds,170,yes,3896,Eurasian Curlew,Numenius arquata,1,2628,"iNaturalist regional candidate only; review habitat fit, introduced status and game value before inclusion."
birds,171,yes,793469,Goldcrest,Regulus regulus,1,2593,"iNaturalist regional candidate only; review habitat fit, introduced status and game value before inclusion."
birds,172,yes,116858,Cetti's Warbler,Cettia cetti,1,2582,"iNaturalist regional candidate only; review habitat fit, introduced status and game value before inclusion."
birds,173,yes,204455,Common Reed Warbler,Acrocephalus scirpaceus,1,2572,"iNaturalist regional candidate only; review habitat fit, introduced status and game value before inclusion."
birds,174,yes,475028,Western Swamphen,Porphyrio porphyrio,1,2525,"iNaturalist regional candidate only; review habitat fit, introduced status and game value before inclusion."
birds,175,yes,5081,Spanish Eagle,Aquila adalberti,1,2517,"iNaturalist regional candidate only; review habitat fit, introduced status and game value before inclusion."
birds,176,yes,5361,Egyptian Vulture,Neophron percnopterus,1,2505,"iNaturalist regional candidate only; review habitat fit, introduced status and game value before inclusion."
birds,177,yes,3017,Rock Pigeon,Columba livia,1,2500,"iNaturalist regional candidate only; review habitat fit, introduced status and game value before inclusion."
birds,178,yes,10411,Red Crossbill,Loxia curvirostra,1,2433,"iNaturalist regional candidate only; review habitat fit, introduced status and game value before inclusion."
birds,179,yes,9201,Reed Bunting,Emberiza schoeniclus,1,2410,"iNaturalist regional candidate only; review habitat fit, introduced status and game value before inclusion."
birds,180,yes,13738,Berthelot's Pipit,Anthus berthelotii,1,2400,"iNaturalist regional candidate only; review habitat fit, introduced status and game value before inclusion."
birds,181,yes,3802,Northern Gannet,Morus bassanus,1,2384,"iNaturalist regional candidate only; review habitat fit, introduced status and game value before inclusion."
birds,182,yes,5167,Montagu's Harrier,Circus pygargus,1,2327,"iNaturalist regional candidate only; review habitat fit, introduced status and game value before inclusion."
birds,183,yes,144501,Slender-billed Gull,Chroicocephalus genei,1,2283,"iNaturalist regional candidate only; review habitat fit, introduced status and game value before inclusion."
birds,184,yes,20307,Long-eared Owl,Asio otus,1,2189,"iNaturalist regional candidate only; review habitat fit, introduced status and game value before inclusion."
birds,185,yes,9801,Hawfinch,Coccothraustes coccothraustes,1,2140,"iNaturalist regional candidate only; review habitat fit, introduced status and game value before inclusion."
birds,186,yes,13711,Tree Pipit,Anthus trivialis,1,2124,"iNaturalist regional candidate only; review habitat fit, introduced status and game value before inclusion."
birds,187,yes,144529,Little Tern,Sternula albifrons,1,2124,"iNaturalist regional candidate only; review habitat fit, introduced status and game value before inclusion."
birds,188,yes,1504818,Madeiran Chaffinch,Fringilla maderensis,1,2085,"iNaturalist regional candidate only; review habitat fit, introduced status and game value before inclusion."
birds,189,yes,3838,Little Stint,Calidris minuta,1,2047,"iNaturalist regional candidate only; review habitat fit, introduced status and game value before inclusion."
birds,190,yes,558441,Eurasian Wigeon,Mareca penelope,1,1922,"iNaturalist regional candidate only; review habitat fit, introduced status and game value before inclusion."
birds,191,yes,1289470,Greater Whitethroat,Curruca communis,1,1906,"iNaturalist regional candidate only; review habitat fit, introduced status and game value before inclusion."
birds,192,yes,144809,Marsh Tit,Poecile palustris,1,1894,"iNaturalist regional candidate only; review habitat fit, introduced status and game value before inclusion."
birds,193,yes,1578961,Little Bittern,Botaurus minutus,1,1873,"iNaturalist regional candidate only; review habitat fit, introduced status and game value before inclusion."
birds,194,yes,2266,European Roller,Coracias garrulus,1,1853,"iNaturalist regional candidate only; review habitat fit, introduced status and game value before inclusion."
birds,195,yes,14076,Rock Sparrow,Petronia petronia,1,1821,"iNaturalist regional candidate only; review habitat fit, introduced status and game value before inclusion."
birds,196,yes,7055,Ferruginous Duck,Aythya nyroca,1,1803,"iNaturalist regional candidate only; review habitat fit, introduced status and game value before inclusion."
birds,197,yes,7081,White-headed Duck,Oxyura leucocephala,1,1794,"iNaturalist regional candidate only; review habitat fit, introduced status and game value before inclusion."
birds,198,yes,1289471,Western Subalpine Warbler,Curruca iberiae,1,1791,"iNaturalist regional candidate only; review habitat fit, introduced status and game value before inclusion."
birds,199,yes,3882,Spotted Redshank,Tringa erythropus,1,1763,"iNaturalist regional candidate only; review habitat fit, introduced status and game value before inclusion."
birds,200,yes,320711,Cory's Shearwater,Calonectris borealis,1,1758,"iNaturalist regional candidate only; review habitat fit, introduced status and game value before inclusion."
birds,201,yes,4643,Eurasian Hobby,Falco subbuteo,1,1745,"iNaturalist regional candidate only; review habitat fit, introduced status and game value before inclusion."
birds,202,yes,1504817,Azores Chaffinch,Fringilla moreletti,1,1740,"iNaturalist regional candidate only; review habitat fit, introduced status and game value before inclusion."
birds,203,yes,6933,Northern Pintail,Anas acuta,1,1736,"iNaturalist regional candidate only; review habitat fit, introduced status and game value before inclusion."
birds,204,yes,7347,Eurasian Skylark,Alauda arvensis,1,1732,"iNaturalist regional candidate only; review habitat fit, introduced status and game value before inclusion."
birds,205,yes,13996,Alpine Accentor,Prunella collaris,1,1723,"iNaturalist regional candidate only; review habitat fit, introduced status and game value before inclusion."
birds,206,yes,4333,Dalmatian Pelican,Pelecanus crispus,1,1720,"iNaturalist regional candidate only; review habitat fit, introduced status and game value before inclusion."
birds,207,yes,62148,Whiskered Tern,Chlidonias hybrida,1,1705,"iNaturalist regional candidate only; review habitat fit, introduced status and game value before inclusion."
birds,208,yes,513926,Water Rail,Rallus aquaticus,1,1705,"iNaturalist regional candidate only; review habitat fit, introduced status and game value before inclusion."
birds,209,yes,4923,Eurasian Stone-curlew,Burhinus oedicnemus,1,1647,"iNaturalist regional candidate only; review habitat fit, introduced status and game value before inclusion."
birds,210,yes,3863,Curlew Sandpiper,Calidris ferruginea,1,1619,"iNaturalist regional candidate only; review habitat fit, introduced status and game value before inclusion."
birds,211,yes,7106,Mandarin Duck,Aix galericulata,1,1613,"iNaturalist regional candidate only; review habitat fit, introduced status and game value before inclusion."
birds,212,yes,1787,Great Spotted Cuckoo,Clamator glandarius,1,1610,"iNaturalist regional candidate only; review habitat fit, introduced status and game value before inclusion."
birds,213,yes,204456,Great Reed Warbler,Acrocephalus arundinaceus,1,1581,"iNaturalist regional candidate only; review habitat fit, introduced status and game value before inclusion."
birds,214,yes,17835,Black Woodpecker,Dryocopus martius,1,1574,"iNaturalist regional candidate only; review habitat fit, introduced status and game value before inclusion."
birds,215,yes,77,Great Bustard,Otis tarda,1,1569,"iNaturalist regional candidate only; review habitat fit, introduced status and game value before inclusion."
birds,216,yes,1579015,Eurasian Goshawk,Astur gentilis,1,1539,"iNaturalist regional candidate only; review habitat fit, introduced status and game value before inclusion."
birds,217,yes,10069,Brambling,Fringilla montifringilla,1,1512,"iNaturalist regional candidate only; review habitat fit, introduced status and game value before inclusion."
birds,218,yes,558429,Garganey,Spatula querquedula,1,1511,"iNaturalist regional candidate only; review habitat fit, introduced status and game value before inclusion."
birds,219,yes,1289467,Dartford Warbler,Curruca undata,1,1505,"iNaturalist regional candidate only; review habitat fit, introduced status and game value before inclusion."
birds,220,yes,117007,Western Bonelli's Warbler,Phylloscopus bonelli,1,1501,"iNaturalist regional candidate only; review habitat fit, introduced status and game value before inclusion."
birds,221,yes,4504,Atlantic Puffin,Fratercula arctica,1,1481,"iNaturalist regional candidate only; review habitat fit, introduced status and game value before inclusion."
birds,222,yes,9462,Eurasian Bullfinch,Pyrrhula pyrrhula,1,1478,"iNaturalist regional candidate only; review habitat fit, introduced status and game value before inclusion."
birds,223,yes,18448,Eurasian Wryneck,Jynx torquilla,1,1471,"iNaturalist regional candidate only; review habitat fit, introduced status and game value before inclusion."
birds,224,yes,11941,Bank Swallow,Riparia riparia,1,1454,"iNaturalist regional candidate only; review habitat fit, introduced status and game value before inclusion."
birds,225,yes,117011,Canary Islands Chiffchaff,Phylloscopus canariensis,1,1420,"iNaturalist regional candidate only; review habitat fit, introduced status and game value before inclusion."
birds,226,yes,1204,Indian Peafowl,Pavo cristatus,1,1409,"iNaturalist regional candidate only; review habitat fit, introduced status and game value before inclusion."
birds,227,yes,12707,Fieldfare,Turdus pilaris,1,1372,"iNaturalist regional candidate only; review habitat fit, introduced status and game value before inclusion."
birds,228,yes,4356,Common Gull,Larus canus,1,1371,"iNaturalist regional candidate only; review habitat fit, introduced status and game value before inclusion."
birds,229,yes,4889,European Golden-Plover,Pluvialis apricaria,1,1328,"iNaturalist regional candidate only; review habitat fit, introduced status and game value before inclusion."
birds,230,yes,7139,Marbled Duck,Marmaronetta angustirostris,1,1309,"iNaturalist regional candidate only; review habitat fit, introduced status and game value before inclusion."
birds,231,yes,3951,Bar-tailed Godwit,Limosa lapponica,1,1296,"iNaturalist regional candidate only; review habitat fit, introduced status and game value before inclusion."
birds,232,yes,20445,Western Barn Owl,Tyto alba,1,1294,"iNaturalist regional candidate only; review habitat fit, introduced status and game value before inclusion."
birds,233,yes,12838,Black Wheatear,Oenanthe leucura,1,1282,"iNaturalist regional candidate only; review habitat fit, introduced status and game value before inclusion."
birds,234,yes,20059,Eurasian Eagle-Owl,Bubo bubo,1,1276,"iNaturalist regional candidate only; review habitat fit, introduced status and game value before inclusion."
birds,235,yes,13712,Tawny Pipit,Anthus campestris,1,1254,"iNaturalist regional candidate only; review habitat fit, introduced status and game value before inclusion."
birds,236,yes,559064,Hen Harrier,Circus cyaneus,1,1247,"iNaturalist regional candidate only; review habitat fit, introduced status and game value before inclusion."
birds,237,yes,13676,Eurasian Penduline-Tit,Remiz pendulinus,1,1227,"iNaturalist regional candidate only; review habitat fit, introduced status and game value before inclusion."
birds,238,yes,9195,Yellowhammer,Emberiza citrinella,1,1194,"iNaturalist regional candidate only; review habitat fit, introduced status and game value before inclusion."
birds,239,yes,13071,Bluethroat,Luscinia svecica,1,1187,"iNaturalist regional candidate only; review habitat fit, introduced status and game value before inclusion."
birds,240,yes,19410,Eurasian Nightjar,Caprimulgus europaeus,1,1186,"iNaturalist regional candidate only; review habitat fit, introduced status and game value before inclusion."
birds,241,yes,792977,Lesser Spotted Woodpecker,Dryobates minor,1,1171,"iNaturalist regional candidate only; review habitat fit, introduced status and game value before inclusion."
birds,242,yes,4604,Collared Pratincole,Glareola pratincola,1,1153,"iNaturalist regional candidate only; review habitat fit, introduced status and game value before inclusion."
birds,243,yes,144536,Gull-billed Tern,Gelochelidon nilotica,1,1132,"iNaturalist regional candidate only; review habitat fit, introduced status and game value before inclusion."
birds,244,yes,12825,Western Black-eared Wheatear,Oenanthe hispanica,1,1129,"iNaturalist regional candidate only; review habitat fit, introduced status and game value before inclusion."
birds,245,yes,132,Little Bustard,Tetrax tetrax,1,1127,"iNaturalist regional candidate only; review habitat fit, introduced status and game value before inclusion."
birds,246,yes,5275,Black-winged Kite,Elanus caeruleus,1,1093,"iNaturalist regional candidate only; review habitat fit, introduced status and game value before inclusion."
birds,247,yes,5379,Bearded Vulture,Gypaetus barbatus,1,1059,"iNaturalist regional candidate only; review habitat fit, introduced status and game value before inclusion."
birds,248,yes,204552,Northern Nutcracker,Nucifraga caryocatactes,1,1059,"iNaturalist regional candidate only; review habitat fit, introduced status and game value before inclusion."
birds,249,yes,1286971,Eastern Black-eared Wheatear,Oenanthe melanoleuca,1,1055,"iNaturalist regional candidate only; review habitat fit, introduced status and game value before inclusion."
birds,250,yes,487,Red-knobbed Coot,Fulica cristata,1,1052,"iNaturalist regional candidate only; review habitat fit, introduced status and game value before inclusion."
birds,251,yes,144537,Caspian Tern,Hydroprogne caspia,1,1029,"iNaturalist regional candidate only; review habitat fit, introduced status and game value before inclusion."
birds,252,yes,559070,Great Gray Shrike,Lanius excubitor,1,1018,"iNaturalist regional candidate only; review habitat fit, introduced status and game value before inclusion."
birds,253,yes,3753,Northern Bald Ibis,Geronticus eremita,1,976,"iNaturalist regional candidate only; review habitat fit, introduced status and game value before inclusion."
birds,254,yes,204544,White-winged Snowfinch,Montifringilla nivalis,1,958,"iNaturalist regional candidate only; review habitat fit, introduced status and game value before inclusion."
birds,255,yes,7367,Calandra Lark,Melanocorypha calandra,1,947,"iNaturalist regional candidate only; review habitat fit, introduced status and game value before inclusion."
birds,256,yes,4671,Eleonora's Falcon,Falco eleonorae,1,941,"iNaturalist regional candidate only; review habitat fit, introduced status and game value before inclusion."
birds,257,yes,117027,Iberian Chiffchaff,Phylloscopus ibericus,1,932,"iNaturalist regional candidate only; review habitat fit, introduced status and game value before inclusion."
birds,258,yes,15302,Garden Warbler,Sylvia borin,1,919,"iNaturalist regional candidate only; review habitat fit, introduced status and game value before inclusion."
birds,259,yes,4368,Great Black-backed Gull,Larus marinus,1,894,"iNaturalist regional candidate only; review habitat fit, introduced status and game value before inclusion."
birds,260,yes,578093,Greater Short-toed Lark,Calandrella brachydactyla,1,882,"iNaturalist regional candidate only; review habitat fit, introduced status and game value before inclusion."
birds,261,yes,12749,Redwing,Turdus iliacus,1,868,"iNaturalist regional candidate only; review habitat fit, introduced status and game value before inclusion."
birds,262,yes,117048,Wood Warbler,Phylloscopus sibilatrix,1,867,"iNaturalist regional candidate only; review habitat fit, introduced status and game value before inclusion."
birds,263,yes,144467,Bonelli's Eagle,Aquila fasciata,1,854,"iNaturalist regional candidate only; review habitat fit, introduced status and game value before inclusion."
birds,264,yes,1289697,Black Grouse,Lyrurus tetrix,1,841,"iNaturalist regional candidate only; review habitat fit, introduced status and game value before inclusion."
birds,265,yes,117078,Pin-tailed Sandgrouse,Pterocles alchata,1,824,"iNaturalist regional candidate only; review habitat fit, introduced status and game value before inclusion."
birds,266,yes,1289200,Eastern Subalpine Warbler,Curruca cantillans,1,785,"iNaturalist regional candidate only; review habitat fit, introduced status and game value before inclusion."
birds,267,yes,6914,Black Swan,Cygnus atratus,1,774,"iNaturalist regional candidate only; review habitat fit, introduced status and game value before inclusion."
birds,268,yes,846,Chukar,Alectoris chukar,1,773,"iNaturalist regional candidate only; review habitat fit, introduced status and game value before inclusion."
birds,269,yes,4641,Red-footed Falcon,Falco vespertinus,1,768,"iNaturalist regional candidate only; review habitat fit, introduced status and game value before inclusion."
birds,270,yes,12740,Ring Ouzel,Turdus torquatus,1,767,"iNaturalist regional candidate only; review habitat fit, introduced status and game value before inclusion."
birds,271,yes,14872,Crested Myna,Acridotheres cristatellus,1,757,"iNaturalist regional candidate only; review habitat fit, introduced status and game value before inclusion."
birds,272,yes,3033,Stock Dove,Columba oenas,1,757,"iNaturalist regional candidate only; review habitat fit, introduced status and game value before inclusion."
birds,273,yes,13140,Rufous-tailed Rock-Thrush,Monticola saxatilis,1,752,"iNaturalist regional candidate only; review habitat fit, introduced status and game value before inclusion."
birds,274,yes,979721,Tenerife Blue Chaffinch,Fringilla teydea,1,730,"iNaturalist regional candidate only; review habitat fit, introduced status and game value before inclusion."
birds,275,yes,13974,Yellow-crowned Bishop,Euplectes afer,1,724,"iNaturalist regional candidate only; review habitat fit, introduced status and game value before inclusion."
birds,276,yes,509656,Scopoli's Shearwater,Calonectris diomedea,1,720,"iNaturalist regional candidate only; review habitat fit, introduced status and game value before inclusion."
birds,277,yes,19482,Red-necked Nightjar,Caprimulgus ruficollis,1,716,"iNaturalist regional candidate only; review habitat fit, introduced status and game value before inclusion."
birds,278,yes,116804,Sedge Warbler,Acrocephalus schoenobaenus,1,709,"iNaturalist regional candidate only; review habitat fit, introduced status and game value before inclusion."
birds,279,yes,4501,Razorbill,Alca torda,1,707,"iNaturalist regional candidate only; review habitat fit, introduced status and game value before inclusion."
birds,280,yes,4512,Black Tern,Chlidonias niger,1,693,"iNaturalist regional candidate only; review habitat fit, introduced status and game value before inclusion."
birds,281,yes,1455922,Laughing Dove,Spilopelia senegalensis,1,654,"iNaturalist regional candidate only; review habitat fit, introduced status and game value before inclusion."
birds,282,yes,144512,Little Gull,Hydrocoloeus minutus,1,649,"iNaturalist regional candidate only; review habitat fit, introduced status and game value before inclusion."
birds,283,yes,1504816,Canary Islands Chaffinch,Fringilla canariensis,1,618,"iNaturalist regional candidate only; review habitat fit, introduced status and game value before inclusion."
birds,284,yes,13793,Black-headed Weaver,Ploceus melanocephalus,1,608,"iNaturalist regional candidate only; review habitat fit, introduced status and game value before inclusion."
birds,285,yes,804,Common Quail,Coturnix coturnix,1,605,"iNaturalist regional candidate only; review habitat fit, introduced status and game value before inclusion."
birds,286,yes,7450,Eurasian Treecreeper,Certhia familiaris,1,599,"iNaturalist regional candidate only; review habitat fit, introduced status and game value before inclusion."
birds,287,yes,6996,Red-breasted Merganser,Mergus serrator,1,573,"iNaturalist regional candidate only; review habitat fit, introduced status and game value before inclusion."
birds,288,yes,6642,Plain Swift,Apus unicolor,1,560,"iNaturalist regional candidate only; review habitat fit, introduced status and game value before inclusion."
birds,289,yes,3845,Red Knot,Calidris canutus,1,555,"iNaturalist regional candidate only; review habitat fit, introduced status and game value before inclusion."
birds,290,yes,367564,Blue-crowned Parakeet,Thectocercus acuticaudatus,1,549,"iNaturalist regional candidate only; review habitat fit, introduced status and game value before inclusion."
birds,291,yes,4389,Caspian Gull,Larus cachinnans,1,547,"iNaturalist regional candidate only; review habitat fit, introduced status and game value before inclusion."
birds,292,yes,1289480,Western Orphean Warbler,Curruca hortensis,1,542,"iNaturalist regional candidate only; review habitat fit, introduced status and game value before inclusion."
birds,293,yes,144812,Willow Tit,Poecile montanus,1,542,"iNaturalist regional candidate only; review habitat fit, introduced status and game value before inclusion."
birds,294,yes,8029,Rook,Corvus frugilegus,1,536,"iNaturalist regional candidate only; review habitat fit, introduced status and game value before inclusion."
birds,295,yes,1289469,Spectacled Warbler,Curruca conspicillata,1,529,"iNaturalist regional candidate only; review habitat fit, introduced status and game value before inclusion."
birds,296,yes,9196,Ortolan Bunting,Emberiza hortulana,1,522,"iNaturalist regional candidate only; review habitat fit, introduced status and game value before inclusion."
birds,297,yes,4327,Great White Pelican,Pelecanus onocrotalus,1,516,"iNaturalist regional candidate only; review habitat fit, introduced status and game value before inclusion."
birds,298,yes,1289484,Lesser Whitethroat,Curruca curruca,1,510,"iNaturalist regional candidate only; review habitat fit, introduced status and game value before inclusion."
birds,299,yes,204533,European Herring Gull,Larus argentatus,1,510,"iNaturalist regional candidate only; review habitat fit, introduced status and game value before inclusion."
birds,300,yes,871,Barbary Partridge,Alectoris barbara,1,505,"iNaturalist regional candidate only; review habitat fit, introduced status and game value before inclusion."
birds,301,yes,546379,Mediterranean Short-toed Lark,Alaudala rufescens,1,480,"iNaturalist regional candidate only; review habitat fit, introduced status and game value before inclusion."
birds,302,yes,117088,Black-bellied Sandgrouse,Pterocles orientalis,1,479,"iNaturalist regional candidate only; review habitat fit, introduced status and game value before inclusion."
birds,303,yes,863,Rock Partridge,Alectoris graeca,1,464,"iNaturalist regional candidate only; review habitat fit, introduced status and game value before inclusion."
birds,304,yes,7107,Wood Duck,Aix sponsa,1,463,"iNaturalist regional candidate only; review habitat fit, introduced status and game value before inclusion."
birds,305,yes,14811,Western Rock Nuthatch,Sitta neumayer,1,454,"iNaturalist regional candidate only; review habitat fit, introduced status and game value before inclusion."
birds,306,yes,14840,Wallcreeper,Tichodroma muraria,1,454,"iNaturalist regional candidate only; review habitat fit, introduced status and game value before inclusion."
birds,307,yes,20315,Short-eared Owl,Asio flammeus,1,434,"iNaturalist regional candidate only; review habitat fit, introduced status and game value before inclusion."
birds,308,yes,5033,Eurasian Bittern,Botaurus stellaris,1,432,"iNaturalist regional candidate only; review habitat fit, introduced status and game value before inclusion."
birds,309,yes,116802,Marsh Warbler,Acrocephalus palustris,1,424,"iNaturalist regional candidate only; review habitat fit, introduced status and game value before inclusion."
birds,310,yes,3931,Eurasian Woodcock,Scolopax rusticola,1,422,"iNaturalist regional candidate only; review habitat fit, introduced status and game value before inclusion."
birds,311,yes,827402,Madeira Firecrest,Regulus madeirensis,1,420,"iNaturalist regional candidate only; review habitat fit, introduced status and game value before inclusion."
birds,312,yes,144850,African Blue Tit,Cyanistes teneriffae,1,412,"iNaturalist regional candidate only; review habitat fit, introduced status and game value before inclusion."
birds,313,yes,13133,Collared Flycatcher,Ficedula albicollis,1,411,"iNaturalist regional candidate only; review habitat fit, introduced status and game value before inclusion."
birds,314,yes,5309,White-tailed Eagle,Haliaeetus albicilla,1,386,"iNaturalist regional candidate only; review habitat fit, introduced status and game value before inclusion."
birds,315,yes,7019,Greater White-fronted Goose,Anser albifrons,1,381,"iNaturalist regional candidate only; review habitat fit, introduced status and game value before inclusion."
birds,316,yes,949,Rock Ptarmigan,Lagopus muta,1,380,"iNaturalist regional candidate only; review habitat fit, introduced status and game value before inclusion."
birds,317,yes,4672,Merlin,Falco columbarius,1,376,"iNaturalist regional candidate only; review habitat fit, introduced status and game value before inclusion."
birds,318,yes,178,Spotted Crake,Porzana porzana,1,375,"iNaturalist regional candidate only; review habitat fit, introduced status and game value before inclusion."
birds,319,yes,4866,Spur-winged Lapwing,Vanellus spinosus,1,373,"iNaturalist regional candidate only; review habitat fit, introduced status and game value before inclusion."
birds,320,yes,15560,Red-billed Leiothrix,Leiothrix lutea,1,368,"iNaturalist regional candidate only; review habitat fit, introduced status and game value before inclusion."
birds,321,yes,3837,Temminck's Stint,Calidris temminckii,1,366,"iNaturalist regional candidate only; review habitat fit, introduced status and game value before inclusion."
birds,322,yes,9237,Citril Finch,Carduelis citrinella,1,361,"iNaturalist regional candidate only; review habitat fit, introduced status and game value before inclusion."
birds,323,yes,73315,Balearic Shearwater,Puffinus mauretanicus,1,353,"iNaturalist regional candidate only; review habitat fit, introduced status and game value before inclusion."
birds,324,yes,4626,Common Loon,Gavia immer,1,341,"iNaturalist regional candidate only; review habitat fit, introduced status and game value before inclusion."
birds,325,yes,4623,Arctic Loon,Gavia arctica,1,339,"iNaturalist regional candidate only; review habitat fit, introduced status and game value before inclusion."
birds,326,yes,367571,Mitred Parakeet,Psittacara mitratus,1,339,"iNaturalist regional candidate only; review habitat fit, introduced status and game value before inclusion."
birds,327,yes,7089,Canada Goose,Branta canadensis,1,335,"iNaturalist regional candidate only; review habitat fit, introduced status and game value before inclusion."
birds,328,yes,12054,Lesser Grey Shrike,Lanius minor,1,331,"iNaturalist regional candidate only; review habitat fit, introduced status and game value before inclusion."
birds,329,yes,9203,Black-headed Bunting,Emberiza melanocephala,1,328,"iNaturalist regional candidate only; review habitat fit, introduced status and game value before inclusion."
birds,330,yes,144221,Common Scoter,Melanitta nigra,1,328,"iNaturalist regional candidate only; review habitat fit, introduced status and game value before inclusion."
birds,331,yes,6612,Little Swift,Apus affinis,1,317,"iNaturalist regional candidate only; review habitat fit, introduced status and game value before inclusion."
birds,332,yes,5192,Long-legged Buzzard,Buteo rufinus,1,316,"iNaturalist regional candidate only; review habitat fit, introduced status and game value before inclusion."
birds,333,yes,72572,Trumpeter Finch,Bucanetes githagineus,1,314,"iNaturalist regional candidate only; review habitat fit, introduced status and game value before inclusion."
birds,334,yes,831,Gray Partridge,Perdix perdix,1,314,"iNaturalist regional candidate only; review habitat fit, introduced status and game value before inclusion."
birds,335,yes,792985,Middle Spotted Woodpecker,Dendrocoptes medius,1,313,"iNaturalist regional candidate only; review habitat fit, introduced status and game value before inclusion."
birds,336,yes,4788,Eurasian Dotterel,Eudromias morinellus,1,308,"iNaturalist regional candidate only; review habitat fit, introduced status and game value before inclusion."
birds,337,yes,4109,Yelkouan Shearwater,Puffinus yelkouan,1,301,"iNaturalist regional candidate only; review habitat fit, introduced status and game value before inclusion."
birds,338,yes,7117,Upland Goose,Chloephaga picta,1,300,"iNaturalist regional candidate only; review habitat fit, introduced status and game value before inclusion."
birds,339,yes,3856,Purple Sandpiper,Calidris maritima,1,285,"iNaturalist regional candidate only; review habitat fit, introduced status and game value before inclusion."
birds,340,yes,508919,Little Crake,Zapornia parva,1,275,"iNaturalist regional candidate only; review habitat fit, introduced status and game value before inclusion."
birds,341,yes,201180,Eastern Olivaceous Warbler,Iduna pallida,1,272,"iNaturalist regional candidate only; review habitat fit, introduced status and game value before inclusion."
birds,342,yes,7101,Barnacle Goose,Branta leucopsis,1,266,"iNaturalist regional candidate only; review habitat fit, introduced status and game value before inclusion."
birds,343,yes,7024,Common Eider,Somateria mollissima,1,262,"iNaturalist regional candidate only; review habitat fit, introduced status and game value before inclusion."
birds,344,yes,12913,Fuerteventura Stonechat,Saxicola dacotiae,1,259,"iNaturalist regional candidate only; review habitat fit, introduced status and game value before inclusion."
birds,345,yes,4494,Black-legged Kittiwake,Rissa tridactyla,1,245,"iNaturalist regional candidate only; review habitat fit, introduced status and game value before inclusion."
birds,346,yes,3881,Marsh Sandpiper,Tringa stagnatilis,1,244,"iNaturalist regional candidate only; review habitat fit, introduced status and game value before inclusion."
birds,347,yes,7044,Ring-necked Duck,Aythya collaris,1,238,"iNaturalist regional candidate only; review habitat fit, introduced status and game value before inclusion."
birds,348,yes,7047,Greater Scaup,Aythya marila,1,237,"iNaturalist regional candidate only; review habitat fit, introduced status and game value before inclusion."
birds,349,yes,12834,Cyprus Wheatear,Oenanthe cypriaca,1,237,"iNaturalist regional candidate only; review habitat fit, introduced status and game value before inclusion."
birds,350,yes,4627,Red-throated Loon,Gavia stellata,1,235,"iNaturalist regional candidate only; review habitat fit, introduced status and game value before inclusion."
birds,351,yes,13721,Red-throated Pipit,Anthus cervinus,1,234,"iNaturalist regional candidate only; review habitat fit, introduced status and game value before inclusion."
birds,352,yes,6990,Common Goldeneye,Bucephala clangula,1,234,"iNaturalist regional candidate only; review habitat fit, introduced status and game value before inclusion."
birds,353,yes,3055,Bolle's Pigeon,Columba bollii,1,233,"iNaturalist regional candidate only; review habitat fit, introduced status and game value before inclusion."
birds,354,yes,17867,Syrian Woodpecker,Dendrocopos syriacus,1,232,"iNaturalist regional candidate only; review habitat fit, introduced status and game value before inclusion."
birds,355,yes,116799,Moustached Warbler,Acrocephalus melanopogon,1,225,"iNaturalist regional candidate only; review habitat fit, introduced status and game value before inclusion."
birds,356,yes,7008,Bar-headed Goose,Anser indicus,1,225,"iNaturalist regional candidate only; review habitat fit, introduced status and game value before inclusion."
birds,357,yes,201035,Greater Spotted Eagle,Clanga clanga,1,225,"iNaturalist regional candidate only; review habitat fit, introduced status and game value before inclusion."
birds,358,yes,3054,Trocaz Pigeon,Columba trocaz,1,215,"iNaturalist regional candidate only; review habitat fit, introduced status and game value before inclusion."
birds,359,yes,12023,Masked Shrike,Lanius nubicus,1,211,"iNaturalist regional candidate only; review habitat fit, introduced status and game value before inclusion."
birds,360,yes,4514,White-winged Tern,Chlidonias leucopterus,1,210,"iNaturalist regional candidate only; review habitat fit, introduced status and game value before inclusion."
birds,361,no,4364,Ring-billed Gull,Larus delawarensis,1,209,"iNaturalist regional candidate only; review habitat fit, introduced status and game value before inclusion."
birds,362,no,1026,Western Capercaillie,Tetrao urogallus,1,203,"iNaturalist regional candidate only; review habitat fit, introduced status and game value before inclusion."
birds,363,no,145026,Rufous-tailed Scrub-Robin,Cercotrichas galactotes,1,199,"iNaturalist regional candidate only; review habitat fit, introduced status and game value before inclusion."
birds,364,no,3911,Jack Snipe,Lymnocryptes minimus,1,193,"iNaturalist regional candidate only; review habitat fit, introduced status and game value before inclusion."
birds,365,no,9211,Cretzschmar's Bunting,Emberiza caesia,1,188,"iNaturalist regional candidate only; review habitat fit, introduced status and game value before inclusion."
birds,366,no,4209,Horned Grebe,Podiceps auritus,1,186,"iNaturalist regional candidate only; review habitat fit, introduced status and game value before inclusion."
birds,367,no,4170,European Storm-Petrel,Hydrobates pelagicus,1,182,"iNaturalist regional candidate only; review habitat fit, introduced status and game value before inclusion."
birds,368,no,117059,Snow Bunting,Plectrophenax nivalis,1,182,"iNaturalist regional candidate only; review habitat fit, introduced status and game value before inclusion."
birds,369,no,14591,Red-whiskered Bulbul,Pycnonotus jocosus,1,182,"iNaturalist regional candidate only; review habitat fit, introduced status and game value before inclusion."
birds,370,no,116918,Icterine Warbler,Hippolais icterina,1,180,"iNaturalist regional candidate only; review habitat fit, introduced status and game value before inclusion."
birds,371,no,201181,Western Olivaceous Warbler,Iduna opaca,1,178,"iNaturalist regional candidate only; review habitat fit, introduced status and game value before inclusion."
birds,372,no,116940,Savi's Warbler,Locustella luscinioides,1,178,"iNaturalist regional candidate only; review habitat fit, introduced status and game value before inclusion."
birds,373,no,3743,Hadada Ibis,Bostrychia hagedash,1,177,"iNaturalist regional candidate only; review habitat fit, introduced status and game value before inclusion."
birds,374,no,1289201,Moltoni's Warbler,Curruca subalpina,1,175,"iNaturalist regional candidate only; review habitat fit, introduced status and game value before inclusion."
birds,375,no,73203,Red Phalarope,Phalaropus fulicarius,1,175,"iNaturalist regional candidate only; review habitat fit, introduced status and game value before inclusion."
birds,376,no,117000,Bearded Reedling,Panurus biarmicus,1,171,"iNaturalist regional candidate only; review habitat fit, introduced status and game value before inclusion."
birds,377,no,117028,Yellow-browed Warbler,Phylloscopus inornatus,1,170,"iNaturalist regional candidate only; review habitat fit, introduced status and game value before inclusion."
birds,378,no,367572,Red-masked Parakeet,Psittacara erythrogenys,1,170,"iNaturalist regional candidate only; review habitat fit, introduced status and game value before inclusion."
birds,379,no,4489,Parasitic Jaeger,Stercorarius parasiticus,1,169,"iNaturalist regional candidate only; review habitat fit, introduced status and game value before inclusion."
birds,380,no,5178,Pallid Harrier,Circus macrourus,1,164,"iNaturalist regional candidate only; review habitat fit, introduced status and game value before inclusion."
birds,381,no,1581937,Levant Sparrowhawk,Tachyspiza brevipes,1,163,"iNaturalist regional candidate only; review habitat fit, introduced status and game value before inclusion."
birds,382,no,4519,Common Murre,Uria aalge,1,163,"iNaturalist regional candidate only; review habitat fit, introduced status and game value before inclusion."
birds,383,no,12837,Isabelline Wheatear,Oenanthe isabellina,1,159,"iNaturalist regional candidate only; review habitat fit, introduced status and game value before inclusion."
birds,384,no,18301,Grey-headed Woodpecker,Picus canus,1,156,"iNaturalist regional candidate only; review habitat fit, introduced status and game value before inclusion."
birds,385,no,4224,Red-necked Grebe,Podiceps grisegena,1,154,"iNaturalist regional candidate only; review habitat fit, introduced status and game value before inclusion."
birds,386,no,2966,African Collared-Dove,Streptopelia roseogrisea,1,151,"iNaturalist regional candidate only; review habitat fit, introduced status and game value before inclusion."
birds,387,no,3893,Lesser Yellowlegs,Tringa flavipes,1,147,"iNaturalist regional candidate only; review habitat fit, introduced status and game value before inclusion."
birds,388,no,116941,Common Grasshopper Warbler,Locustella naevia,1,143,"iNaturalist regional candidate only; review habitat fit, introduced status and game value before inclusion."
birds,389,no,7188,Ringed Teal,Callonetta leucophrys,1,142,"iNaturalist regional candidate only; review habitat fit, introduced status and game value before inclusion."
birds,390,no,7120,Muscovy Duck,Cairina moschata,1,141,"iNaturalist regional candidate only; review habitat fit, introduced status and game value before inclusion."
birds,391,no,145108,Rosy Starling,Pastor roseus,1,141,"iNaturalist regional candidate only; review habitat fit, introduced status and game value before inclusion."
birds,392,no,850858,Velvet Scoter,Melanitta fusca,1,140,"iNaturalist regional candidate only; review habitat fit, introduced status and game value before inclusion."
birds,393,no,7170,Long-tailed Duck,Clangula hyemalis,1,136,"iNaturalist regional candidate only; review habitat fit, introduced status and game value before inclusion."
birds,394,no,17669,Eurasian Three-toed Woodpecker,Picoides tridactylus,1,131,"iNaturalist regional candidate only; review habitat fit, introduced status and game value before inclusion."
birds,395,no,3056,Laurel Pigeon,Columba junoniae,1,130,"iNaturalist regional candidate only; review habitat fit, introduced status and game value before inclusion."
birds,396,no,7087,Brant,Branta bernicla,1,128,"iNaturalist regional candidate only; review habitat fit, introduced status and game value before inclusion."
birds,397,no,327608,Rüppell's Griffon,Gyps rueppelli,1,128,"iNaturalist regional candidate only; review habitat fit, introduced status and game value before inclusion."
birds,398,no,111450,Azores Bullfinch,Pyrrhula murina,1,127,"iNaturalist regional candidate only; review habitat fit, introduced status and game value before inclusion."
birds,399,no,144297,Great Skua,Stercorarius skua,1,124,"iNaturalist regional candidate only; review habitat fit, introduced status and game value before inclusion."
birds,400,no,4259,Lesser Flamingo,Phoeniconaias minor,1,119,"iNaturalist regional candidate only; review habitat fit, introduced status and game value before inclusion."
reptiles,1,yes,55990,Common Wall Lizard,Podarcis muralis,1,33688,"iNaturalist regional candidate only; review habitat fit, introduced status and game value before inclusion."
reptiles,2,yes,33602,Moorish Gecko,Tarentola mauritanica,1,29764,"iNaturalist regional candidate only; review habitat fit, introduced status and game value before inclusion."
reptiles,3,yes,337045,Italian Wall Lizard,Podarcis siculus,1,19527,"iNaturalist regional candidate only; review habitat fit, introduced status and game value before inclusion."
reptiles,4,yes,35519,Large Psammodromus,Psammodromus algirus,1,12995,"iNaturalist regional candidate only; review habitat fit, introduced status and game value before inclusion."
reptiles,5,exclude,39782,Pond Slider,Trachemys scripta,1,8413,Released non-native Pond Slider; excluded from the representative wildlife guide.
reptiles,6,yes,35900,Western Green Lizard,Lacerta bilineata,1,7826,"iNaturalist regional candidate only; review habitat fit, introduced status and game value before inclusion."
reptiles,7,yes,34435,Mediterranean House Gecko,Hemidactylus turcicus,1,7189,"iNaturalist regional candidate only; review habitat fit, introduced status and game value before inclusion."
reptiles,8,yes,73823,Green Whip Snake,Hierophis viridiflavus,1,7189,"iNaturalist regional candidate only; review habitat fit, introduced status and game value before inclusion."
reptiles,9,yes,71212,Hermann's Tortoise,Testudo hermanni,1,5843,"iNaturalist regional candidate only; review habitat fit, introduced status and game value before inclusion."
reptiles,10,yes,73972,Ocellated Lizard,Timon lepidus,1,5581,"iNaturalist regional candidate only; review habitat fit, introduced status and game value before inclusion."
reptiles,11,yes,29351,Viperine Snake,Natrix maura,1,5555,"iNaturalist regional candidate only; review habitat fit, introduced status and game value before inclusion."
reptiles,12,yes,424860,Green Iberian Wall Lizard,Podarcis virescens,1,5487,"iNaturalist regional candidate only; review habitat fit, introduced status and game value before inclusion."
reptiles,13,yes,35706,Bocage's Wall Lizard,Podarcis bocagei,1,4972,"iNaturalist regional candidate only; review habitat fit, introduced status and game value before inclusion."
reptiles,14,yes,35995,Tenerife Lizard,Gallotia galloti,1,4603,"iNaturalist regional candidate only; review habitat fit, introduced status and game value before inclusion."
reptiles,15,yes,343020,Italian Slowworm,Anguis veronensis,1,4436,"iNaturalist regional candidate only; review habitat fit, introduced status and game value before inclusion."
reptiles,16,yes,35666,Catalonian Wall Lizard,Podarcis liolepis,1,4427,"iNaturalist regional candidate only; review habitat fit, introduced status and game value before inclusion."
reptiles,17,yes,540328,Ladder Snake,Zamenis scalaris,1,4201,"iNaturalist regional candidate only; review habitat fit, introduced status and game value before inclusion."
reptiles,18,yes,29449,Western Montpellier Snake,Malpolon monspessulanus,1,4177,"iNaturalist regional candidate only; review habitat fit, introduced status and game value before inclusion."
reptiles,19,yes,343021,Common Slowworm,Anguis fragilis,1,4055,"iNaturalist regional candidate only; review habitat fit, introduced status and game value before inclusion."
reptiles,20,yes,851211,Barred Grass Snake,Natrix helvetica,1,3794,"iNaturalist regional candidate only; review habitat fit, introduced status and game value before inclusion."
reptiles,21,yes,39976,Mediterranean Turtle,Mauremys leprosa,1,3685,"iNaturalist regional candidate only; review habitat fit, introduced status and game value before inclusion."
reptiles,22,yes,74009,Aesculapian Snake,Zamenis longissimus,1,3552,"iNaturalist regional candidate only; review habitat fit, introduced status and game value before inclusion."
reptiles,23,yes,1473498,Podarcis lusitanicus,Podarcis lusitanicus,1,3377,"iNaturalist regional candidate only; review habitat fit, introduced status and game value before inclusion."
reptiles,24,yes,35474,Madeira Lizard,Teira dugesii,1,3275,"iNaturalist regional candidate only; review habitat fit, introduced status and game value before inclusion."
reptiles,25,yes,64346,Tessellated Water Snake,Natrix tessellata,1,3268,"iNaturalist regional candidate only; review habitat fit, introduced status and game value before inclusion."
reptiles,26,yes,40038,Marginated Tortoise,Testudo marginata,1,3148,"iNaturalist regional candidate only; review habitat fit, introduced status and game value before inclusion."
reptiles,27,yes,35868,Iberian Emerald Lizard,Lacerta schreiberi,1,3113,"iNaturalist regional candidate only; review habitat fit, introduced status and game value before inclusion."
reptiles,28,yes,73821,Horseshoe Whip Snake,Hemorrhois hippocrepis,1,3007,"iNaturalist regional candidate only; review habitat fit, introduced status and game value before inclusion."
reptiles,29,yes,39665,Loggerhead Sea Turtle,Caretta caretta,1,2745,"iNaturalist regional candidate only; review habitat fit, introduced status and game value before inclusion."
reptiles,30,yes,39867,European Pond Turtle,Emys orbicularis,1,2731,"iNaturalist regional candidate only; review habitat fit, introduced status and game value before inclusion."
reptiles,31,yes,26904,Smooth Snake,Coronella austriaca,1,2667,"iNaturalist regional candidate only; review habitat fit, introduced status and game value before inclusion."
reptiles,32,yes,424861,Guadarrama Wall Lizard,Podarcis guadarramae,1,2382,"iNaturalist regional candidate only; review habitat fit, introduced status and game value before inclusion."
reptiles,33,yes,73921,Andalusian wall lizard,Podarcis vaucheri,1,2324,"iNaturalist regional candidate only; review habitat fit, introduced status and game value before inclusion."
reptiles,34,yes,966781,Iberian Grass Snake,Natrix astreptophora,1,2058,"iNaturalist regional candidate only; review habitat fit, introduced status and game value before inclusion."
reptiles,35,yes,26888,Southern Smooth Snake,Coronella girondica,1,2054,"iNaturalist regional candidate only; review habitat fit, introduced status and game value before inclusion."
reptiles,36,yes,36052,Blue-throated Keeled Lizard,Algyroides nigropunctatus,1,2027,"iNaturalist regional candidate only; review habitat fit, introduced status and game value before inclusion."
reptiles,37,yes,35710,Dalmatian Wall Lizard,Podarcis melisellensis,1,1997,"iNaturalist regional candidate only; review habitat fit, introduced status and game value before inclusion."
reptiles,38,yes,30929,Asp Viper,Vipera aspis,1,1956,"iNaturalist regional candidate only; review habitat fit, introduced status and game value before inclusion."
reptiles,39,yes,35871,Balkan Green Lizard,Lacerta trilineata,1,1902,"iNaturalist regional candidate only; review habitat fit, introduced status and game value before inclusion."
reptiles,40,yes,966787,grass snake,Natrix natrix,1,1715,"iNaturalist regional candidate only; review habitat fit, introduced status and game value before inclusion."
reptiles,41,yes,35854,Green Lizard,Lacerta viridis,1,1693,"iNaturalist regional candidate only; review habitat fit, introduced status and game value before inclusion."
reptiles,42,yes,146280,Kotschy's Gecko,Mediodactylus kotschyi,1,1596,"iNaturalist regional candidate only; review habitat fit, introduced status and game value before inclusion."
reptiles,43,yes,31975,European Glass Lizard,Pseudopus apodus,1,1523,"iNaturalist regional candidate only; review habitat fit, introduced status and game value before inclusion."
reptiles,44,yes,1424710,Roughtail Rock Agama,Laudakia stellio,1,1490,"iNaturalist regional candidate only; review habitat fit, introduced status and game value before inclusion."
reptiles,45,yes,1424711,Sling-tailed Agama,Laudakia cypriaca,1,1482,"iNaturalist regional candidate only; review habitat fit, introduced status and game value before inclusion."
reptiles,46,yes,35430,Spiny-footed Lizard,Acanthodactylus erythrurus,1,1466,"iNaturalist regional candidate only; review habitat fit, introduced status and game value before inclusion."
reptiles,47,yes,35964,Iberian Rock Lizard,Iberolacerta monticola,1,1464,"iNaturalist regional candidate only; review habitat fit, introduced status and game value before inclusion."
reptiles,48,yes,35990,Gran Canaria Giant Lizard,Gallotia stehlini,1,1415,"iNaturalist regional candidate only; review habitat fit, introduced status and game value before inclusion."
reptiles,49,yes,35530,Tyrrhenian Wall Lizard,Podarcis tiliguerta,1,1388,"iNaturalist regional candidate only; review habitat fit, introduced status and game value before inclusion."
reptiles,50,yes,35677,Erhard's Wall Lizard,Podarcis erhardii,1,1377,"iNaturalist regional candidate only; review habitat fit, introduced status and game value before inclusion."
reptiles,51,yes,30237,Four-lined Snake,Elaphe quatuorlineata,1,1338,"iNaturalist regional candidate only; review habitat fit, introduced status and game value before inclusion."
reptiles,52,yes,966698,Adder,Vipera berus,1,1311,"iNaturalist regional candidate only; review habitat fit, introduced status and game value before inclusion."
reptiles,53,yes,105329,Western Caspian Turtle,Mauremys rivulata,1,1284,"iNaturalist regional candidate only; review habitat fit, introduced status and game value before inclusion."
reptiles,54,yes,32864,Common Chameleon,Chamaeleo chamaeleon,1,1271,"iNaturalist regional candidate only; review habitat fit, introduced status and game value before inclusion."
reptiles,55,yes,73966,Tenerife Wall Gecko,Tarentola delalandii,1,1231,"iNaturalist regional candidate only; review habitat fit, introduced status and game value before inclusion."
reptiles,56,yes,37213,Western Three-toed Skink,Chalcides striatus,1,1192,"iNaturalist regional candidate only; review habitat fit, introduced status and game value before inclusion."
reptiles,57,yes,29917,Balkan Whip Snake,Hierophis gemonensis,1,1135,"iNaturalist regional candidate only; review habitat fit, introduced status and game value before inclusion."
reptiles,58,yes,53645,Ocellated Bronze Skink,Chalcides ocellatus,1,973,"iNaturalist regional candidate only; review habitat fit, introduced status and game value before inclusion."
reptiles,59,yes,30917,Seoane's Viper,Vipera seoanei,1,969,"iNaturalist regional candidate only; review habitat fit, introduced status and game value before inclusion."
reptiles,60,yes,40023,Greek Tortoise,Testudo graeca,1,877,"iNaturalist regional candidate only; review habitat fit, introduced status and game value before inclusion."
reptiles,61,yes,73747,Sharp-snouted Rock Lizard,Dalmatolacerta oxycephala,1,866,"iNaturalist regional candidate only; review habitat fit, introduced status and game value before inclusion."
reptiles,62,yes,35760,Snake-eyed Lizard,Ophisops elegans,1,866,"iNaturalist regional candidate only; review habitat fit, introduced status and game value before inclusion."
reptiles,63,yes,35671,Filfola Lizard,Podarcis filfolensis,1,843,"iNaturalist regional candidate only; review habitat fit, introduced status and game value before inclusion."
reptiles,64,yes,73918,Peloponnese Wall Lizard,Podarcis peloponnesiacus,1,808,"iNaturalist regional candidate only; review habitat fit, introduced status and game value before inclusion."
reptiles,65,yes,1670480,Central Iberian Worm Lizard,Blanus oxyurus,1,774,"iNaturalist regional candidate only; review habitat fit, introduced status and game value before inclusion."
reptiles,66,yes,73702,Southwest Iberian Worm Lizard,Blanus cinereus,1,767,"iNaturalist regional candidate only; review habitat fit, introduced status and game value before inclusion."
reptiles,67,exclude,39830,River Cooter,Pseudemys concinna,1,761,Released non-native River Cooter; excluded from the representative wildlife guide.
reptiles,68,yes,1701177,Long-nosed Viper,Vipera ammodytes,1,737,"iNaturalist regional candidate only; review habitat fit, introduced status and game value before inclusion."
reptiles,69,yes,29450,Eastern Montpellier Snake,Malpolon insignitus,1,733,"iNaturalist regional candidate only; review habitat fit, introduced status and game value before inclusion."
reptiles,70,yes,35597,Ibiza Wall Lizard,Podarcis pityusensis,1,675,"iNaturalist regional candidate only; review habitat fit, introduced status and game value before inclusion."
reptiles,71,yes,1127992,Ionian Wall Lizard,Podarcis ionicus,1,642,"iNaturalist regional candidate only; review habitat fit, introduced status and game value before inclusion."
reptiles,72,yes,37239,Bedriaga's Skink,Chalcides bedriagai,1,641,"iNaturalist regional candidate only; review habitat fit, introduced status and game value before inclusion."
reptiles,73,yes,35700,Cretan Wall Lizard,Podarcis cretensis,1,625,"iNaturalist regional candidate only; review habitat fit, introduced status and game value before inclusion."
reptiles,74,yes,73858,Iberian False Smooth Snake,Macroprotodon brevis,1,613,"iNaturalist regional candidate only; review habitat fit, introduced status and game value before inclusion."
reptiles,75,yes,53646,Italian Three-toed Skink,Chalcides chalcides,1,606,"iNaturalist regional candidate only; review habitat fit, introduced status and game value before inclusion."
reptiles,76,yes,64078,Cat Snake,Telescopus fallax,1,600,"iNaturalist regional candidate only; review habitat fit, introduced status and game value before inclusion."
reptiles,77,yes,73585,European Copper Skink,Ablepharus kitaibelii,1,556,"iNaturalist regional candidate only; review habitat fit, introduced status and game value before inclusion."
reptiles,78,yes,73903,Troodos Rock Lizard,Phoenicolacerta troodica,1,554,"iNaturalist regional candidate only; review habitat fit, introduced status and game value before inclusion."
reptiles,79,yes,540247,Sierra Nevada Ocellated Lizard,Timon nevadensis,1,546,"iNaturalist regional candidate only; review habitat fit, introduced status and game value before inclusion."
reptiles,80,yes,1701178,Vipera meridionalis,Vipera meridionalis,1,540,"iNaturalist regional candidate only; review habitat fit, introduced status and game value before inclusion."
reptiles,81,yes,74011,European Ratsnake,Zamenis situla,1,516,"iNaturalist regional candidate only; review habitat fit, introduced status and game value before inclusion."
reptiles,82,yes,35413,Schreiber's Fringe-fingered Lizard,Acanthodactylus schreiberi,1,498,"iNaturalist regional candidate only; review habitat fit, introduced status and game value before inclusion."
reptiles,83,yes,35453,Viviparous Lizard,Zootoca vivipara,1,491,"iNaturalist regional candidate only; review habitat fit, introduced status and game value before inclusion."
reptiles,84,yes,73829,Cyren’s Rock Lizard,Iberolacerta cyreni,1,482,"iNaturalist regional candidate only; review habitat fit, introduced status and game value before inclusion."
reptiles,85,yes,36055,Greek Algyroides,Algyroides moreoticus,1,476,"iNaturalist regional candidate only; review habitat fit, introduced status and game value before inclusion."
reptiles,86,yes,33622,East Canary Wall Gecko,Tarentola angustimentalis,1,455,"iNaturalist regional candidate only; review habitat fit, introduced status and game value before inclusion."
reptiles,87,yes,738119,Eastern Mediterranean Thin-toed Gecko,Mediodactylus orientalis,1,453,"iNaturalist regional candidate only; review habitat fit, introduced status and game value before inclusion."
reptiles,88,yes,144085,Western Psammodromus,Psammodromus occidentalis,1,438,"iNaturalist regional candidate only; review habitat fit, introduced status and game value before inclusion."
reptiles,89,yes,73910,Dahl's Whip Snake,Platyceps najadum,1,433,"iNaturalist regional candidate only; review habitat fit, introduced status and game value before inclusion."
reptiles,90,yes,539260,Pelasgian Rock Lizard,Anatololacerta pelasgiana,1,420,"iNaturalist regional candidate only; review habitat fit, introduced status and game value before inclusion."
reptiles,91,yes,99496,Caspian Whipsnake,Dolichophis caspius,1,414,"iNaturalist regional candidate only; review habitat fit, introduced status and game value before inclusion."
reptiles,92,yes,30924,Lataste's Viper,Vipera latastei,1,411,"iNaturalist regional candidate only; review habitat fit, introduced status and game value before inclusion."
reptiles,93,yes,36001,Atlantic Lizard,Gallotia atlantica,1,406,"iNaturalist regional candidate only; review habitat fit, introduced status and game value before inclusion."
reptiles,94,yes,37210,West Canary Skink,Chalcides viridanus,1,377,"iNaturalist regional candidate only; review habitat fit, introduced status and game value before inclusion."
reptiles,95,yes,514727,Eurasian Blind Snake,Xerotyphlops vermicularis,1,340,"iNaturalist regional candidate only; review habitat fit, introduced status and game value before inclusion."
reptiles,96,exclude,39824,Florida Red-bellied Cooter,Pseudemys nelsoni,1,331,Released non-native Florida Red-bellied Cooter; excluded from the representative wildlife guide.
reptiles,97,yes,539261,Greek Slowworm,Anguis graeca,1,322,"iNaturalist regional candidate only; review habitat fit, introduced status and game value before inclusion."
reptiles,98,yes,73817,Greek Rock Lizard,Hellenolacerta graeca,1,322,"iNaturalist regional candidate only; review habitat fit, introduced status and game value before inclusion."
reptiles,99,yes,73922,Sicilian Wall Lizard,Podarcis waglerianus,1,317,"iNaturalist regional candidate only; review habitat fit, introduced status and game value before inclusion."
reptiles,100,yes,35707,Carbonell’s Wall Lizard,Podarcis carbonelli,1,314,"iNaturalist regional candidate only; review habitat fit, introduced status and game value before inclusion."
reptiles,101,yes,1424723,Carniolan lizard,Zootoca carniolica,1,310,"iNaturalist regional candidate only; review habitat fit, introduced status and game value before inclusion."
reptiles,102,yes,424864,Spanish Wall Lizard,Podarcis hispanicus,1,285,"iNaturalist regional candidate only; review habitat fit, introduced status and game value before inclusion."
reptiles,103,yes,39659,Green Sea Turtle,Chelonia mydas,1,281,"iNaturalist regional candidate only; review habitat fit, introduced status and game value before inclusion."
reptiles,104,yes,35988,Boettger's Lizard,Gallotia caesaris,1,267,"iNaturalist regional candidate only; review habitat fit, introduced status and game value before inclusion."
reptiles,105,yes,493904,East Iberian Psammodromus,Psammodromus edwarsianus,1,247,"iNaturalist regional candidate only; review habitat fit, introduced status and game value before inclusion."
reptiles,106,exclude,39950,Common thread turtle,Mauremys sinensis,1,246,Released non-native Chinese Pond Turtle; excluded from the representative wildlife guide.
reptiles,107,exclude,39847,False Map Turtle,Graptemys pseudogeographica,1,245,Released non-native False Map Turtle; excluded from the representative wildlife guide.
reptiles,108,exclude,371940,Ouachita Map Turtle,Graptemys ouachitensis,1,227,Released non-native Ouachita Map Turtle; excluded from the representative wildlife guide.
reptiles,109,yes,100411,Javelin Sand Boa,Eryx jaculus,1,219,"iNaturalist regional candidate only; review habitat fit, introduced status and game value before inclusion."
reptiles,110,yes,33619,Boettger's Wall Gecko,Tarentola boettgeri,1,202,"iNaturalist regional candidate only; review habitat fit, introduced status and game value before inclusion."
reptiles,111,yes,1629340,Eastern Peloponnese Wall Lizard,Podarcis thais,1,192,"iNaturalist regional candidate only; review habitat fit, introduced status and game value before inclusion."
reptiles,112,yes,35637,Lilford's Wall Lizard,Podarcis lilfordi,1,188,"iNaturalist regional candidate only; review habitat fit, introduced status and game value before inclusion."
reptiles,113,yes,35912,Sand Lizard,Lacerta agilis,1,173,"iNaturalist regional candidate only; review habitat fit, introduced status and game value before inclusion."
reptiles,114,yes,35516,Spanish Psammodromus,Psammodromus hispanicus,1,171,"iNaturalist regional candidate only; review habitat fit, introduced status and game value before inclusion."
reptiles,115,yes,73917,Milos Wall Lizard,Podarcis milensis,1,160,"iNaturalist regional candidate only; review habitat fit, introduced status and game value before inclusion."
reptiles,116,yes,74008,Italian Aesculapian Snake,Zamenis lineatus,1,160,"iNaturalist regional candidate only; review habitat fit, introduced status and game value before inclusion."
reptiles,117,no,200408,False Smooth Snake,Macroprotodon mauritanicus,1,157,"iNaturalist regional candidate only; review habitat fit, introduced status and game value before inclusion."
reptiles,118,no,73759,Large Whip Snake,Dolichophis jugularis,1,156,"iNaturalist regional candidate only; review habitat fit, introduced status and game value before inclusion."
reptiles,119,no,33607,Gomero Wall Gecko,Tarentola gomerensis,1,149,"iNaturalist regional candidate only; review habitat fit, introduced status and game value before inclusion."
reptiles,120,no,73584,Budak's snake-eyed skink,Ablepharus budaki,1,144,"iNaturalist regional candidate only; review habitat fit, introduced status and game value before inclusion."
reptiles,121,no,37212,Blue-spotted Cylindrical Skink,Chalcides coeruleopunctatus,1,143,"iNaturalist regional candidate only; review habitat fit, introduced status and game value before inclusion."
reptiles,122,no,30901,Meadow Viper,Vipera ursinii,1,137,"iNaturalist regional candidate only; review habitat fit, introduced status and game value before inclusion."
reptiles,123,no,37214,Gran Canaria Skink,Chalcides sexlineatus,1,135,"iNaturalist regional candidate only; review habitat fit, introduced status and game value before inclusion."
reptiles,124,no,97246,African Chameleon,Chamaeleo africanus,1,134,"iNaturalist regional candidate only; review habitat fit, introduced status and game value before inclusion."
reptiles,125,no,36059,Fitzinger's Algyroides,Algyroides fitzingeri,1,129,"iNaturalist regional candidate only; review habitat fit, introduced status and game value before inclusion."
reptiles,126,no,73601,Anatolian Rock Lizard,Anatololacerta anatolica,1,115,"iNaturalist regional candidate only; review habitat fit, introduced status and game value before inclusion."
reptiles,127,no,1223390,East Aegean Green Lizard,Lacerta diplochondrodes,1,114,"iNaturalist regional candidate only; review habitat fit, introduced status and game value before inclusion."
reptiles,128,no,539827,Bridled Skink,Heremites vittatus,1,108,"iNaturalist regional candidate only; review habitat fit, introduced status and game value before inclusion."
reptiles,129,no,73874,Ottoman Viper,Montivipera xanthina,1,108,"iNaturalist regional candidate only; review habitat fit, introduced status and game value before inclusion."
reptiles,130,no,35967,Horvath's Rock Lizard,Iberolacerta horvathi,1,107,"iNaturalist regional candidate only; review habitat fit, introduced status and game value before inclusion."
reptiles,131,no,145894,Peloponnese Slowworm,Anguis cephallonica,1,103,"iNaturalist regional candidate only; review habitat fit, introduced status and game value before inclusion."
reptiles,132,no,34673,European Leaf-toed Gecko,Euleptes europaea,1,86,"iNaturalist regional candidate only; review habitat fit, introduced status and game value before inclusion."
reptiles,133,no,73757,Mosor Rock Lizard,Dinarolacerta mosorensis,1,83,"iNaturalist regional candidate only; review habitat fit, introduced status and game value before inclusion."
reptiles,134,no,73920,Balkan Wall Lizard,Podarcis tauricus,1,81,"iNaturalist regional candidate only; review habitat fit, introduced status and game value before inclusion."
reptiles,135,no,39913,Chinese Pond Turtle,Mauremys reevesii,1,73,"iNaturalist regional candidate only; review habitat fit, introduced status and game value before inclusion."
reptiles,136,no,73830,Galan’s Rock Lizard,Iberolacerta galani,1,70,"iNaturalist regional candidate only; review habitat fit, introduced status and game value before inclusion."
reptiles,137,no,1403187,Spanish Algyroides,Algyroides hidalgoi,1,63,"iNaturalist regional candidate only; review habitat fit, introduced status and game value before inclusion."
reptiles,138,no,39783,Mesoamerican Slider,Trachemys venusta,1,61,"iNaturalist regional candidate only; review habitat fit, introduced status and game value before inclusion."
reptiles,139,no,27038,Asian Racer,Hemorrhois nummifer,1,58,"iNaturalist regional candidate only; review habitat fit, introduced status and game value before inclusion."
reptiles,140,no,37850,Greek Limbless Skink,Ophiomorus punctatissimus,1,58,"iNaturalist regional candidate only; review habitat fit, introduced status and game value before inclusion."
reptiles,141,no,68492,Tropical House Gecko,Hemidactylus mabouia,1,57,"iNaturalist regional candidate only; review habitat fit, introduced status and game value before inclusion."
reptiles,142,no,39883,Sicilian Pond Turtle,Emys trinacris,1,54,"iNaturalist regional candidate only; review habitat fit, introduced status and game value before inclusion."
reptiles,143,no,73644,Bedriaga's Rock Lizard,Archaeolacerta bedriagae,1,53,"iNaturalist regional candidate only; review habitat fit, introduced status and game value before inclusion."
reptiles,144,no,30293,Ring-Headed Dwarf Snake,Eirenis modestus,1,53,"iNaturalist regional candidate only; review habitat fit, introduced status and game value before inclusion."
reptiles,145,no,39825,Peninsular Cooter,Pseudemys peninsularis,1,48,"iNaturalist regional candidate only; review habitat fit, introduced status and game value before inclusion."
reptiles,146,no,73831,Martinez-Rica’s Rock Lizard,Iberolacerta martinezricai,1,45,"iNaturalist regional candidate only; review habitat fit, introduced status and game value before inclusion."
reptiles,147,no,738118,Dodecanese Thin-toed Gecko,Mediodactylus oertzeni,1,45,"iNaturalist regional candidate only; review habitat fit, introduced status and game value before inclusion."
reptiles,148,no,73828,Pyrenean Rock Lizard,Iberolacerta bonnali,1,44,"iNaturalist regional candidate only; review habitat fit, introduced status and game value before inclusion."
reptiles,149,no,105083,Levantine Viper,Macrovipera lebetinus,1,44,"iNaturalist regional candidate only; review habitat fit, introduced status and game value before inclusion."
reptiles,150,no,39677,Leatherback Sea Turtle,Dermochelys coriacea,1,42,"iNaturalist regional candidate only; review habitat fit, introduced status and game value before inclusion."
reptiles,151,no,1223389,Cycladic Green lizard,Lacerta citrovittata,1,39,"iNaturalist regional candidate only; review habitat fit, introduced status and game value before inclusion."
reptiles,152,no,35668,Skyros Wall Lizard,Podarcis gaigeae,1,39,"iNaturalist regional candidate only; review habitat fit, introduced status and game value before inclusion."
reptiles,153,no,738117,Mediterranean Thin-toed Gecko,Mediodactylus danilewskii,1,36,"iNaturalist regional candidate only; review habitat fit, introduced status and game value before inclusion."
reptiles,154,no,539844,Brahminy Blindsnake,Indotyphlops braminus,1,34,"iNaturalist regional candidate only; review habitat fit, introduced status and game value before inclusion."
reptiles,155,no,73940,Moroccan Rock Lizard,Scelarcis perspicillata,1,34,"iNaturalist regional candidate only; review habitat fit, introduced status and game value before inclusion."
reptiles,156,no,30285,East-Four-lined Ratsnake,Elaphe sauromates,1,32,"iNaturalist regional candidate only; review habitat fit, introduced status and game value before inclusion."
reptiles,157,no,35994,Tenerife Speckled Lizard,Gallotia intermedia,1,31,"iNaturalist regional candidate only; review habitat fit, introduced status and game value before inclusion."
reptiles,158,no,558958,Greek Viper,Vipera graeca,1,29,"iNaturalist regional candidate only; review habitat fit, introduced status and game value before inclusion."
reptiles,159,no,68334,Chinese Softshell Turtle,Pelodiscus sinensis,1,28,"iNaturalist regional candidate only; review habitat fit, introduced status and game value before inclusion."
reptiles,160,no,1224394,Pontian Wall Lizard,Podarcis latastei,1,27,"iNaturalist regional candidate only; review habitat fit, introduced status and game value before inclusion."
reptiles,161,no,39556,Spiny Softshell,Apalone spinifera,1,24,"iNaturalist regional candidate only; review habitat fit, introduced status and game value before inclusion."
reptiles,162,no,31728,Anatolian Worm Lizard,Blanus strauchi,1,21,"iNaturalist regional candidate only; review habitat fit, introduced status and game value before inclusion."
reptiles,163,no,558902,Levant Skink,Heremites auratus,1,18,"iNaturalist regional candidate only; review habitat fit, introduced status and game value before inclusion."
reptiles,164,no,1119931,Cyprus Whip Snake,Hierophis cypriensis,1,18,"iNaturalist regional candidate only; review habitat fit, introduced status and game value before inclusion."
reptiles,165,no,35965,Aran Rock Lizard,Iberolacerta aranica,1,18,"iNaturalist regional candidate only; review habitat fit, introduced status and game value before inclusion."
reptiles,166,no,146199,California King Snake,Lampropeltis californiae,1,18,"iNaturalist regional candidate only; review habitat fit, introduced status and game value before inclusion."
reptiles,167,no,73808,El Hierro Giant Lizard,Gallotia simonyi,1,13,"iNaturalist regional candidate only; review habitat fit, introduced status and game value before inclusion."
reptiles,168,no,99300,Prokletije Rock Lizard,Dinarolacerta montenegrina,1,12,"iNaturalist regional candidate only; review habitat fit, introduced status and game value before inclusion."
reptiles,169,no,29464,False Smooth Snake,Macroprotodon cucullatus,1,12,"iNaturalist regional candidate only; review habitat fit, introduced status and game value before inclusion."
reptiles,170,no,39826,Northern Red-bellied Cooter,Pseudemys rubriventris,1,9,"iNaturalist regional candidate only; review habitat fit, introduced status and game value before inclusion."
reptiles,171,no,738116,Cretan Thin-toed Gecko,Mediodactylus bartoni,1,8,"iNaturalist regional candidate only; review habitat fit, introduced status and game value before inclusion."
reptiles,172,no,39682,Common Snapping Turtle,Chelydra serpentina,1,7,"iNaturalist regional candidate only; review habitat fit, introduced status and game value before inclusion."
reptiles,173,no,33606,Moorish Gecko,Tarentola fascicularis,1,7,"iNaturalist regional candidate only; review habitat fit, introduced status and game value before inclusion."
reptiles,174,no,39566,Florida Softshell Turtle,Apalone ferox,1,6,"iNaturalist regional candidate only; review habitat fit, introduced status and game value before inclusion."
reptiles,175,no,39672,Hawksbill Sea Turtle,Eretmochelys imbricata,1,5,"iNaturalist regional candidate only; review habitat fit, introduced status and game value before inclusion."
reptiles,176,no,27064,Algerian Whip Snake,Hemorrhois algirus,1,5,"iNaturalist regional candidate only; review habitat fit, introduced status and game value before inclusion."
reptiles,177,no,35966,Aurelio's Rock Lizard,Iberolacerta aurelioi,1,5,"iNaturalist regional candidate only; review habitat fit, introduced status and game value before inclusion."
reptiles,178,no,73887,Red Cornsnake,Pantherophis guttatus,1,4,"iNaturalist regional candidate only; review habitat fit, introduced status and game value before inclusion."
reptiles,179,no,36651,Cuban Green Anole,Anolis porcatus,1,3,"iNaturalist regional candidate only; review habitat fit, introduced status and game value before inclusion."
reptiles,180,no,121094,Canaryan Cylindrical Skink,Chalcides simonyi,1,3,"iNaturalist regional candidate only; review habitat fit, introduced status and game value before inclusion."
reptiles,181,no,35594,Aeolian Wall Lizard,Podarcis raffonei,1,3,"iNaturalist regional candidate only; review habitat fit, introduced status and game value before inclusion."
reptiles,182,no,33833,Morocco Lizard-fingered Gecko,Saurodactylus mauritanicus,1,3,"iNaturalist regional candidate only; review habitat fit, introduced status and game value before inclusion."
reptiles,183,no,39708,Razor-backed Musk Turtle,Sternotherus carinatus,1,3,"iNaturalist regional candidate only; review habitat fit, introduced status and game value before inclusion."
reptiles,184,no,73974,Ornate Slider,Trachemys ornata,1,3,"iNaturalist regional candidate only; review habitat fit, introduced status and game value before inclusion."
reptiles,185,no,145895,Eastern Slowworm,Anguis colchica,1,2,"iNaturalist regional candidate only; review habitat fit, introduced status and game value before inclusion."
reptiles,186,no,51940,Asian House Gecko,Hemidactylus frenatus,1,2,"iNaturalist regional candidate only; review habitat fit, introduced status and game value before inclusion."
reptiles,187,no,39670,Olive Ridley Sea Turtle,Lepidochelys olivacea,1,2,"iNaturalist regional candidate only; review habitat fit, introduced status and game value before inclusion."
reptiles,188,no,39703,Eastern Musk Turtle,Sternotherus odoratus,1,2,"iNaturalist regional candidate only; review habitat fit, introduced status and game value before inclusion."
reptiles,189,no,116564,Checkerboard Worm Lizard,Trogonophis wiegmanni,1,2,"iNaturalist regional candidate only; review habitat fit, introduced status and game value before inclusion."
reptiles,190,no,40089,African Spurred Tortoise,Centrochelys sulcata,1,1,"iNaturalist regional candidate only; review habitat fit, introduced status and game value before inclusion."
reptiles,191,no,37094,Common Southwest Ctenotus,Ctenotus labillardieri,1,1,"iNaturalist regional candidate only; review habitat fit, introduced status and game value before inclusion."
reptiles,192,no,35383,Meadow Lizard,Darevskia praticola,1,1,"iNaturalist regional candidate only; review habitat fit, introduced status and game value before inclusion."
reptiles,193,no,73807,La Gomera Giant Lizard,Gallotia bravoana,1,1,"iNaturalist regional candidate only; review habitat fit, introduced status and game value before inclusion."
reptiles,194,no,40085,Gopher Tortoise,Gopherus polyphemus,1,1,"iNaturalist regional candidate only; review habitat fit, introduced status and game value before inclusion."
reptiles,195,no,104226,Mourning Gecko,Lepidodactylus lugubris,1,1,"iNaturalist regional candidate only; review habitat fit, introduced status and game value before inclusion."
reptiles,196,no,73857,Macroprotodon abubakeri,Macroprotodon abubakeri,1,1,"iNaturalist regional candidate only; review habitat fit, introduced status and game value before inclusion."
reptiles,197,no,73888,Western Ratsnake,Pantherophis obsoletus,1,1,"iNaturalist regional candidate only; review habitat fit, introduced status and game value before inclusion."
reptiles,198,no,73916,Pori Wall Lizard,Podarcis levendis,1,1,"iNaturalist regional candidate only; review habitat fit, introduced status and game value before inclusion."
reptiles,199,no,1367318,Coastal Plain Cooter,Pseudemys floridana,1,1,"iNaturalist regional candidate only; review habitat fit, introduced status and game value before inclusion."
reptiles,200,no,32158,Ball Python,Python regius,1,1,"iNaturalist regional candidate only; review habitat fit, introduced status and game value before inclusion."
reptiles,201,no,39932,Painted Wood Turtle,Rhinoclemmys pulcherrima,1,1,"iNaturalist regional candidate only; review habitat fit, introduced status and game value before inclusion."
reptiles,202,no,73973,Atlas Ocellated Lizard,Timon tangitanus,1,1,"iNaturalist regional candidate only; review habitat fit, introduced status and game value before inclusion."
fish,1,yes,50972,Ornate Wrasse,Thalassoma pavo,1,8113,"iNaturalist regional candidate only; review habitat fit, introduced status and game value before inclusion."
fish,2,yes,118663,Salema Porgy,Sarpa salpa,1,8033,"iNaturalist regional candidate only; review habitat fit, introduced status and game value before inclusion."
fish,3,yes,118667,Common Two-banded Seabream,Diplodus vulgaris,1,7084,"iNaturalist regional candidate only; review habitat fit, introduced status and game value before inclusion."
fish,4,yes,118669,White Sea Bream,Diplodus sargus,1,6121,"iNaturalist regional candidate only; review habitat fit, introduced status and game value before inclusion."
fish,5,yes,50968,Mediterranean Rainbow Wrasse,Coris julis,1,5492,"iNaturalist regional candidate only; review habitat fit, introduced status and game value before inclusion."
fish,6,yes,118674,Painted Comber,Serranus scriba,1,5376,"iNaturalist regional candidate only; review habitat fit, introduced status and game value before inclusion."
fish,7,yes,118682,Mediterranean Damselfish,Chromis chromis,1,5179,"iNaturalist regional candidate only; review habitat fit, introduced status and game value before inclusion."
fish,8,yes,118662,Saddled Seabream,Oblada melanurus,1,4820,"iNaturalist regional candidate only; review habitat fit, introduced status and game value before inclusion."
fish,9,yes,52554,East Atlantic Peacock Wrasse,Symphodus tinca,1,4332,"iNaturalist regional candidate only; review habitat fit, introduced status and game value before inclusion."
fish,10,yes,112860,European Parrotfish,Sparisoma cretense,1,4303,"iNaturalist regional candidate only; review habitat fit, introduced status and game value before inclusion."
fish,11,yes,100119,Dusky Grouper,Epinephelus marginatus,1,4097,"iNaturalist regional candidate only; review habitat fit, introduced status and game value before inclusion."
fish,12,yes,118619,Striped Red Mullet,Mullus surmuletus,1,3731,"iNaturalist regional candidate only; review habitat fit, introduced status and game value before inclusion."
fish,13,yes,53911,European Carp,Cyprinus carpio,1,3299,"iNaturalist regional candidate only; review habitat fit, introduced status and game value before inclusion."
fish,14,yes,338049,Ringneck Blenny,Parablennius pilicornis,1,2885,"iNaturalist regional candidate only; review habitat fit, introduced status and game value before inclusion."
fish,15,yes,118590,Mediterranean Moray,Muraena helena,1,2739,"iNaturalist regional candidate only; review habitat fit, introduced status and game value before inclusion."
fish,16,yes,342288,Madeira Scorpionfish,Scorpaena maderensis,1,2639,"iNaturalist regional candidate only; review habitat fit, introduced status and game value before inclusion."
fish,17,yes,118686,Rusty Blenny,Parablennius sanguinolentus,1,2532,"iNaturalist regional candidate only; review habitat fit, introduced status and game value before inclusion."
fish,18,yes,118660,Striped Seabream,Lithognathus mormyrus,1,2465,"iNaturalist regional candidate only; review habitat fit, introduced status and game value before inclusion."
fish,19,yes,505877,Incognito Goby,Gobius incognitus,1,2421,"iNaturalist regional candidate only; review habitat fit, introduced status and game value before inclusion."
fish,20,yes,188591,Red-black Triplefin,Tripterygion tripteronotum,1,2265,"iNaturalist regional candidate only; review habitat fit, introduced status and game value before inclusion."
fish,21,yes,1494783,Gilthead Seabream,Sparus aurata,1,2236,"iNaturalist regional candidate only; review habitat fit, introduced status and game value before inclusion."
fish,22,yes,118631,Black Scorpionfish,Scorpaena porcus,1,2218,"iNaturalist regional candidate only; review habitat fit, introduced status and game value before inclusion."
fish,23,yes,53696,Sharpsnout Seabream,Diplodus puntazzo,1,2156,"iNaturalist regional candidate only; review habitat fit, introduced status and game value before inclusion."
fish,24,yes,118685,Tompot Blenny,Parablennius gattorugine,1,2099,"iNaturalist regional candidate only; review habitat fit, introduced status and game value before inclusion."
fish,25,yes,118640,Wide-eyed Flounder,Bothus podas,1,2080,"iNaturalist regional candidate only; review habitat fit, introduced status and game value before inclusion."
fish,26,yes,624069,Moroccan White Seabream,Diplodus cadenati,1,2033,"iNaturalist regional candidate only; review habitat fit, introduced status and game value before inclusion."
fish,27,yes,118514,Mediterranean Cardinalfish,Apogon imberbis,1,2032,"iNaturalist regional candidate only; review habitat fit, introduced status and game value before inclusion."
fish,28,yes,118675,Comber,Serranus cabrilla,1,2030,"iNaturalist regional candidate only; review habitat fit, introduced status and game value before inclusion."
fish,29,yes,118703,Giant Goby,Gobius cobitis,1,1953,"iNaturalist regional candidate only; review habitat fit, introduced status and game value before inclusion."
fish,30,exclude,101204,Eastern Mosquitofish,Gambusia holbrooki,1,1939,Introduced Eastern Mosquitofish; excluded from the representative wildlife guide.
fish,31,yes,97345,Thicklip Grey Mullet,Chelon labrosus,1,1932,"iNaturalist regional candidate only; review habitat fit, introduced status and game value before inclusion."
fish,32,yes,49614,Pumpkinseed,Lepomis gibbosus,1,1921,"iNaturalist regional candidate only; review habitat fit, introduced status and game value before inclusion."
fish,33,yes,118664,Bogue,Boops boops,1,1810,"iNaturalist regional candidate only; review habitat fit, introduced status and game value before inclusion."
fish,34,yes,118665,Annular Seabream,Diplodus annularis,1,1751,"iNaturalist regional candidate only; review habitat fit, introduced status and game value before inclusion."
fish,35,yes,99269,European Seabass,Dicentrarchus labrax,1,1733,"iNaturalist regional candidate only; review habitat fit, introduced status and game value before inclusion."
fish,36,yes,84969,Short-snouted Seahorse,Hippocampus hippocampus,1,1659,"iNaturalist regional candidate only; review habitat fit, introduced status and game value before inclusion."
fish,37,yes,120634,Dusky Spinefoot,Siganus luridus,1,1623,"iNaturalist regional candidate only; review habitat fit, introduced status and game value before inclusion."
fish,38,yes,113535,Five-spotted Wrasse,Symphodus roissali,1,1623,"iNaturalist regional candidate only; review habitat fit, introduced status and game value before inclusion."
fish,39,yes,113019,Cavedano Chub,Squalius squalus,1,1601,"iNaturalist regional candidate only; review habitat fit, introduced status and game value before inclusion."
fish,40,yes,47260,Yellowmouth Barracuda,Sphyraena viridensis,1,1556,"iNaturalist regional candidate only; review habitat fit, introduced status and game value before inclusion."
fish,41,yes,47518,Brown Trout,Salmo trutta,1,1512,"iNaturalist regional candidate only; review habitat fit, introduced status and game value before inclusion."
fish,42,yes,112568,Rivulated Rabbitfish,Siganus rivulatus,1,1487,"iNaturalist regional candidate only; review habitat fit, introduced status and game value before inclusion."
fish,43,yes,118706,Rock Goby,Gobius paganellus,1,1434,"iNaturalist regional candidate only; review habitat fit, introduced status and game value before inclusion."
fish,44,yes,118617,Boxlip Mullet,Oedalechilus labeo,1,1424,"iNaturalist regional candidate only; review habitat fit, introduced status and game value before inclusion."
fish,45,yes,118642,Black-faced Blenny,Tripterygion delaisi,1,1422,"iNaturalist regional candidate only; review habitat fit, introduced status and game value before inclusion."
fish,46,yes,118704,Black Goby,Gobius niger,1,1393,"iNaturalist regional candidate only; review habitat fit, introduced status and game value before inclusion."
fish,47,yes,49984,Horned Bream,Diplodus cervinus,1,1317,"iNaturalist regional candidate only; review habitat fit, introduced status and game value before inclusion."
fish,48,yes,118688,Peacock Blenny,Salaria pavo,1,1276,"iNaturalist regional candidate only; review habitat fit, introduced status and game value before inclusion."
fish,49,yes,1256672,Canary Damsel,Similiparma lurida,1,1264,"iNaturalist regional candidate only; review habitat fit, introduced status and game value before inclusion."
fish,50,yes,118693,Sphinx Blenny,Aidablennius sphynx,1,1246,"iNaturalist regional candidate only; review habitat fit, introduced status and game value before inclusion."
fish,51,yes,51401,Pompano,Trachinotus ovatus,1,1225,"iNaturalist regional candidate only; review habitat fit, introduced status and game value before inclusion."
fish,52,yes,120637,Mystery Blenny,Parablennius incognitus,1,1160,"iNaturalist regional candidate only; review habitat fit, introduced status and game value before inclusion."
fish,53,yes,115188,Pearly Razorfish,Xyrichtys novacula,1,1103,"iNaturalist regional candidate only; review habitat fit, introduced status and game value before inclusion."
fish,54,yes,108409,Rock-pool Blenny,Parablennius parvicornis,1,1100,"iNaturalist regional candidate only; review habitat fit, introduced status and game value before inclusion."
fish,55,yes,113701,Atlantic Lizardfish,Synodus saurus,1,1085,"iNaturalist regional candidate only; review habitat fit, introduced status and game value before inclusion."
fish,56,yes,118630,Small Red Scorpionfish,Scorpaena notata,1,1082,"iNaturalist regional candidate only; review habitat fit, introduced status and game value before inclusion."
fish,57,yes,118707,Madeira Goby,Mauligobius maderensis,1,1035,"iNaturalist regional candidate only; review habitat fit, introduced status and game value before inclusion."
fish,58,yes,128858,Macaronesian Toby,Canthigaster capistrata,1,1031,"iNaturalist regional candidate only; review habitat fit, introduced status and game value before inclusion."
fish,59,yes,100091,Gold Blotch Grouper,Epinephelus costae,1,1004,"iNaturalist regional candidate only; review habitat fit, introduced status and game value before inclusion."
fish,60,yes,210294,Shanny,Lipophrys pholis,1,985,"iNaturalist regional candidate only; review habitat fit, introduced status and game value before inclusion."
fish,61,yes,1439808,Largemouth Bass,Micropterus nigricans,1,980,"iNaturalist regional candidate only; review habitat fit, introduced status and game value before inclusion."
fish,62,yes,94786,Big-scale Sand Smelt,Atherina boyeri,1,972,"iNaturalist regional candidate only; review habitat fit, introduced status and game value before inclusion."
fish,63,yes,103912,Brown Wrasse,Labrus merula,1,946,"iNaturalist regional candidate only; review habitat fit, introduced status and game value before inclusion."
fish,64,yes,118692,Montagu's Blenny,Coryphoblennius galerita,1,943,"iNaturalist regional candidate only; review habitat fit, introduced status and game value before inclusion."
fish,65,yes,94105,European Eel,Anguilla anguilla,1,928,"iNaturalist regional candidate only; review habitat fit, introduced status and game value before inclusion."
fish,66,yes,106306,Island Grouper,Mycteroperca fusca,1,899,"iNaturalist regional candidate only; review habitat fit, introduced status and game value before inclusion."
fish,67,yes,108412,Zvonimir's Blenny,Parablennius zvonimiri,1,898,"iNaturalist regional candidate only; review habitat fit, introduced status and game value before inclusion."
fish,68,yes,118652,Greater Weever,Trachinus draco,1,875,"iNaturalist regional candidate only; review habitat fit, introduced status and game value before inclusion."
fish,69,yes,118655,Black Seabream,Spondyliosoma cantharus,1,868,"iNaturalist regional candidate only; review habitat fit, introduced status and game value before inclusion."
fish,70,yes,118589,European Conger,Conger conger,1,862,"iNaturalist regional candidate only; review habitat fit, introduced status and game value before inclusion."
fish,71,yes,113531,Axillary Wrasse,Symphodus mediterraneus,1,860,"iNaturalist regional candidate only; review habitat fit, introduced status and game value before inclusion."
fish,72,yes,118702,Red-mouthed Goby,Gobius cruentatus,1,852,"iNaturalist regional candidate only; review habitat fit, introduced status and game value before inclusion."
fish,73,yes,63412,East Atlantic Redlip Blenny,Ophioblennius atlanticus,1,800,"iNaturalist regional candidate only; review habitat fit, introduced status and game value before inclusion."
fish,74,yes,131428,Red Lizardfish,Synodus synodus,1,793,"iNaturalist regional candidate only; review habitat fit, introduced status and game value before inclusion."
fish,75,yes,114453,Small Triplefin Blenny,Tripterygion melanurus,1,786,"iNaturalist regional candidate only; review habitat fit, introduced status and game value before inclusion."
fish,76,yes,123459,Indian Lionfish,Pterois miles,1,780,"iNaturalist regional candidate only; review habitat fit, introduced status and game value before inclusion."
fish,77,yes,84861,Red Scorpionfish,Scorpaena scrofa,1,779,"iNaturalist regional candidate only; review habitat fit, introduced status and game value before inclusion."
fish,78,yes,51549,Greater Amberjack,Seriola dumerili,1,770,"iNaturalist regional candidate only; review habitat fit, introduced status and game value before inclusion."
fish,79,yes,342289,Guinean Puffer,Sphoeroides marmoratus,1,750,"iNaturalist regional candidate only; review habitat fit, introduced status and game value before inclusion."
fish,80,yes,101621,Slender Goby,Gobius geniporus,1,747,"iNaturalist regional candidate only; review habitat fit, introduced status and game value before inclusion."
fish,81,yes,1360107,Atlantic rainbow wrasse,Coris melanura,1,737,"iNaturalist regional candidate only; review habitat fit, introduced status and game value before inclusion."
fish,82,yes,47241,Eastern Atlantic Trumpetfish,Aulostomus strigosus,1,726,"iNaturalist regional candidate only; review habitat fit, introduced status and game value before inclusion."
fish,83,yes,112497,Blacktail Comber,Serranus atricauda,1,724,"iNaturalist regional candidate only; review habitat fit, introduced status and game value before inclusion."
fish,84,yes,49606,Grey Triggerfish,Balistes capriscus,1,716,"iNaturalist regional candidate only; review habitat fit, introduced status and game value before inclusion."
fish,85,yes,113003,European Chub,Squalius cephalus,1,702,"iNaturalist regional candidate only; review habitat fit, introduced status and game value before inclusion."
fish,86,yes,102821,Long-snouted Seahorse,Hippocampus guttulatus,1,692,"iNaturalist regional candidate only; review habitat fit, introduced status and game value before inclusion."
fish,87,yes,120708,Molly Miller,Scartella cristata,1,690,"iNaturalist regional candidate only; review habitat fit, introduced status and game value before inclusion."
fish,88,yes,342041,Atlantic Damselfish,Chromis limbata,1,648,"iNaturalist regional candidate only; review habitat fit, introduced status and game value before inclusion."
fish,89,yes,118683,Brown Meagre,Sciaena umbra,1,636,"iNaturalist regional candidate only; review habitat fit, introduced status and game value before inclusion."
fish,90,yes,113862,Italian Riffle Dace,Telestes muticellus,1,614,"iNaturalist regional candidate only; review habitat fit, introduced status and game value before inclusion."
fish,91,yes,113534,Ocellated Wrasse,Symphodus ocellatus,1,613,"iNaturalist regional candidate only; review habitat fit, introduced status and game value before inclusion."
fish,92,yes,204776,Silver Trevally,Pseudocaranx dentex,1,612,"iNaturalist regional candidate only; review habitat fit, introduced status and game value before inclusion."
fish,93,yes,47516,Rainbow Trout,Oncorhynchus mykiss,1,597,"iNaturalist regional candidate only; review habitat fit, introduced status and game value before inclusion."
fish,94,yes,446216,Caneva's Blenny,Microlipophrys canevae,1,593,"iNaturalist regional candidate only; review habitat fit, introduced status and game value before inclusion."
fish,95,yes,342285,Lipophrys trigloides,Lipophrys trigloides,1,579,"iNaturalist regional candidate only; review habitat fit, introduced status and game value before inclusion."
fish,96,yes,118708,Bucchich's Goby,Gobius bucchichi,1,577,"iNaturalist regional candidate only; review habitat fit, introduced status and game value before inclusion."
fish,97,yes,113533,Corkwing Wrasse,Symphodus melops,1,572,"iNaturalist regional candidate only; review habitat fit, introduced status and game value before inclusion."
fish,98,yes,108196,Red Porgy,Pagrus pagrus,1,570,"iNaturalist regional candidate only; review habitat fit, introduced status and game value before inclusion."
fish,99,exclude,58612,Goldfish,Carassius auratus,1,563,Domestic Goldfish; excluded from the representative wildlife guide.
fish,100,yes,106222,Sea Mullet,Mugil cephalus,1,558,"iNaturalist regional candidate only; review habitat fit, introduced status and game value before inclusion."
fish,101,yes,118654,Dentex,Dentex dentex,1,555,"iNaturalist regional candidate only; review habitat fit, introduced status and game value before inclusion."
fish,102,yes,55016,Flying Gurnard,Dactylopterus volitans,1,543,"iNaturalist regional candidate only; review habitat fit, introduced status and game value before inclusion."
fish,103,yes,132526,Planehead Filefish,Stephanolepis hispida,1,535,"iNaturalist regional candidate only; review habitat fit, introduced status and game value before inclusion."
fish,104,yes,113536,Pointed-snout Wrasse,Symphodus rostratus,1,529,"iNaturalist regional candidate only; review habitat fit, introduced status and game value before inclusion."
fish,105,yes,113529,Grey Wrasse,Symphodus cinereus,1,524,"iNaturalist regional candidate only; review habitat fit, introduced status and game value before inclusion."
fish,106,yes,104834,Iberian Barbel,Luciobarbus bocagei,1,521,"iNaturalist regional candidate only; review habitat fit, introduced status and game value before inclusion."
fish,107,yes,108410,Longstriped Blenny,Parablennius rouxi,1,511,"iNaturalist regional candidate only; review habitat fit, introduced status and game value before inclusion."
fish,108,yes,446572,Flavimaculosus Puffer,Torquigener flavimaculosus,1,511,"iNaturalist regional candidate only; review habitat fit, introduced status and game value before inclusion."
fish,109,yes,1316085,Butterfly-winged Comber,Serranus papilionaceus,1,504,"iNaturalist regional candidate only; review habitat fit, introduced status and game value before inclusion."
fish,110,yes,108184,Padanian Goby,Padogobius bonelli,1,482,"iNaturalist regional candidate only; review habitat fit, introduced status and game value before inclusion."
fish,111,yes,118656,Axillary Seabream,Pagellus acarne,1,471,"iNaturalist regional candidate only; review habitat fit, introduced status and game value before inclusion."
fish,112,yes,118672,Mediterranean Fairy Basslet,Anthias anthias,1,467,"iNaturalist regional candidate only; review habitat fit, introduced status and game value before inclusion."
fish,113,yes,1315687,Balkan Italic Minnow,Phoxinus lumaireul,1,456,"iNaturalist regional candidate only; review habitat fit, introduced status and game value before inclusion."
fish,114,yes,103911,Ballan Wrasse,Labrus bergylta,1,451,"iNaturalist regional candidate only; review habitat fit, introduced status and game value before inclusion."
fish,115,yes,82278,Black Bullhead,Ameiurus melas,1,447,"iNaturalist regional candidate only; review habitat fit, introduced status and game value before inclusion."
fish,116,yes,57399,Blue-spotted Cornetfish,Fistularia commersonii,1,446,"iNaturalist regional candidate only; review habitat fit, introduced status and game value before inclusion."
fish,117,yes,118673,Brown Comber,Serranus hepatus,1,446,"iNaturalist regional candidate only; review habitat fit, introduced status and game value before inclusion."
fish,118,yes,359362,Red Sea Goatfish,Parupeneus forsskali,1,426,"iNaturalist regional candidate only; review habitat fit, introduced status and game value before inclusion."
fish,119,yes,55387,Northern Pike,Esox lucius,1,423,"iNaturalist regional candidate only; review habitat fit, introduced status and game value before inclusion."
fish,120,yes,342089,Black Moray,Muraena augusti,1,423,"iNaturalist regional candidate only; review habitat fit, introduced status and game value before inclusion."
fish,121,yes,347725,Salt Blenny,Parablennius salensis,1,423,"iNaturalist regional candidate only; review habitat fit, introduced status and game value before inclusion."
fish,122,yes,118659,Common Pandora,Pagellus erythrinus,1,412,"iNaturalist regional candidate only; review habitat fit, introduced status and game value before inclusion."
fish,123,yes,118641,Atlantic Stargazer,Uranoscopus scaber,1,409,"iNaturalist regional candidate only; review habitat fit, introduced status and game value before inclusion."
fish,124,yes,118618,Red Mullet,Mullus barbatus,1,406,"iNaturalist regional candidate only; review habitat fit, introduced status and game value before inclusion."
fish,125,yes,110029,Bastard Grunt,Pomadasys incisus,1,403,"iNaturalist regional candidate only; review habitat fit, introduced status and game value before inclusion."
fish,126,yes,118595,Southern Sand Smelt,Atherina hepsetus,1,400,"iNaturalist regional candidate only; review habitat fit, introduced status and game value before inclusion."
fish,127,yes,93611,Bleak,Alburnus alburnus,1,393,"iNaturalist regional candidate only; review habitat fit, introduced status and game value before inclusion."
fish,128,yes,120641,Bandtooth Conger,Ariosoma balearicum,1,378,"iNaturalist regional candidate only; review habitat fit, introduced status and game value before inclusion."
fish,129,yes,118614,Forkbeard,Phycis phycis,1,369,"iNaturalist regional candidate only; review habitat fit, introduced status and game value before inclusion."
fish,130,yes,96740,Blue Runner,Caranx crysos,1,366,"iNaturalist regional candidate only; review habitat fit, introduced status and game value before inclusion."
fish,131,yes,1649739,Canary Goby,Wheelerigobius canariensis,1,365,"iNaturalist regional candidate only; review habitat fit, introduced status and game value before inclusion."
fish,132,yes,101620,Sarato's Goby,Gobius fallax,1,356,"iNaturalist regional candidate only; review habitat fit, introduced status and game value before inclusion."
fish,133,yes,109062,European Perch,Perca fluviatilis,1,348,"iNaturalist regional candidate only; review habitat fit, introduced status and game value before inclusion."
fish,134,yes,338050,Marbled Goby,Pomatoschistus marmoratus,1,344,"iNaturalist regional candidate only; review habitat fit, introduced status and game value before inclusion."
fish,135,yes,424997,Prussian Carp,Carassius gibelio,1,342,"iNaturalist regional candidate only; review habitat fit, introduced status and game value before inclusion."
fish,136,yes,446242,Worm Pipefish,Nerophis lumbriciformis,1,342,"iNaturalist regional candidate only; review habitat fit, introduced status and game value before inclusion."
fish,137,yes,112581,Wels Catfish,Silurus glanis,1,339,"iNaturalist regional candidate only; review habitat fit, introduced status and game value before inclusion."
fish,138,yes,118597,Garfish,Belone belone,1,336,"iNaturalist regional candidate only; review habitat fit, introduced status and game value before inclusion."
fish,139,yes,118606,Connemarra Clingfish,Lepadogaster candolii,1,321,"iNaturalist regional candidate only; review habitat fit, introduced status and game value before inclusion."
fish,140,yes,131500,Goldspot Goby,Gnatholepis thompsoni,1,314,"iNaturalist regional candidate only; review habitat fit, introduced status and game value before inclusion."
fish,141,yes,102809,West African Seahorse,Hippocampus algiricus,1,312,"iNaturalist regional candidate only; review habitat fit, introduced status and game value before inclusion."
fish,142,yes,118591,Brown Moray,Gymnothorax unicolor,1,308,"iNaturalist regional candidate only; review habitat fit, introduced status and game value before inclusion."
fish,143,yes,101591,Pyrenean Gudgeon,Gobio lozanoi,1,306,"iNaturalist regional candidate only; review habitat fit, introduced status and game value before inclusion."
fish,144,yes,93140,Ruivaco,Achondrostoma oligolepis,1,304,"iNaturalist regional candidate only; review habitat fit, introduced status and game value before inclusion."
fish,145,yes,446588,Tripterygion tartessicum,Tripterygion tartessicum,1,296,"iNaturalist regional candidate only; review habitat fit, introduced status and game value before inclusion."
fish,146,yes,118711,Blotched Picarel,Spicara maena,1,277,"iNaturalist regional candidate only; review habitat fit, introduced status and game value before inclusion."
fish,147,yes,118625,Broadnosed Pipefish,Syngnathus typhle,1,277,"iNaturalist regional candidate only; review habitat fit, introduced status and game value before inclusion."
fish,148,yes,359902,Emerald Wrasse,Symphodus trutta,1,268,"iNaturalist regional candidate only; review habitat fit, introduced status and game value before inclusion."
fish,149,yes,187316,Amur Carp,Cyprinus rubrofuscus,1,265,"iNaturalist regional candidate only; review habitat fit, introduced status and game value before inclusion."
fish,150,yes,118880,Topmouth Gudgeon,Pseudorasbora parva,1,264,"iNaturalist regional candidate only; review habitat fit, introduced status and game value before inclusion."
fish,151,yes,472138,Shore Clingfish,Lepadogaster lepadogaster,1,263,"iNaturalist regional candidate only; review habitat fit, introduced status and game value before inclusion."
fish,152,yes,187675,Dalmatian Blenny,Microlipophrys dalmatinus,1,261,"iNaturalist regional candidate only; review habitat fit, introduced status and game value before inclusion."
fish,153,no,47635,European Bullhead,Cottus gobio,1,260,"iNaturalist regional candidate only; review habitat fit, introduced status and game value before inclusion."
fish,154,no,621911,Streaked Gurnard,Chelidonichthys lastoviza,1,258,"iNaturalist regional candidate only; review habitat fit, introduced status and game value before inclusion."
fish,155,no,580747,Bright Glasseye,Heteropriacanthus fulgens,1,254,"iNaturalist regional candidate only; review habitat fit, introduced status and game value before inclusion."
fish,156,no,101626,Yellow-headed Goby,Gobius xanthocephalus,1,250,"iNaturalist regional candidate only; review habitat fit, introduced status and game value before inclusion."
fish,157,no,50971,Barred Hogfish,Bodianus scrofa,1,245,"iNaturalist regional candidate only; review habitat fit, introduced status and game value before inclusion."
fish,158,no,127706,Brown Garden Eel,Heteroconger longissimus,1,241,"iNaturalist regional candidate only; review habitat fit, introduced status and game value before inclusion."
fish,159,no,623936,Thinlip Mullet,Chelon ramada,1,240,"iNaturalist regional candidate only; review habitat fit, introduced status and game value before inclusion."
fish,160,no,64452,Mottled Grouper,Mycteroperca rubra,1,230,"iNaturalist regional candidate only; review habitat fit, introduced status and game value before inclusion."
fish,161,no,118700,Steven's Goby,Gobius gasteveni,1,226,"iNaturalist regional candidate only; review habitat fit, introduced status and game value before inclusion."
fish,162,no,50984,Bluefish,Pomatomus saltatrix,1,222,"iNaturalist regional candidate only; review habitat fit, introduced status and game value before inclusion."
fish,163,no,112120,Italian rudd,Scardinius hesperidicus,1,221,"iNaturalist regional candidate only; review habitat fit, introduced status and game value before inclusion."
fish,164,no,243643,Fangtooth Moray,Enchelycore anatina,1,220,"iNaturalist regional candidate only; review habitat fit, introduced status and game value before inclusion."
fish,165,no,446061,Roule's Goby,Gobius roulei,1,216,"iNaturalist regional candidate only; review habitat fit, introduced status and game value before inclusion."
fish,166,no,1416287,Freshwater Blenny,Salariopsis fluviatilis,1,215,"iNaturalist regional candidate only; review habitat fit, introduced status and game value before inclusion."
fish,167,no,48403,Threespine Stickleback,Gasterosteus aculeatus,1,211,"iNaturalist regional candidate only; review habitat fit, introduced status and game value before inclusion."
fish,168,no,359901,African Striped Grunt,Parapristipoma octolineatum,1,203,"iNaturalist regional candidate only; review habitat fit, introduced status and game value before inclusion."
fish,169,no,68069,Lusitanian toadfish,Halobatrachus didactylus,1,199,"iNaturalist regional candidate only; review habitat fit, introduced status and game value before inclusion."
fish,170,no,118624,Greater Pipefish,Syngnathus acus,1,199,"iNaturalist regional candidate only; review habitat fit, introduced status and game value before inclusion."
fish,171,no,118628,Tub Gurnard,Chelidonichthys lucerna,1,196,"iNaturalist regional candidate only; review habitat fit, introduced status and game value before inclusion."
fish,172,no,98108,Southern Iberian Spined Loach,Cobitis paludica,1,195,"iNaturalist regional candidate only; review habitat fit, introduced status and game value before inclusion."
fish,173,no,93612,Alborella,Alburnus arborella,1,193,"iNaturalist regional candidate only; review habitat fit, introduced status and game value before inclusion."
fish,174,no,113001,Northern Iberian chub,Squalius carolitertii,1,188,"iNaturalist regional candidate only; review habitat fit, introduced status and game value before inclusion."
fish,175,no,114177,Tench,Tinca tinca,1,183,"iNaturalist regional candidate only; review habitat fit, introduced status and game value before inclusion."
fish,176,no,118600,European Sardine,Sardina pilchardus,1,182,"iNaturalist regional candidate only; review habitat fit, introduced status and game value before inclusion."
fish,177,no,118594,Sand Smelt,Atherina presbyter,1,181,"iNaturalist regional candidate only; review habitat fit, introduced status and game value before inclusion."
fish,178,no,132368,Silver Puffer,Lagocephalus sceleratus,1,177,"iNaturalist regional candidate only; review habitat fit, introduced status and game value before inclusion."
fish,179,no,179551,Hairy Blenny,Labrisomus nuchipinnis,1,176,"iNaturalist regional candidate only; review habitat fit, introduced status and game value before inclusion."
fish,180,no,613689,Calandino,Squalius alburnoides,1,171,"iNaturalist regional candidate only; review habitat fit, introduced status and game value before inclusion."
fish,181,no,98092,Italian Spined Loach,Cobitis bilineata,1,170,"iNaturalist regional candidate only; review habitat fit, introduced status and game value before inclusion."
fish,182,no,120699,Starry Weever,Trachinus radiatus,1,170,"iNaturalist regional candidate only; review habitat fit, introduced status and game value before inclusion."
fish,183,no,48156,Zander,Sander lucioperca,1,169,"iNaturalist regional candidate only; review habitat fit, introduced status and game value before inclusion."
fish,184,no,56940,Atlantic Bonito,Sarda sarda,1,169,"iNaturalist regional candidate only; review habitat fit, introduced status and game value before inclusion."
fish,185,no,118616,Spotted Seabass,Dicentrarchus punctatus,1,168,"iNaturalist regional candidate only; review habitat fit, introduced status and game value before inclusion."
fish,186,no,49596,Brook Trout,Salvelinus fontinalis,1,167,"iNaturalist regional candidate only; review habitat fit, introduced status and game value before inclusion."
fish,187,no,128425,Oriental Weatherfish,Misgurnus anguillicaudatus,1,166,"iNaturalist regional candidate only; review habitat fit, introduced status and game value before inclusion."
fish,188,no,51553,Almaco Jack,Seriola rivoliana,1,166,"iNaturalist regional candidate only; review habitat fit, introduced status and game value before inclusion."
fish,189,no,617424,Reticulated Leatherjacket,Stephanolepis diaspros,1,164,"iNaturalist regional candidate only; review habitat fit, introduced status and game value before inclusion."
fish,190,no,118709,Leerfish,Lichia amia,1,163,"iNaturalist regional candidate only; review habitat fit, introduced status and game value before inclusion."
fish,191,no,49601,Common Mola,Mola mola,1,161,"iNaturalist regional candidate only; review habitat fit, introduced status and game value before inclusion."
fish,192,no,118698,Leopard-spotted Goby,Thorogobius ephippiatus,1,161,"iNaturalist regional candidate only; review habitat fit, introduced status and game value before inclusion."
fish,193,no,118687,Tentacled Blenny,Parablennius tentacularis,1,156,"iNaturalist regional candidate only; review habitat fit, introduced status and game value before inclusion."
fish,194,no,69989,Common Roach,Rutilus rutilus,1,155,"iNaturalist regional candidate only; review habitat fit, introduced status and game value before inclusion."
fish,195,no,105789,Black-headed Blenny,Microlipophrys nigriceps,1,154,"iNaturalist regional candidate only; review habitat fit, introduced status and game value before inclusion."
fish,196,no,613573,Rovella,Sarmarutilus rubilio,1,153,"iNaturalist regional candidate only; review habitat fit, introduced status and game value before inclusion."
fish,197,no,81554,Channel Catfish,Ictalurus punctatus,1,151,"iNaturalist regional candidate only; review habitat fit, introduced status and game value before inclusion."
fish,198,no,118599,Round Sardinella,Sardinella aurita,1,151,"iNaturalist regional candidate only; review habitat fit, introduced status and game value before inclusion."
fish,199,no,113528,Baillon's Wrasse,Symphodus bailloni,1,151,"iNaturalist regional candidate only; review habitat fit, introduced status and game value before inclusion."
fish,200,no,118601,Pouting,Trisopterus luscus,1,151,"iNaturalist regional candidate only; review habitat fit, introduced status and game value before inclusion."
fish,201,no,104842,Andalusian Barbel,Luciobarbus sclateri,1,150,"iNaturalist regional candidate only; review habitat fit, introduced status and game value before inclusion."
fish,202,no,103914,Green Wrasse,Labrus viridis,1,148,"iNaturalist regional candidate only; review habitat fit, introduced status and game value before inclusion."
fish,203,no,360093,Red Squirrelfish,Sargocentron rubrum,1,147,"iNaturalist regional candidate only; review habitat fit, introduced status and game value before inclusion."
fish,204,no,110042,Common Goby,Pomatoschistus microps,1,143,"iNaturalist regional candidate only; review habitat fit, introduced status and game value before inclusion."
fish,205,no,109311,Adour Minnow,Phoxinus bigerri,1,139,"iNaturalist regional candidate only; review habitat fit, introduced status and game value before inclusion."
fish,206,no,103913,Cuckoo Wrasse,Labrus mixtus,1,138,"iNaturalist regional candidate only; review habitat fit, introduced status and game value before inclusion."
fish,207,no,1316741,Blacktailed Wrasse,Symphodus melanocercus,1,137,"iNaturalist regional candidate only; review habitat fit, introduced status and game value before inclusion."
fish,208,no,101585,Common Gudgeon,Gobio gobio,1,134,"iNaturalist regional candidate only; review habitat fit, introduced status and game value before inclusion."
fish,209,no,118649,Lesser Weever,Echiichthys vipera,1,133,"iNaturalist regional candidate only; review habitat fit, introduced status and game value before inclusion."
fish,210,no,114126,Atlantic Bluefin Tuna,Thunnus thynnus,1,133,"iNaturalist regional candidate only; review habitat fit, introduced status and game value before inclusion."
fish,211,no,618436,European Finless Eel,Apterichtus caecus,1,131,"iNaturalist regional candidate only; review habitat fit, introduced status and game value before inclusion."
fish,212,no,95147,Common Barbel,Barbus barbus,1,131,"iNaturalist regional candidate only; review habitat fit, introduced status and game value before inclusion."
fish,213,no,446060,Couch's Goby,Gobius couchi,1,131,"iNaturalist regional candidate only; review habitat fit, introduced status and game value before inclusion."
fish,214,no,118622,John Dory,Zeus faber,1,131,"iNaturalist regional candidate only; review habitat fit, introduced status and game value before inclusion."
fish,215,no,118695,Atlantic Horse Mackerel,Trachurus trachurus,1,130,"iNaturalist regional candidate only; review habitat fit, introduced status and game value before inclusion."
fish,216,no,120632,Madeiran Sardinella,Sardinella maderensis,1,129,"iNaturalist regional candidate only; review habitat fit, introduced status and game value before inclusion."
fish,217,no,98753,Goldsinny Wrasse,Ctenolabrus rupestris,1,126,"iNaturalist regional candidate only; review habitat fit, introduced status and game value before inclusion."
fish,218,no,120610,Red-banded Seabream,Pagrus auriga,1,126,"iNaturalist regional candidate only; review habitat fit, introduced status and game value before inclusion."
fish,219,no,187674,Adriatic Blenny,Microlipophrys adriaticus,1,125,"iNaturalist regional candidate only; review habitat fit, introduced status and game value before inclusion."
fish,220,no,109633,Keeltail Needlefish,Platybelone argalus,1,122,"iNaturalist regional candidate only; review habitat fit, introduced status and game value before inclusion."
fish,221,no,786323,Golden Grey Mullet,Chelon auratus,1,121,"iNaturalist regional candidate only; review habitat fit, introduced status and game value before inclusion."
fish,222,no,111757,European Bitterling,Rhodeus amarus,1,121,"iNaturalist regional candidate only; review habitat fit, introduced status and game value before inclusion."
fish,223,no,118699,Golden Goby,Gobius auratus,1,120,"iNaturalist regional candidate only; review habitat fit, introduced status and game value before inclusion."
fish,224,no,118716,Sailfin Dragonet,Callionymus pusillus,1,118,"iNaturalist regional candidate only; review habitat fit, introduced status and game value before inclusion."
fish,225,no,110039,Bath's Goby,Pomatoschistus bathi,1,117,"iNaturalist regional candidate only; review habitat fit, introduced status and game value before inclusion."
fish,226,no,564867,Atlantic Wrasse,Symphodus caeruleus,1,117,"iNaturalist regional candidate only; review habitat fit, introduced status and game value before inclusion."
fish,227,no,118648,Spotted Weever,Trachinus araneus,1,115,"iNaturalist regional candidate only; review habitat fit, introduced status and game value before inclusion."
fish,228,no,93704,Twaite Shad,Alosa fallax,1,111,"iNaturalist regional candidate only; review habitat fit, introduced status and game value before inclusion."
fish,229,no,118712,Picarel,Spicara smaris,1,110,"iNaturalist regional candidate only; review habitat fit, introduced status and game value before inclusion."
fish,230,no,49927,Spotfin Burrfish,Chilomycterus reticulatus,1,109,"iNaturalist regional candidate only; review habitat fit, introduced status and game value before inclusion."
fish,231,no,110977,Iberian Nase,Pseudochondrostoma polylepis,1,108,"iNaturalist regional candidate only; review habitat fit, introduced status and game value before inclusion."
fish,232,no,112118,Common Rudd,Scardinius erythrophthalmus,1,106,"iNaturalist regional candidate only; review habitat fit, introduced status and game value before inclusion."
fish,233,no,69841,Atlantic Chub Mackerel,Scomber colias,1,106,"iNaturalist regional candidate only; review habitat fit, introduced status and game value before inclusion."
fish,234,no,95319,Italian Barbel,Barbus plebejus,1,105,"iNaturalist regional candidate only; review habitat fit, introduced status and game value before inclusion."
fish,235,no,96913,Small-mouthed Wrasse,Centrolabrus exoletus,1,102,"iNaturalist regional candidate only; review habitat fit, introduced status and game value before inclusion."
fish,236,no,111946,Marble Trout,Salmo marmoratus,1,99,"iNaturalist regional candidate only; review habitat fit, introduced status and game value before inclusion."
fish,237,no,120669,Senegalese Sole,Solea senegalensis,1,99,"iNaturalist regional candidate only; review habitat fit, introduced status and game value before inclusion."
fish,238,no,94258,Mediterranean Banded Killifish,Aphanius fasciatus,1,97,"iNaturalist regional candidate only; review habitat fit, introduced status and game value before inclusion."
fish,239,no,51910,European Anchovy,Engraulis encrasicolus,1,96,"iNaturalist regional candidate only; review habitat fit, introduced status and game value before inclusion."
fish,240,no,118592,Giant Snake Eel,Ophisurus serpens,1,96,"iNaturalist regional candidate only; review habitat fit, introduced status and game value before inclusion."
fish,241,no,120614,Little Tunny,Euthynnus alletteratus,1,93,"iNaturalist regional candidate only; review habitat fit, introduced status and game value before inclusion."
fish,242,no,613179,North Italian Roach,Leucos aula,1,92,"iNaturalist regional candidate only; review habitat fit, introduced status and game value before inclusion."
fish,243,no,1316614,Two-spotted Goby,Pomatoschistus flavescens,1,92,"iNaturalist regional candidate only; review habitat fit, introduced status and game value before inclusion."
fish,244,no,608753,Red Sea Hardyhead Silverside,Atherinomorus forskalii,1,87,"iNaturalist regional candidate only; review habitat fit, introduced status and game value before inclusion."
fish,245,no,96128,Stone Goby,Buenia affinis,1,87,"iNaturalist regional candidate only; review habitat fit, introduced status and game value before inclusion."
fish,246,no,486180,Southern Pike,Esox cisalpinus,1,84,"iNaturalist regional candidate only; review habitat fit, introduced status and game value before inclusion."
fish,247,no,56899,Chameleon Cichlid,Australoheros facetus,1,83,"iNaturalist regional candidate only; review habitat fit, introduced status and game value before inclusion."
fish,248,no,131523,Bermuda Chub,Kyphosus sectatrix,1,83,"iNaturalist regional candidate only; review habitat fit, introduced status and game value before inclusion."
fish,249,no,620469,Canary Scorpionfish,Scorpaena canariensis,1,83,"iNaturalist regional candidate only; review habitat fit, introduced status and game value before inclusion."
fish,250,no,98531,Common Dolphinfish,Coryphaena hippurus,1,82,"iNaturalist regional candidate only; review habitat fit, introduced status and game value before inclusion."
fish,251,no,118678,Atlantic Mackerel,Scomber scombrus,1,82,"iNaturalist regional candidate only; review habitat fit, introduced status and game value before inclusion."
fish,252,no,1316229,Imperial Needlefish,Tylosurus imperialis,1,82,"iNaturalist regional candidate only; review habitat fit, introduced status and game value before inclusion."
fish,253,no,446153,Guillet's goby,Lebetus guilleti,1,80,"iNaturalist regional candidate only; review habitat fit, introduced status and game value before inclusion."
fish,254,no,1316692,Grass Goby,Gobius ophiocephalus,1,79,"iNaturalist regional candidate only; review habitat fit, introduced status and game value before inclusion."
fish,255,no,338048,Topknot,Zeugopterus punctatus,1,79,"iNaturalist regional candidate only; review habitat fit, introduced status and game value before inclusion."
fish,256,no,120693,Spotfin Scad,Caranx rhonchus,1,76,"iNaturalist regional candidate only; review habitat fit, introduced status and game value before inclusion."
fish,257,no,118602,Shore Rockling,Gaidropsarus mediterraneus,1,76,"iNaturalist regional candidate only; review habitat fit, introduced status and game value before inclusion."
fish,258,no,113584,Darkflank Pipefish,Syngnathus taenionotus,1,76,"iNaturalist regional candidate only; review habitat fit, introduced status and game value before inclusion."
fish,259,no,92984,Common Bream,Abramis brama,1,74,"iNaturalist regional candidate only; review habitat fit, introduced status and game value before inclusion."
fish,260,no,210173,Brassy Drummer,Kyphosus vaigiensis,1,74,"iNaturalist regional candidate only; review habitat fit, introduced status and game value before inclusion."
fish,261,no,113578,Black-striped Pipefish,Syngnathus abaster,1,74,"iNaturalist regional candidate only; review habitat fit, introduced status and game value before inclusion."
fish,262,no,342287,Painted Goby,Pomatoschistus pictus,1,72,"iNaturalist regional candidate only; review habitat fit, introduced status and game value before inclusion."
fish,263,no,110976,Douro Nase,Pseudochondrostoma duriense,1,72,"iNaturalist regional candidate only; review habitat fit, introduced status and game value before inclusion."
fish,264,no,118680,Common Drum,Umbrina cirrosa,1,72,"iNaturalist regional candidate only; review habitat fit, introduced status and game value before inclusion."
fish,265,no,118717,Common Dragonet,Callionymus lyra,1,71,"iNaturalist regional candidate only; review habitat fit, introduced status and game value before inclusion."
fish,266,no,95277,Southern Barbel,Barbus meridionalis,1,69,"iNaturalist regional candidate only; review habitat fit, introduced status and game value before inclusion."
fish,267,no,104839,Ebro barbel,Luciobarbus graellsii,1,69,"iNaturalist regional candidate only; review habitat fit, introduced status and game value before inclusion."
fish,268,no,128500,Grass Carp,Ctenopharyngodon idella,1,67,"iNaturalist regional candidate only; review habitat fit, introduced status and game value before inclusion."
fish,269,no,154500,Weakfish,Cynoscion regalis,1,66,"iNaturalist regional candidate only; review habitat fit, introduced status and game value before inclusion."
fish,270,no,68118,White Grouper,Epinephelus aeneus,1,66,"iNaturalist regional candidate only; review habitat fit, introduced status and game value before inclusion."
fish,271,no,101625,Striped Goby,Gobius vittatus,1,66,"iNaturalist regional candidate only; review habitat fit, introduced status and game value before inclusion."
fish,272,no,105894,Large-headed Goby,Millerigobius macrocephalus,1,66,"iNaturalist regional candidate only; review habitat fit, introduced status and game value before inclusion."
fish,273,no,619059,Rhomboid Sweeper,Pempheris rhomboidea,1,66,"iNaturalist regional candidate only; review habitat fit, introduced status and game value before inclusion."
fish,274,no,107889,Mozambique Tilapia,Oreochromis mossambicus,1,65,"iNaturalist regional candidate only; review habitat fit, introduced status and game value before inclusion."
fish,275,no,113530,Doderlein's Wrasse,Symphodus doderleini,1,65,"iNaturalist regional candidate only; review habitat fit, introduced status and game value before inclusion."
fish,276,no,120638,Klein's Sole,Synapturichthys kleinii,1,64,"iNaturalist regional candidate only; review habitat fit, introduced status and game value before inclusion."
fish,277,no,49498,Scrawled Filefish,Aluterus scriptus,1,62,"iNaturalist regional candidate only; review habitat fit, introduced status and game value before inclusion."
fish,278,no,110675,South European Nase,Protochondrostoma genei,1,61,"iNaturalist regional candidate only; review habitat fit, introduced status and game value before inclusion."
fish,279,no,472137,Cornish Sucker,Lepadogaster purpurea,1,60,"iNaturalist regional candidate only; review habitat fit, introduced status and game value before inclusion."
fish,280,no,613166,Asp,Leuciscus aspius,1,59,"iNaturalist regional candidate only; review habitat fit, introduced status and game value before inclusion."
fish,281,no,95171,Brook barbel,Barbus caninus,1,58,"iNaturalist regional candidate only; review habitat fit, introduced status and game value before inclusion."
fish,282,no,445866,Senegal seabream,Diplodus bellottii,1,58,"iNaturalist regional candidate only; review habitat fit, introduced status and game value before inclusion."
fish,283,no,118603,European Hake,Merluccius merluccius,1,56,"iNaturalist regional candidate only; review habitat fit, introduced status and game value before inclusion."
fish,284,no,111914,Italian Golden Loach,Sabanejewia larvata,1,56,"iNaturalist regional candidate only; review habitat fit, introduced status and game value before inclusion."
fish,285,no,118635,Sand Sole,Pegusa lascaris,1,55,"iNaturalist regional candidate only; review habitat fit, introduced status and game value before inclusion."
fish,286,no,173412,Guppy,Poecilia reticulata,1,55,"iNaturalist regional candidate only; review habitat fit, introduced status and game value before inclusion."
fish,287,no,333992,Southern Iberian chub,Squalius pyrenaicus,1,55,"iNaturalist regional candidate only; review habitat fit, introduced status and game value before inclusion."
fish,288,no,108185,Arno Goby,Padogobius nigricans,1,54,"iNaturalist regional candidate only; review habitat fit, introduced status and game value before inclusion."
fish,289,no,618435,Slender Finless Eel,Apterichtus anguiformis,1,53,"iNaturalist regional candidate only; review habitat fit, introduced status and game value before inclusion."
fish,290,no,120667,Thor's Scaldfish,Arnoglossus thori,1,53,"iNaturalist regional candidate only; review habitat fit, introduced status and game value before inclusion."
fish,291,no,113005,Illyrian Chub,Squalius illyricus,1,53,"iNaturalist regional candidate only; review habitat fit, introduced status and game value before inclusion."
fish,292,no,120647,Canary Drum,Umbrina canariensis,1,53,"iNaturalist regional candidate only; review habitat fit, introduced status and game value before inclusion."
fish,293,no,115167,Broadbill Swordfish,Xiphias gladius,1,51,"iNaturalist regional candidate only; review habitat fit, introduced status and game value before inclusion."
fish,294,no,120680,Pink Dentex,Dentex gibbosus,1,49,"iNaturalist regional candidate only; review habitat fit, introduced status and game value before inclusion."
fish,295,no,130386,Longspined Bullhead,Taurulus bubalis,1,49,"iNaturalist regional candidate only; review habitat fit, introduced status and game value before inclusion."
fish,296,no,504432,Leopard Eel,Myrichthys pardalis,1,48,"iNaturalist regional candidate only; review habitat fit, introduced status and game value before inclusion."
fish,297,no,118657,Blackspot Seabream,Pagellus bogaraveo,1,47,"iNaturalist regional candidate only; review habitat fit, introduced status and game value before inclusion."
fish,298,no,49402,Atlantic Sergeant Major,Abudefduf saxatilis,1,46,"iNaturalist regional candidate only; review habitat fit, introduced status and game value before inclusion."
fish,299,no,109631,European Flounder,Platichthys flesus,1,45,"iNaturalist regional candidate only; review habitat fit, introduced status and game value before inclusion."
fish,300,no,445771,Brito's goby,Chromogobius britoi,1,44,"iNaturalist regional candidate only; review habitat fit, introduced status and game value before inclusion."
fish,301,no,118607,Two-spotted Sucker,Diplecogaster bimaculata,1,44,"iNaturalist regional candidate only; review habitat fit, introduced status and game value before inclusion."
fish,302,no,47255,European Barracuda,Sphyraena sphyraena,1,43,"iNaturalist regional candidate only; review habitat fit, introduced status and game value before inclusion."
fish,303,no,1316876,Iberian toothcarp,Apricaphanius iberus,1,42,"iNaturalist regional candidate only; review habitat fit, introduced status and game value before inclusion."
fish,304,no,103249,Portuguese arched-mouth nase,Iberochondrostoma lusitanicum,1,42,"iNaturalist regional candidate only; review habitat fit, introduced status and game value before inclusion."
fish,305,no,52464,Black Triggerfish,Melichthys niger,1,42,"iNaturalist regional candidate only; review habitat fit, introduced status and game value before inclusion."
fish,306,no,118610,Angler,Lophius piscatorius,1,41,"iNaturalist regional candidate only; review habitat fit, introduced status and game value before inclusion."
fish,307,no,113013,Maritza Chub,Squalius orpheus,1,41,"iNaturalist regional candidate only; review habitat fit, introduced status and game value before inclusion."
fish,308,no,142759,Little Bellowsfish,Macroramphosus gracilis,1,40,"iNaturalist regional candidate only; review habitat fit, introduced status and game value before inclusion."
fish,309,no,416585,Turbot,Scophthalmus maximus,1,40,"iNaturalist regional candidate only; review habitat fit, introduced status and game value before inclusion."
fish,310,no,113024,Vardar Chub,Squalius vardarensis,1,40,"iNaturalist regional candidate only; review habitat fit, introduced status and game value before inclusion."
fish,311,no,120689,Lesser Amberjack,Seriola fasciata,1,39,"iNaturalist regional candidate only; review habitat fit, introduced status and game value before inclusion."
fish,312,no,118637,Eckström's Topknot,Zeugopterus regius,1,39,"iNaturalist regional candidate only; review habitat fit, introduced status and game value before inclusion."
fish,313,no,120635,Ocean Puffer,Lagocephalus lagocephalus,1,38,"iNaturalist regional candidate only; review habitat fit, introduced status and game value before inclusion."
fish,314,no,118714,Cline,Clinitrachus argentatus,1,37,"iNaturalist regional candidate only; review habitat fit, introduced status and game value before inclusion."
fish,315,no,98097,Danubian Spined Loach,Cobitis elongatoides,1,37,"iNaturalist regional candidate only; review habitat fit, introduced status and game value before inclusion."
fish,316,no,111974,Arctic Char,Salvelinus alpinus,1,37,"iNaturalist regional candidate only; review habitat fit, introduced status and game value before inclusion."
fish,317,no,479674,Rubber-lip Grunt,Plectorhinchus mediterraneus,1,36,"iNaturalist regional candidate only; review habitat fit, introduced status and game value before inclusion."
fish,318,no,332553,Atlantic Pollock,Pollachius pollachius,1,36,"iNaturalist regional candidate only; review habitat fit, introduced status and game value before inclusion."
fish,319,no,111927,Basilisk Blenny,Salaria basilisca,1,36,"iNaturalist regional candidate only; review habitat fit, introduced status and game value before inclusion."
fish,320,no,1316691,Italian Spring Goby,Orsinigobius punctatissimus,1,35,"iNaturalist regional candidate only; review habitat fit, introduced status and game value before inclusion."
fish,321,no,118694,Mediterranean Horse Mackerel,Trachurus mediterraneus,1,35,"iNaturalist regional candidate only; review habitat fit, introduced status and game value before inclusion."
fish,322,no,95382,Horse Barbel,Barbus tyberinus,1,33,"iNaturalist regional candidate only; review habitat fit, introduced status and game value before inclusion."
fish,323,no,98411,Liechtenstein's Goby,Corcyrogobius liechtensteini,1,33,"iNaturalist regional candidate only; review habitat fit, introduced status and game value before inclusion."
fish,324,no,608309,Pharaoh Cardinalfish,Apogonichthyoides pharaonis,1,32,"iNaturalist regional candidate only; review habitat fit, introduced status and game value before inclusion."
fish,325,no,118684,Portuguese blenny,Parablennius ruber,1,32,"iNaturalist regional candidate only; review habitat fit, introduced status and game value before inclusion."
fish,326,no,109885,Sailfin Molly,Poecilia latipinna,1,32,"iNaturalist regional candidate only; review habitat fit, introduced status and game value before inclusion."
fish,327,no,95146,Danube Barbel,Barbus balcanicus,1,31,"iNaturalist regional candidate only; review habitat fit, introduced status and game value before inclusion."
fish,328,no,95218,Iberian redfin barbel,Barbus haasi,1,31,"iNaturalist regional candidate only; review habitat fit, introduced status and game value before inclusion."
fish,329,no,118626,Longfin Gurnard,Chelidonichthys obscurus,1,31,"iNaturalist regional candidate only; review habitat fit, introduced status and game value before inclusion."
fish,330,no,118636,Brill,Scophthalmus rhombus,1,31,"iNaturalist regional candidate only; review habitat fit, introduced status and game value before inclusion."
fish,331,no,49268,Blunthead Puffer,Sphoeroides pachygaster,1,31,"iNaturalist regional candidate only; review habitat fit, introduced status and game value before inclusion."
fish,332,no,93603,Schneider,Alburnoides bipunctatus,1,30,"iNaturalist regional candidate only; review habitat fit, introduced status and game value before inclusion."
fish,333,no,120694,Atlantic Tripletail,Lobotes surinamensis,1,30,"iNaturalist regional candidate only; review habitat fit, introduced status and game value before inclusion."
fish,334,no,93138,Bermejuela,Achondrostoma arcasii,1,29,"iNaturalist regional candidate only; review habitat fit, introduced status and game value before inclusion."
fish,335,no,95099,Stone Loach,Barbatula barbatula,1,29,"iNaturalist regional candidate only; review habitat fit, introduced status and game value before inclusion."
fish,336,no,113863,Epiros Riffle Dace,Telestes pleurobipunctatus,1,29,"iNaturalist regional candidate only; review habitat fit, introduced status and game value before inclusion."
fish,337,no,100083,Dogtooth Grouper,Epinephelus caninus,1,28,"iNaturalist regional candidate only; review habitat fit, introduced status and game value before inclusion."
fish,338,no,118710,Pilotfish,Naucrates ductor,1,28,"iNaturalist regional candidate only; review habitat fit, introduced status and game value before inclusion."
fish,339,no,64589,Boarfish,Capros aper,1,27,"iNaturalist regional candidate only; review habitat fit, introduced status and game value before inclusion."
fish,340,no,614465,Shy Goby,Didogobius kochi,1,27,"iNaturalist regional candidate only; review habitat fit, introduced status and game value before inclusion."
fish,341,no,615630,Sideburn wrasse,Pteragogus trispilus,1,27,"iNaturalist regional candidate only; review habitat fit, introduced status and game value before inclusion."
fish,342,no,113008,Ebro chub,Squalius laietanus,1,27,"iNaturalist regional candidate only; review habitat fit, introduced status and game value before inclusion."
fish,343,no,118697,Four-spotted Goby,Deltentosteus quadrimaculatus,1,26,"iNaturalist regional candidate only; review habitat fit, introduced status and game value before inclusion."
fish,344,no,109317,Languedoc minnow,Phoxinus septimaniae,1,26,"iNaturalist regional candidate only; review habitat fit, introduced status and game value before inclusion."
fish,345,no,110044,Quagga Goby,Pomatoschistus quagga,1,26,"iNaturalist regional candidate only; review habitat fit, introduced status and game value before inclusion."
fish,346,no,114127,European Grayling,Thymallus thymallus,1,26,"iNaturalist regional candidate only; review habitat fit, introduced status and game value before inclusion."
fish,347,no,120676,Blue Jack Mackerel,Trachurus picturatus,1,26,"iNaturalist regional candidate only; review habitat fit, introduced status and game value before inclusion."
fish,348,no,618483,Armless Snake Eel,Dalophis imberbis,1,25,"iNaturalist regional candidate only; review habitat fit, introduced status and game value before inclusion."
fish,349,no,118611,Black-bellied Angler,Lophius budegassa,1,25,"iNaturalist regional candidate only; review habitat fit, introduced status and game value before inclusion."
fish,350,no,47240,Common Bellowsfish,Macroramphosus scolopax,1,25,"iNaturalist regional candidate only; review habitat fit, introduced status and game value before inclusion."
fish,351,no,430030,Balkan Brook Trout,Salmo farioides,1,25,"iNaturalist regional candidate only; review habitat fit, introduced status and game value before inclusion."
fish,352,no,1315066,Baetican toothcarp,Apricaphanius baeticus,1,24,"iNaturalist regional candidate only; review habitat fit, introduced status and game value before inclusion."
fish,353,no,1277075,Barbus fucini,Barbus fucini,1,24,"iNaturalist regional candidate only; review habitat fit, introduced status and game value before inclusion."
fish,354,no,95353,Strumica Barbel,Barbus strumicae,1,24,"iNaturalist regional candidate only; review habitat fit, introduced status and game value before inclusion."
fish,355,no,1545462,Atlantic Spined Loach,Cobitis atlantica,1,24,"iNaturalist regional candidate only; review habitat fit, introduced status and game value before inclusion."
fish,356,no,103710,Adriatic Dwarf Goby,Knipowitschia panizzae,1,24,"iNaturalist regional candidate only; review habitat fit, introduced status and game value before inclusion."
fish,357,no,99696,Western Greece Goby,Economidichthys pygmaeus,1,23,"iNaturalist regional candidate only; review habitat fit, introduced status and game value before inclusion."
fish,358,no,118615,Mediterranean Sand Eel,Gymnammodytes cicerelus,1,23,"iNaturalist regional candidate only; review habitat fit, introduced status and game value before inclusion."
fish,359,no,104840,Eastern Iberian barbel,Luciobarbus guiraonis,1,23,"iNaturalist regional candidate only; review habitat fit, introduced status and game value before inclusion."
fish,360,no,121324,Nile Tilapia,Oreochromis niloticus,1,23,"iNaturalist regional candidate only; review habitat fit, introduced status and game value before inclusion."
fish,361,no,118679,Brown Meagre,Argyrosomus regius,1,22,"iNaturalist regional candidate only; review habitat fit, introduced status and game value before inclusion."
fish,362,no,95811,Silver Bream,Blicca bjoerkna,1,21,"iNaturalist regional candidate only; review habitat fit, introduced status and game value before inclusion."
fish,363,no,118632,Whiskered Sole,Monochirus hispidus,1,21,"iNaturalist regional candidate only; review habitat fit, introduced status and game value before inclusion."
fish,364,no,111859,Italian Gudgeon,Romanogobio benacensis,1,21,"iNaturalist regional candidate only; review habitat fit, introduced status and game value before inclusion."
fish,365,no,113015,Peloponnese Chub,Squalius peloponensis,1,21,"iNaturalist regional candidate only; review habitat fit, introduced status and game value before inclusion."
fish,366,no,530136,Slender Shrimpgoby,Vanderhorstia mertensi,1,21,"iNaturalist regional candidate only; review habitat fit, introduced status and game value before inclusion."
fish,367,no,118715,Risso's Dragonet,Callionymus risso,1,20,"iNaturalist regional candidate only; review habitat fit, introduced status and game value before inclusion."
fish,368,no,320326,Five-bearded Rockling,Ciliata mustela,1,20,"iNaturalist regional candidate only; review habitat fit, introduced status and game value before inclusion."
fish,369,no,1316049,Rhodes minnow,Ladigesocypris ghigii,1,20,"iNaturalist regional candidate only; review habitat fit, introduced status and game value before inclusion."
fish,370,no,108445,Ebro nase,Parachondrostoma miegii,1,20,"iNaturalist regional candidate only; review habitat fit, introduced status and game value before inclusion."
fish,371,no,48648,Atlantic Salmon,Salmo salar,1,20,"iNaturalist regional candidate only; review habitat fit, introduced status and game value before inclusion."
fish,372,no,113009,Toscana Stream Chub,Squalius lucumonis,1,20,"iNaturalist regional candidate only; review habitat fit, introduced status and game value before inclusion."
fish,373,no,321550,Fusca Drum,Umbrina ronchus,1,20,"iNaturalist regional candidate only; review habitat fit, introduced status and game value before inclusion."
fish,374,no,1313296,Pallaoro's Goby,Zebrus pallaoroi,1,20,"iNaturalist regional candidate only; review habitat fit, introduced status and game value before inclusion."
fish,375,no,95313,Peloponnese Barbel,Barbus peloponnesius,1,19,"iNaturalist regional candidate only; review habitat fit, introduced status and game value before inclusion."
fish,376,no,1314946,Lisbon Arched-mouth Nase,Iberochondrostoma olisiponense,1,19,"iNaturalist regional candidate only; review habitat fit, introduced status and game value before inclusion."
fish,377,no,120605,Solea aegyptiaca,Solea aegyptiaca,1,19,"iNaturalist regional candidate only; review habitat fit, introduced status and game value before inclusion."
fish,378,no,114111,Large-scaled Goby,Thorogobius macrolepis,1,19,"iNaturalist regional candidate only; review habitat fit, introduced status and game value before inclusion."
fish,379,no,118608,Small-headed Clingfish,Apletodon dentatus,1,18,"iNaturalist regional candidate only; review habitat fit, introduced status and game value before inclusion."
fish,380,no,445669,Grohmann's Scald-fish,Arnoglossus grohmanni,1,18,"iNaturalist regional candidate only; review habitat fit, introduced status and game value before inclusion."
fish,381,no,95348,Sperchios Barbel,Barbus sperchiensis,1,18,"iNaturalist regional candidate only; review habitat fit, introduced status and game value before inclusion."
fish,382,no,84179,Ray's Bream,Brama brama,1,18,"iNaturalist regional candidate only; review habitat fit, introduced status and game value before inclusion."
fish,383,no,97761,Banded Goby,Chromogobius quadrivittatus,1,18,"iNaturalist regional candidate only; review habitat fit, introduced status and game value before inclusion."
fish,384,no,98113,Struma Spined Loach,Cobitis strumicae,1,18,"iNaturalist regional candidate only; review habitat fit, introduced status and game value before inclusion."
fish,385,no,48844,Sharksucker,Echeneis naucrates,1,18,"iNaturalist regional candidate only; review habitat fit, introduced status and game value before inclusion."
fish,386,no,101887,Ruffe,Gymnocephalus cernua,1,18,"iNaturalist regional candidate only; review habitat fit, introduced status and game value before inclusion."
fish,387,no,187636,Albanian Barbel,Luciobarbus albanicus,1,18,"iNaturalist regional candidate only; review habitat fit, introduced status and game value before inclusion."
fish,388,no,118623,Straightnose Pipefish,Nerophis ophidion,1,18,"iNaturalist regional candidate only; review habitat fit, introduced status and game value before inclusion."
fish,389,no,111898,Pigo,Rutilus pigus,1,18,"iNaturalist regional candidate only; review habitat fit, introduced status and game value before inclusion."
fish,390,no,1316405,Salmo ghigii,Salmo ghigii,1,18,"iNaturalist regional candidate only; review habitat fit, introduced status and game value before inclusion."
fish,391,no,55396,Common Sole,Solea solea,1,18,"iNaturalist regional candidate only; review habitat fit, introduced status and game value before inclusion."
fish,392,no,118629,Blackbelly Rosefish,Helicolenus dactylopterus,1,17,"iNaturalist regional candidate only; review habitat fit, introduced status and game value before inclusion."
fish,393,no,1360105,Alexandria Pompano,Scyris alexandrina,1,17,"iNaturalist regional candidate only; review habitat fit, introduced status and game value before inclusion."
fish,394,no,344897,Twospot Cardinalfish,Cheilodipterus novemstriatus,1,16,"iNaturalist regional candidate only; review habitat fit, introduced status and game value before inclusion."
fish,395,no,317159,Atlantic Oyster Blenny,Hypleurochilus pseudoaequipinnis,1,16,"iNaturalist regional candidate only; review habitat fit, introduced status and game value before inclusion."
fish,396,no,617620,Por's Goatfish,Upeneus pori,1,16,"iNaturalist regional candidate only; review habitat fit, introduced status and game value before inclusion."
fish,397,no,97713,Italian Nase,Chondrostoma soetta,1,15,"iNaturalist regional candidate only; review habitat fit, introduced status and game value before inclusion."
fish,398,no,101592,Balkan Gudgeon,Gobio obtusirostris,1,15,"iNaturalist regional candidate only; review habitat fit, introduced status and game value before inclusion."
fish,399,no,104813,Burbot,Lota lota,1,15,"iNaturalist regional candidate only; review habitat fit, introduced status and game value before inclusion."
fish,400,no,459325,Daisy Pearlside,Maurolicus muelleri,1,15,"iNaturalist regional candidate only; review habitat fit, introduced status and game value before inclusion."
amphibians,1,yes,66331,Iberian Green Frog,Pelophylax perezi,1,20742,"iNaturalist regional candidate only; review habitat fit, introduced status and game value before inclusion."
amphibians,2,yes,27726,Fire Salamander,Salamandra salamandra,1,18071,"iNaturalist regional candidate only; review habitat fit, introduced status and game value before inclusion."
amphibians,3,yes,326296,European Toad,Bufo bufo,1,15052,"iNaturalist regional candidate only; review habitat fit, introduced status and game value before inclusion."
amphibians,4,yes,134693,Spiny Toad,Bufo spinosus,1,12270,"iNaturalist regional candidate only; review habitat fit, introduced status and game value before inclusion."
amphibians,5,yes,25591,European Common Frog,Rana temporaria,1,12012,"iNaturalist regional candidate only; review habitat fit, introduced status and game value before inclusion."
amphibians,6,yes,65450,Natterjack Toad,Epidalea calamita,1,10540,"iNaturalist regional candidate only; review habitat fit, introduced status and game value before inclusion."
amphibians,7,yes,25669,Agile Frog,Rana dalmatina,1,5968,"iNaturalist regional candidate only; review habitat fit, introduced status and game value before inclusion."
amphibians,8,yes,25665,Iberian Frog,Rana iberica,1,4614,"iNaturalist regional candidate only; review habitat fit, introduced status and game value before inclusion."
amphibians,9,yes,27712,Marbled Newt,Triturus marmoratus,1,3733,"iNaturalist regional candidate only; review habitat fit, introduced status and game value before inclusion."
amphibians,10,yes,64378,Bosca's newt,Lissotriton boscai,1,3438,"iNaturalist regional candidate only; review habitat fit, introduced status and game value before inclusion."
amphibians,11,yes,27732,Lanza's Alpine Salamander,Salamandra lanzai,1,3155,"iNaturalist regional candidate only; review habitat fit, introduced status and game value before inclusion."
amphibians,12,yes,25616,Italian Stream Frog,Rana italica,1,3022,"iNaturalist regional candidate only; review habitat fit, introduced status and game value before inclusion."
amphibians,13,yes,1453013,Green Toad,Bufotes viridis,1,2872,"iNaturalist regional candidate only; review habitat fit, introduced status and game value before inclusion."
amphibians,14,yes,1319807,Marsh Frog,Pelophylax ridibundus,1,2692,"iNaturalist regional candidate only; review habitat fit, introduced status and game value before inclusion."
amphibians,15,yes,27717,Italian Crested Newt,Triturus carnifex,1,2553,"iNaturalist regional candidate only; review habitat fit, introduced status and game value before inclusion."
amphibians,16,yes,24480,Iberian Painted Frog,Discoglossus galganoi,1,2447,"iNaturalist regional candidate only; review habitat fit, introduced status and game value before inclusion."
amphibians,17,yes,24473,Common Midwife Toad,Alytes obstetricans,1,2242,"iNaturalist regional candidate only; review habitat fit, introduced status and game value before inclusion."
amphibians,18,yes,25311,Iberian Spadefoot,Pelobates cultripes,1,2189,"iNaturalist regional candidate only; review habitat fit, introduced status and game value before inclusion."
amphibians,19,yes,24045,Mediterranean Tree Frog,Hyla meridionalis,1,2107,"iNaturalist regional candidate only; review habitat fit, introduced status and game value before inclusion."
amphibians,20,yes,64377,Palmate Newt,Lissotriton helveticus,1,1933,"iNaturalist regional candidate only; review habitat fit, introduced status and game value before inclusion."
amphibians,21,yes,27832,Iberian Ribbed Newt,Pleurodeles waltl,1,1901,"iNaturalist regional candidate only; review habitat fit, introduced status and game value before inclusion."
amphibians,22,yes,556621,Yellow-bellied Toad,Bombina variegata,1,1877,"iNaturalist regional candidate only; review habitat fit, introduced status and game value before inclusion."
amphibians,23,yes,23922,Italian Tree Frog,Hyla intermedia,1,1701,"iNaturalist regional candidate only; review habitat fit, introduced status and game value before inclusion."
amphibians,24,yes,27519,Strinati's Cave Salamander,Speleomantes strinatii,1,1640,"iNaturalist regional candidate only; review habitat fit, introduced status and game value before inclusion."
amphibians,25,yes,64384,Northern Spectacled Salamander,Salamandrina perspicillata,1,1593,"iNaturalist regional candidate only; review habitat fit, introduced status and game value before inclusion."
amphibians,26,yes,1633756,Alpine Newt,Mesotriton alpestris,1,1583,"iNaturalist regional candidate only; review habitat fit, introduced status and game value before inclusion."
amphibians,27,yes,25664,Italian Agile Frog,Rana latastei,1,1577,"iNaturalist regional candidate only; review habitat fit, introduced status and game value before inclusion."
amphibians,28,yes,70646,Iberian Tree Frog,Hyla molleri,1,1576,"iNaturalist regional candidate only; review habitat fit, introduced status and game value before inclusion."
amphibians,29,yes,27844,Gold-striped salamander,Chioglossa lusitanica,1,1430,"iNaturalist regional candidate only; review habitat fit, introduced status and game value before inclusion."
amphibians,30,yes,27719,Pygmy Marbled Newt,Triturus pygmaeus,1,1306,"iNaturalist regional candidate only; review habitat fit, introduced status and game value before inclusion."
amphibians,31,yes,1688750,Galician Common Frog,Rana parvipalmata,1,1039,"iNaturalist regional candidate only; review habitat fit, introduced status and game value before inclusion."
amphibians,32,yes,24479,Mediterranean Painted Frog,Discoglossus pictus,1,1001,"iNaturalist regional candidate only; review habitat fit, introduced status and game value before inclusion."
amphibians,33,yes,25697,Greek frog,Rana graeca,1,823,"iNaturalist regional candidate only; review habitat fit, introduced status and game value before inclusion."
amphibians,34,yes,424147,European Tree Frog,Hyla arborea,1,798,"iNaturalist regional candidate only; review habitat fit, introduced status and game value before inclusion."
amphibians,35,yes,556656,Smooth Newt,Lissotriton vulgaris,1,525,"iNaturalist regional candidate only; review habitat fit, introduced status and game value before inclusion."
amphibians,36,yes,548416,Lusitanian Parsley Frog,Pelodytes atlanticus,1,461,"iNaturalist regional candidate only; review habitat fit, introduced status and game value before inclusion."
amphibians,37,yes,1629047,Catalonian Midwife Toad,Alytes almogavarii,1,460,"iNaturalist regional candidate only; review habitat fit, introduced status and game value before inclusion."
amphibians,38,yes,24475,Iberian Midwife Toad,Alytes cisternasii,1,458,"iNaturalist regional candidate only; review habitat fit, introduced status and game value before inclusion."
amphibians,39,yes,64373,Pyrenean Brook Salamander,Calotriton asper,1,414,"iNaturalist regional candidate only; review habitat fit, introduced status and game value before inclusion."
amphibians,40,yes,27517,Italian Cave Salamander,Speleomantes italicus,1,398,"iNaturalist regional candidate only; review habitat fit, introduced status and game value before inclusion."
amphibians,41,yes,64380,Italian newt,Lissotriton italicus,1,389,"iNaturalist regional candidate only; review habitat fit, introduced status and game value before inclusion."
amphibians,42,yes,23998,Sardinian Tree Frog,Hyla sarda,1,385,"iNaturalist regional candidate only; review habitat fit, introduced status and game value before inclusion."
amphibians,43,yes,1591819,Lisbon pygmy newt,Triturus rudolfi,1,366,"iNaturalist regional candidate only; review habitat fit, introduced status and game value before inclusion."
amphibians,44,yes,548418,Common Parsley Frog,Pelodytes punctatus,1,351,"iNaturalist regional candidate only; review habitat fit, introduced status and game value before inclusion."
amphibians,45,yes,120741,Portuguese Smooth Newt,Lissotriton maltzani,1,326,"iNaturalist regional candidate only; review habitat fit, introduced status and game value before inclusion."
amphibians,46,yes,27735,Alpine Salamander,Salamandra atra,1,302,"iNaturalist regional candidate only; review habitat fit, introduced status and game value before inclusion."
amphibians,47,yes,120738,Greek Newt,Lissotriton graecus,1,275,"iNaturalist regional candidate only; review habitat fit, introduced status and game value before inclusion."
amphibians,48,exclude,65979,American Bullfrog,Lithobates catesbeianus,1,262,Introduced American Bullfrog; excluded from the representative wildlife guide.
amphibians,49,yes,27514,Ambrosi's Cave Salamander,Speleomantes ambrosii,1,238,"iNaturalist regional candidate only; review habitat fit, introduced status and game value before inclusion."
amphibians,50,yes,25316,Iberian parsley frog,Pelodytes ibericus,1,205,"iNaturalist regional candidate only; review habitat fit, introduced status and game value before inclusion."
amphibians,51,yes,24484,Tyrrhenian Painted Frog,Discoglossus sardus,1,184,"iNaturalist regional candidate only; review habitat fit, introduced status and game value before inclusion."
amphibians,52,yes,66321,Epirus Water Frog,Pelophylax epeiroticus,1,158,"iNaturalist regional candidate only; review habitat fit, introduced status and game value before inclusion."
amphibians,53,yes,25312,Common Spadefoot,Pelobates fuscus,1,139,"iNaturalist regional candidate only; review habitat fit, introduced status and game value before inclusion."
amphibians,54,yes,25660,Pyrenean frog,Rana pyrenaica,1,130,"iNaturalist regional candidate only; review habitat fit, introduced status and game value before inclusion."
amphibians,55,yes,991929,Cyprian Green Toad,Bufotes cypriensis,1,123,"iNaturalist regional candidate only; review habitat fit, introduced status and game value before inclusion."
amphibians,56,yes,27840,Southern Spectacled Salamander,Salamandrina terdigitata,1,113,"iNaturalist regional candidate only; review habitat fit, introduced status and game value before inclusion."
amphibians,57,yes,24474,Betic Midwife Toad,Alytes dickhilleni,1,101,"iNaturalist regional candidate only; review habitat fit, introduced status and game value before inclusion."
amphibians,58,yes,66319,Cretan Frog,Pelophylax cretensis,1,99,"iNaturalist regional candidate only; review habitat fit, introduced status and game value before inclusion."
amphibians,59,yes,70647,Eastern Tree Frog,Hyla orientalis,1,91,"iNaturalist regional candidate only; review habitat fit, introduced status and game value before inclusion."
amphibians,60,yes,476257,Sardinian Cave Salamander,Speleomantes genei,1,84,"iNaturalist regional candidate only; review habitat fit, introduced status and game value before inclusion."
amphibians,61,yes,23798,Lemon-yellow Tree Frog,Hyla savignyi,1,79,"iNaturalist regional candidate only; review habitat fit, introduced status and game value before inclusion."
amphibians,62,no,1176954,Balkan Spadefoot,Pelobates balcanicus,1,76,"iNaturalist regional candidate only; review habitat fit, introduced status and game value before inclusion."
amphibians,63,no,66322,Edible Frog,Pelophylax esculentus,1,69,"iNaturalist regional candidate only; review habitat fit, introduced status and game value before inclusion."
amphibians,64,no,24495,European Fire-Bellied Toad,Bombina bombina,1,64,"iNaturalist regional candidate only; review habitat fit, introduced status and game value before inclusion."
amphibians,65,no,27797,Sardinian brook salamander,Euproctus platycephalus,1,61,"iNaturalist regional candidate only; review habitat fit, introduced status and game value before inclusion."
amphibians,66,no,70972,Macedonian Crested Newt,Triturus macedonicus,1,59,"iNaturalist regional candidate only; review habitat fit, introduced status and game value before inclusion."
amphibians,67,no,717585,Turkish Smooth Newt,Lissotriton schmidtleri,1,56,"iNaturalist regional candidate only; review habitat fit, introduced status and game value before inclusion."
amphibians,68,no,27512,Imperial Cave Salamander,Speleomantes imperialis,1,56,"iNaturalist regional candidate only; review habitat fit, introduced status and game value before inclusion."
amphibians,69,no,27677,Olm,Proteus anguinus,1,50,"iNaturalist regional candidate only; review habitat fit, introduced status and game value before inclusion."
amphibians,70,no,27510,Supramonte Cave Salamander,Speleomantes supramontis,1,40,"iNaturalist regional candidate only; review habitat fit, introduced status and game value before inclusion."
amphibians,71,no,66093,Karpathos Salamander,Lyciasalamandra helverseni,1,39,"iNaturalist regional candidate only; review habitat fit, introduced status and game value before inclusion."
amphibians,72,no,24477,Mallorcan Midwife Toad,Alytes muletensis,1,32,"iNaturalist regional candidate only; review habitat fit, introduced status and game value before inclusion."
amphibians,73,exclude,992054,African Green Toad,Bufotes boulengeri,1,26,Introduced African Green Toad; excluded from the representative wildlife guide.
amphibians,74,no,1558164,Pool Frog,Pelophylax lessonae,1,26,"iNaturalist regional candidate only; review habitat fit, introduced status and game value before inclusion."
amphibians,75,no,27515,Monte Albo Cave Salamander,Speleomantes flavus,1,24,"iNaturalist regional candidate only; review habitat fit, introduced status and game value before inclusion."
amphibians,76,no,25313,Syrian Spadefoot,Pelobates syriacus,1,20,"iNaturalist regional candidate only; review habitat fit, introduced status and game value before inclusion."
amphibians,77,no,66336,Albanian Water Frog,Pelophylax shqipericus,1,20,"iNaturalist regional candidate only; review habitat fit, introduced status and game value before inclusion."
amphibians,78,no,476663,Balkan-Anatolian Crested Newt,Triturus ivanbureschi,1,20,"iNaturalist regional candidate only; review habitat fit, introduced status and game value before inclusion."
amphibians,79,no,65426,Moroccan Painted Frog,Discoglossus scovazzi,1,15,"iNaturalist regional candidate only; review habitat fit, introduced status and game value before inclusion."
amphibians,80,no,120810,Italian Edible Frog,Pelophylax hispanicus,1,13,"iNaturalist regional candidate only; review habitat fit, introduced status and game value before inclusion."
amphibians,81,no,25488,Moor Frog,Rana arvalis,1,13,"iNaturalist regional candidate only; review habitat fit, introduced status and game value before inclusion."
amphibians,82,no,27705,Danube Crested Newt,Triturus dobrogicus,1,10,"iNaturalist regional candidate only; review habitat fit, introduced status and game value before inclusion."
amphibians,83,exclude,25457,African Clawed Frog,Xenopus laevis,1,10,Introduced African Clawed Frog; excluded from the representative wildlife guide.
amphibians,84,no,517047,Mauritanian Toad,Sclerophrys mauritanica,1,9,"iNaturalist regional candidate only; review habitat fit, introduced status and game value before inclusion."
amphibians,85,no,67190,Sette Fratelli Cave Salamander,Speleomantes sarrabusensis,1,8,"iNaturalist regional candidate only; review habitat fit, introduced status and game value before inclusion."
amphibians,86,no,66335,Sahara Frog,Pelophylax saharicus,1,4,"iNaturalist regional candidate only; review habitat fit, introduced status and game value before inclusion."
amphibians,87,no,120809,Graf's Hybrid Frog,Pelophylax grafi,1,3,"iNaturalist regional candidate only; review habitat fit, introduced status and game value before inclusion."
amphibians,88,no,64372,Montseny brook Newt,Calotriton arnoldi,1,1,"iNaturalist regional candidate only; review habitat fit, introduced status and game value before inclusion."
amphibians,89,no,25260,Brown Brood Frog,Pseudophryne bibronii,1,1,"iNaturalist regional candidate only; review habitat fit, introduced status and game value before inclusion."
